:10400000007F0020217B0000C97900001D7B00009B
:104010001D7B00001D7B00001D7B00001D7B000040
:104020000000000000000000000000001D7B0000F8
:104030001D7B0000000000001D7B00001D7B0000B8
:104040000000000000000000000000000000000070
:104050000000000000000000000000000000000060
:104060000000000000000000000000000000000050
:104070000000000000000000000000000000000040
:104080000000000000000000000000000000000030
:104090000000000000000000000000000000000020
:1040A0000000000000000000000000000000000010
:1040B0000000000000000000000000000000000000
:1040C00010B5054C237833B9044B13B10448AFF352
:1040D00000800123237010BD50020020000000006A
:1040E000081A010008B5034B1BB103490348AFF39D
:1040F000008008BD0000000054020020081A0100E2
:104100002DE9F74FDFF88490BDF83070BDF834B07A
:104110009DF938C09DF83CE001930025019B53F8C0
:104120002540002612F906A030F81680013618FB4B
:104130000A441FFA86FA5745F4D8002C07DB44FAE4
:104140000CF6B6F5004F12DB47F6FF7410E0644240
:1041500044FA0CF46642BEF1000F02D026EAE6767D
:10416000EFE7094B9C42EFDBB4F5004F0ADC34B2B9
:1041700021F815400135ACB2A3453A44CED803B07E
:10418000BDE8F08F4C46F3E70180FFFF0080FFFFA2
:10419000F0B511239DB00524012520260F46CDE959
:1041A0000245CDE900360CA90F4B104AFFF7A8FFD6
:1041B000CDE9024510250DEB05010CA8CDE9006500
:1041C0000B4B0C4AFFF79CFF04230022CDE902327F
:1041D000CDE90054084B094A39460DEB0500FFF7BD
:1041E0008FFF1DB0F0BD00BFDC0301005C040100C7
:1041F0007C060100BC060100BC080100D0080100DB
:104200002DE9F74FDFF8A0C0264FDFF8A0E0002629
:1042100047F6FF7A4FF0000B50F8262057F826405B
:10422000D317B2EB040863EBE479CDE900895CF8BD
:104230002680009B4446E51703FB05F4019B08FB21
:104240000344009BA3FB08232344002A73F10004CA
:1042500010DB140D44EA03341D15A2457BEB050366
:104260001CDB24B221F816400136112ED4D103B044
:10427000BDE8F08F524263EB43034FEA125848EA1D
:1042800003384FF400424FEA2359D8F100040023C9
:10429000424573EB0903E4DA7446E3E747F6FF743B
:1042A000E0E700BF64090100200901000080FFFF72
:1042B00073B50D4602A9002441F8044D0A220646B2
:1042C00009F0A8FF019BB34207D093F9003023B94E
:1042D000C5E90001012002B070BD2046FBE730B502
:1042E00001444FF6FF7341F22104884201D1184680
:1042F00030BD10F8012B83EA022308221DB25B00B7
:10430000002D9BB202F1FF32B8BF634012F0FF02F2
:10431000F4D1EAE72DE9F0430F46F7B0064600284E
:1043200000F09180002900F08E8009F04EFE431EBF
:10433000B3F5BF7F044603D9022077B0BDE8F08310
:1043400016AD421C3146284609F038F828190022DB
:1043500010F9013D0A2B01D00D2B02D1A8420270A9
:10436000F6D12C21284609F038FE81460028E3D0FA
:1043700002AE441C0023102231462046336009F06F
:10438000D9FF33689C42804601D10320D5E793F9D9
:104390000040002CF9D1B0F5803FF6D289F80040FA
:1043A000284609F012FE01462846FFF798FF1FFA3B
:1043B00088F82C23404589F80030E6D12846244966
:1043C000234D09F01FFE70B9142CB5D12149306876
:1043D00009F0F1FD002838D169467068FFF768FFE1
:1043E00058B90420A9E7142CA6D046F82400294681
:1043F000002009F007FE0134E5E7DDE90023002A8B
:1044000073F10001EDDB3C4603AD44F8042B483763
:104410004FF0FF384FF00009694655F8040FFFF7D9
:1044200047FF0028DDD0DDE9002312F1004043F111
:104430000001894508BF8045D3D344F8042BA74227
:10444000EAD1002079E7052077E7012075E700BF72
:104450004E0A0100F109010070B5EEB00D467399E6
:10446000002406460BA8A14208BF0146042B98BFB2
:104470002048ADF8344098BF50F823307698099022
:10448000CDE90B447598089074980790B1F908002D
:104490000690B1F906000590B1F904000490B1F955
:1044A00002000390B1F9001088BF134B0291BDF9CF
:1044B000C8110EA8CDE9003113464FF4C0710F4A60
:1044C00009F018FDB0F5C07F01460DD20EA8FFF728
:1044D00006FF0EAB00900A4A2946304609F00AFD55
:1044E000002801DDA84202D300206EB070BD01207B
:1044F000FBE700BFA8090100F7090100BC090100A2
:10450000E809010000B5EBB0002307AACDE90123BB
:10451000CDE90733ADF82430CDE903334FF0FF3355
:10452000009302460B460AA84FF4C071FFF794FFB0
:1045300018B10AA9024805F0EBF96BB05DF804FB6D
:10454000440500202DE9F04133493448ADF5047DA0
:1045500009F031FDD8B93249324805F0D9F932496C
:10456000304805F0D5F931492E4805F0D1F93049E8
:104570002C4805F0CDF92D492A4805F0C9F92D49F7
:10458000284805F0D3F90DF5047DBDE8F08112A9A6
:104590002248FFF7BFFE044620B101460020FFF786
:1045A000B1FFF0E705F0D2FE09A9804613A8FFF796
:1045B00027FE05F0CBFE06AE0746314609A8FFF7F9
:1045C000E7FD012522B236F9151036F91220EBB2BB
:1045D00001359142C8BF1C46052DF3D105F0B6FE4A
:1045E00024B2A0EB0803C01BA7EB080704930390B9
:1045F000CDE9016700940023129A4FF4C07124A8FA
:10460000FFF72AFF20B124A9064805F081F9BAE78F
:1046100029461298C3E700BF3D0A0100700200203E
:10462000450A010044050020500A01004E0A01001D
:104630005A0A01009B0A010008B54FF4E131034812
:1046400004F084FB024B00221A6008BD44050020E0
:104650006C020020F8B5134D134C144E284604F09C
:10466000BCFB00281CDD284604F018FC40B20A28D8
:1046700006D123680027F754FFF764FF2760EDE7B2
:104680000D28EBD023685A1CB2F5C07F02D22260FD
:10469000F054E3E7002002212060FFF733FFDDE75D
:1046A000F8BD00BF440500206C020020700200200D
:1046B00008B505F0EDFD002008BD272070477047C4
:1046C00037B5FFF7FCFF01210D2005F055FD002156
:1046D0000D2005F069FD68460722032107F012FF4F
:1046E000BDF800301C4CC3F3841301256846072233
:1046F0000521E55407F006FFBDF80030C3F384132D
:10470000684607220621E55407F0FCFEBDF800309C
:10471000C3F38413684607220921E55407F0F2FE2B
:10472000BDF80030C3F38413684607220A21E5541C
:1047300007F0E8FEBDF80030C3F3841307220B2115
:104740006846E55407F0DEFEBDF80030C3F384137D
:10475000E55403B030BD00BFCE04002030B5836AFD
:1047600085B004468C4601ADABB193E8070085E8FF
:1047700007006268117883F804C0E26A9A601960E1
:104780001846626A9047A36A1BB195E8070083E860
:10479000070005B030BD2B46EBE700BF10B4EFF3C8
:1047A0000383103B5BB203F1C001204A204C52F856
:1047B00021006FF3104042F8210054F82330D3E970
:1047C00006218A421BD0186940B393F820400F2C71
:1047D0000BD99968496840F82210D96901328A4298
:1047E0009A610CD05DF8044B7047072C19D8996872
:1047F00009798154D96901328A429A61F2D15B68A0
:104800000C4993F903305DF8044B5809012203F079
:104810001F0302FA03F341F820307047986840689C
:10482000DCE79C68A48820F81240D7E700600040CD
:104830003C04002000E100E0F0B5EFF30383103BFF
:104840005BB203F1C0022F492F4C51F822006FF3E5
:10485000104041F8220054F823305868026A002AB8
:1048600030D092F801C0DC695A69BCF1010F17D051
:1048700094420FD0D96841B393F820000F280AD88A
:104880000728986895BF895C31F812100171818002
:1048900001325A61F0BD986851F822104160F7E783
:1048A00004F1FF3E724513D001690029E0D090F970
:1048B000031016484D0901F01F010CFA01F140F8F0
:1048C0002510D5E75A69DC69D2E798684160DFE7CF
:1048D00090F903E00EF1C0064FEA5E10800051F837
:1048E000267000F1604000F561400EF01F0E0CFADA
:1048F0000EF56FF3104741F82670C0F8805105603F
:10490000B6E700BF006000403C04002000E100E08A
:1049100010B4EFF30383103B5BB2324A324C03F125
:10492000C00152F821006FF3104042F8210054F802
:1049300023008268D278920706D54268527A012A0B
:1049400002D05DF8044B70475909284C01222031F0
:1049500003F01F0302FA03F344F82130BFF34F8F33
:10496000BFF36F8F436893F90230002B2FDB590997
:10497000203103F01F0302FA03F344F82130BFF3A0
:104980004F8FBFF36F8FD0E90114237891F9021094
:104990006FF386130029237014DB01F1C00C114C56
:1049A0004B099B0001F01F018A4003F1604354F85A
:1049B0002C1003F561436FF3104144F82C10C3F839
:1049C00080211A605DF8044B0121FFF7C7BE8268A1
:1049D0005DF8044B13786FF3861313700121FFF712
:1049E000BDBE00BF006000403C04002000E100E0CC
:1049F00070B5EFF30384103C314B64B253F824607C
:104A0000736893F90230002B42DB5A092D4920329A
:104A1000012003F01F0300FA03F341F82230BFF333
:104A20004F8FBFF36F8FD6E9012392F902101A78E6
:104A300000296FF386121A7015DB01F1C00C224DAC
:104A40004A09920001F01F0100FA01F102F16042EF
:104A500055F82C0002F561426FF3104045F82C0028
:104A6000C2F880111160DA780021D5B21207D9702E
:104A700021D4EB0712D405F01405142D16D0124BD7
:104A8000C03453F824206FF3104243F8242070BD43
:104A9000B3681A786FF386121A70E4E7042130467F
:104AA00005F01405FFF75AFE142DE8D10821304611
:104AB000FFF754FEE3E705213046FFF74FFED8E746
:104AC0003C04002000E100E000600040036A70B593
:104AD0000446987800F07B0098700D46217841B329
:104AE0002261E269E5601069002841D0226982B143
:104AF000A378816800688E68E16803F00303013BD6
:104B000022FA03F3002222619BB2B04780B9236AE4
:104B100021789A7842F080029A7039BB94F802C0EA
:104B20000CF0030CBCF1020F1AD02A78DA700020C6
:104B300070BD94F802C0E0690CF0030E0069A2EBAE
:104B40000E02226105EB0E02E2600028CED19A78B7
:104B50000CF0030C42F08002BCF1020F9A70E4D119
:104B60002A8842F47E420020DA8170BD002070BDA8
:104B70009A7842F080029A7070BD00BF036A91F883
:104B800001C09A7800B502F07B0E02F00B029A7019
:104B90000022C2608878587010461A786CF30102BF
:104BA0001A70CA789A7493F807C00A780CF0A301B7
:104BB00002F05C020A43DA7183F802E05DF804FB5C
:104BC00010B5D0E90721002343608B7092F90520CE
:104BD0002F49044650090123203002F01F0203FA36
:104BE00002F241F82020BFF34F8FBFF36F8FE269CD
:104BF00092F90B205009203002F01F0203FA02F252
:104C000041F82020BFF34F8FBFF36F8FE26992F915
:104C100007205009203002F01F0203FA02F241F887
:104C20002020BFF34F8FBFF36F8FE26992F9092005
:104C3000500902F01F02934000F1200241F8223097
:104C4000BFF34F8FBFF36F8FE369DA6822B19368C8
:104C500010681B6A9847E3691B691BB19A6818685A
:104C6000136A9847EFF31081012383F31088E369F7
:104C7000084A1C78D2F800014FF00043E340034398
:104C8000C2F80031D2F8003181F31088002010BD45
:104C900000E100E0006F0440F0B5846A85B005468D
:104CA0000F4694466E46B4B194E80F0086E80F00B4
:104CB000EB691B7884F804C02360EB6A2046C4E9E2
:104CC00002736B6A9847AC6A1CB196E80F0084E8DF
:104CD0000F0005B0F0BD3446EAE700BF8C465168CE
:104CE00030B4029C0D6880B91C609CF8010038B992
:104CF000E8784FF0010C0B346CF30510E8701C6081
:104D0000936810681B6830BC184704F10C001860E9
:104D1000EBE700BF2DE9F0470D4609780323CB40B0
:104D200013F0010301F1007218BF1023037002F5A4
:104D3000605283785201012161F301030262A96983
:104D40006A6942620022C0E90A21C56183706B78FA
:104D500082B0044623B98378022262F30103837090
:104D600095F90B00594B95F80AC04209203200F022
:104D70001F06012101FA06F643F82260BFF34F8FA8
:104D8000BFF36F8F524A534E00F1C0074FEA0C1C1D
:104D900052F827E06FF3104E42F827E01F185FFA31
:104DA0008CFC87F800C346F8204095F9050095F87B
:104DB00004C04709203700F01F0E01FA0EFE43F829
:104DC00027E0BFF34F8FBFF36F8F00F1C00703EBF6
:104DD000000852F827E04FEA0C1C5FFA8CFC6FF3D6
:104DE000104E42F827E088F800C346F8204095F9B5
:104DF000070095F806C04709203700F01F0E01FA9A
:104E00000EFE43F827E0BFF34F8FBFF36F8F00F123
:104E1000C00703EB000852F827E04FEA0C1C5FFACA
:104E20008CFC6FF3104E42F827E088F800C346F878
:104E3000204095F9090095F808C04709203700F08F
:104E40001F0E01FA0EF143F82710BFF34F8FBFF387
:104E50006F8F00F1C0074FEA0C1152F827C00344CE
:104E60006FF3104C42F827C0C9B283F80013EA6808
:104E700046F8204072B153681B684FF4002143F894
:104E8000041B216A05310091E1692078FFF726FFB4
:104E90000646B0B92A69FAB153681B684FF0006141
:104EA00043F8081B216A03310091E1692078FFF77C
:104EB00015FF064680B1EB681BB19A681868136A43
:104EC0009847304602B0BDE8F08700BF00E100E03F
:104ED000006000403C040020EFF31080012383F3C6
:104EE0001088984B2E78D3F800214FF00041F14004
:104EF00022EA0102C3F80021D3F8003180F31088C0
:104F0000236AE06900229A701A715A729A72DA72F0
:104F10005A83297840F20722CA40D20744BF402270
:104F2000DA7406221A7722787AB1C168013A002928
:104F300000F0FE800126120391B2314341F00602D7
:104F40009A829A8A92B29142FBD1EA78A978D200E9
:104F500042EA01126978032900F0D780002914BFC2
:104F6000F221E221ED69D2B21A7099712A7B5200C6
:104F700002F002025A736A78A97800261E7295F828
:104F800000C0D201490101F02001D2B20A43ACF1C4
:104F90000201012940F2BD80D2B2DA716A689178CB
:104FA00059701978567866F301011970D17899749F
:104FB0001278D97902F05C0201F0A3010A43DA7198
:104FC0000027C4E90377C4E9057790F905105E4E20
:104FD00001F1C00E4A0956F82E80920067F310487E
:104FE00002F1604246F82E8002F561424FF0010E58
:104FF00001F01F010EFA01F1C2F88011116090F961
:105000000B1001F1C0094A0956F829A0920002F1DB
:10501000604202F5614267F3104A01F01F0146F851
:1050200029A00EFA01F1C2F88011116090F9071061
:1050300001F1C0094A0956F829A0920002F1604224
:1050400002F5614201F01F0167F3104A46F829A0FA
:105050000EFA01F1C2F88011116090F9091001F106
:10506000C0004A0956F82090920002F1604267F3AE
:10507000104946F8209002F561420CF0030C01F053
:105080001F010EFA01F14CF0700CC2F88011116092
:1050900083F802C06B8923814FF6FF7843452DD0FA
:1050A000EFF310818EF31088284A13681BB9284843
:1050B000C3704023C37013680133136081F31088F9
:1050C000218924480B0A1B0153FA81F150F8213041
:1050D00023F0011323F4404343F0040340F821304C
:1050E000EFF31081012383F31088136813B1136861
:1050F000013B13601368B3B181F31088164B6360F2
:105100000026304602B0BDE8F08742F04002F221AE
:1051100028E7BCF1020F08BF42F01002FF21D2B213
:105120005970DA714CE70A4A8020D370D070E3E7F7
:10513000C169097A1140090201F4706141F0010668
:10514000F9E600BF006F0440006000403804002012
:10515000000D044000080440554943532DE9F04F29
:105160001E46FF23B37033786FF382038BB0337026
:105170008023F370554B0992554A1B6A12680191BE
:10518000C3F302618A40C3F30233DA40514B079004
:105190000021100A06920891059002910093A2FB4B
:1051A00003BA099B009A93426EDA9DF8203003936C
:1051B0000027494B039ADD5DC5F34003C5F3800525
:1051C00004932B43934256D1444B33F81780079BEB
:1051D00003FB08F8069BB3FBF8F2541EFF2C4AD8D9
:1051E00002FB08F91DE0059BB9FBF3F37F2B03FBE2
:1051F00000F040D90028B8BFFF300012A0F5C3303E
:10520000A0380028009AB8BF4042824240DC029B8E
:10521000F370337843F00403A9EB0809337054B3F7
:10522000013C4A464FEAE9735846514607F0C2FE30
:10523000019A002AD7D1A0F5C333A03B002B009AD6
:10524000B8BF5B429A4216DD0093234BB470DA5D1F
:105250003378C2F3000161F38613049961F30413F8
:1052600065F3C30333707378C2F3C10262F30103C1
:105270007370019B029301370D2F9AD1089BF3B1F4
:10528000009B099A93421DDC00200BB0BDE8F08F13
:105290000293114B049AD95D33780090C1F300005A
:1052A00060F3861362F3041365F3C30333707378FA
:1052B000B470C1F3C10161F301037370A7E7012367
:1052C00008936EE703200BB0BDE8F08F00E00140CB
:1052D000C8040020A0860100140D0100240D010067
:1052E000F0B5EFF30383103B5BB203F1C001344A26
:1052F000344C52F821006FF3104042F8210054F86A
:105300002300C3691B6913B1036913B1F0BD0369BD
:1053100083B9D0E90824937803F07F03002143F098
:1053200004039370C160002CF0D0BDE8F0408022EF
:10533000FFF7B2BC05785DB3066AF18AC1F30421B8
:10534000A9421ED28478C2681F4F04F0030E74462F
:105350000BE092F800C086F80FC001311B1B2244FD
:10536000A942C0E903230CD25BB1BEF1020FF0D118
:10537000B2F800C04CEA070C1FFA8CFCA6F80EC06D
:10538000EBE732796FF3C7123271002BBED1C0E761
:10539000827802F003010229C1680BD0046A0D78FB
:1053A000E57002F003029B1A0A44C0E90323002BB4
:1053B000ACD1AEE70C88056A44F47E44EC81F0E79A
:1053C000006000403C04002000FEFFFF10B582B0EA
:1053D000EFF30383103B5BB203F1C001574A584C13
:1053E00052F821006FF3104042F8210054F8234096
:1053F000E369DB6813B1A369002B49D122894FF619
:10540000FF739A4275D12278236AF2B1D98AC8060D
:1054100012D01B8AC3F308030193A369FBB9636A23
:105420002BB1042201992046FFF736FC22782AB1DD
:10543000236AD98AC906E8D1BE221A7123894FF698
:10544000FF72934231D102B010BDA17801F0030187
:105450000229DED05B790193A369002BDFD0A2780B
:10546000606902F0030201A907F0A8FFD4E9052151
:10547000A37803F003031A44C91AC4E9052129B922
:10548000636A1BB101222046FFF706FC2278CEE7B3
:10549000636A0021C4E90511002BD4D00122204603
:1054A00002B0BDE81040FFF7F7BB1A0A1201254908
:1054B00052FA83F351F8232022F0011222F44042E1
:1054C00042F0040241F82320EFF31082012383F31A
:1054D00010881D4B196811B11968013919601B68D2
:1054E0001BB91A498020CB70C87082F3108802B0B3
:1054F00010BDEFF31081012383F31088124B1A685B
:105500001AB91248C2704022C2701A6801321A6079
:1055100081F3108822890B49130A1B0153FA82F286
:1055200051F8223023F0011323F4404343F00503E4
:1055300041F82230236A227867E700BF006000400C
:105540003C0400200008044038040020000D044002
:1055500010B5EFF30384103C0B4B64B253F82400F6
:10556000D0E90821937803F07B03937019B10222EC
:105570000021FFF791FB054BC03453F824206FF353
:10558000104243F8242010BD3C040020006000407D
:1055900010B5EFF30384103C194B64B253F82400A8
:1055A000037843B9837803F00303022B03D0036A23
:1055B0005979C9B203E0036A198AC1F3080193F863
:1055C00004C01CF0100F0CF0380206D093F81CC079
:1055D0001CF0010F08BF42F0400293F804C00CF029
:1055E000C70C83F804C0436A0BB1FFF755FB054BAA
:1055F000C03453F824206FF3104243F8242010BD28
:105600003C0400200060004030B5436A85B0044689
:105610008C4601ADABB193E8070085E807006268EE
:10562000117883F804C0A26A9A6019601846226A49
:105630009047636A1BB195E8070083E8070005B04F
:1056400030BD2B46EBE700BF10B4EFF30383103BF4
:105650005BB203F1C001144A144C52F821006FF3FD
:10566000104042F8210054F823305A69D9698A421F
:1056700006D2D3E90240A8B1805CE07001325A61E1
:105680008A4202D05DF8044B70471A69002AF9D1AA
:105690009A685DF8044B937803F07B0343F00403AE
:1056A00093707047E070E9E7006000403C04002020
:1056B00010B4EFF30383103B5BB203F1C001174A50
:1056C000174C52F821006FF3104042F8210054F8B3
:1056D00023305A69D9698A4206D2D3E90240D0B14F
:1056E000805CE07001325A619A698A4207D29868F8
:1056F00019694079541C9C618854D3E90621914270
:1057000006D19A68937803F03B0343F00403937047
:105710005DF8044B7047E070E4E700BF00600040B4
:105720003C04002010B5EFF30384103C0A4B64B234
:10573000012153F824008268937803F003039370E7
:10574000FFF762FFC034054B53F824206FF310427B
:1057500043F8242010BD00BF3C040020006000403E
:1057600010B5EFF30384103C0C4B64B24FF0840C83
:1057700053F8240083689A7802F003029A701A7929
:1057800083F804C00421FFF73FFFC034044B53F8F3
:1057900024206FF3104243F8242010BD3C04002065
:1057A0000060004003685969A1B190F82D3070B5D0
:1057B000044603F0FF0563B98A68038C966808689D
:1057C000A1692A46B047E269C4E90852012384F876
:1057D000333070BD704700BF70B5866B82B0044631
:1057E0000B466D463EB396E8030085E80300E26B86
:1057F0003371236832605A6912B194F82D10A1B147
:105800009B6913B194F82D2052B9636B30469847C9
:10581000A36B1BB195E8030083E8030002B070BDE1
:105820009A68186813699847EFE7936810681B69CE
:1058300098472368E4E72E46D9E700BFEFF30383D8
:10584000103B5BB2044AC03352F823106FF310418F
:1058500042F82310704700BF0060004070B5EFF3BE
:105860000383103B5BB2614AC03352F823106FF3DD
:10587000104142F82310EFF30383103B5C4A5BB204
:1058800052F823402269137BC3F30000DB072CD4BA
:1058900094F82C3094F82A10994216D094F82D10D0
:1058A00009B1022B41D02046FFF77CFF236994F811
:1058B0002820DA7094F82B2094F82C30013A013328
:1058C00084F82B2084F82C3070BD94F8333003F02A
:1058D000FF053BBB236A93BB94F82E3063B3522180
:1058E0000123D17284F8303070BD94F82D308BB123
:1058F00094F8313073B9636AA1695279CA54D4E912
:10590000082394F82E10013A0133C4E9082379B131
:105910002269E4E7002001215423206284F82F103B
:10592000D37270BD84F8330070BD5223D37270BD42
:1059300023695422DA7270BD5423D37270BD94F877
:105940002D1041B9616AA069013B405C0131C4E995
:105950000831D07070BD94F8311000292ED0216824
:1059600084F831504869002838D08969002935D039
:10597000E069022832D98E68831E0868B668F4216F
:1059800091709BB2A2692946B0472268E3695269C7
:10599000916810688E68023B9BB22A462946B04740
:1059A000E36922690220023BC4E90803012184F86B
:1059B00033100023FF209372D070CBE7636AA16994
:1059C0005279CA54D4E90832013B0132012BC4E9AF
:1059D0000832226904D0FF20D070BBE7012BE8D148
:1059E0002023FF209372D070B4E700BF0060004016
:1059F0003C04002010B582B0EFF30383103B374A1C
:105A00005BB252F823000269D37A6FF3C303D372F7
:105A100090F82F30ABBB90F82A1003F0FF0C90F8F1
:105A20002C3099421BD1036A5BB990F82D1090F885
:105A30003040002914BF02210321A4B3D372FFF721
:105A4000CBFEEFF30383103B5BB2254AC03352F821
:105A500023106FF3104142F8231002B010BDB3B908
:105A6000012929D090F829C00021D17282F803C001
:105A700090F82B200133013A80F82B2080F82C304D
:105A8000DFE7F023D3720121FFF7A6FED9E790F8F4
:105A90002D4004F0FF016CB1022BE5D190F829C034
:105AA0004CF0010CE0E7F023D372937803F0CF03BE
:105AB0009370C4E78C46D7E70190FFF773FE019817
:105AC00090F82A30012B05D190F828C0026990F88F
:105AD0002C30C9E7026990F82C30C3E73C04002061
:105AE00000600040F0B583B0EFF30384103C154B29
:105AF00064B253F82450EF68BFB16A682B6992F919
:105B00000D20121B18BF01226E46C3B193E803009B
:105B100086E803001A706A695A601846B8472B690C
:105B20001BB196E8030083E80300074BC03453F829
:105B300024206FF3104243F8242003B0F0BD334615
:105B4000E8E700BF3C04002000600040EFF303835F
:105B5000103B5BB20649074A51F823100120C033BD
:105B6000087252F823106FF3104142F82310704767
:105B70003C04002000600040C8B2012383404AB9C1
:105B80001A040B0A5B0103F1804303F58023002014
:105B90009A6070479AB2F4E738B50488002C4DD06B
:105BA00043680021043303EBC40040F202450C4675
:105BB00040F2034C40F2044E0FE0624530D153F8FE
:105BC000042C02F0B852B2F1807F14BF41F0020100
:105BD00044F002040833834211D01A88AA42ECD15F
:105BE00053F8042C02F0B852B2F1807F03F108039D
:105BF00014BF41F0010144F001048342EDD1C943D7
:105C0000CDB2012001F042FF0D4B93F8BB241443A9
:105C10002C4083F8BB440120BDE8384001F006BFAA
:105C20007245D7D153F8042C02F0B852B2F1807FFC
:105C30000CBF44F0040441F00401CBE7FF25E0E78A
:105C400000E0014070B584B002AB012668460C4606
:105C50001546ADF80C100292ADF800600193FFF705
:105C60009BFFEFF3108286F310881D490B681BB968
:105C70001C48C3704023C3700B6801330B6082F370
:105C80001088EA034FEA1423E4B219D41B01164A20
:105C9000234442F82350EFF31082012383F310884A
:105CA0000B6813B10B68013B0B600B681BB90D4906
:105CB0008020CB70C87082F31088002004B070BDC3
:105CC00004EB0310084A52F820606FF3104642F8C4
:105CD000206025F4803642F820601B01D7E700BF22
:105CE00038040020000D04400008044070B5C36A69
:105CF00084B004468C46164601AD9BB193E807007C
:105D000085E8070083F808C0226B1846C3E900261F
:105D1000A26A9047E36A1BB195E8070083E8070091
:105D200004B070BD2B46EDE78268012370B580F8A2
:105D300020300226B323D37180F8216053790446C2
:105D40006FF300035371C2690D46FFF7CFFFA368DD
:105D5000DE705A7942F001025A7194F82120012A2A
:105D600016D094F8212002B170BD052DFCD194F815
:105D70002320002AF8D194F821201AB95A7A02F087
:105D8000F3025A72BF210122D97184F8232070BD19
:105D9000042DECD0082DE4D1E9E700BF30B583B085
:105DA000EFF30383103B5BB2454AC03352F8231034
:105DB0006FF3104142F82310EFF30383103B5BB203
:105DC000404A52F8234094F82230B3B9A368012224
:105DD00084F82220DA7CD2B28DF805209DF80520C7
:105DE00012F0010F5A7A14BF02F0F70202F0F30228
:105DF0005A72AC22DA7103B030BD94F820304BB93E
:105E0000A3681B7A13F0080F204614BF0821042151
:105E1000FFF78AFF2269A2B9A368D97CC9B28DF8BD
:105E200006109DF80610197941F0100119711979C1
:105E300041F008011971197962F30411197103B065
:105E400030BDA369A1689A4209D0E268C97C581C98
:105E5000A061D154E3690133E36103B030BD022591
:105E600084F821504B79E2696FF300034B712046AF
:105E70000621FFF73BFFA3682169DD705A7942F0E4
:105E800001025A7191B9DA7CD2B28DF807209DF8DF
:105E900007201A7942F010021A711A7942F00802AA
:105EA0001A711A7961F304121A71A4E7A269E16800
:105EB000DB7C501CA0618B54E3690133E3619AE7FA
:105EC000006000403C04002038B5EFF30383103B32
:105ED0005BB2244AC03352F823106FF3104142F8EA
:105EE0002310EFF30383103B5BB21F4A52F82340A9
:105EF00094F8203093B194F8213003F0FF0263B995
:105F0000A369216999420ED0E269E068A168C05C8A
:105F1000887401330132C4E9063238BD05212046B8
:105F2000FFF702FFE7E723680E4993F90E3003F10C
:105F3000C000002B51F8205062F3104541F820506A
:105F400009DB5A09094803F01F030121603201FAF5
:105F500003F340F82230A268D37943F04003D371B1
:105F600038BD00BF006000403C04002000E100E0BC
:105F700038B5EFF30383103B204A5BB252F823405D
:105F8000A1680B795807C3F3800217D5CA796FF35C
:105F90008612C023CA7101E0013B02D0CA795206C1
:105FA000FAD4EFF30383103B5BB2154AC03352F8C7
:105FB00023106FF3104142F8231038BD022584F8F6
:105FC00021504B7962F300034B71E26907212046AF
:105FD000FFF78CFEA168CD704B7943F001034B7144
:105FE00094F82130002BD1D1A369E269E068013235
:105FF000C05C88740133C4E90632C7E73C04002062
:106000000060004010B582B0EFF30383103B3E4ABE
:106010005BB252F8230083685A7A91074DD1D1B20E
:1060200011F00C0F3CD0012280F8242090F82120A0
:10603000012A65D0016982699142C26988BF02F173
:10604000FF324FF0030188BFC2614FF0000EA02461
:10605000DC7180F820E080F822E093F805C06EF350
:10606000000C83F805C090F82440002C43D1DF24B5
:106070001C709F241C7000240223C46180F821300E
:10608000FFF734FEEFF30383103B5BB21F4AC033CC
:1060900052F823106FF3104142F8231002B010BDE4
:1060A000CA06EFD5DA7CD2B28DF807209DF807201A
:1060B000DA7902F0EF02DA71E4E70022A02180F839
:1060C0002420D97180F8202080F82220597962F3A9
:1060D0000001597190F8241081B9DF219F221970B5
:1060E0001A7000210223C26980F82130C1610121A8
:1060F000FFF7FCFDC6E783F809E0BCE75A72F0E75A
:10610000C2690221A1E700BF3C04002000600040FA
:1061100030B5836B83B004460A466D46A3B193E85D
:10612000030085E80300E16B1A71626B1960184681
:106130009047A36B1BB195E8030083E8030000239D
:1061400084F82B3003B030BD2B46ECE703690268BE
:106150002DE9F04F1F241C705F241C70DF241C707D
:10616000546A55682279564EDFF8608142F0E002A9
:106170001A74E27842F0E0025A74A278120102F036
:10618000700242F008029A7022786478012A0CBFEB
:106190000522042242EA4402D2B2DA70494A954208
:1061A0000CBFF72277225A710027B3229F71DA7150
:1061B00091F9112091F80DC0B4184FEA0C1C5FFA48
:1061C0008CFC84F800C302F1C00548F822003E4C64
:1061D0004FEA521E54F825904FEA8E0E67F310498D
:1061E0000EF1604E44F825900EF5614E012502F047
:1061F0001F0205FA02F2CEF88021CEF8002091F9B4
:106200000F2006EB020E02F1C0098EF800C348F819
:1062100022004FEA521E4FEA8E0E54F829B00EF1BA
:10622000604E0EF5614E02F01F0205FA02F267F3AE
:10623000104B44F829B0CEF88021CEF8002091F917
:10624000102006EB020E02F1C0098EF800C348F8D8
:1062500022004FEA521E54F829B04FEA8E0E0EF17A
:10626000604E0EF5614E02F01F0267F3104B44F8CA
:1062700029B005FA02F2CEF88021CEF8002091F97B
:106280000E100E444A0986F800C348F8210001F1B7
:10629000C00001F01F018D4054F82010920002F15F
:1062A000604267F3104144F8201002F561424FF05C
:1062B0009F0AC2F88051156083F800A0BDE8F08FF6
:1062C00000E100E040420F00006000403C0400207C
:1062D00010B483B0EFF30383103B5BB2484AC03382
:1062E00052F823106FF3104142F82310EFF30383A9
:1062F000103B444A5BB252F8233093F82D20BAB9D0
:106300009A69022A1A699EBF117941F04001117100
:10631000D969012917D0D27CD2B28DF8072001218A
:106320009DF8072083F82D1003B05DF8044B7047EB
:10633000DA69002AF8D0032A0ED0022A4ED0012AA8
:1063400021D019690DE0117941F010011171117915
:1063500041F008011171DEE719690A7942F0400243
:106360000A711A6A5869C97C8154D3E9072101313D
:10637000013AC3E90721002AD6D119690B7962F3E2
:1063800086130B71D0E793F82A1089B319681E4C55
:1063900091F90F104809203001F01F0102FA01F1B4
:1063A00044F82010BFF34F8FBFF36F8F1969C8797E
:1063B00040F08000C871087940F010000871087939
:1063C0004FF0040C6FF3C300087181F801C04879E5
:1063D0006FF30000487183F82C20C2E719690A792D
:1063E00042F010020A710A7942F008020A71B8E715
:1063F00019694A7A082002F0F7024A724870B0E739
:10640000006000403C04002000E100E0EFF3038363
:10641000103B5BB2354AC03352F823106FF3104182
:1064200042F82310EFF30383103B5BB2304A52F87B
:10643000232092F82730002B37D192F829309BBBCC
:10644000D36910B4002B42D11069C1796FF3C71121
:10645000C023C17101E0013B02D0C179C909FAD161
:106460001368224A93F9103003F1C001002B52F84F
:1064700021406FF3104442F8214009DB5A091D4CBA
:1064800003F01F030121603201FA03F344F82230C4
:10649000C3795DF8044B43F04003C3717047022990
:1064A00009D192F8300030B9704792F826100329CC
:1064B00092F82810F3D0106992F824C080F812C026
:1064C0000131013B82F8281082F827307047D2E969
:1064D0000404116A013B645C84740131C2E9073130
:1064E000002BB2D05DF8044B704700BF0060004045
:1064F0003C04002000E100E010B4EFF30383103B04
:106500002B4A5BB252F8233093F829201AB193F842
:106510002720012A47D0DA69D2B11969CA796FF305
:106520008612C023CA7101E0013B02D0CA7952062B
:10653000FAD4EFF30383103B5BB21E4AC03352F828
:1065400023106FF3104142F823105DF8044B70479D
:1065500093F82A10F9B11968174C91F90F104809EE
:1065600020304FF0010C01F01F010CFA01F144F84A
:106570002010BFF34F8FBFF36F8F1969C87940F0B8
:106580008000C87104204870487962F300004871A7
:1065900083F82CC0C2E719694B7A082203F0F7038D
:1065A0004B724A70BAE793F83020002AB3D1B4E7AF
:1065B0003C0400200060004000E100E038B5EFF34B
:1065C0000383103B4B4A5BB2E02152F8234023691E
:1065D0005A7A5972D506D0B202F003011FD55A7803
:1065E000520648D4E269012184F82B10002A5ED0BB
:1065F00000252168DD712046FFF7A8FD94F82610DC
:10660000A2692369E56184F82810226284F82C507D
:10661000B322DA7101212046FFF77AFD12E000294A
:10662000E0D101071BD594F82B20002A48D194F81B
:106630002910B322002914BF02210321DA71204658
:10664000FFF766FDEFF30383103B5BB22A4AC033CA
:1066500052F823106FF3104142F8231038BD94F81C
:106660002C20002AEED04207ECD594F82B200121F3
:10667000002AE4D1DBE70029B4D15A785506C2F3E9
:106680008011CED584F82B105A7A216802F0F702D7
:10669000496A5A72082058700A78012A0CBF0322EE
:1066A0000222DA705A7942F001025A71CAE794F86C
:1066B0002C20002A9CD194F82B20002AA8D097E700
:1066C000E2696AB1002294F82600A169E26184F8C7
:1066D0002800216284F82C20B322DA710121AEE770
:1066E00094F82C20002AEDD194F82B20002AF3D026
:1066F000E8E700BF3C0400200060004010B582B015
:10670000EFF30384103C164B164964B253F824206F
:1067100050790B5C03F00303032B0FD0C03451F806
:1067200024306FF3104341F82430936823B1D268CA
:10673000CDE900206846984702B010BD936823B1A8
:10674000D268CDE9002068469847064BC03453F81C
:1067500024206FF3104243F8242002B010BD00BF84
:106760003C040020006000400346D3E902230020DF
:1067700053607047D0E90123D26930B4D2E90114E3
:1067800044F00044D0685C61D2E9045440F0004019
:1067900041F000419861196100205D629C6230BC4B
:1067A000704700BF002800DA704710B400F1604362
:1067B000114C03F561430901C9B283F8001344F891
:1067C00020200E4900F1C00200F01F0C400951F8D2
:1067D0002240800000F1604000F561406FF31044FA
:1067E000012341F8224003FA0CF3C0F880315DF830
:1067F000044B0360704700BF3C0400200060004071
:1068000070B5836984B004468C46164601AD9BB1D1
:1068100093E8070085E8070083F804C0E2691A607E
:106820009E60184662699047A3691BB195E807000E
:1068300083E8070004B070BD2B46EDE790F800C078
:10684000486EBCF1030F98BF01300AB1824227D3D2
:1068500010B4019C496BE40754BF01F01F01C1F360
:106860000441BCF1030F09D9090981F0010172B992
:10687000E9B902225DF8044B5A60704701F00C013F
:10688000A1F10401B1FA81F14909002AF0D0824254
:1068900001D30029EDD103225DF8044B5A60704703
:1068A000BCF1030F98BF02F1FF321A607047002855
:1068B000DFD0F0E72DE9F0470B7C0D46012101FA0E
:1068C00003F2C260920716BF002201740274D5E978
:1068D000052103F5800303F5F0631B0242610022EA
:1068E000EE694560C0E9062184B004468360EFF399
:1068F0001080012383F31088854B297C0229D3F86B
:10690000081134BF6FF020076FF040073940C3F81B
:106910000811D3F8083180F31088A3686F684FF42A
:1069200025411960DA62DA639A642A78297A032A9F
:106930004FEAC15107F1FF3C00F0D58084BF41EA26
:106940000241BC46D6E9068ED9624FF0004119617A
:106950000020596199614FF0FF31586203909862AD
:106960000291C3F81C80C3F820E0D6F82C80C3F84D
:1069700068C0C3F864C0002A40F0A08079080139DB
:106980000291404601224FF0030C59659965002899
:106990005DD095F800E0B76A002F71D0B97897F80C
:1069A0000390090641EA097197F8049041EA094108
:1069B0009963B968C3F88C10002965D0012148B9E2
:1069C00097F81C9097F81BA04FEA496949EA4A29B1
:1069D00048EA0908C3F8881040B996F8211096F8DB
:1069E0002000490741EA403148EA01084FF4AA0172
:1069F000BEF1010F196402D10021D9641965E16863
:106A0000D960C3F83480C3F830C01A63697C95F943
:106A100012002246FFF7C6FE96F8221096F92400CF
:106A20002246FFF7BFFE96F8231096F9250022466E
:106A3000FFF7B8FE2FB1397897F901002246FFF72A
:106A4000B1FE344B2360002004B0BDE8F0873178FC
:106A5000F9B995F800E0B17800299CD0F778BEF13B
:106A6000020F4FEA071141EA87113FD04BD90327A4
:106A70003943B76A48EA014848F08078002F8DD141
:106A80009F63C3F88870A7E7F968003918BF012130
:106A900095E795F800E07178BEF1020F4FEA811991
:106AA0004FEA011724D029D9032148EA010848EA0E
:106AB000090848EA070848F48078CCE7012A19D089
:106AC00000901946EA68606802ABFFF7B7FEDDE99F
:106AD0000210020442EA006242F0030CA368F06A6A
:106AE00042F0010251E741F480312BE70927BFE76B
:106AF0000921DAE740464FF0030C46E7002914BFAE
:106B000009210621D1E7002F14BF09270627AFE787
:106B1000006F04405450470030B4436893F912208A
:106B2000DB69002A11DB51092E4D02F01F0C2031C8
:106B3000012404FA0CF445F82140BFF34F8FBFF352
:106B40006F8F2949002441F8224093F92420002A1C
:106B500011DB5109234D02F01F0C2031012404FAEE
:106B60000CF445F82140BFF34F8FBFF36F8F1E49E0
:106B7000002441F8224093F92520002A11DB510915
:106B8000184D02F01F0C2031012404FA0CF445F8D2
:106B90002140BFF34F8FBFF36F8F1349002441F89B
:106BA00022409B6AA3B193F90130002B10DB03F064
:106BB0001F045A090121A14020320A4C44F8221036
:106BC000BFF34F8FBFF36F8F074A002142F82310A6
:106BD0008268C1680023036030BC1846916053632B
:106BE000704700BF00E100E03C04002030B4EFF348
:106BF0000383103B5BB2184A184C03F1C00152F8F2
:106C000021006FF3104042F8210054F8230044683B
:106C100094F800C0BCF1010F15D1D0E90254AC606A
:106C20000024AC64EC642C6552F8215064F31045E8
:106C300042F821505A090A4903F01F0360320CFA46
:106C400003F341F82230436923B1002230BC1146DE
:106C5000FFF7D6BD30BC7047006000403C04002008
:106C600000E100E01E4B10B4C3600B7803F0010399
:106C70004370EFF3108C012484F31088194BD3F880
:106C8000082122F48012C3F80821D3F808318CF3CC
:106C90001088EFF3108C84F310884278D2B9C4685E
:106CA000237962F3861323718CF310884A684B783A
:106CB000D278C468D201DB01D2B2DBB26271A371B7
:106CC0000123E3710A780270074B43605DF8044BBF
:106CD00000207047C26813796FF3C7131371E3E79D
:106CE00000E00540006F044000434144C36842781F
:106CF000002023F812107047EFF31083012282F373
:106D000010884278C1683AB90A7942F040020A71A3
:106D100083F31088002070470A7942F080020A71DC
:106D200083F3108800207047EFF31081012383F371
:106D30001088427842B9C068037962F38613037100
:106D400081F3108800207047C26813796FF3C7136E
:106D5000137181F310880020704700BFEFF3108C8F
:106D6000012383F31088437873B9C268117963F300
:106D700086111171117A63F3861111728CF31088E8
:106D80000023436018467047C3681A796FF3C7122F
:106D90001A711A7A6FF3C7121A72EFE7F0B5076A21
:106DA0008BB0064667B3BE468C46BEE80F006C4605
:106DB0000FC4BEE80F000FC49EE8030084E8030080
:106DC000BCE80F003D460FC5BCE80F000FC59CE8AE
:106DD00003008EE80300F36938469847336A6BB1C5
:106DE000EE469C46BEE80F00ACE80F00BEE80F0080
:106DF000ACE80F009EE803008CE803000BB0F0BD88
:106E00000F46E8E730B58BB0EFF30383103B5BB27E
:106E10002E4AC03352F823106FF3104142F823106A
:106E2000EFF30383103B5BB2294A52F82350002151
:106E30002822684606F0E6FA6C6894F84D3800207F
:106E4000DBB284F84D08ADF80430B4F84218C1F351
:106E50000012C90638D543F02003ADF804300223F0
:106E600094F8532884F8533894F8523803F01F03E9
:106E7000D2B2E11884F8532891F8202860F38202F6
:106E800081F820282A681268009269466A6A03938A
:106E900028460492FFF782FFB4F84238DB0611D58A
:106EA0002B681A69127D6AB193F91530002B09DB42
:106EB0005A09084803F01F030121403201FA03F385
:106EC00040F822300BB030BD1346DBE700600040D5
:106ED0003C04002000E100E02DE9F0418AB0EFF32E
:106EE0000383103B5BB23F4AC03352F823106FF369
:106EF000104142F82310EFF30384103C3A4B66B282
:106F0000002253F82600D0E900E595F8533885F8BB
:106F1000532895F8527807F01F07DBB207F12002DB
:106F200085F85338130104F0FF0455F803C0CCF37F
:106F300080718DF81910E958DEF810301B7B43EA98
:106F4000D17303F001038DF81830002B46D1CCF338
:106F50008A4305EB021205939188C1F3030301F004
:106F60000F0108298DF81A3035D908218DF81A102B
:106F700008AA002305EB071808EB030C01339CF863
:106F800006C202F801CB8B42F6D3DEF8003003973D
:106F90002F440093442387F82038002307934FF4AD
:106FA0008063ADF804306946436A0493FFF7F6FE48
:106FB000B5F84238DB070BD5002E09DB76090B4A02
:106FC00004F01F040123403603FA04F442F826407B
:106FD0000AB0BDE8F0810029CAD1D6E72CF06043A1
:106FE000B7E700BF006000403C04002000E100E083
:106FF00070B58AB0EFF30383103B5BB2214AC03314
:1070000052F823106FF3104142F82310EFF303837B
:10701000103B1D4A5BB2012652F823506C6894F86D
:10702000532884F8536894F85238D2B203F01F03FF
:1070300084F853280393E2184FF40063ADF804304A
:107040002B681B6800936B6A0493002382F8203836
:10705000694682F820382846FFF7A0FEB4F8423887
:107060009B070CD52B6893F91730002B07DB5A09C7
:10707000064903F01F0340329E4041F822600AB0E7
:1070800070BD00BF006000403C04002000E100E053
:107090008268117A01F00101137AC3F34003994227
:1070A000FAD143681978012908D1C16893F810C052
:1070B00004484B1E9BB240F82C101380F12313722E
:1070C00000207047F0030020D0E90223013BF121AA
:1070D0009BB2138000201172704700BF8268117A42
:1070E00001F00101137AC3F340039942FAD14368D6
:1070F0004FF0F40C002182F808C0117393F912309C
:1071000013F1210F03D100230360184670478B420F
:107110001ADB5A0910B401210F4C203203F01F036F
:1071200001FA03F344F82230BFF34F8FBFF36F8FA0
:1071300043680A4A93F912305DF8044B42F8230081
:107140000023036018467047044A42F823000023D6
:1071500003601846704700BF00E100E03C040020D7
:10716000F0B40B7C03F1401303F500631B02C0E98C
:107170000113EFF31085012383F310880C7C394A47
:10718000C4F10304A340D2F8084124EA0303C2F87F
:107190000831D2F8083185F3108882680023137211
:1071A000137AC3F3400C9B07FAD4CC6982F80AC067
:1071B000E37826780D7A247903F00703002E42D174
:1071C000002D47D114734C6847680026967353729C
:1071D000631E95729BB2C4603D7C1380224B43F8C2
:1071E000254091F91230B34222DB4A7C03F160441E
:1071F00004F561441201D2B284F800231B4A1C4CEE
:1072000042F8230003F1C0055A0954F82570920092
:1072100002F1604266F3104744F8257002F56142BE
:1072200003F01F03012404FA03F3C2F88031136052
:10723000D1E9054100230F4A0461C0E9053102602C
:10724000F0BC18467047502E06BF43F05003654609
:107250003343B7E785F0020543EA0513DBB2354651
:10726000B0E700BF006F0440F00300203C040020A2
:107270000060004054474100F0B585B0EFF3038350
:10728000103B5BB203F1C0011B4A1C4C52F82100B9
:107290006FF3104042F8210054F82340D4E9011262
:1072A0000978137A0129DBB204D1F42103F0F00349
:1072B000117213722769B7B1656901AECDB195E856
:1072C000070086E807009B0644BF00232B71A369D3
:1072D0002B602846B84763691BB196E8070083E82E
:1072E0000700A268137ADBB203F00F03137205B034
:1072F000F0BD3546E7E700BF006000403C040020D9
:10730000034600201A689B8A1380704703681B8815
:10731000C3F3C03300200B70704700BF0368103107
:10732000002033F811301380704700BF43682DE907
:10733000F041D1E901250C685E6903681FFA84F801
:10734000A3F804801FFA82F8A3F8148022F0405CAE
:107350001FFA85F824F0405E25F040572243A3F839
:1073600008804FEA1C4C3F0C4FEA1E4812F0405F69
:10737000A3F80680A3F816C05F8159D1CA68002A15
:1073800000F0988015892F0522D5D2E900C7B2F800
:107390000A80A3F89050A3F89C80B2F80C80A3F860
:1073A0009E801FFA8CF8A3F89480CCF30B484FEA28
:1073B0001C7CA3F8968083F892C01FFA87FCA3F880
:1073C00098C0C7F30B4C3F0FA3F89AC083F8937093
:1073D000AF051FD40A8AA3F89050A3F88020F27852
:1073E00092B11A88BEFA8EF11FFA82FE2EF01F0E9D
:1073F0000EF11F0E828AAEEB010E1FFA8EFE4EEAD0
:107400000202A3F800E082822B4BC0E90334002083
:10741000BDE8F081977C92F813C047EA0C0783F827
:10742000A670D789128AA3F8A870A3F8AA20D1E77A
:10743000224FD7F82080224F3F68C8F3026C07FA2A
:107440000CFCC8F302181F4F2CFA08FCA7FB0C7C9D
:107450004FEA9C1C1C4F41F2883808FB0CFCA7FB30
:107460000C7C4FEA9C4C0CF1010CBCF1070F38BFAF
:107470004FF0070C12F080570AD05FFA8CF715F026
:10748000805F83F8DE7040F2011708BF4FF4807709
:10749000920009D55FFA8CFC47F40077AA0083F8C4
:1074A000DFC048BF47F00207CA68BFB25F82002A48
:1074B0007FF468AF15468DE74344415200E0014038
:1074C000C8040020D34D621083DE1B432DE9F8432E
:1074D0000B880C465B0222696669C968026203F187
:1074E000804303F5B8230022036081614460C261D8
:1074F000317962790546A0788F074FEA0223F17847
:1075000043EA403354BF43F0400343F48863002907
:1075100000F0DF8043F42073022A08BF764A9BB252
:1075200008BF32F821C0AB8218BF4FF0000C22799F
:10753000E178707896F800E0D20342EA410242EA2C
:107540004010EFF31088012181F310886B4F2288DF
:10755000D7F80891C2F1100201FA02F229EA0202F8
:10756000C7F80821D7F8082188F3108847F6FF5795
:107570002A6880B23B401380A2F810C0D08182F804
:107580000CE03379980700F1AD8082F88A3094F9E5
:107590000630002B22DB227A03F1604101F56141C4
:1075A0001201D2B281F80023554A564942F82350BD
:1075B00003F1C0005A0951F82070920002F16042B4
:1075C0006FF3104741F8207002F5614203F01F038A
:1075D000012101FA03F3C2F88031136094F90730F6
:1075E000002B22DB627A03F1604101F56141120157
:1075F000D2B281F80023424A424942F8235003F1B3
:10760000C0005A0951F82040920002F160426FF325
:10761000104441F8204002F5614203F01F030121AC
:1076200001FA03F3C2F88031136096F90630002B9B
:1076300022DB327A03F1604101F561411201D2B2DD
:1076400081F800232E4A2F4942F8235003F1C0004D
:107650005A0951F82040920002F160426FF3104441
:1076600041F8204002F5614203F01F03012101FAB5
:1076700003F3C2F88031136096F90730002B22DB48
:10768000727A1F4803F1604101F561411201D2B2E3
:1076900081F8002340F8235003F1C001194A52F841
:1076A00021006FF3104042F821005A09920002F1C4
:1076B000604202F5614203F01F03012101FA03F366
:1076C000C2F880311360104BAB6000202861BDE828
:1076D000F883002A7FF420AF43F400439BB2AB82CF
:1076E000944624E743F0030382F88A30084600F00A
:1076F0003DF92A68337948E7400D0100006F0440E6
:107700003C040020006000404344415270B400211A
:10771000C0E90211436893F906205C698A4211DBD3
:107720005309364E203302F01F0C012505FA0CF5E3
:1077300046F82350BFF34F8FBFF36F8F304B43F8A2
:107740002210436893F90730002B11DB5A092B4DA7
:1077500003F01F0C2032012101FA0CF145F8221030
:10776000BFF34F8FBFF36F8F254A002142F82310DC
:1077700094F90630002B11DB5A09204D03F01F0C41
:107780002032012101FA0CF145F82210BFF34F8F8E
:10779000BFF36F8F1A4A002142F8231094F9073083
:1077A000002B10DB03F01F045A090121A1402032F5
:1077B000124C44F82210BFF34F8FBFF36F8F104A63
:1077C000002142F82310036800221A821A80EFF386
:1077D0001084012383F3108840680A490088C0F1AF
:1077E00010008340D1F808010343C1F80831D1F8F3
:1077F000083184F31088104670BC704700E100E047
:107800003C040020006F0440064B074993F8260013
:107810001A6A51F820300549C2F30262D3400B6066
:10782000704700BF00E0014034020020C80400207F
:1078300038B5434B434C444844494AF20355A3F8F6
:10784000FE530022424DA0F8002121604FF4004178
:1078500093F82600C4E90151C4E90321196A626161
:1078600054F820203B4DC1F30261CA400820092191
:107870002A6083F8130483F8A21093F88024002A66
:1078800055D02F4B002283F8812483F8802493F86D
:10789000A0208AB193F83620002A3FD0284A92F8D7
:1078A000A030D806C3F30011F9D4254882F8A010FF
:1078B00090F8A030D906FBD4214B002283F8362063
:1078C00093F83C20D207FBD50121002283F8311028
:1078D00083F82620204A1A6293F8262054F82200C2
:1078E0001C6A194AC4F30264E04028604FF0040C9B
:1078F000842083F83EC083F83E004FF4254083F88F
:10790000D010A3F8FE03A2F80411B2F804319BB220
:10791000002BFAD10123A2F8003138BD93F83C20A6
:10792000D207BBD493F83C20D207F7D5B6E70121A4
:1079300083F8801440F2C44000F018F8A1E700BFBB
:1079400000E001403402002000C00140006CDC0275
:1079500000127A00C804002000010110704700BF27
:10796000A0F101000028FBD1704700BF30B5144DD5
:10797000144A00FB01F14FF47A732868B2FBF0F26D
:10798000A1FB03C44FF0FF304FF0000E60457EEBCB
:10799000040407D3BCFBF2F0800878B1BDE83040A6
:1079A000FFF7DEBF9200B1FBF2F1A1FB03138842A7
:1079B0007EEB0303F2D308460028EFD130BD00BFB1
:1079C000C804002000CA9A3B0B4B70B5B3F8405175
:1079D0000A4E0024ADB225FA04F3DB07E0B203D56A
:1079E00056F8243003B198470134102CF3D1024BE0
:1079F000A3F8305170BD00BF00600040F8030020C4
:107A0000084B10B4084C03F1200C5842C21813F86C
:107A1000011FC032634544F82210F7D15DF8044BD2
:107A2000704700BF2817010000600040EFF310818D
:107A3000012383F31088124B33F8102092B22AB13D
:107A400033F81020013A92B223F8102033F81030A6
:107A50009BB293B90B4A10B4B2F8FE330A4C9BB2F6
:107A600034F8100043F4254323EA0003A2F8FE3360
:107A700081F310885DF8044B704781F310887047DC
:107A8000BC04002000E001404C0D010030B4EFF3D5
:107A90001081012383F310880E4A32F810309BB214
:107AA0006BB90D4C0D4DB4F8FE3335F810C09BB2D8
:107AB00043EA0C0343F425439BB2A4F8FE3332F8A7
:107AC000103001339BB222F8103081F3108830BCA3
:107AD000704700BFBC04002000E001404C0D0100D5
:107AE0000B4A08B50346106840B10333094923F037
:107AF000030303448B4204D8136008BD064810609A
:107B0000F3E705F02FFC0C2303604FF0FF3008BDB6
:107B1000C4040020007B0020F81B002000BE70473A
:107B200008B500F005F8FCF7C3FDFEE7704700BF9D
:107B300070B5464B464A47484FF47004C3F8884036
:107B40004AF2025198600123A2F8FE1382B082F833
:107B50001F3492F8B134DB06FBD500204FF42546E4
:107B60000446A2F8FE63FFF7E1FFFFF761FE8DF820
:107B7000074001209DF80730FFF788FFEFF31081E1
:107B8000012585F31088344BD3F8042122F00042FC
:107B9000C3F80421D3F8042181F310882F4A116817
:107BA000C1F300018DF807101168C1F300018DF8D1
:107BB00007101268C2F300028DF80720EFF310815E
:107BC00085F31088D3F8042142F00042C3F8042161
:107BD000D3F8043181F310882846FFF727FF2846A1
:107BE000FFF7A4FF1E4B1F499C801F4A1E8099600F
:107BF0001E49D9604FF48051A2F820111C481D4A3B
:107C00009D80121A214605F0FDFB1B481B4A1C49AA
:107C10001C4D121A05F0D2FB1B4B5B1BA3424FEA13
:107C2000A30605DD55F8043B01349847A642F9DC6C
:107C3000FFF7EAFD0220FFF779FFFFF7E1FE0020E2
:107C400002B0BDE87040FFF789BE00BF00ED00E064
:107C500000E0014000400000006F044000080440C4
:107C6000000D0040007B002000600040007F0020ED
:107C700050020020F41B00200000002034020020ED
:107C8000141A0100F40100202002002000220270DA
:107C9000C0E9012280F83520012280F83620DF2259
:107CA000827770472DE9F04704464FF000081F46E1
:107CB0009DF8283080F8008021730375089B0361CC
:107CC000099B83610B9B03620C9BDFF84091C0E929
:107CD0000938FF238A4643771546002A3ED184F8A7
:107CE0003520502004F08FFC4FF6FF73A0F842308F
:107CF00000F12008DF2380F8205080F8215080F820
:107D0000225080F82350C0E90955C562C0E90E55DC
:107D1000C0E90C5580F8443080F8453080F8405078
:107D200080F84150C0E91255C4F828802022294625
:107D3000064605F067FB072FA6605AD8314ABAF10C
:107D4000020FD35D114642D099F80000002856D1A9
:107D5000002B4ED102232777D35548E0012A48D182
:107D600084F83520242004F04EFC837880F80080CD
:107D700068F3020383704378C57003F0F80368F377
:107D800006130646437080F8048080F8058080F86A
:107D90000680A0621C224146083005F033FB012F0B
:107DA000666026D8184BBAF1020FDA5D194602D088
:107DB00099F8000028B1012A1BD802232777CB5558
:107DC00015E0B2B90222DA552777257011E0012BB0
:107DD000F3D92777384601F025FC3022816A4046E6
:107DE00005F0ECFA384601F01DFC036BA36101239A
:107DF0002370002389F800302078BDE8F087012B3C
:107E0000DAE700BFCE040020CC040020D604002016
:107E100038B590F8353004468BB9806808B9002031
:107E200038BD04F10C01FEF745FD0546A068FEF7DC
:107E3000A1FC0E2D01D0002DF1D10120F0E7012B86
:107E4000EDD140680028EAD004F10C010830FFF7BA
:107E500087F9054660680830FFF736F9E9E708B5A5
:107E600090F835303BB9806820B1FEF77DFCB0FA60
:107E700080F0400908BD012B06D140680028F9D0E8
:107E80000830FFF705F9F2E70020F3E708B590F8AE
:107E900035303BB9806820B1FEF73EFEB0FA80F085
:107EA000400908BD012B06D140680028F9D00830F0
:107EB000FFF714F9F2E70020F3E7FFFF38B50446B7
:107EC000FFF7E4FF606838B1237F0C4A00252421C6
:107ED000D55404F087FB6560A56875B1237F084A17
:107EE000A86C0021D15410B1202104F07BFB50215B
:107EF000284604F077FB0023A36038BDCC040020A3
:107F0000CE04002010B50446FFF7D8FF204610BD70
:107F100001F10C0303608B6803B1203343604B68AD
:107F200083607047836823B11868003018BF012050
:107F3000704740680028FBD08068F6E7F0B585B050
:107F400004460F46014601A81546FFF7E1FF20460B
:107F5000FFF7E8FF064610B12046FFF797FF00F055
:107F600057F82A4601A900F01FF9054650B1677776
:107F70002EB12046FFF74CFF2046FFF770FF284642
:107F800005B0F0BDDF23A377F2E7FFFF0028A8BF0D
:107F900000F160404FEA0111AEBF00F5614000F012
:107FA0000F00034BC9B2ACBF80F8001319547047DF
:107FB00014ED00E000F1C0020A4B53F822106FF3F9
:107FC000104143F8221000F01F024009800000F128
:107FD000604000F5614001239340C0F880310360A8
:107FE000704700BF006000404309012200F01F00FD
:107FF00002FA00F02033044A42F82300BFF34F8F07
:10800000BFF36F8F704700BF00E100E07047FFFFD4
:1080100038B50A4D2B78BFF35B8F13F001040BD1F9
:10802000284604F0E1FA38B1054B28461C6004F0FC
:10803000E7FA044802F02FF9014838BDD8040020BF
:10804000DC0400200D8000002AB9304BC031012231
:1080500043F821207047012A03D1C0312B4B022263
:10806000F6E7022A03D1C031284B0322F0E7032AA6
:1080700003D1C031254B0422EAE7042A03D1C031E1
:10808000224B0522E4E7052A03D1C0311F4B06220B
:10809000DEE7062A03D1C0311C4B0722D8E7072AA6
:1080A00003D1C031194B0822D2E7082A03D1C031CD
:1080B000164B0922CCE7092A03D1C031134B0A22FF
:1080C000C6E70A2A03D1C031104B0B22C0E70B2AA6
:1080D00003D1C0310D4B0C22BAE70C2A03D1C031B9
:1080E0000A4B0D22B4E70D2A03D1C031074B0E22F3
:1080F000AEE70E2A03D1C031044B0F22A8E70F2AA6
:10810000A8D1C031014B1022A2E700BF006000409F
:1081100032B91A4BC0315D2243F82120012070474B
:10812000012A05D1C031154B652043F82100F5E740
:10813000022A03D1C031114B6D22EDE7032A03D18E
:10814000C0310E4B7522E7E7042A03D1C0310B4B37
:108150007D22E1E7052A03D1C031084B8522DBE708
:10816000062A03D1C031054B8D22D5E7072A03D15A
:10817000C031024B9522CFE70020704700600040DD
:1081800032B9C031074B1E2243F82120012070472D
:10819000012A05D1C031034B212043F82100F5E726
:1081A0000020704700600040F8B50E4601681B4B88
:1081B0001F29054617469C682CD8336893F912206E
:1081C000213201D00120F8BD7268403482B11A7C9E
:1081D000FFF79EFF0028F5D03268082353742B6800
:1081E0009374A7B90E4A44F8232001332B60EAE7C1
:1081F000B2688AB11A7CFFF7C3FF0028E2D0326868
:10820000082353742B6893740FB9064AEBE744F8BC
:108210002370EAE70020D6E71046D4E700ED00E03F
:10822000ED6B0000797200002AB9064BC03136228E
:1082300043F821207047012AFCD1C031014B3B2279
:10824000F6E700BF006000402AB9064BC031352276
:1082500043F821207047012AFCD1C031014B3A225A
:10826000F6E700BF006000402AB9064BC031372254
:1082700043F821207047012AFCD1C031014B3C2238
:10828000F6E700BF006000402AB9064BC031382233
:1082900043F821207047012AFCD1C031014B3D2217
:1082A000F6E700BF006000402AB90C4BC0319922AC
:1082B00043F821207047012A03D1C031074B9F2288
:1082C000F6E7022A03D1C031044BA422F0E7092AC1
:1082D000F0D1C031014BA922EAE700BF00600040A5
:1082E0002AB90C4BC031982243F821207047012A4B
:1082F00003D1C031074B9E22F6E7022A03D1C031D9
:10830000044BA322F0E7092AF0D1C031014BA82287
:10831000EAE700BF006000402AB90C4BC0319A2246
:1083200043F821207047012A03D1C031074BA02216
:10833000F6E7022A03D1C031044BA522F0E7092A4F
:10834000F0D1C031014BAA22EAE700BF0060004033
:108350002AB90C4BC0319B2243F821207047012AD7
:1083600003D1C031074BA122F6E7022A03D1C03165
:10837000044BA622F0E7092AF0D1C031014BAB2211
:10838000EAE700BF006000402AB9064BC031AE22C8
:1083900043F821207047012AFCD1C031014BB322A0
:1083A000F6E700BF006000402AB9064BC031AD229D
:1083B00043F821207047012AFCD1C031014BB22281
:1083C000F6E700BF006000402AB9064BC031B12279
:1083D00043F821207047012AFCD1C031014BB6225D
:1083E000F6E700BF006000402AB9064BC031B0225A
:1083F00043F821207047012AFCD1C031014BB5223E
:10840000F6E700BF006000402DE9F84FB44B9F68CD
:1084100003681F2B0446154603D9002062B6BDE849
:10842000F88F403772B6012940F09080002AF4D0CE
:108430009368213340F08880036812681A441F2A29
:10844000EBD86A68DFF8B48247F82320C0333322C0
:1084500048F8232090F90000FFF7C6FD94F900309A
:10846000C0330C2158F823206FF3104248F8232022
:1084700094F90000FFF78AFD94F90000FFF79AFDD8
:108480002368AB605A1C69682260C13347F8221028
:10849000342248F8232094F90000FFF7A5FD94F951
:1084A0000030C0330C2158F823206FF3104248F8F5
:1084B000232094F90000FFF769FD94F90000FFF70D
:1084C00079FD236869685A1CC133226047F822107D
:1084D000312248F8232094F90000FFF785FD94F934
:1084E0000030C0330C2158F823206FF3104248F8B5
:1084F000232094F90000FFF749FD94F90000FFF7ED
:1085000059FD236869685A1CC133226047F822105C
:10851000322248F8232094F90000FFF765FD94F912
:108520000030C0330C2158F823206FF3104248F874
:10853000232094F90000FFF729FD94F90000FFF7CC
:1085400039FD236801332360012067E702290DD13B
:10855000002A3FF462AF93682133F5D100681368B5
:1085600018441F288CBF0020012057E7032911D190
:10857000002A3FF452AF92F912302133E4D10E2396
:1085800053740168574B917447F82130127CFFF700
:10859000F7FDD6E7042949D1002A3FF43EAF92F90E
:1085A0000730213331D101680B1D202B3FF635AF49
:1085B0000C264D4BD171967147F821301278FFF798
:1085C00073FE0168494B0131016069722E7247F8F0
:1085D00021302A78FFF7A0FE0168454B0131016088
:1085E00069712E7147F821302A78FFF779FE01680A
:1085F000404B01310160AE72E97247F821302A78B0
:10860000FFF7A6FE03680133036095F90700FFF743
:10861000D1FC95F90900FFF7CDFC95F90500FFF7AE
:10862000C9FC95F90B00FFF7C5FC8DE7002940F068
:108630009480002A3FF4F1AE137A3BBB126892F9A2
:108640000D3021331ED10C231373036853732A4A50
:1086500047F82320C033294A262142F823102B68EB
:10866000686893F90D101B7B01F160421B0102F554
:108670006142DBB282F80033214B43F821002368CA
:10868000013323602B6893F90D00CCE7012B39D11E
:10869000126892F90F3021331ED10C2393730368B3
:1086A000D373154A47F82320C033144A272142F8D0
:1086B00023102B68686893F90F109B7B01F16042CF
:1086C0001B0102F56142DBB282F800330C4B43F828
:1086D00021002368013323602B6893F90F00A2E780
:1086E00000ED00E079720000E152000051550000F9
:1086F000CD53000091550000E55A00000060004095
:108700003C040020022B7FF488AE126892F91130ED
:1087100021331ED10C23137403685374A84A47F8FD
:108720002320C033A74A282142F823102B68686809
:1087300093F911101B7C01F160421B0102F56142AB
:10874000DBB282F80033A04B43F8210023680133E9
:1087500023602B6893F9110065E7052973D1002A7E
:108760003FF45BAE16680C23737396F90F30213318
:1087700048D101680B1D202B3FF64FAEF1733278C4
:10878000DFF87882DFF84092FFF74EFD90F9003075
:1087900008EB03024FF0C00A82F800A3016849F811
:1087A000236001312B680160B1731A78FFF74CFD2B
:1087B00090F9003008EB030282F800A3016849F841
:1087C000236001312B68016031741A78FFF74CFD8A
:1087D00090F9003008EB030282F800A3016849F821
:1087E000236001312B68016071741A78FFF74CFD2A
:1087F00090F90030984488F800A349F82360036892
:108800000133036096F90F00704B47F8203096F95A
:108810000E306F4A47F8232096F910306D4A47F81A
:10882000232096F911306C4A47F82320FFF7C2FB4A
:1088300096F90E00FFF7BEFB96F91000FFF7BAFBA2
:1088400096F91100EFE6062956D1002A3FF4E5AD6E
:1088500016680C23737396F90F30213341D10168E8
:10886000CB1C202B3FF6D9AD5C4BF17347F8213080
:108870003278DFF88881DFF85091FFF715FD90F925
:10888000003008EB03024FF0C00A82F800A3016831
:1088900049F823600131524B0160B17347F8213030
:1088A0002B681A78FFF71CFD90F9003008EB0302E3
:1088B00082F800A3016849F823600131494B016047
:1088C000317447F821302B681A78FFF725FD90F9AD
:1088D0000030984488F800A349F823600368013306
:1088E000036096F90F00FFF765FB96F90E00FFF79E
:1088F00061FB96F9100096E607294CD1002A3FF457
:108900008CAD556840F60C432B8295F90D30213320
:1089100020D101680B1D202B3FF67FAD69732A78AB
:10892000FFF782FC0168013101602A782973FFF7A3
:108930008BFC0168013101602A78A973FFF794FC70
:108940000168013101602A78E973FFF79DFC036833
:108950000133036095F90D00234B47F8203095F95A
:108960000C30224A47F8232095F90E30204A47F868
:10897000232095F90F301F4A47F82320FFF71AFBF1
:1089800095F90C00FFF716FB95F90E00FFF712FBA7
:1089900095F90F0047E6082932D1002A3FF43DAD92
:1089A00092F9023021337FF4CFAD0C23537001686C
:1089B000114B917047F821301278FFF745FBC0E565
:1089C0004D5B0000006000403C0400200D6400008E
:1089D000D1620000F9640000BD6500005D58000030
:1089E0003D580000F5590000C95E00009D5D000083
:1089F000715F000005600000FD66000000E100E01E
:108A0000092978D1002A3FF408AD566896F902305A
:108A1000213365D101680B1D202B3FF6FEAC92F887
:108A200008A0AC4BD2F80090B1704FF0060B86F85E
:108A300006B0524647F82130FFF7A6FCA64D96F93E
:108A40000220B379DFF8BC82A9181B01DBB281F8E0
:108A500000330168A14B48F8229001310160524671
:108A6000717086F805B047F82130FFF79DFC96F944
:108A700001207379A9181B01DBB281F8003301686A
:108A8000974B48F82290013101605246317186F8C7
:108A900008B047F82130FFF7A7FC96F90420337A95
:108AA000A9181B01DBB281F8003301688D4B48F82F
:108AB0002290013101605246F17086F807B047F804
:108AC0002130FFF781FC96F90320F37915441B014F
:108AD000DBB285F80033036848F822900133036065
:108AE00096F90200FFF766FA96F90100FFF762FABD
:108AF00096F9040097E50A297CD1002A3FF48DAC51
:108B0000566896F90230213365D101680B1D202B80
:108B10003FF683AC92F808A0734BD2F80090B17086
:108B20004FF0060B86F806B0524647F82130FFF7A3
:108B3000BBFB694D96F90220B379DFF8C881A9180B
:108B40001B01DBB281F800330168684B48F82290C2
:108B5000013101605246717086F805B047F8213046
:108B6000FFF7BEFB96F901207379A9181B01DBB250
:108B700081F8003301685E4B48F8229001310160B2
:108B80005246317186F808B047F82130FFF7E0FB14
:108B900096F90420337AA9181B01DBB281F800335F
:108BA0000168544B48F82290013101605246F1703F
:108BB00086F807B047F82130FFF7AEFB96F903209F
:108BC000F37915441B01DBB285F80033036848F8DC
:108BD00022900133036096F90200FFF7EBF996F952
:108BE0000100FFF7E7F996F90400FFF7E3F996F9BA
:108BF000030018E50B297FF410AC002A3FF40DACFC
:108C0000D2E900150C232B7595F91530213356D177
:108C10000368DA1C202A3FF600AC374A6B7547F828
:108C200023202A6822B9C033344A4A2042F823005C
:108C300095F915002B7D324E00F1604202F561423C
:108C40001B01DBB282F8003322682E4B43F8201060
:108C5000501C2060A87547F82060286820B9C132F0
:108C600026484D2640F8226095F916602A7D06F1C7
:108C7000604000F561401201D2B280F80023226802
:108C800043F82610501C204E2060E87547F82060FD
:108C9000286820B9C13219484E2640F8226095F95B
:108CA00017602A7D06F16040120100F56140D2B2E2
:108CB00080F8002343F8261023680133236095F9D8
:108CC0001500FFF777F995F91600FFF773F995F995
:108CD0001700A8E43948000000E100E09D470000CB
:108CE000F14900001149000049560000B15600004A
:108CF0006157000025570000056E0000006000402D
:108D0000D96E00003C040020F16F000008B53C2241
:108D10000021024804F076FB08BD00BFE0040020FB
:108D200070B50024064D264655F8240020B12C21AC
:108D300003F058FC45F8246001340F2CF4D170BDC9
:108D4000E00400200020704701207047036840F2D3
:108D500013421B6A184790F83D34002BFBD0704734
:108D6000D0F82C322BB1D0F82832184490F82400D7
:108D700070474FF0FF30704713B5044690F8A804D1
:108D80008DF80710002378B184F83C34012284F870
:108D90003D340DF1070104F58860FBF797FE94F868
:108DA0003C34002BFBD0012002B010BD0023C0F8E2
:108DB0002432C0F82832C0F82C32C0F83034C0F861
:108DC0003434C0F8383400F58860FBF7F9BE036826
:108DD00013B962B6BFF36F8F704713B5EFF310830B
:108DE00000930123019372B6019B5A1E01923BB17D
:108DF000D0F82C426846FFF7EAFF204602B010BDCB
:108E00006846FFF7E4FF4FF0FF34F6E70268224BB5
:108E100053F8223013B54BB10279042A0CD0802AC2
:108E200006D0022A02D1012283F83D2402B010BDEF
:108E3000012283F83C24F9E7D3F82C22B2F5007F15
:108E4000F4D0007AEFF3108200920122019272B600
:108E5000019A013A511C1AD0D3F82C12B1F5007FB7
:108E600002F1FF3411D0D3F82412194481F8240000
:108E7000D3F824120131C1F30801C3F82412D3F846
:108E80002C120131C3F82C12E3E72246E2E76846D0
:108E90000192FFF79CFFC9E71C05002013B5EFF313
:108EA000108300930123019372B6019B5A1E019215
:108EB000E3B1D0F82C32B3B1D0F82832034493F8A0
:108EC0002440D0F828320133C3F30803C0F8283215
:108ED000D0F82C32013BC0F82C326846FFF777FF00
:108EE000204602B010BD4FF0FF34F6E76846FFF7AA
:108EF0006EFF4FF0FF34F3E738B5044600254FF41A
:108F00007A70C4E90150A3611848049BE361C4E985
:108F10000412206029464FF4007204F1240004F08A
:108F200071FAC4F824524FF40072C4F8285229464A
:108F3000C4F82C5204F50C7004F064FA0123C4F850
:108F40003054C4F83454C4F8385484F83C3484F8A9
:108F50003D34DF2384F8A85484F8773484F87934D6
:108F600084F8753484F87B34204638BD5C0D0100EC
:108F700010B50C46FFF74CF822460421BDE810401E
:108F8000FFF742BAF0B50369002B85B0044602DA58
:108F9000002005B0F0BD4269002AF9DB8B42F7DA08
:108FA0008A42F5DAD9B20022684602AE03F0AAFA84
:108FB0000122217D304603F0A5FA00223DF812502F
:108FC0000021AB11002D45D036F81200002841D009
:108FD00036F8110083EA9017FF063BD103F01F0318
:108FE00023620028D4D0092BD2DC15F4F04F23697A
:108FF0001C4E0CBF4FF080624FF0A06236F8331069
:1090000010F4F04F42F4803217480CBF4FF08065E7
:109010004FF0A065FCF716FE6369134836F833106D
:1090200045F480352A46FCF70DFEA3695A1C0FD083
:10903000E26901320CD036F833100B482A46FCF7AF
:1090400001FEE369084836F833102A46FCF7FAFDBA
:1090500001209EE701310329B4D10132032AADD1A9
:1090600096E700BFDC0B0100B01B00202DE9F041AA
:1090700004460E461546FBF720FB01462046FFF747
:1090800081FF84F8A804002800F0BD8094F89114B2
:109090005E4B226A6FF3010184F89114192143F8A1
:1090A0002240A4F8921494F89034012184F8951485
:1090B0000F2103F0E70384F89C144FF6FF7143F08F
:1090C0004003A4F89E14A1696FF3820384F89034DE
:1090D00004F592670023013184F8943484F89634BF
:1090E000C4F8987484F8A03405D0E16901311CBF3C
:1090F000082184F8A01484F8702404F29442C4F87F
:109100008C2440F213424FF6FF71954284F8A2344A
:1091100084F8A334A4F8A414C4F88834C4F88034C0
:10912000C4F87C343ED02DD840F21142954248D04C
:1091300040F2124295424AD0354BC4F8843404F5CB
:109140008E6841462046FFF713FF94F8A834184074
:1091500084F8A80401213B4640F6B8323046FBF7BC
:10916000FDFF94F8931429B93B4640F6B8323046D7
:10917000FBF7F4FF04F5886541462846FBF7CAFD76
:1091800078B3FEE740F23242954225D040F23342B6
:1091900095420FD040F231439D42CDD1022384F855
:1091A00071340AE0022284F8712484F8723484F85D
:1091B0007334C1E7022284F8712484F872340123E5
:1091C000F5E7022284F8712484F87224EFE7022282
:1091D00084F871240322F7E7022384F8713403230F
:1091E000EBE739462846FBF7C9FC00B1FEE7C4F8B7
:1091F0002402C4F82802C4F82C02C4F83004C4F8CD
:109200003404C4F83804BDE8F08100BF1C05002018
:109210000D8E000030B58C18A14208D0D0F8603413
:1092200011F8015BDD701D796D07FCD5F4E7104680
:1092300030BDFFFF07B54FF0FF3300931722162113
:109240000248FFF759FE03B05DF804FB4405002017
:1092500007B54FF0FF330093002201210248FFF7CA
:109260004BFE03B05DF804FBF009002007B54FF09A
:10927000FF330093192218210248FFF73DFE03B087
:109280005DF804FB9C0E00200148FEF7FFBC00BF08
:10929000481300200148FEF735BE00BF48130020E8
:1092A000F8B5094F054600240126AA6C06FA04F316
:1092B000134205D007EB440261B22846FEF72EF8B0
:1092C00001341D2CF1D1F8BD8C130020837870B5CA
:1092D000044683B90E4D2A68AAB103883BB90D48EC
:1092E000FFF7DEFF2B682078BDE870401847012BA0
:1092F000F8D10948F4E7012B05D00A2B04D1074B1C
:109300001B68002BEFD170BD0B2BFCD1044BF7E792
:1093100080130020C8130020241400208413002090
:1093200088130020F0B5044685B0002843D0002300
:1093300080F83230C1F38415836C012707FA05F2F7
:109340001343836400F13001FEF7C0F804AE04F16A
:1093500048012046FDF7EAFF2046FDF7D1FF06F859
:10936000047D9DF80C30012B04D131462046FDF7D9
:10937000CDFFF6E70DF10E0229462046FDF7CEFFA0
:109380000E4BBDF80E0093F83330052B9CBF0C4AF2
:10939000D2560C4B1B684FF0010101FA03F388BF52
:1093A00000220093002301FA02F2194600F084F92A
:1093B00080B205B0F0BD4FF0FF30FAE7C8130020CF
:1093C000880D01000000002013B50A220C46C1B22E
:1093D000684603F097F8BDF800205AB1064B0749DC
:1093E00002F4F040B0F5006F0CBF1846084622802A
:1093F00002B010BD1046FAE724140020C813002064
:10940000F0B5012680F82560C0E90F23022600F19F
:109410002403002540F60C4780F826600186DF26ED
:10942000032143644FF4C05380F8245080F8275040
:1094300080F8285080F8295080F82A6080F82B6046
:10944000878580F8325080F8331080F8345080F8E7
:10945000355080F8366080F837600787C0E91255CC
:10946000C0E91455A0F85850A0F85A30F0BD10B516
:109470000446406D10B1142103F0B4F8204610BD2D
:1094800037B50D28044602A998BF0E34002321F8F1
:10949000023D2046FFF798FF074B05464FF4004179
:1094A00033F8340000F0FAFEBDF806102846FFF746
:1094B00039FF03B030BD00BFDC0B0100042838B514
:1094C00098BF104B104C98BF1D5CA36888BF002547
:1094D00013B12046FEF71AF90C4984F828500C4CB9
:1094E000A1F13000FDF7F2FFA36813B12046FEF7AB
:1094F0000DF9084984F82850A1F13000BDE8384042
:10950000FDF7E4BF8E0D0100C8130020F813002002
:1095100024140020541400202DE9F04D3C4B93F806
:109520002830192B2DED028B6BD057D8012B62D030
:10953000022B63D0374CD4ED007AF5EE407AF1EE91
:1095400010FA48D10020FFF7B9FF052000F0B6FE61
:109550000FF2B40BDBE900AB9FED2F8ADFF8C08080
:109560000A251420FFF78CFF07EE900AF8EEE77A41
:1095700067EE887A17EE900A03F0C4F952465B460C
:1095800003F018FAD8F800300646012098400F463C
:1095900003F0A6F902460B463046394603F034FB89
:1095A000064620680F4603F0ADF902460B463046EA
:1095B000394603F049F803F0ADFC013D07EE900A8F
:1095C0002060CED1F2EE046A87EEA67A052084ED03
:1095D000007AFFF773FF94ED000A08E01D2B04D01A
:1095E0001F2BA7D1B0EE040A01E0B0EE000ABDECDB
:1095F000028BBDE8F08D9FED090AF8E79FED060AA2
:10960000F5E7B7EE080AF2E7295C8FC2F5A820401B
:10961000C8130020801400203D0AB73F0000C07F1F
:109620000000002030B5094B53F8144B00218C4248
:1096300007D053F8042F92F82450A84202D00131E9
:10964000F5E7002202F1080030BD00BF84140020BD
:1096500038B50E4C0E4D0F48002322461946FFF731
:10966000CFFE002301210C48FFF7CAFE2846002444
:10967000214640F8044B142203F0C4FE5022214638
:1096800005F1180003F0BEFE38BD00BFCD9200000A
:1096900084140020C81300202414002008B50448B6
:1096A000FFF7E5FE0348BDE80840FFF7E0BE00BF56
:1096B00024140020C813002010B5029C401AE41A9C
:1096C0006043521A90FBF2F0184410BD2DE9F04FA0
:1096D000027D012A85B005460F4640F097800021A3
:1096E0004FF0FF3B04460B465E4694F804C048B278
:1096F000BCF1000F7CD194F805C0BCF1000F77D10C
:10970000B6F1FF3F1BBF01335BB2012330469342EA
:1097100001DD1A4683460131082904F1020465D1AE
:10972000002402EB0B03A1460293CB4502DC029B13
:109730004B4560DC6E7995F804A04FEA26180AF0D4
:109740000F035FFA88F25FEA2A1A019206F00F0609
:1097500077D05FFA8AF1BAF1090FCABF57313031B9
:1097600049B23846039300F0D7F8039B0444092B11
:109770008ABF03F1570103F1300149B23846039320
:1097800000F0CAF80444BAF1000F04D1039B13B9E6
:10979000B8F1000F0DD0019BB8F1090FD4BF03F150
:1097A000300803F157084FFA88F1384600F0B4F852
:1097B0000444092E8ABF573606F1300171B238468B
:1097C00000F0AAF8B9F1070F044404D03A21384652
:1097D00000F0A2F8044409F10109B9F1080F05F1FC
:1097E0000205A2D1204605B0BDE8F08F06467CE711
:1097F0004FF0FF308FE7CB45EDD1BBF1000FE5D146
:109800003A21384600F088F80444DFE700F11006FA
:1098100000F11309002416F8011B0A22384600F053
:10982000BAF82E218046384600F076F8B14540441B
:109830000444F0D10A22E97C384600F0ACF8044434
:10984000D0E7002B93D1A3E710B5054B0360044686
:10985000017510220021043003F0D4FD204610BD14
:109860009C0D0100F8B50F461D460021084B036012
:109870000446164601751022043003F0C3FD9DF81E
:10988000183027746674A574E3742046F8BD00BFD1
:109890009C0D010007B501210648FFF7D5FF002305
:1098A00000931A4619460448FFF7DCFF03B05DF841
:1098B00004FB00BFEC140020041500202DE9F0414A
:1098C00006460D4601EB02080C464445A4EB05078D
:1098D00007D0336814F8011B1B68304698470028EE
:1098E000F3D13846BDE8F08170B5036804460846F8
:1098F0000D465E6804F069FB294602463346204661
:10990000BDE87040184709B1FFF7EEBF0846704741
:1099100008B5FFF7F8FF08BD0368C9B21B68184710
:109920000149FFF7E1BF00BFA00D010038B50546B2
:10993000FFF7E9FF04462846FFF7F2FF204438BD51
:1099400070B58AB00E460AA9002301F8043D012A29
:1099500098BF0A22B6FBF2F502FB1564E3B264B2CB
:10996000092CD4BF303337335BB22E4601F8013DAA
:10997000002DEFD1FFF7C7FF0AB070BD10B42AB9B0
:1099800003685DF8044B1B68C9B21847D2B25DF892
:10999000044BFFF7D5BFFFF7F1BFFFFF0F4B104997
:1099A0004AF20252A3F8FE230E4A11604FF42542F8
:1099B000A3F8FE2303F5E4231A886FF304121A8038
:1099C000BFF34F8F0849094BCA6802F4E0621343A2
:1099D000CB60BFF34F8F00BFFDE700BF00E0014049
:1099E0003581730700E5014000ED00E00400FA0551
:1099F000F8B5184B1B780546144646184BB111466E
:109A0000154804F00BFA154804F008FAAC4212D2DB
:109A10002C461348134D114F04F000FA0F4804F080
:109A2000FDF9B4420BD3104804F0F8F90B48BDE837
:109A3000F84004F0F3B9B44228BF3446E9E722689D
:109A40002146284604F0EAF9384604F0E7F90434E0
:109A5000E7E700BF0C1600200F150100A00D010064
:109A600034150100591501009C0E010008B50F4B7B
:109A70000F4918600F4B1A600F4B104A1A60104BB9
:109A80009B1A104A1360104A1160104A521A10496A
:109A90000A603BB90F4804F0C1F90F48BDE808401F
:109AA00004F0BCB90D4B01221A7008BDB41500209A
:109AB0000040000010160020C0150020007B002090
:109AC000007F0020BC150020B01500200C1A0100FA
:109AD000AC150020AD140100A00D0100B815002048
:109AE00008B5064B06481A68064B196804F096F943
:109AF0000548BDE8084004F091B900BF10160020E9
:109B00008A140100B4150020A00D0100304B2DE98E
:109B1000F04F1C682F4BD3F800E02F4B1D782F4BD4
:109B20001E782F4B1F682F4B1B688B4607EB030CCF
:109B3000DDB1CEB92C4B99695B690160013BBB4239
:109B400015D3634513D8BBF1010F10D9436002232D
:109B5000A64426B1944203D8724528BF72461446E3
:109B60000437DFF888802EE000252B46F0E73546E5
:109B70000123EDE72268D10724D5561EB74221D82C
:109B800066451FD80F2B1DD832F8059C32F8032CE0
:109B900002EA080ABAF5784F04D109EA0809B9F5CA
:109BA000704F04D002F47F42B2F58E4F0AD15B456C
:109BB00008D2022B03D115B14268B24202D040F85C
:109BC0002360013304347445D4D31846BDE8F08FC4
:109BD000C0150020BC150020C41500200C16002064
:109BE000B0150020AC150020C815002000F8FFFFBC
:109BF0002DE9F04391B0044640220021684603F06D
:109C000001FC224610216846FFF780FF164FDFF85F
:109C10007080064600244FF02009B44213D1FCB1F5
:109C2000114B12491248096804EBC4041C44002279
:109C300004F8012C0F4A04F0F1F80F4804F0EEF894
:109C400011B0BDE8F08304EBC4053D445DF8242069
:109C50004146284604F082F9013485F80890DCE793
:109C6000064804F0DBF8E8E71C150020B4150020D6
:109C70007F1501007A150100A00D0100BC1501003F
:109C8000741501002DE9F0410D4B1B7886B0064696
:109C90000D4643B90B4A0C490C4804F0BFF80C4878
:109CA00004F0BCF8FEE70B4B1A78BAB1054A0A4932
:109CB000064804F0B3F8064804F0B0F8FEE700BF29
:109CC000B8150020A30D0100B60D0100BE0D010066
:109CD000A00D0100C4150020DC0D0100A64AA74814
:109CE0001468A74AA74FD2F8008001221A7004F026
:109CF00095F8A54804F092F8FFF7F2FEA34804F0A7
:109D00008DF8A14804F08AF8F6064CBF05F120064C
:109D100005F16806B44203D804EB0803B34201D24C
:109D200001233B70204632464146FFF761FE3B78F7
:109D3000974C002B3DD1974804F070F8924804F0FE
:109D40006DF82F6927616F692A686B68A968E868F0
:109D50006761AF69ED6922606360A160E060A7613F
:109D6000E56104908C48CDE902108C498C48CDE91E
:109D700000318C4B8C4904F051F8834804F04EF8C4
:109D8000E3690493894B0393A3690293884B01937E
:109D9000636900932269874B8749814804F03EF844
:109DA000794804F03BF8854804F038F8764804F028
:109DB00035F8834B834A1B682362834B1B7884F8F6
:109DC0002430824B1B68A362814B1B7884F82C30B3
:109DD000804B1B682363804B1B88A3867F4B1B68CB
:109DE0001288E2637E4AA363128822649D0705D528
:109DF0007C4804F013F8644804F010F894F83B3001
:109E0000580640F1278194F82430002B3CD0D90724
:109E100005D5754804F002F85B4803F0FFFF94F89D
:109E200024309A0705D5714803F0F8FF564803F02F
:109E3000F5FF94F824301B0705D56D4803F0EEFFBD
:109E4000514803F0EBFF94F82430DF0605D569484C
:109E500003F0E4FF4C4803F0E1FF94F824309D0642
:109E600005D5654803F0DAFF474803F0D7FF94F8BB
:109E70002430180608D5990706D0A16A5F4803F078
:109E8000CDFF414803F0CAFF94F82C30002B46D098
:109E9000DA0705D55A4803F0C1FF3B4803F0BEFF7F
:109EA00094F82C309B0705D5564803F0B7FF364889
:109EB00003F0B4FF94F82C305F0705D5524803F047
:109EC000ADFF314803F0AAFF94F82C301D0705D5EB
:109ED0004E4803F0A3FF2C4803F0A0FF94F82C3069
:109EE000D80605D54A4803F099FF274803F096FFA6
:109EF00094F82C30990605D5464803F08FFF224888
:109F000003F08CFF94F82C301A0608D59F0706D56D
:109F1000216B414803F082FF1B4803F07FFFA38EB3
:109F2000002B00F0978094F83430DD0705D53B48CE
:109F300003F074FF144803F071FF94F8343098076D
:109F400005D5374803F06AFF0F4803F067FF94F820
:109F50003430590705D5334803F060FF0A4803F051
:109F60005DFF94F834301A0760D52F4803F056FF90
:109F7000054803F053FF59E0C0150020A10D010072
:109F8000BC1500200C160020A00D0100E60D0100FC
:109F9000C81500201A0E0100E1150100E5150100A9
:109FA000590E0100D9150100DD150100F115010060
:109FB000F5150100E9150100ED150100820E010003
:109FC00024ED00E030ED00E028ED00E034ED00E0AD
:109FD00029ED00E038ED00E02AED00E02CED00E096
:109FE0003CED00E0C10E0100ED0E01002F0F01005D
:109FF0006A0F0100A00F0100D40F01002010010022
:10A000005510010089100100BE100100F51001007B
:10A010001D1101004311010081110100A81101006F
:10A02000EE1101003A1201009912010094F8353046
:10A03000DB0705D5274803F0F1FE274803F0EEFEC5
:10A0400094F835309F0705D5244803F0E7FE2248F1
:10A0500003F0E4FE94F93B30002B34DAE36B002B81
:10A0600031D094F83C30DD0705D51D4803F0D6FE0D
:10A07000194803F0D3FE94F83C30980705D51948E9
:10A0800003F0CCFE144803F0C9FE94F83C305907A5
:10A0900005D5154803F0C2FE0F4803F0BFFE94F843
:10A0A0003C301A0705D5114803F0B8FE0A4803F002
:10A0B000B5FE94F83C30DB0605D50D4803F0AEFE46
:10A0C000054803F0ABFE304606B0BDE8F041FFF7AF
:10A0D0008FBD00BFE0120100A00D0100321301008E
:10A0E0009C130100CC130100FF1301002B1401008D
:10A0F0005A14010070466946FFF7C4FDFEE7FFFFF2
:10A1000073B50025044680F830500D2268460E468F
:10A1100002F0F8F9BDF800306363C3F3841203F46E
:10A12000F043B3F5006F84F838602574E574657406
:10A13000A574657522750CD004F11003A361064B5C
:10A14000E361064B2362064B6362064BA362064B38
:10A15000E362204602B070BD656C00005D6D0000DA
:10A16000ED6C0000F96C0000296D00000E21014823
:10A17000FFF7C6BF14160020042911D8DFE801F04C
:10A18000030C0A030E000022064B33F830100020A7
:10A19000FBF758BD1022F7E70422F5E78422F3E726
:10A1A000704700BFDC0B0100044B0A1C18BF0122E2
:10A1B00033F830100020FBF7DFBC00BFDC0B0100E0
:10A1C000EFF31080012383F31088064B196819B947
:10A1D000054AD1704021D1701A6801321A6080F3AB
:10A1E0001088704738040020000D04407047704705
:10A1F0001A4A38B50023938072B61949194A1A4C85
:10A200000A601859D0500433402BFAD1174D00235F
:10A2100002F140005C59C4500433802BFAD1144B36
:10A220009A60BFF34F8F62B60B68124ADA60124928
:10A23000124A1348FFF71AFCFFF7C2FFFAF740FA79
:10A24000FFF76AF900F04CF8FFF7D1FFFAF7F4F9DD
:10A25000FFF7CCFFFAF7FEF9FCE700BF000D004066
:10A2600050160020007F0020004000004040000009
:10A2700000ED00E0F5A0000006160100F915010050
:10A28000091601000148FEF7C5BF00BF44050020C4
:10A2900008B5FFF7ADFF00207047FFFF0A460146F3
:10A2A0000148FBF7CFBC00BFB01B0020024A136877
:10A2B00001331360704700BF8C1600200121FDF7A9
:10A2C00055BB704770B5054C2568064623685B1B77
:10A2D000B34202D2FFF7F5FFF8E770BD8C160020FD
:10A2E00030B5164B164C196A164B87B001220393F2
:10A2F0000323CDE901230025134B04951B68C1F30B
:10A3000002608340C1F30221CB4020464FF4FA5152
:10A31000B3FBF1F3294600932B46FDF7C3FC2A4615
:10A3200008212046FDF70AFE2046FDF771FD204674
:10A3300007B0BDE83040FDF792BD00BF00E001402E
:10A3400054160020ADA20000C80400201C4A92F957
:10A350001E30002B30B50DDB5909012003F01F031F
:10A3600000FA03F32031174840F82130BFF34F8F34
:10A37000BFF36F8F144B15491D680B889CB20B7A85
:10A380009B0604D51369B4EB530F88BF013592F9CE
:10A390001E10002908DB0123480901F01F0103FA00
:10A3A00001F1084B43F820101269531E1B1B4FF498
:10A3B0007A704343B3FBF2F300FB053030BD00BFBE
:10A3C0005416002000E100E08C16002000400840F8
:10A3D0000148FDF75BBC00BF541600200148FDF7A3
:10A3E00091BD00BF5416002070B500F11005044661
:10A3F000284600F0C6FD3F2815D9E178002000F07E
:10A4000019FF80B1284600F0BCFD3F28E17807D94C
:10A4100004F50A7240230020BDE8704000F026BF1A
:10A42000002000F015FF002070BDFFFF10B50446AE
:10A4300000F098FE08B9002010BD00F09BFE002837
:10A44000F9D1044B4FF42A7202FB0434207900F056
:10A450000100F1E79016002008B5044A4FF42A7372
:10A4600003FB0020103000F075FD08BD90160020A1
:10A4700070B54FF42A730A4C58434FF6FE764FF6E8
:10A48000FF732518B24288BF1A46103092B220449A
:10A4900000F098FD04462846FFF7A6FF204670BD51
:10A4A00090160020034A4FF42A7303FB002010305B
:10A4B00000F09BBD901600202DE9F041054600F00C
:10A4C00051FE10B90020BDE8F08100F053FE0746B0
:10A4D0000028F7D14FF42A746C43174D04F11C0681
:10A4E0002E44304600F036FD0028EBD005EB040882
:10A4F000384698F8021000F09DFE0028E2D004F5DE
:10A500001A74254429464022304600F05BFD98F835
:10A510000210044658B103462A46384600F0A6FE0B
:10A5200038B9064B1B68DB07CCD500BECBE700F083
:10A530008FFE2046C7E700BF90160020F0ED00E038
:10A540000E4B70B54FF42A7404FB003405464FF6E9
:10A55000FF734FF6FE70824288BF1A461C3492B2D7
:10A56000204600F046FD0646204600F0F3FC3F285A
:10A5700002D92846FFF7A0FF304670BD9016002094
:10A5800008B5044A4FF42A7303FB00201C3000F086
:10A59000F8FC08BD9016002013B5134C4FF42A7236
:10A5A0000021204602F02EFFFF2363714FF4E133B8
:10A5B000A36008220023A381A273009304F1280161
:10A5C00001234FF4807204F1100000F0ACFC012371
:10A5D00000934FF4807204F5947104F11C0000F0B4
:10A5E000A2FC02B010BD00BF9016002010B50A4CAE
:10A5F00000210522204602F005FF04F110001C3462
:10A6000000F0FDFC204600F0FAFC20460121BDE8E8
:10A61000104000F0F9BC00BF90160020F7B54B7950
:10A62000022B074603D00024204603B0F0BD8B79EF
:10A63000022BF8D11F4EB3787BBB8B7833700D782B
:10A6400009240D4403E02B781C44A4B21D446B780C
:10A65000242B1BD19442F6D96B78042B12D16B7941
:10A660000A2B0FD1144B2E78019301330093022350
:10A670001A46A919384600F0A9FD70B10E3416FA31
:10A6800084F4A4B20B48FFF7AFFECDE7052BE3D16E
:10A690002946384600F076FD28B9084B1B68DB07D1
:10A6A000C1D500BEBFE7AB7873702B781C44A4B251
:10A6B0001D44D1E79016002092160020F0ED00E036
:10A6C00038B50B461146127802F06002202A47D1B5
:10A6D000244A8C881578A54242D14C78203C032C22
:10A6E0003ED8DFE804F002141731012B05D107230F
:10A6F0001D4A01F051F9012038BD032BFBD11B4B42
:10A70000002BF8D01849002001F050FEF3E7012B90
:10A71000F1D1ECE7012B02D101F026F9EBE7032B95
:10A72000E9D14C881471E14301F00101104800F0B7
:10A730006BFC104B002BDED0C4F3400204F001018F
:10A74000002001F01FFED6E7012BE5D0032BD2D16C
:10A75000094B002BCFD049880020AFF30080CAE717
:10A760000020C9E79016002098160020ADC3000015
:10A77000AC16002085C30000000000002DE9F04762
:10A780001C46374BDA788A4280460F461D4607D072
:10A790009B788B4259D1AB78BB4234D001245BE02B
:10A7A00003F50A7103F11000A2B200F022FC2D4B58
:10A7B0002BB92D4BFBB92A48FFF716FEEBE795F9AD
:10A7C00005300133F5D005F2272606EB0409A6F281
:10A7D000172A4E45EDD095F9052016F8013F9A420B
:10A7E000F7D1504600F0C6FB0028F2D195F90510CC
:10A7F000AFF30080EDE71D4800F0BCFB0028DAD184
:10A80000AFF30080D7E71A4B13B10020AFF30080FD
:10A810000020FFF751FE0028C0D1164800F09AFB37
:10A820000028BBD1002CB9D014F03F06B6D1A978CE
:10A83000404600F0FFFC04460028AFD033463246C5
:10A84000A978404600F012FD06E00B4B1C6814F09E
:10A85000010401D000BE00242046BDE8F08700BFFF
:10A86000901600200000000000000000A01600204C
:10A8700000000000AC160020F0ED00E08C2200216A
:10A88000014802F0BFBD00BF381900200020FFF7CB
:10A89000F5BFFFFF2DE9F7430E4607467379032BFB
:10A8A000114604D00024204603B0BDE8F08332797D
:10A8B000C2EBC2041234A4B28C4205D9234B1B68EC
:10A8C000DA07EFD500BEEDE7214D95F801E0A84687
:10A8D000BEF1000FF2D196F800C006EB0C0191F822
:10A8E0000190B9F1210FE9D1C5F8881016F80CC014
:10A8F00005F1010E0235CDF804E00095614400F049
:10A9000065FC0028DAD0B37998F80210012B04BF57
:10A91000F37988F80330012388F80430B37888F895
:10A920000030D8F88830B3F80730A8F8063000298E
:10A93000B9D04023074A384600F098FC0028B2D12D
:10A94000024B1B68DB07AED500BEACE7F0ED00E0C4
:10A95000381900208019002013782DE9F34115469D
:10A9600003F01F02012A06460C4601D000246DE0C8
:10A97000DFF8C081AA8898F80010D2B29142474609
:10A98000F4D113F060031FD0202BEFD16B78013B83
:10A990000A2BEBD801A252F823F000BF0FAA000047
:10A9A000D7AA0000E3AA00006DA900006DA900006D
:10A9B0006DA900006DA900006DA9000069AA000042
:10A9C000B3AA0000EFAA0000012C01D001243DE051
:10A9D0006A78062ACAD16A88120A212A0AD1D8F8C6
:10A9E0008820002AC2D01378294602B0BDE8F04181
:10A9F00000F0D2BF222AB9D1184601F021FDB8F8E3
:10AA0000063002462946304600F0C6FF1EE0012C03
:10AA1000DCD1EB886988402B4FEA1122184628BF09
:10AA2000402011F0FF0115D0012B13D90138384B0C
:10AA3000397280B20090002001F060FD0444A4B29D
:10AA40005CB9344B1B68DB0790D500BE204602B0D2
:10AA5000BDE8F0810024304BECE723462E4A29461E
:10AA6000304600F099FFB1E7012C05D1EB88402B6F
:10AA70003FF67CAF294AC5E7032CA7D1EB8869884C
:10AA8000402B4FEA1122184628BF402011F0FF0149
:10AA90000DD0012B0BD997F848308B4207D10138E4
:10AAA0001F4B80B20090002001F02AFD8EE71B4B67
:10AAB000F8E7012C8AD169881A4B090A79712BB100
:10AAC0000020AFF3008000283FF450AF2946304605
:10AAD00000F04AFF7AE7012C7FF478AF2346124A50
:10AAE00090E7012C7FF472AF2346104A8AE7012CCD
:10AAF000ECD0032C7FF46AAF69880D4BC9B2397171
:10AB0000002B3FF463AF0020AFF300805EE700BF8F
:10AB100041190020F0ED00E04019002080190020CC
:10AB200081190020000000003D1900203C19002080
:10AB3000000000003819002037B51A4CA2788A426C
:10AB40000546607813D088420AD1174A12B901200D
:10AB500003B030BD9AB215490020AFF30080F6E78C
:10AB6000134B1B68DB0700D500BE0020F0E79042C6
:10AB7000EBD000229BB211461046009304F148032B
:10AB800001F0BEFC402304F14802A178284600F001
:10AB90006DFB0028DBD1064B1B68DA07E5D500BE4C
:10ABA000D6E700BF3819002000000000401900203F
:10ABB000F0ED00E00A4492B291424FEA400001D821
:10ABC000824201DB121A92B21046704738B50D4628
:10ABD000D41A8188A4B29A423CBF04EB4104A4B2C7
:10ABE000BCB1A14205D2914294BF531A8B189BB2BB
:10ABF000438199420AD9C2880168C2F30E0202FB5E
:10AC00000311284602F0DAFB012038BD5B1A9BB223
:10AC1000EFE72046F9E7F7B50446900803460D46EE
:10AC20004FF6FF76013B9BB2B3420ED112F0030206
:10AC300001EB800107D002A8002340F8043D02F098
:10AC4000BDFB019B236003B0F0BD55F8047B27607A
:10AC5000E8E72DE9F3470F46BDF8281084885E1A0F
:10AC6000B6B28B423CBF06EB4406B6B280466EB32A
:10AC7000B44206D29C4294BF191BE11889B24181AB
:10AC80002646964228BF16468C4223D9B8F806308D
:10AC9000D8F80050C3F30E03641A9AB2A4B202FBB0
:10ACA00001559DF82C10A6EB040914FB03FA19FBBF
:10ACB00003F901291FFA8AFA1FFA89F918D0A64266
:10ACC0000BD872432946384602F078FB304602B072
:10ACD000BDE8F087091B89B2D6E7524629463846B7
:10ACE00002F06CFB4A46D8F8001007EB0A00EBE7CD
:10ACF000A64207D816FB03F292B229463846FFF760
:10AD00008AFFE3E72AF00304A4B222462946384624
:10AD1000FFF781FF1AF0030A28D0CAF104039BB29F
:10AD20004B4505EB040102AC28BF4B460020A9EBC4
:10AD3000030944F8040D1FFA89F90A5C0255421C04
:10AD400092450CD1D8F8001020440B44994208D108
:10AD5000019B3B60B9F1000FB8D04A46CEE71046E0
:10AD6000EBE711F8012B00F8012FEFE7D8F80010FE
:10AD7000F0E7F7B59408234605464FF6FF76013B0A
:10AD80009BB2B3420CD112F0030200EB840005D059
:10AD90000B6802A941F8043D02F010FB03B0F0BDBE
:10ADA0000F6845F8047BEAE72DE9F74F1446C279AE
:10ADB0000589B0F804800F4641899B46D3090646B1
:10ADC000ADB289B215D18D4236BFC1EB4801691AC7
:10ADD000491989B2414536BFA8EB0101002189B26A
:10ADE0008C4228BF0C46002C50D1204603B0BDE851
:10ADF000F08F44450CD3BBF1000F06D1C288A4EB01
:10AE00000804C2F30E0202FB04770D464446EAE74B
:10AE10008D424FEA480036BF421A6A1A521992B25E
:10AE200022448242DFDBA8EB040292B24046FFF7E5
:10AE3000C1FE0546D7E7ACEB080C1FFA8CFCC445F5
:10AE4000F9D2A8EB0C01F088336889B2C0F30E0088
:10AE5000A4EB010982B211FB00FA19FB00F9BBF166
:10AE6000010F1FFA8AFA1FFA89F902FB0C3819D070
:10AE70008C420DD862433946404602F09FFA224682
:10AE80002946B088FFF796FE3081AEE7AC46D6E79C
:10AE900052463946404602F091FA4A4607EB0A010B
:10AEA0003068EAE78C4207D814FB00F292B23946C8
:10AEB0004046FFF75EFFE2E72AF0030B1FFA8BFB29
:10AEC0005A4639464046FFF754FF1AF0030A28D085
:10AED000CAF1040080B2484502AB28BF48463A6830
:10AEE00043F8042DA9EB0009D8441FFA89F9002181
:10AEF000CA5C08F8012001318A45F9D19A443368C7
:10AF00000AEB00015A1E514506D11844B9F1000F51
:10AF1000B5D04A463946CCE71AF801CB02F801CF42
:10AF2000F1E73068F2E7B2F5004F11D88280C288AD
:10AF3000016063F30E029DF80030C280C2F3072265
:10AF400063F3C71200234381C2710381012070475C
:10AF5000002070470389428981889BB292B2934254
:10AF600036BFC2EB41029B1A9B1898B2884228BF99
:10AF700008467047028943899BB29B1A5842584140
:10AF800070478288038940899BB280B2834236BF72
:10AF9000C0EB4200181AC01880B2824286BF101A55
:10AFA00080B20020704710B5028943890446FFF73C
:10AFB0000DFE6189034682B2A088FFF7FBFD608128
:10AFC000184610BD73B5038945890026CDE90056A2
:10AFD0000446FFF73EFE618903460246A088FFF75C
:10AFE000E9FD6081184602B070BD02894389FFF710
:10AFF000EDBD12B10023FFF7D7BE10467047002306
:10B000004381038101207047C37961F3C713C37182
:10B010000120704708B5034640890A4601469888D2
:10B02000FFF7C8FD588108BD70B50589438984883C
:10B03000ADB29BB29D4236BFC3EB4402EA1A52192D
:10B0400092B2944206D2AC4294BF2B1B63199BB2BE
:10B05000438122462AB9C1E900228A6070BD2D1BB6
:10B06000ADB2AC42FBD99C420AD90068AB4200EBBE
:10B0700003064E6007D200230A804B808B60EDE709
:10B080001B1B9BB2EFE7E31A9BB2D21A0B804A80DC
:10B090008860E3E70A4B1B78834206D9094B1B689B
:10B0A00000EB400003EBC00070475A1C8242A1BF76
:10B0B000C01A054B182202FB0030B8BF00207047B1
:10B0C000C8190020C41900208416010070B5134D62
:10B0D000064600242B78E0B20133834210DA3B228B
:10B0E00000210F4802F08EF91022FF210D4802F0D6
:10B0F00089F91422FF210C48BDE8704002F082B9A2
:10B10000FFF7C8FF013428B9084B1B68DB0700D5DF
:10B1100000BE70BD436830469847DBE7C819002081
:10B12000C9190020CC190020DC190020F0ED00E046
:10B1300070B50C4605461646086800F06DFC23689D
:10B14000324628460121BDE870401847044B1B7861
:10B1500010B1184600F060BE184600F073BE00BF84
:10B1600004000020024B5878003018BF01207047BF
:10B17000C9190020024B1878C0F38000704700BF47
:10B18000C919002038B58B7803F07F03092B0C46D2
:10B1900006D90B4B1B68DB0700D500BE002038BD6D
:10B1A000084B1D78084B2046997800F0FFFF0028D7
:10B1B000EFD021462846BDE8384000F05FBE00BF12
:10B1C000F0ED00E004000020C91900202DE9F0474F
:10B1D000DDE9085680460C4691469A460027B94557
:10B1E00001DC01200CE06378052B04D1E17801F04B
:10B1F0000301514508D00E4B1B68DA0702D400202A
:10B20000BDE8F08700BEFAE721464046FFF7BAFFE7
:10B2100028B9074B1B68DB07F1D500BEF0E7A17822
:10B22000CB0914BF31702970237801371C44D6E74D
:10B23000F0ED00E0CB0901F07F00273303EB400382
:10B2400002480021184400F089BF00BFC91900203E
:10B25000CB0901F07F00273303EB400302480021B4
:10B26000184400F092BF00BFC919002038B5154C32
:10B2700001F07F0504EB450404EBD1142034E079A0
:10B28000C00707D5104B1B68DA0701D4002038BD72
:10B2900000BEFBE7E5790D4845F001050078E57152
:10B2A00000F0D2FE0028F2D1E37960F30003E371ED
:10B2B000E37960F38203E371034B1B68DB07E5D599
:10B2C00000BEE4E7C9190020F0ED00E00400002012
:10B2D00010B50C4C01F07F0204EB420404EBD114D6
:10B2E0002034E3799B070BD4074B187800F0D0FE8D
:10B2F000E37943F00203E371E37943F00103E3717F
:10B3000010BD00BFC91900200400002010B50C4C6E
:10B3100001F07F0204EB420404EBD1142034E37902
:10B320009B070BD5074B187800F0DEFEE3796FF32F
:10B330004103E371E3796FF30003E37110BD00BFD4
:10B34000C9190020040000202DE9F04FBA4B1B78EA
:10B35000FF2B89B000F09982B84B1D682C46002065
:10B3600054F8043B9847204605A9FFF71CFE2B68BC
:10B37000044601209847002C00F087829DF8153084
:10B38000013B072B00F2AE82DFE813F00800130048
:10B39000AC028A0299021F005802A5029DF814000F
:10B3A000FFF794FE00F030FBA54B9DF818209A7033
:10B3B000D2E79DF81400FFF789FE00F025FBA14BB2
:10B3C000002BC9D0AFF30080C6E79D4C9DF8145008
:10B3D000237843F00103237094F827306FF30003C0
:10B3E00084F8273094F827306FF3820384F82730ED
:10B3F00094F828306FF3000384F8283094F828304C
:10B400006FF3820384F82830002000F005FB9DF8DC
:10B41000187007F06008B8F1600F0FD18A4B1B68F5
:10B42000DC0700D500BE9DF81400002100F030FEBE
:10B4300080219DF8140000F02BFE8DE7B8F1400F3D
:10B440000DD182480028EED000F0E6FA06AA0121CC
:10B450002846AFF3008000287FF47EAFE3E707F0D3
:10B460001F07012F00F0938119D3022FD6D19DF829
:10B470001C1001F07F06092ED0D804EB460606EB1F
:10B48000D116F07CFFF706FE8146B8F1000F00F000
:10B49000AA810028C7D006AA00F10C010FE0B8F17C
:10B4A000200F10D19DF81C300F2BBCD81C44E07825
:10B4B000FFF7F0FD0028B6D006AA00F10C012846DF
:10B4C000FFF736FEC7E7B8F1000FA7D19DF8193096
:10B4D000092BA3D801A252F823F000BF77B70000D0
:10B4E00065B700001DB4000051B700001DB4000096
:10B4F00005B5000091B600001DB400001FB50000A6
:10B5000033B5000006A800F08DFA9DF81A10284601
:10B5100000F0B2FC237843F0020323701CE708AA72
:10B52000637802F80E3D012306A9284600F034FA9C
:10B5300012E79DF81A906378994531D063783BB152
:10B54000284600F067FDA6782846FFF7BFFDA670E5
:10B55000B9F1000F00F0968009F1FF30C0B200F0A1
:10B560007DFF10B14378022B06D0374B1B68DF07F5
:10B570007FF554AF00BE51E7C2792378511161F3D2
:10B580000413921162F3451323704388C31800F12A
:10B5900009060293029BB34209D82D4B002B6ED1B2
:10B5A00084F8019006A9284600F0DEF9D4E6737805
:10B5B0000B2B03BF337896F80380F6184FF0010881
:10B5C0007378042BD1D1029B9B1B9BB20393002366
:10B5D0000193204B9DF804701B780133BB4225DB9F
:10B5E0003846FFF757FD83460028BED08368039A8C
:10B5F000314628469847082882463DD9039B834216
:10B600003AD3B8F1010F06D1DBF80820124B9A4269
:10B6100008BF4FF002080022D3B2434520D3314681
:10B620003B4652460D4800F0F1FD5644094B1B784D
:10B6300001339F42AEDD98E704000020041A002089
:10B64000C919002000000000F0ED00E0000000003B
:10B6500000000000C81900201DA60000DC19002011
:10B66000B1780B44A34951FA83F30132D978FF2909
:10B670007FF47BAFDF70CFE7019B0133A8E7AFF327
:10B6800000808DE79C4B002B8AD0AFF3008087E7CA
:10B69000BDF81A00030A5A1EC0B20E2A3FF6C3AE06
:10B6A00001A151F822F000BFE5B600000FB700007D
:10B6B0002FB7000027B4000027B4000043B70000F4
:10B6C0000FB7000027B4000027B4000027B4000023
:10B6D00027B4000027B4000027B4000027B40000FE
:10B6E000EFB6000000F0A4FE122302460AE0834BEE
:10B6F000002B3FF498AEAFF30080024600283FF4E1
:10B700008DAE438806A9284600F046F9A3E6022B31
:10B7100006D100F0A3FE00283FF480AE4388E4E7A2
:10B72000774B002B3FF47FAEAFF30080F3E7BDF81B
:10B730001C1000F099FE024600283FF474AE037816
:10B74000E0E7704B002B3FF46EAEAFF30080F2E702
:10B75000BDF81A30012B7FF466AE237843F008035E
:10B7600023701FE7BDF81A30012B7FF45CAE2378FD
:10B770006FF3C303F4E72378C3F340129B0803F08D
:10B780000203134308AA22F80E3D0223CCE69DF8DB
:10B790001C300F2B3FF647AE1C44E078FFF77AFCD5
:10B7A00000283FF440AE00F10C0106AA2846FFF73E
:10B7B000BFFC00287FF4D0AD9DF8183013F0600472
:10B7C0007FF431AE9DF819300A3B012B3FF62BAECA
:10B7D00000F022F99DF819300A2B7FF4E3AE08AA95
:10B7E00002F80E4D9FE69DF81930012B03D01DD3B2
:10B7F000032B7FF413AEBDF81A2022B9012B284683
:10B8000019D1FFF783FDB9F1000F3FF4A5AD06AAEA
:10B8100009F10C012846FFF78BFC002000F0FCF832
:10B8200094F82830DE073FF597ADBBE696F8273051
:10B83000C3F34003A6E7FFF74BFDE4E79DF81810BC
:10B840002C4B01F07F0403EB440303EBD11393F87B
:10B8500027006FF3000083F8270093F827006FF3A9
:10B86000820083F827003CB9079B9DF819209DF8BA
:10B87000140000F0E3F86FE5D87CFFF70BFC38B953
:10B88000214B1B68D80700D500BE09B0BDE8F08F7A
:10B890000469079B9DF819209DF81400A0475BE5FB
:10B8A000144B1A78D1077FF557AD184A002A3FF498
:10B8B00053AD1878C0F3C000AFF300804CE50D4BDA
:10B8C0001B78DA077FF548AD114B002B3FF444ADF0
:10B8D000AFF3008040E5069B002B3FF43DAD079899
:10B8E000984739E5084B1B68DB077FF535AD00BE8F
:10B8F00032E500BFC9190020000000000000000070
:10B900000000000000000000F0ED00E0000000007A
:10B9100000000000124B9989DA8970B58C1AA4B224
:10B92000054693F90000402C28BF4024002809DA7E
:10B93000914212D099680B48224601F03FFD8021C8
:10B94000084A04E091424FF00001F9D10022234659
:10B950002846BDE87040FFF789BC8021F6E700BFAC
:10B96000081A00201C1A002030B40A4C05460A466A
:10B9700008684968234603C30023C4E9023392F9E7
:10B9800000209A4228461A46ACBF8021194630BC96
:10B99000FFF76CBC081A0020F8B5194D0C46074695
:10B9A00008684968AA602E4603C60021E981E1883B
:10B9B0008B4228BF0B46AB8179B143B13AB9114BE9
:10B9C0001B68DA0701D40020F8BD00BEFBE738464B
:10B9D000FFF7A0FF68B10120F6E794F90030002BD3
:10B9E0000A460B463846ACBF80210021FFF73EFCDB
:10B9F000F0E7044B1B68DB07E5D500BEE4E700BFBA
:10BA0000081A0020F0ED00E014220021014801F0A6
:10BA1000F9BC00BF081A0020014B1861704700BF35
:10BA2000081A00200146044A00684968134603C307
:10BA30000023C2E902337047081A002070B52F4C6A
:10BA40001E462378C909B1EBD31F054616D03EB177
:10BA50002B4B1B68DA0701D4002070BD00BEFBE74A
:10BA6000284B13B12146AFF3008023690BB90120A5
:10BA7000F3E7224A032128469847F8E794F9003073
:10BA8000002B06DBA0680028E6D032461E4901F0F4
:10BA900095FCA368E28933443244A360E38892B200
:10BAA0009342E28101D03F2E24D823699BB994F9B7
:10BAB0000030002B4FF000031A46ACBF802119461E
:10BAC0002846FFF7D3FB0028D1D10D4B1B68DB07BD
:10BAD000C2D500BEC1E70221084A28469847014660
:10BAE0000028E4D1284600F0D3FA8021284600F04F
:10BAF000CFFABCE72846FFF70DFFE4E7081A00205D
:10BB0000F0ED00E0000000001C1A002030B50346F4
:10BB10008518EC1A012C09D854086FF0010303FBB7
:10BB2000042212B110F814300B7030BD33F8024B00
:10BB30000C80EEE7F0B585B00F4601A91546064624
:10BB4000FFF772FABDF804400298AC4228BF2C46B9
:10BB50002D1B22463946ADB2FFF7D8FF55B1BDF8CF
:10BB6000063003989D4228BF1D462A46FFF7CEFFA8
:10BB70002C44A4B221463046FFF74CFA05B0F0BD84
:10BB80002DE9F843174BDC8881461F4634B91C70F9
:10BB90005C709C70DC700120BDE8F883B0F85E80BA
:10BBA00008F07F084445254628BF45464DB11E682C
:10BBB0005B7ADB0700F114012A4630460DD5FFF70A
:10BBC000B9FF454538BF4FF40043A4EB050438BF27
:10BBD000A9F82230FC800020DEE72E44FFF796FF14
:10BBE0003E60EEE75C1A002070B50446BDF81050C8
:10BBF000FAB14FF484602084208C8606FCD5174867
:10BC0000467A858061F300064672C580EDB1036017
:10BC1000BAB1B4F86030DB0B03D0B4F854301B0673
:10BC20000CD40F4B186810F0010001D000BE0020AA
:10BC300070BD0284208C8006FCD4E0E72046FFF72C
:10BC40009FFF0120A4F86000F2E70523057045700E
:10BC50008570C570A4F860300120E9E75C1A002007
:10BC6000F0ED00E02DE9F84F314E0C2303FB0163AA
:10BC70000546B3F806800C46B8F1000F17D131B174
:10BC800001F1370235F812305904FBD404E0294B96
:10BC90001B68D80700D500BE0C235C433219002373
:10BCA0003355012053709370D370BDE8F88F8BB279
:10BCB00043F480620285A0F86430B0F86CA01FFAEB
:10BCC0008AFA2B8D03F00F039C42FAD16B8D9A04F4
:10BCD000FCD5D045474628BF574687B14FF00C0BDF
:10BCE0000BFB04FB06EB0B0305F1180153F8089B53
:10BCF0005B78DB073A46484613D5FFF71BFF5745ED
:10BD00003CBF4FF400436B8500232B85288D10F03A
:10BD10000F00FBD10C2303FB0464A8EB0707E780AB
:10BD2000C3E7B944FFF7F2FE46F80B90E7E700BF20
:10BD30005C1A0020F0ED00E02DE9F843DFF8D4C0F4
:10BD4000BDF82050D7098E4602F07F020CEB071198
:10BD50000A44044692F8781041B92D4B186810F047
:10BD6000010001D000BE0846BDE8F8830C224A431A
:10BD70000CEB02064CF8023096F80990B5806EF391
:10BD8000000986F80990F580BFB11DB1FFF76AFF81
:10BD90000120E9E78BB20385238D03F00F0399425D
:10BDA000FAD1638D9E04FCD54FF4004363850023D4
:10BDB0002385238D1D07FCD1EAE74B1E042BE7D812
:10BDC00001F1230610EB8603E2D08AB200EB4101B9
:10BDD000A0F86420B0F86C20B1F86E00800718BF9E
:10BDE000A1F86E7014F82600002004F8260092B224
:10BDF0005878154401205870013D95FBF2F55D809F
:10BE00005A7842F002025A70A1F86E00ACE700BF07
:10BE1000F0ED00E05C1A0020084B03EBC000426824
:10BE200053B2002B08DB012102F01F0201FA02F2DB
:10BE30005B09034941F82320704700BF0800002038
:10BE400000E100E00A4B03EBC000426853B2002B54
:10BE50000DDB01215B0902F01F0201FA02F220331F
:10BE6000044941F82320BFF34F8FBFF36F8F704712
:10BE70000800002000E100E07047FFFF2DE9F84FC7
:10BE8000CE78B1F804A006F00306012E8046CAF36E
:10BE90000A0A04D1BAF5807F06D9002060E0022E9C
:10BEA00004D067D8012E70D13F4B0CE03E4B93F885
:10BEB0002C20002A56D093F83820002A54D093F82A
:10BEC0004420002A52D01A7D002A51D093F8203005
:10BED000002B5AD102248978344B334A53F83870F6
:10BEE0004FEAD1194FEA09150C2303FB042301F093
:10BEF0007F0B2A445A441972404682F87840FFF773
:10BF0000A1FFA3B207EB4402A7F864304FF44073DB
:10BF1000A7F86CA0022EA2F86E304FF00003A2F832
:10BF20006E3045EA0B0337D143F485439BB2A7F843
:10BF30006830012303FA04F4A4B284F4FF71594079
:10BF4000A7F84610F98E0C43FC86B9F1000F01D119
:10BF5000022E01D0A2F86E304046FFF75DFF0120AF
:10BF6000BDE8F88F0324B6E70424B4E70524B2E75C
:10BF70000124B0E70C4B06240C2202FB0430007AAB
:10BF80000028A8D001340A2CF7D1094B186810F00A
:10BF90000100E5D000BE80E7032E0CBF43F4004350
:10BFA00043F44243C2E700BF5C1A002008000020AF
:10BFB000F0ED00E0154B70B553F83050144BE88E9F
:10BFC00001F07F06C90909015A183244012492F888
:10BFD0007820944020EA0400E8869AB102F1370400
:10BFE00005EB44040020208094B2A5F864400C24A2
:10BFF00004FB02320B443344A5F8680083F8780050
:10C00000107270BD05F16004ECE700BF080000206D
:10C010005C1A0020F8B50546FFF714FF094E0A2404
:10C020000C27013C04D12846BDE8F840FFF7F4BED8
:10C0300007FB0463197A0029F3D02846FFF7BAFFFB
:10C04000EFE700BF5C1A00202DE9F34198460F4B43
:10C050000C46174653F830600546FFF7F3FE14F020
:10C060007F01CDF800803B4622460AD13046FFF7DB
:10C07000BBFD04462846FFF7CFFE204602B0BDE8D0
:10C08000F08100213046FFF757FEF2E7080000205C
:10C0900038B5134B11F07F02054653F830401BD0E2
:10C0A000CB09104901EB0311114491F878309BB191
:10C0B000373304EB43048CB12846FFF7C3FE2388D3
:10C0C00003F0030343F00203238002232380284666
:10C0D000BDE83840FFF7A0BE6034ECE738BD00BFD4
:10C0E000080000205C1A00201A4B2DE9F04111F0E5
:10C0F0007F0807460E4653F8305016D0164ACB0933
:10C1000002EB0313434493F8784074B1373405EBE2
:10C110004404ECB13846FFF795FE4FF4807323805A
:10C12000F30905D0012323800DE005F16004F0E759
:10C13000094B434493F87830A5F86430B5F868307B
:10C140009B0B012BEED13846BDE8F041FFF764BEF2
:10C15000BDE8F081080000205C1A0020037813F08D
:10C16000010310D10278C2F3800262B9037813F0A0
:10C17000010308D10278530705D4037843F0040380
:10C18000037001207047002070470378C3F38003D9
:10C190004BB1027812F0010105D1027861F38202FD
:10C1A00002701846704700207047FFFF8388C078F0
:10C1B00000F003000228C3F30A0312D01BD80128A1
:10C1C0000DD1022940F2FF3208BF4FF480629A423B
:10C1D0000DD20D4B186810F0010008D000BE0020F1
:10C1E0007047022904D1B3F5007FF2D101207047D6
:10C1F000402BEED8FAE702290CBF4FF480624022B0
:10C200009A42E6D3F2E700BFF0ED00E030B50A4411
:10C21000914200D330BD4C78052C06D18C7804F0C7
:10C220007F0500EB4505E4092B550C782144EFE729
:10C230000368DB691847037C0BB90123037470475B
:10C24000704713B502AB026803F8011D5468194624
:10C250000122A04702B010BD007C10B10020FEF703
:10C26000FBB87047007C10B10020FEF789B9704719
:10C27000037C13B10020FEF71FB9704707B5007C9F
:10C2800038B10DF107010020FEF70CF920B19DF83F
:10C29000070003B05DF804FB4FF0FF30F9E710B57D
:10C2A00004460020FEF7C2F800B9607C10BD037C94
:10C2B00007B513B94FF0FF3012E0FFF7F0FF002889
:10C2C000F8D00020FEF7C8F80028F3D001220DF1C5
:10C2D00007010020FEF7CCF80028EBD09DF80700FE
:10C2E00003B05DF804FB037C2DE9F0418846174656
:10C2F00023B3FFF7D4FF08B30020FEF727FF3D4626
:10C300000024FDB10020FEF73BF930B90120FEF713
:10C310001DFF0020FEF7D0F8F3E7A842024608EB25
:10C32000040128BF2A460020FEF70AF9064601202C
:10C33000FEF70CFF1EB13444AD1BEAE70024204693
:10C34000BDE8F0813C46FAE738B5037C04460BB9FA
:10C35000002038BD4FF0FF300021FEF7F5FF2046EA
:10C36000FFF79DFF0028F3D0054D2C78002CF0D06E
:10C370000A20FDF7A7FF00232B702046E9E700BF46
:10C3800010000020064B1970064B1A70064B1B68F4
:10C39000B3F5966F02D109B9FDF700BB704700BF36
:10C3A0000C1B00200D1B0020081B00200A4A0B68F4
:10C3B00013600A4A48791060094A08791060094AEE
:10C3C00089791160B3F5966F04D1074B1B780BB9CF
:10C3D000FDF7E4BA704700BF081B0020181B0020BF
:10C3E000141B0020101B00200C1B0020054B0022FA
:10C3F0004FF47A71C3E90121034919601A745A7420
:10C40000704700BFF41A0020BC16010010B501F1FE
:10C41000080400F00F02D3B2092ACCBF37333033FF
:10C4200004F8013DA1424FEA1010F2D110BDFFFF08
:10C43000024800230371437183717047110000208B
:10C4400007B505480023019310B101A8AFF30080A0
:10C4500003B05DF804FB00BF00000000014B18684A
:10C46000704700BF1C1B002070B5204C94F90030B1
:10C470000546B3B91E4B1B6803F1140658692146E3
:10C48000FFF7C4FF04F108017068FFF7BFFF04F174
:10C490001001B068FFF7BAFF04F11801F068FFF768
:10C4A000B5FF5DB9134B40F209425A8001230133B5
:10C4B00010485B0043F44073038070BD052D12D813
:10C4C0000D4B0C4C53F825100122013911F9010FC5
:10C4D000531EDBB20028EAD024F812000132212AD0
:10C4E000F4D12023E3E70020E7E700BF621B002030
:10C4F0009CB17F40201B0020E816010000207047FF
:10C500007047FFFFF8B500260F4604461546068023
:10C5100046808680F8F7D1F8874216D8304901EB7B
:10C52000C70133464868F2B230F812101DB901F065
:10C530003E020A2A04E0012D09D101F03E02082A38
:10C540000BD00A0406F10106EDD52046F8BD022DF8
:10C5500008D101F03E02042AF1D15A1C24F813102C
:10C56000D3B2EEE7032D04D101F03E02062AE0D15A
:10C57000F3E7042D02D101F03A02E0E7052D02D1E4
:10C5800001F03A02D5E7062D03D101F03E02102A50
:10C59000D6E7072D05D101F03E02122ADDD0182A78
:10C5A000CEE7082D03D101F03E02022AC8E70A2D8A
:10C5B00003D101F03E02142AC2E70B2D03D101F092
:10C5C0003E021C2ABCE70C2D03D101F03E021A2AC0
:10C5D000B6E70D2DB5D101F03E021E2AB0E700BF2F
:10C5E000DC0B010000F020B80368DB0706D44378B9
:10C5F00003B1FFDE012343701846704700207047E7
:10C6000001230360704710B5002814BF04460124BD
:10C61000204600F0B1FE30B900F008F808B900F08B
:10C6200099FE8047F4E710BD00F0AEBE024B1868DB
:10C63000BFF35B8F704700BFA41B002081F0004157
:10C6400002E000BF83F0004330B54FEA41044FEAF7
:10C65000430594EA050F08BF90EA020F1FBF54EA92
:10C66000000C55EA020C7FEA645C7FEA655C00F02E
:10C67000E2804FEA5454D4EB5555B8BF6D420CDDFF
:10C680002C4480EA020281EA030382EA000083EA82
:10C69000010180EA020281EA0303362D88BF30BD22
:10C6A00011F0004F4FEA01314FF4801C4CEA113178
:10C6B00002D0404261EB410113F0004F4FEA0333D7
:10C6C0004CEA133302D0524263EB430394EA050F62
:10C6D00000F0A780A4F10104D5F1200E0DDB02FAD1
:10C6E0000EFC22FA05F2801841F1000103FA0EF265
:10C6F000801843FA05F359410EE0A5F120050EF12B
:10C70000200E012A03FA0EFC28BF4CF0020C43FA5B
:10C7100005F3C01851EBE37101F0004507D54FF068
:10C72000000EDCF1000C7EEB00006EEB0101B1F5B8
:10C73000801F1BD3B1F5001F0CD349085FEA3000FE
:10C740004FEA3C0C04F101044FEA445212F5800F09
:10C7500080F09A80BCF1004F08BF5FEA500C50F1A6
:10C76000000041EB045141EA050130BD5FEA4C0C89
:10C77000404141EB010111F4801FA4F10104E9D112
:10C7800091F0000F04BF01460020B1FA81F308BF09
:10C790002033A3F10B03B3F120020CDA0C3208DDD5
:10C7A00002F1140CC2F10C0201FA0CF021FA02F1B0
:10C7B0000CE002F11402D8BFC2F1200C01FA02F120
:10C7C00020FA0CFCDCBF41EA0C019040E41AA2BF45
:10C7D00001EB0451294330BD6FEA04041F3C1CDA0D
:10C7E0000C340EDC04F11404C4F1200220FA04F02D
:10C7F00001FA02F340EA030021FA04F345EA0301D7
:10C8000030BDC4F10C04C4F1200220FA02F001FA98
:10C8100004F340EA0300294630BD21FA04F029461A
:10C8200030BD94F0000F83F4801306BF81F48011B3
:10C830000134013D4EE77FEA645C18BF7FEA655C26
:10C8400029D094EA050F08BF90EA020F05D054EAF8
:10C85000000C04BF1946104630BD91EA030F1EBFFD
:10C860000021002030BD5FEA545C05D14000494101
:10C8700028BF41F0004130BD14F580043CBF01F5F4
:10C88000801130BD01F0004545F0FE4141F47001DA
:10C890004FF0000030BD7FEA645C1ABF19461046B5
:10C8A0007FEA655C1CBF0B46024650EA013406BFB6
:10C8B00052EA033591EA030F41F4002130BD00BF75
:10C8C00090F0000F04BF0021704730B54FF4806432
:10C8D00004F132044FF000054FF0000150E700BFB3
:10C8E00090F0000F04BF0021704730B54FF4806412
:10C8F00004F1320410F0004548BF40424FF00001FF
:10C900003EE700BF42004FEAE2014FEA31014FEA41
:10C9100002701FBF12F07F4393F07F4F81F0605190
:10C92000704732F07F4208BF704793F07F4F04BFDB
:10C9300041F40021704730B54FF4607401F00045B8
:10C9400021F000411CE700BF50EA010208BF704718
:10C9500030B54FF000050AE050EA010208BF704709
:10C9600030B511F0004502D5404261EB41014FF472
:10C97000806404F132045FEA915C3FF4D8AE4FF07A
:10C9800003025FEADC0C18BF03325FEADC0C18BF5D
:10C99000033202EBDC02C2F1200300FA03FC20FAAE
:10C9A00002F001FA03FE40EA0E0021FA02F11444FB
:10C9B000BDE600BF70B54FF0FF0C4CF4E06C1CEA14
:10C9C00011541DBF1CEA135594EA0C0F95EA0C0F85
:10C9D00000F0DEF82C4481EA030621EA4C5123EAF8
:10C9E0004C5350EA013518BF52EA033541F4801127
:10C9F00043F4801338D0A0FB02CE4FF00005E1FBDA
:10CA000002E506F00042E0FB03E54FF00006E1FB23
:10CA100003569CF0000F18BF4EF0010EA4F1FF0466
:10CA2000B6F5007F64F5407404D25FEA4E0E6D41A6
:10CA300046EB060642EAC62141EA55514FEAC520B7
:10CA400040EA5E504FEACE2EB4F1FD0C88BFBCF533
:10CA5000E06F1ED8BEF1004F08BF5FEA500E50F1E4
:10CA6000000041EB045170BD06F0004646EA0101AA
:10CA700040EA020081EA0301B4EB5C04C2BFD4EBDC
:10CA80000C0541EA045170BD41F480114FF0000ED5
:10CA9000013C00F3AB8014F1360FDEBF002001F043
:10CAA000004170BDC4F10004203C35DA0C341BDCBD
:10CAB00004F11404C4F1200500FA05F320FA04F08F
:10CAC00001FA05F240EA020001F0004221F00041C3
:10CAD00010EBD37021FA04F642EB06015EEA430E36
:10CAE00008BF20EAD37070BDC4F10C04C4F1200566
:10CAF00000FA04F320FA05F001FA04F240EA020019
:10CB000001F0004110EBD37041F100015EEA430EE9
:10CB100008BF20EAD37070BDC4F1200500FA05F209
:10CB20004EEA020E20FA04F301FA05F243EA020388
:10CB300021FA04F001F0004121FA04F220EA020097
:10CB400000EBD3705EEA430E08BF20EAD37070BDDD
:10CB500094F0000F0FD101F00046400041EB0101BD
:10CB600011F4801F08BF013CF7D041EA060195F09F
:10CB7000000F18BF704703F00046520043EB030359
:10CB800013F4801F08BF013DF7D043EA0603704746
:10CB900094EA0C0F0CEA135518BF95EA0C0F0CD051
:10CBA00050EA410618BF52EA4306D1D181EA030197
:10CBB00001F000414FF0000070BD50EA410606BF91
:10CBC0001046194652EA430619D094EA0C0F02D1D6
:10CBD00050EA013613D195EA0C0F05D152EA03361B
:10CBE0001CBF104619460AD181EA030101F0004139
:10CBF00041F0FE4141F470014FF0000070BD41F082
:10CC0000FE4141F4780170BD70B54FF0FF0C4CF45B
:10CC1000E06C1CEA11541DBF1CEA135594EA0C0F7A
:10CC200095EA0C0F00F0A7F8A4EB050481EA030EC7
:10CC300052EA03354FEA013100F088804FEA0333AE
:10CC40004FF0805545EA131343EA12634FEA02227C
:10CC500045EA111545EA10654FEA00260EF000413D
:10CC60009D4208BF964244F1FD0404F5407402D28F
:10CC70005B084FEA3202B61A65EB03055B084FEA20
:10CC800032024FF480104FF4002CB6EB020E75EB1D
:10CC9000030E22BFB61A754640EA0C005B084FEA45
:10CCA0003202B6EB020E75EB030E22BFB61A7546C2
:10CCB00040EA5C005B084FEA3202B6EB020E75EB0D
:10CCC000030E22BFB61A754640EA9C005B084FEA85
:10CCD0003202B6EB020E75EB030E22BFB61A754692
:10CCE00040EADC0055EA060E18D04FEA051545EA81
:10CCF00016754FEA06164FEAC30343EA52734FEA2A
:10CD0000C2025FEA1C1CC0D111F4801F0BD141EAA2
:10CD100000014FF000004FF0004CB6E711F4801F07
:10CD200004BF01430020B4F1FD0C88BFBCF5E06FE7
:10CD30003FF6AFAEB5EB030C04BFB6EB020C5FEAF7
:10CD4000500C50F1000041EB045170BD0EF0004E4C
:10CD50004EEA113114EB5C04C2BFD4EB0C0541EA7E
:10CD6000045170BD41F480114FF0000E013C90E67B
:10CD700045EA060E8DE60CEA135594EA0C0F08BF3F
:10CD800095EA0C0F3FF43BAF94EA0C0F0AD150EA3E
:10CD900001347FF434AF95EA0C0F7FF425AF1046D1
:10CDA00019462CE795EA0C0F06D152EA03353FF4F9
:10CDB000FDAE1046194622E750EA410618BF52EA76
:10CDC00043067FF4C5AE50EA41047FF40DAF52EA4A
:10CDD00043057FF4EBAE12E74FF0FF3C06E000BFE7
:10CDE0004FF0010C02E000BF4FF0010C4DF804CDF4
:10CDF0004FEA410C7FEA6C5C4FEA430C18BF7FEAB4
:10CE00006C5C1BD001B050EA410C0CBF52EA430CE1
:10CE100091EA030F02BF90EA020F0020704710F161
:10CE2000000F91EA030F58BF994208BF90422CBFF0
:10CE3000D8176FEAE37040F0010070474FEA410CE9
:10CE40007FEA6C5C02D150EA013C07D14FEA430C07
:10CE50007FEA6C5CD6D152EA033CD3D05DF8040B78
:10CE6000704700BF8446104662468C4619466346AA
:10CE700000E000BF01B5FFF7B7FF002848BF10F181
:10CE8000000F01BD4DF808EDFFF7F4FF0CBF0120C6
:10CE900000205DF808FB00BF4DF808EDFFF7EAFF42
:10CEA00034BF012000205DF808FB00BF4DF808EDFD
:10CEB000FFF7E0FF94BF012000205DF808FB00BFF2
:10CEC0004DF808EDFFF7CEFF94BF012000205DF87C
:10CED00008FB00BF4DF808EDFFF7C4FF34BF012089
:10CEE00000205DF808FB00BF4FEA410C7FEA6C5C54
:10CEF00002D150EA013C0AD14FEA430C7FEA6C5C54
:10CF000002D152EA033C02D14FF0000070474FF0CB
:10CF1000010070474FEA4102B2F1E04324BFB3F58C
:10CF2000001CDCF1FE5C0DD901F0004C4FEAC002A0
:10CF30004CEA5070B2F1004F40EB830008BF20F084
:10CF40000100704711F0804F21D113F13872BCBF3E
:10CF500001F00040704741F480114FEA5252C2F193
:10CF60001802C2F1200C10FA0CF320FA02F018BFDC
:10CF700040F001004FEAC1234FEAD32303FA0CFC2F
:10CF800040EA0C0023FA02F34FEA4303CCE77FEABE
:10CF9000625307D150EA01331EBF4FF0FE4040F408
:10CFA0004000704701F0004040F0FE4040F40000B7
:10CFB000704700BF7BB972B90029BEBF00204FF097
:10CFC000004106E008BF00281CBF6FF000414FF091
:10CFD000FF3000F0BDB9ADF1080C6DE904CE0029B9
:10CFE00009DB002B1ADB00F04DF8DDF804E0DDE989
:10CFF000022304B07047404261EB4101002B1BDB70
:10D0000000F040F8DDF804E0DDE9022304B040421E
:10D0100061EB4101524263EB43037047524263EBC1
:10D02000430300F02FF8DDF804E0DDE9022304B04B
:10D03000404261EB41017047524263EB430300F011
:10D0400021F8DDF804E0DDE9022304B0524263EB8D
:10D050004303704753B94AB9002908BF00281CBFD1
:10D060004FF0FF314FF0FF3000F072B9ADF1080C16
:10D070006DE904CE00F006F8DDF804E0DDE90223F6
:10D0800004B070472DE9F047089E04468846002BFF
:10D090004BD18A42154667D9B2FA82F24AB1C2F13F
:10D0A000200701FA02F320FA07F7954047EA030840
:10D0B00094404FEA154E230CB8FBFEF71FFA85FC8F
:10D0C0000EFB178843EA084307FB0CF1994209D984
:10D0D000EB1807F1FF3080F01B81994240F2188174
:10D0E000023F2B445B1AA4B2B3FBFEF00EFB1033DD
:10D0F00044EA034400FB0CFCA44509D92C1900F1B7
:10D10000FF3380F00781A44540F2048102382C44AB
:10D1100040EA0740A4EB0C0400271EB1D4400023D2
:10D12000C6E900433946BDE8F0878B4209D9002E95
:10D1300000F0EB800027C6E9000138463946BDE81B
:10D14000F087B3FA83F7002F47D18B4202D3824294
:10D1500000F2FA80841A61EB030301209846002E46
:10D16000E0D0C6E90048DDE702B9FFDEB2FA82F29C
:10D17000002A40F08F80491B4FEA154E1FFA85F8B0
:10D180000127B1FBFEFC230C0EFB1C1143EA0143FB
:10D1900008FB0CF1994207D9EB180CF1FF3002D2D1
:10D1A000994200F2CD808446591AA3B2B1FBFEF039
:10D1B0000EFB101443EA044408FB00F8A04507D90D
:10D1C0002C1900F1FF3302D2A04500F2B6801846B8
:10D1D000A4EB080440EA0C409FE7C7F1200CBB40D9
:10D1E00022FA0CFE4EEA030E01FA07F420FA0CF5BF
:10D1F00021FA0CF34FEA1E482543B3FBF8F92C0C37
:10D2000008FB19331FFA8EFA44EA034309FB0AF4B8
:10D210009C4202FA07F200FA07F10BD91EEB030356
:10D2200009F1FF3080F087809C4240F28480A9F1B0
:10D23000020973441B1BADB2B3FBF8F008FB1033BB
:10D2400045EA034400FB0AFAA24508D91EEB040490
:10D2500000F1FF336BD2A24569D90238744440EA29
:10D260000940A0FB0289A4EB0A044C45C2464B4688
:10D2700054D351D0002E69D0B1EB0A0564EB0304FE
:10D2800004FA0CFCFD40FC404CEA0505C6E90054DC
:10D29000002747E7C2F1200320FA03F7954001FA7F
:10D2A00002F021FA03F34FEA154E3843010CB3FBA9
:10D2B000FEF71FFA85F80EFB173341EA034107FB1F
:10D2C00008F38B4204FA02F407D9691807F1FF3C0E
:10D2D0002FD28B422DD9023F2944CB1A81B2B3FB06
:10D2E000FEF00EFB103341EA034100FB08F38B42D2
:10D2F00007D9691800F1FF3C17D28B4215D90238C3
:10D300002944C91A40EA07473BE73746304609E750
:10D310000746E7E61846FBE64145ABD2B8EB020A02
:10D3200069EB0E0201381346A4E76046E9E71846A8
:10D3300095E76746D1E781467CE702382C4447E70A
:10D34000ACF1020C2B442FE7384608E73746E9E6F4
:10D35000704700BF08B5062000F0B0FD012003F0C3
:10D3600007F8FFFF014B1868704700BF240000203A
:10D37000D0F8EC007047FFFF024B0146186800F040
:10D3800097B800BF24000020024B0146186800F047
:10D3900041B800BF2400002082B001B901A942B108
:10D3A0004BB113780B601278101C18BF012002B02B
:10D3B00070471046FBE76FF00100F8E710B5431E19
:10D3C0000A44914200D110BD11F8014B03F8014FFE
:10D3D000F7E7884210B501EB020307D8421E9942D5
:10D3E0000AD011F8014B02F8014FF8E78342F5D952
:10D3F0008118D21AD34200D110BD13F8014D01F8A3
:10D40000014DF7E702440346934200D1704703F809
:10D41000011BF9E738B50546002945D051F8043C11
:10D420000C1F002BB8BFE41801F01AFF1F4A136845
:10D43000104633B9636014602846BDE8384001F0F7
:10D4400010BFA3420CD921686218934204BF1A6826
:10D450005B68636004BF521822600460ECE7134607
:10D460005A680AB1A242FAD919685818A0420BD1D9
:10D4700020680144581882421960DDD11068526852
:10D480005A6001441960D7E702D90C232B60D3E717
:10D49000206821188A4204BF11685268626004BF84
:10D4A000091821605C60C7E738BD00BFA81B0020D9
:10D4B00070B5CD1C25F0030508350C2D38BF0C25A3
:10D4C000002D064601DBA94203D90C23336000205E
:10D4D00070BD01F0C5FE214A1468214691B9204C67
:10D4E00023681BB9304600F0B1FC20602946304665
:10D4F00000F0ACFC431C24D10C233360304601F017
:10D50000B0FEE4E70B685B1B18D40B2B0FD90B6044
:10D51000CD50CC18304601F0A4FE04F10B00231DC1
:10D5200020F00700C31AD3D05A42E250D0E78C4211
:10D530004B6816BF636013600C46EBE70C46496806
:10D54000CCE7C41C24F00304A04205D0211A3046C5
:10D5500000F07CFC0130CFD02560DBE7A81B002069
:10D56000AC1B00202DE9FF4755EC104B0D9FDDF85B
:10D5700030A0002D0E4691461946B8BF22462B46D4
:10D5800027F02007BBBF05F100431D4600232D23D4
:10D59000B8BF1446462F0B7004D0452F00D101367A
:10D5A000022100E0032103AB019302AB009332465A
:10D5B000534645EC104B00F06FFF472F804602D1D9
:10D5C00019F0010F26D0462F08EB060911D198F863
:10D5D0000030302B0AD10022002320462946FFF7D5
:10D5E00051FC18B9C6F10106CAF80060DAF800303B
:10D5F00099440022002320462946FFF743FC38B90E
:10D600003022039B4B4505D2591C03911A70F8E751
:10D61000CDF80C90039B0E9AA3EB080340461360D1
:10D6200004B0BDE8F087F7B500290446BABF494207
:10D630002D232B23092904F8022B437020DD0DF143
:10D6400007031F460A2691FBF6F506FB151130313C
:10D65000092D03F8011C03F1FF32294609DC3031A2
:10D66000023B02F8011CBB42224604D3101A03B04D
:10D67000F0BD1346E7E713F8012B04F8012BF2E79E
:10D68000302319448370021DC170EFE72DE9F04F7C
:10D690008DB00C46DDF8588016461F46054601F051
:10D6A0007DFD03680493184600F08FFC00230A9365
:10D6B000D8F800300590073323F0070303F1080280
:10D6C00094F818A0D4F800B0C8F80020D3E90023DB
:10D6D000C4E91223D4E9128929F000430793CDF855
:10D6E00018804FF0FF32A74BDDE90601FFF7FCFB86
:10D6F00070BB4FF0FF32A34BDDE90601FFF7D6FB0D
:10D7000030BB0022002340464946FFF7C5FB10B15D
:10D710002D2384F843309C4A9C4BBAF1470F8CBFB1
:10D720009046984603232BF00402236122604FF0B9
:10D730000009009733460BAA2146284600F0E6F977
:10D74000013040F08D804FF0FF300DB0BDE8F08F1C
:10D7500042464B4640464946FFF7C6FB10B18C4A4D
:10D760008C4BDAE761684B1C4BF480620AA83ED10F
:10D77000062363600023CDE9020309AB009349EC63
:10D78000108B0DF123032260CDF804A061682846B8
:10D79000FFF7E8FE0AF0DF03472B804609D1099B1B
:10D7A000D81C02DB6268934247DDAAF1020A5FFAE5
:10D7B0008AFABAF1650F099924D80139524604F161
:10D7C00050000991FFF72FFF0A9A1318012A81468A
:10D7D000236102DC2268D10701D5013323619DF862
:10D7E0002330002BA5D02D2384F84330A1E7BAF1D4
:10D7F000670F00F07781BAF1470FBBD10029B9D18B
:10D800000123B6E7BAF1660F19D1002963680CDD70
:10D81000216113B92268D20702D501330B44236179
:10D82000099BA3654FF00009D9E713B92268D00717
:10D8300001D50233F3E70123F1E74FF0670ADDE991
:10D840000932934205DB22682361D107E8D5013311
:10D85000E5E7002BD4BFC3F1020301231344DEE745
:10D8600023685A0507D42369424631462846B847FB
:10D8700001302BD167E7BAF1650F40F2DC8000225E
:10D880000023D4E91201FFF7FDFA002833D0012369
:10D89000414A31462846B84701303FF454AFDDE9EC
:10D8A00009239A4202DB2368D8070FD5DDE9042358
:10D8B00031462846B84701303FF445AF4FF00008E5
:10D8C00004F11A090A9B013B434509DC23689B07C5
:10D8D00000F10381E0680B9B9842B8BF184634E71B
:10D8E00001234A4631462846B84701303FF42BAF62
:10D8F00008F10108E6E7099B002B2BDC0123264AEF
:10D9000031462846B84701303FF41DAF099B23B983
:10D910000A9B13B92368D907D8D5DDE9042331461A
:10D920002846B84701303FF40EAF4FF0000904F12C
:10D930001A0A099B5B424B4501DC0A9B94E70123D1
:10D94000524631462846B84701303FF4FCAE09F153
:10D950000109EEE70A9AA36D9A42A8BF1A46002A67
:10D96000914607DD1346314642462846B847013006
:10D970003FF4E9AE04F11A034FF0000B29EAE9790C
:10D98000069315E0FFFFEF7F5A17010056170100BD
:10D99000621701005E170100661701000123069A55
:10D9A00031462846B84701303FF4CDAE0BF1010BAC
:10D9B000D4F858A0AAEB09035B45EFDCDDE90923A5
:10D9C0009A42D04415DB2368DA0712D40A9B0999DE
:10D9D000A3EB0A02A3EB010A9245A8BF9246BAF153
:10D9E000000F0EDC4FF000082AEAEA7A04F11A0967
:10D9F00019E0DDE9042331462846B8470130E5D176
:10DA0000A1E65346424631462846B8470130E9D19F
:10DA100099E601234A4631462846B84701303FF48B
:10DA200092AE08F10108DDE909239B1AA3EB0A0372
:10DA30004345EEDC4AE70A9A012A01DCDB073AD5C6
:10DA40000123424631462846B84701303FF47BAEB9
:10DA5000DDE9042331462846B847013008F10108C2
:10DA60003FF471AE0A9B002203F1FF3AD4E91201A0
:10DA70000023FFF707FAC8B9534642463146284605
:10DA8000B84701300ED15EE60123524631462846A2
:10DA9000B84701303FF457AE08F101080A9B013B3B
:10DAA0004345F1DC4B4604F15002DEE64FF000083E
:10DAB00004F11A0AF2E70123DFE701234A4631465F
:10DAC0002846B84701303FF43EAE08F10108E3684C
:10DAD0000B9A9B1A4345F0DCFCE64FF0000804F17A
:10DAE0001909F4E700293FF48BAE0023CDE90203C6
:10DAF00009AB009349EC108B2260CDF804A00DF126
:10DB000023032846FFF72EFD804648E62DE9F0471F
:10DB100091461F468A680B69DDF820809342B8BFA2
:10DB20001346C9F8003091F8432006460C4612B15E
:10DB30000133C9F800302368990642BFD9F8003094
:10DB40000233C9F80030256815F0060507D104F145
:10DB5000190AE368D9F800209B1AAB4228DC94F834
:10DB600043302268003318BF012392062DD404F1FC
:10DB7000430239463046C047013020D02368E5686B
:10DB8000D9F8002003F00603042B08BFAD1AA368E0
:10DB900022690CBF25EAE57500259342C4BF9B1A94
:10DBA000ED184FF000091A344D451AD1002008E055
:10DBB0000123524639463046C047013003D14FF069
:10DBC000FF30BDE8F0870135C3E7E1185A1C30206B
:10DBD00081F84300224494F8451082F84310023340
:10DBE000C5E70123224639463046C0470130E6D01A
:10DBF00009F10109D8E7FFFF2DE9F04301F1430CDA
:10DC00000C46097E85B06E291746064698460C9A42
:10DC100000F0B38022D8632936D00AD8002900F05A
:10DC2000B980582900F0838004F1420584F842103D
:10DC300032E0642901D06929F6D12068136805060D
:10DC400003F104012AD51B681160002B03DA2D2291
:10DC50005B4284F843206F480A2239E0732900F0C0
:10DC60009D8008D86F2920D07029DDD1236843F02A
:10DC70002003236003E0752917D07829D4D17823B5
:10DC800084F84530644855E01368191D1B6811601D
:10DC900004F1420584F8423001238CE01B681160D6
:10DCA00010F0400F18BF1BB2CFE713682568181D8E
:10DCB0001060280601D51B6802E06806FBD51B88AA
:10DCC00054486F2914BF0A220822002184F8431007
:10DCD0006568A560002DC0F29580216821F00401DF
:10DCE0002160002B3DD1002D40F08E806546082A32
:10DCF0000BD12368DB0708D5236962689A42DEBF2F
:10DD0000302305F8013C05F1FF35ACEB0503236139
:10DD1000CDF800803B4603AA21463046FFF7F6FEC9
:10DD200001304DD14FF0FF3005B0BDE8F0833948E8
:10DD300084F84510136821681D1D1B6815600A06CC
:10DD40000BD5CA0744BF41F0200121601BB92268EE
:10DD500022F0200222601022B7E74D0648BF9BB296
:10DD6000EFE76546B3FBF2F102FB1133C35C05F844
:10DD7000013D0B460029F5D1B9E7136825686169B3
:10DD8000181D106028061B6801D5196002E06A069C
:10DD9000FBD51980002323616546B9E71368191D77
:10DDA00011601D6862680021284601F009FA08B177
:10DDB000401B606063682361002384F84330A7E759
:10DDC00023692A4639463046C0470130AAD0236825
:10DDD0009B0713D4E068039B9842B8BF1846A3E79B
:10DDE00001234A4639463046C04701309AD00135B2
:10DDF000E368039A9B1AAB42F2DCEBE7002504F1DF
:10DE00001909F5E7002BACD1037884F8423004F10E
:10DE100042056CE768170100791701000FB40A4B3F
:10DE200013B51C6824B1A36913B9204601F02CF97D
:10DE300005AB049AA1680193204601F09DFE02B053
:10DE4000BDE8104004B070472400002038B5064CEF
:10DE50000023054608462360F9F742FE431C02D121
:10DE6000236803B12B6038BDF01B00201F2938B593
:10DE700004460D4604D9162303604FF0FF3038BD29
:10DE8000426C12B152F821304BB9204600F030F804
:10DE90002A4601462046BDE8384000F017B8012B5D
:10DEA0000AD0591C03D1162303600120E7E70024A0
:10DEB00042F82540284698470020E0E7024B0146FB
:10DEC0001868FFF7D3BF00BF2400002038B5074C07
:10DED0000023054608461146236002F031FA431C30
:10DEE00002D1236803B12B6038BD00BFF01B0020B6
:10DEF00002F016BA0CB430B5174B0C1E9DB01D685D
:10DF000008DA8B232B604FF0FF301DB0BDE83040A6
:10DF100002B070474FF40273ADF8143014BF04F12F
:10DF2000FF332346049307934FF6FF730290069046
:10DF3000ADF81630209A21AB02A92846019301F0D2
:10DF4000FBFC431CBCBF8B232B60002CDDD0029B51
:10DF500000221A70D9E700BF240000200EB400B5DB
:10DF60009CB01DAB029006906FF0004109480791EC
:10DF70000491094953F8042B05910068019302A903
:10DF800001F0DAFC029B00221A701CB05DF804EB71
:10DF900003B07047240000200802FFFFC9B2034607
:10DFA00010F8012B1AB18A42F9D11846704700299E
:10DFB00018BF0023F9E710F8012B11F8013B012AE3
:10DFC00028BF9A42F7D0D01A7047034613F8012BA6
:10DFD000002AFBD1181A0138704738B503460D46A0
:10DFE00069B9BDE83840FFF7D9BF431C044629464C
:10DFF0001846FFF7D3FF0028F7D1204638BD00248C
:10E00000F5E7FFFF134B2DE9F0411D68AC6D0646A7
:10E010000F46B4B95020FFF7AFF9A865C0E9004436
:10E02000C0E90244C0E90444C0E90A44C0E90C4420
:10E03000C0E90E44C0E91044C0E912448461047789
:10E040004462AA6D394630460123BDE8F04100F034
:10E0500003B800BF24000020F0B518B9106808B953
:10E06000F0BD204604460F4614F8015B17F8016B1B
:10E070001EB96DB915602846F2E7B542F6D1002BFE
:10E08000EFD114600370EBE72B460DE026B91C4678
:10E0900023460F4613F8015B17F8016BB542F5D123
:10E0A000002DF1D0002121701360D9E72DE9F04F48
:10E0B00089B08A46079093461F468846454612987F
:10E0C00015F8014BFFF754F92044467816F008067E
:10E0D00055D12D2C55D198F8014008F102050126A3
:10E0E000002F00F09180102F0AD1302C08D12B780E
:10E0F00003F0DF03582B40F081806C781027023545
:10E10000002E45D14FF0FF396FF000483A46FB171B
:10E1100048464146CDE90223FEF79CFFCDE90401C4
:10E12000964600210022CDE900120023A4F1300C14
:10E13000BCF1090F31D86446A7423FDD591C1BD002
:10E14000DDE90401DDE90023994208BF904232D3A2
:10E1500001D1A6452FDBDDE9011300984B4303995C
:10E1600000FB01330299A1FB00010219194441EBA4
:10E17000E473CDE90023012315F8014BD6E7A84647
:10E180009CE72B2C04BF08F1020598F80140A7E793
:10E190004FF000094FF00048B8E7A4F1410CBCF182
:10E1A000190F01D8373CC7E7A4F1610CBCF1190F76
:10E1B00004D8573CC0E74FF0FF33DDE75A1C0CD1C1
:10E1C000079A22231360CDE90098BBF1000F10D10C
:10E1D000DDE9000109B0BDE8F08F36B1DDE90012DC
:10E1E000494262EB4202CDE90012BBF1000FEFD0D1
:10E1F0000BB105F1FF3ACBF800A0E9E73024002F7E
:10E200007FF47EAF08277BE7302C3FF470AF0A27FE
:10E2100076E7FFFF084B37B51C68084D236A002BD3
:10E2200008BF2B46009313460A4601462046FFF7D7
:10E230003DFF03B030BD00BF240000208800002057
:10E240002DE9F0478046894692461E460F463D46D8
:10E25000089815F8014BFFF78BF82044437813F02A
:10E26000080330D12D2C30D17C78BD1C0121002E2B
:10E270005CD0102E09D1302C07D12B7803F0DF03AE
:10E28000582B4ED16C78102602354FF0FF32002308
:10E29000B2FBF6F206FB02FC6FEA0C0C1846A4F186
:10E2A0003007092F17D83C46A64223DD002B1EDB82
:10E2B00082421CD301D1A44519DB00FB0640012397
:10E2C00015F8014BEBE72F46C1E72B2C04BFBD1C13
:10E2D0007C781946CBE7A4F14107192F01D8373CC8
:10E2E000E2E7A4F16107192F04D8573CDCE74FF0AF
:10E2F000FF33E5E7002B09DA2223C8F800304FF09E
:10E30000FF30BAF1000F07D1BDE8F08701B14042FC
:10E31000BAF1000FF8D00BB105F1FF39CAF800903F
:10E32000F2E73024002EB0D10826AEE7302CA4D07E
:10E330000A26AAE7084B37B51C68084D236A002B4C
:10E3400008BF2B46009313460A4601462046FFF7B6
:10E3500077FF03B030BD00BF2400002088000020FC
:10E3600049B1FF2A85BF8A2303600A704FF0FF304E
:10E3700098BF01207047084670472DE9F74F0369A1
:10E380000C69A3428046C0F28280013C01F114076F
:10E390004FEA840C00F1140657F8245056F8240074
:10E3A00006EB0C03013507EB0C090193B0FBF5F507
:10E3B00095B34FF0000A3846B646D34650F8042BC2
:10E3C00093B205FB03A34FEA134A9BB2ABEB0303E3
:10E3D000120CDEF800B005FB02A213FA8BF34FEA31
:10E3E000124A1FFA82FBDEF80020CBEB124202EB4E
:10E3F00023429BB243EA024381454FEA224B4EF847
:10E40000043BDBD256F80C3033B9019B043B9E42EF
:10E410001A4630D3C8F81040404601F039F90028B8
:10E4200025DB013530464FF0000C57F8042BD0F8AF
:10E4300000E093B2ACEB0303120C13FA8EF3C2EBC1
:10E440001E4202EB23429BB243EA0243B9454FEA24
:10E45000224C40F8043BE8D256F8242006EB840313
:10E460002AB9043B9E421A460BD3C8F810402846EE
:10E4700003B0BDE8F08F1268043B002ACAD1013C0A
:10E48000C5E71268043B002AEFD1013CEAE700200F
:10E49000EEE7FFFFFFFFFFFF2DE9F04F57EC106B9A
:10E4A00097B0456A069104460B921293DDF880807E
:10E4B000CDE900673DB91020FEF75EFF6062C0E95C
:10E4C00001550560C560636A196851B15A684A60B0
:10E4D000012393408B60204600F0F8FE636A00221F
:10E4E0001A603B1EBBBF23F00043019300230122AF
:10E4F000ACBFC8F80030C8F80020AF4BDDF804808E
:10E5000033EA080314D1129A42F20F731360009B8E
:10E5100023B9C8F31300002800F04285219BDFF8DF
:10E52000ACB2002B00F044850BF1030300F03EBDBC
:10E53000DDE900670022002330463946FEF7A2FCE1
:10E54000814668B1129A01231360219B002B00F0D1
:10E5500024859A4B219A03F1FF3B136000F028BDFC
:10E5600014AA15A947EC106B204601F008F9C8F36E
:10E570000A550490002D7CD0C7F3130343F07F5B52
:10E58000B2464BF4401BA5F2FF35CDF84C9000226B
:10E590008B4B50465946FEF755F881A3D3E900232B
:10E5A000FEF708FA80A3D3E90023FEF74DF80646EC
:10E5B00028460F46FEF794F97DA3D3E90023FEF722
:10E5C000F9F902460B4630463946FEF73DF8064655
:10E5D0000F4601F06DFE0022824600233046394688
:10E5E000FEF75AFC48B15046FEF77AF932463B46F0
:10E5F000FEF748FC08B90AF1FF3ABAF1160F59D8EC
:10E60000704901EBCA01DDE90023D1E90001FEF701
:10E6100061FC002850D00AF1FF3A00230F93149BAD
:10E620005D1BB5F1010849BFC5F101030023059346
:10E630004FF0000858BF0593BAF1000F3EDB0023EE
:10E64000D044CDF838A00793069B092B00F29080A8
:10E65000052BC4BF043B0693069BA3F10203CCBF6A
:10E6600000250125032B00F28F80DFE803F07D7F7A
:10E670003171DDE914531D4405F23240202813DDC9
:10E68000C0F14000009B08FA00F805F2124023FA9E
:10E6900000F048EA0000FEF713F901238246A1F1D9
:10E6A000F87B013D139372E7009BC0F1200003FA51
:10E6B00000F0F0E70123B1E70F90B0E7059BA3EB73
:10E6C0000A030593CAF10003079300230E93BBE7E7
:10E6D00001230A930B9B002B59DD02939946666A2E
:10E6E00000227260042202F114009842716853D92A
:10E6F000204600F0B7FD636A3060B9F10E0FD3F821
:10E7000000B000F2E680002D00F0E3809DED007B7C
:10E71000BAF1000F8DED107B74DD2A4A0AF00F0369
:10E7200002EBC30393ED007B4FEA2A16F0068DED52
:10E73000087B65D5244BDDE91001D3E90823FEF7FA
:10E7400063FACDE9000106F00F0603251E4F4CE0E9
:10E7500001230A930B9B534403F1010902934B4697
:10E76000012BB8BF0123BAE70023B2E70023F0E78B
:10E770000125002306930A954FF0FF330293994633
:10E78000002212230B92AAE701230A93F4E7012344
:10E79000029399461A46F5E7013171605200A2E7EB
:10E7A00061436F63A787D23FB3C8608B288AC63F97
:10E7B000FB799F501344D33F0000F07F671701009F
:10E7C0000000F83F20190100F8180100941801001A
:10E7D000F10708D5DDE90801D7E90023FEF7EAF8DB
:10E7E000CDE90801013576100837002EF0D1DDE9BA
:10E7F0000823DDE90001FEF707FACDE900011AE080
:10E800000225A3E700F0A080CAF100069F4BA04FAD
:10E8100006F00F0203EBC203D3E90023DDE9100188
:10E82000FEF7C8F8CDE90001361100230225002EBD
:10E830007FD1002BE1D10F9B002B00F08780DDE919
:10E8400000670022934B30463946FEF725FB00282F
:10E850007CD0B9F1000F79D0029B002B35DD0AF195
:10E86000FF330893394600228B4B3046FEF7A2F85F
:10E87000CDE90001029F01352846FEF731F8DDE9B8
:10E880000023FEF797F80022844BFDF7DDFE0546D6
:10E89000A1F15076002F5DD10022814BDDE900010E
:10E8A000FDF7D0FE2A463346CDE90001FEF712FB04
:10E8B000002840F088822A4606F10043DDE9000185
:10E8C000FEF7EAFA002840F07C82DDE91023CDE96A
:10E8D0000023159B002BC0F25081BAF10E0F00F3FC
:10E8E0004C816A4B03EBCA0393ED007B0B9B002B1F
:10E8F0008DED027B80F2D880B9F1000F00F3D48057
:10E9000040F05E820022664B51EC170BFEF752F886
:10E91000DDE90023FEF7D4FA4F464E46002840F0CA
:10E92000348231230BF101058BF800300AF1010A22
:10E930002FE2F20705D5D7E90023FEF73BF80135B2
:10E9400001237610083772E7022574E7CDF820A07E
:10E950004F4691E74D4B03EBC70353E902010A9B76
:10E96000002B47D002460B4600204E49FEF74CF9DB
:10E970002A463346FDF766FECDE90C015D46DDE92A
:10E98000000101F095FC0646FDF7AAFF02460B4682
:10E99000DDE90001FDF756FE303605F8016BDDE9D3
:10E9A0000C23CDE90001FEF777FA002863D1DDE9F9
:10E9B000002300203749FDF745FEDDE90C23FEF773
:10E9C0006BFA002840F0B780A5EB0B039F427FF75E
:10E9D0007CAF0022304BDDE90C01FDF7EBFF00229C
:10E9E000CDE90C012C4BDDE90001FDF7E3FFCDE99A
:10E9F0000001C4E72A463346FDF7DCFFCDE90C01F0
:10EA00000BEB07055E46DDE9000101F051FC07460E
:10EA1000FDF766FF303702460B46DDE90001FDF7E2
:10EA200011FE06F8017BAE42CDE900014FF0000275
:10EA300026D11C4BDDE90C01FDF706FE02460B4614
:10EA4000DDE90001FEF746FA002874D1DDE90C2368
:10EA500000201449FDF7F6FD02460B46DDE90001F2
:10EA6000FEF71AFA00283FF430AF15F8013C302BBE
:10EA700005F1FF3202D0DDF820A04AE01546F4E7A8
:10EA8000054BFDF797FFCDE90001BCE72019010018
:10EA9000F81801000000F03F0000244000001C4076
:10EAA000000014400000E03FDDE900675D46DDE95D
:10EAB000022330463946FEF7A7F801F0F9FB8046FD
:10EAC000FDF70EFFDDE90223FDF774FF02460B465A
:10EAD0003046394608F13006FDF7B4FD05F8016B04
:10EAE000A5EB0B06B14502460B4639D1FDF7ACFD4F
:10EAF000DDE9022306460F46FEF7ECF9C8B9DDE969
:10EB0000022330463946FEF7BDF910B118F0010F67
:10EB10000FD10499204600F0D9FB0023129A2B70E4
:10EB20000AF101031360219B002B00F041821D605C
:10EB30003EE2CDF820A015F8012C392A05F1FF336B
:10EB400008D19B450AD1089B0133089330238BF8E9
:10EB500000305B461A7801321A708CE71D46EAE7EE
:10EB600000229B4BFDF726FF0022002306460F469E
:10EB7000FEF788F900289AD0CBE70A9A002A00F01D
:10EB80008B80069A012A6EDC139A002A67D003F262
:10EB90003343079F059D059A01211A44204605929B
:10EBA000984400F033FC0646002D0CDDB8F1000F50
:10EBB00009DD4545059A2B46A8BF4346D21A059262
:10EBC000ED1AA8EB0308079BEBB10A9B002B67D05B
:10EBD0008FB131463A46204600F0B8FC049A01460F
:10EBE0000646204600F01BFC04990890204600F0E1
:10EBF0006DFB089B0493079BDA1B04D00499204605
:10EC000000F0A4FC04900121204600F0FFFB0E9BC5
:10EC10000746002B00F0D0811A460146204600F03E
:10EC200095FC069B012B074640DC009B002B39D14D
:10EC3000019BC3F31303002B36D1019B23F0004348
:10EC40001B0D1B052BB1059B0133059308F1010832
:10EC5000012307930E9B002B2AD1012030E0149B47
:10EC6000C3F1360395E7079B09F1FF37BB42BFBFEE
:10EC7000079B0797FA1A0E9BBBBF9B180E93DF1BCF
:10EC80000027B9F1000FB5BF059B059DA3EB090552
:10EC90004B46B8BF00237EE7079F059D0A9E83E78A
:10ECA000079AABE70023D4E7009BD2E70023079342
:10ECB0003B6907EB8303186900F05AFBC0F12000A1
:10ECC000404410F01F0047D0C0F12003042B3BDD6F
:10ECD000059BC0F11C000344059305448044059B3B
:10ECE000002B05DD1A460499204600F07DFC0490B7
:10ECF000B8F1000F05DD39464246204600F074FCAD
:10ED000007460F9B53B33946049800F0C1FC002816
:10ED100024DA00230A220499204600F0EEFA0A9B26
:10ED200004900AF1FF3A002B00F04D810023314698
:10ED30000A22204600F0E1FA029B002B06464FDC37
:10ED4000069B022B4CDD11E0C9D0059A1C331A44F6
:10ED500005921D449844C2E70346F6E7B9F1000F57
:10ED600038DC069B022B35DDCDF80890029B63B999
:10ED700039460522204600F0C0FA014607460498AD
:10ED800000F086FC00283FF7CCAD0B9B5D466FEA98
:10ED9000030A4FF000093946204600F097FA002E8A
:10EDA0003FF4B7AEB9F1000F05D0B14503D04946E5
:10EDB000204600F08BFA3146204600F087FAA8E69C
:10EDC00000273E46E1E7DDF820A03E46A9E500BF6A
:10EDD000000024400A9BCDF80890002B00F0FA8038
:10EDE000002D05DD31462A46204600F0FDFB064693
:10EDF000079B002B4CD07168204600F033FA326933
:10EE000002320546920006F10C010C30FEF7D6FAEC
:10EE100001222946204600F0E7FB009BCDF814B004
:10EE200003F00103B1460793064639460498FFF7FD
:10EE3000A4FA4946054600F13008049800F028FC81
:10EE4000324600903946204600F03CFCC36802463A
:10EE500003BB01460890049800F01AFC089A034688
:10EE600011462046089300F031FA089BA3B9069A90
:10EE700092B9079A82B9B8F1390F29D0009B002BBB
:10EE800001DD05F13108059B5D1C83F8008082E7F8
:10EE90003046C2E70123E3E7009A002A04DB25D1CC
:10EEA000069A1ABB079A0ABB002BECDD01220499D3
:10EEB000204600F099FB3946049000F0E9FB002859
:10EEC00003DCE0D118F0010FDDD0B8F1390FD8D153
:10EED000059B059A5D1C3923137015F8013C392BED
:10EEE00005F1FF324FD00133137054E7059A002B20
:10EEF00002F1010506DDB8F1390FE9D008F101088A
:10EF0000059BC2E7029A05F8018CA5EB0B0393421F
:10EF100021D000230A220499204600F0EEF9B145E1
:10EF200004904FF000034FF00A024946204605D1F5
:10EF300000F0E3F981460646059576E700F0DDF935
:10EF40003146814600230A22204600F0D6F90646C3
:10EF5000F2E74FF0000901220499204600F044FB3B
:10EF60003946049000F094FB0028B6DC02D118F07A
:10EF7000010FB2D115F8013C302B05F1FF327FF4BF
:10EF80000AAF1546F6E7934505D131230AF1010A88
:10EF90008BF80030FFE615469FE7DFF864B007E026
:10EFA000219BDFF860B01BB10BF10803219A1360BD
:10EFB000584617B0BDE8F08F069B012B7FF735AEA2
:10EFC0000E9B079349E6029B002B03DC069B022B5A
:10EFD0003FF7CCAE5D4639460498FFF7CEF900F115
:10EFE000300805F8018B029AA5EB0B039A42B0DDBD
:10EFF00000230A220499204600F07FF90490EAE7F2
:10F00000661701008B180100002310B50446C0E903
:10F010000033836081814366C281C0E90433836128
:10F02000194608225C30FEF7EDF9054B6362054B8B
:10F03000A362054BE362054B2462236310BD00BF4E
:10F04000A1FD0000C3FD0000FBFD00001FFE00004D
:10F05000014900F085B800BFF900010070B54A1EF3
:10F06000682555430E4605F17401FEF721FA044662
:10F0700040B10021C0E900160C30A06005F1680223
:10F08000FEF7C0F9204670BD836910B5044633BB56
:10F09000C0E912330365124B124A1B688262984220
:10F0A00004BF0123836100F01FF86060204600F078
:10F0B0001BF8A060204600F017F80022E060042151
:10F0C0006068FFF7A1FF01220921A068FFF79CFFFC
:10F0D00002221221E068FFF797FF0123A36110BD10
:10F0E0004C17010051F00000F8B51B4B1E68B369C6
:10F0F000074613B93046FFF7C7FF4836D6E9013453
:10F10000013B03D5336833B13668F7E7B4F90C50E7
:10F110006DB16834F4E704213846FFF79FFF306093
:10F120000028F1D10C233B6004462046F8BD0B4B70
:10F130006566C4E90055A560C4E90335C4E9055511
:10F140000822294604F15C00FEF75CF9C4E90D557C
:10F15000C4E91255E9E700BF4C1701000100FFFFA9
:10F160002DE9F8438046894600F14804002614B989
:10F170003046BDE8F883D4E90175013F01D5246824
:10F18000F5E7AB89012B07D9B5F90E30013303D070
:10F1900029464046C84706436835EEE7044B1B68DE
:10F1A000186A044B002808BF1846F030704700BFAB
:10F1B0002400002088000020FFFFFFFFFFFFFFFF6B
:10F1C00001F0FF01102A2BDB10F0070F08D010F818
:10F1D000013B013A8B422DD010F0070F42B3F6D11C
:10F1E000F0B441EA012141EA014122F007047FF035
:10F1F00000070023F0E80256083C85EA010586EA8C
:10F20000010685FA47F5A3FA87F586FA47F6A5FAC7
:10F2100087F68EB9EED1F0BC01F0FF0102F00702D3
:10F2200032B110F8013B013A83EA010313B1F8D17E
:10F230000020704701387047002D06BF354603385F
:10F24000073815F0010F07D1013015F4807F02BF98
:10F25000013015F4C03F0130F0BC0138704700BFE9
:10F260007047704770B5456A04460E463DB9102098
:10F27000FEF782F86062C0E901550560C560656A05
:10F28000EB6883B1636ADB6853F82600B8B90121E3
:10F2900001FA06F56A1D9200204600F0BFFA60B13F
:10F2A000C0E901650EE021220421204600F0B6FAF3
:10F2B000636AE860DB68002BE4D1002070BD02685F
:10F2C00043F826200023C0E90333F7E770B5446A0A
:10F2D00006460D463CB91020FEF74EF87062C0E9B4
:10F2E00001440460C4603DB1736A6A68DB6853F826
:10F2F0002210296043F8225070BD2DE9F0410D69BC
:10F300001F4606460C4601F1140C0023DCF80000F1
:10F3100081B202FB01710F0C000C02FB007089B27C
:10F32000013301EB00419D424FEA10474CF8041BAA
:10F33000ECDCD7B1A368AB4212DC61683046013126
:10F34000FFF790FF2269023204F10C01804692001F
:10F350000C30FEF733F821463046FFF7B7FF44463E
:10F3600004EB850301355F6125612046BDE8F0812E
:10F37000020C12040346B2B90304102013F07F4FAD
:10F3800004BF1B02083013F0704F04BF1B01043090
:10F3900013F0404F04BF9B000230002B06DB5B00E4
:10F3A00003D5013070470020E8E72020704703684C
:10F3B00013F0070201460BD0DA0723D4980749BFA0
:10F3C0005B089B0801200B605CBF0B60022070474C
:10F3D00098B2A8B91B0C102013F0FF0F04BF1B0A32
:10F3E00008301A0704BF1B0904309A0704BF9B08A2
:10F3F0000230DA0702D45B0806D001300B60704798
:10F400001046E9E7002070472020704710B50C46F1
:10F410000121FFF727FF01224461026110BD2DE9A0
:10F42000F74F14460A6923699A42B8BF0B468846CB
:10F43000BCBFA0461C46D8F81070D4F81090D8F87D
:10F440000830D8F8041007EB0906B342B8BF013101
:10F45000FFF708FF00F1140505EB860E2B4600228E
:10F46000734516D304F1140208F1140102EB890369
:10F4700001EB87070093009B019293420CD8002E6A
:10F4800003DD5EF8043D002B5DD0066103B0BDE8EE
:10F49000F08F43F8042BE3E7B2F800B0BBF1000FA4
:10F4A00023D08946AC464FF0000859F8044BDCF8ED
:10F4B00000A0A3B21FFA8AFA0BFB03A34FEA144A77
:10F4C000DCF8004043444FEA14480BFB0A8404EB89
:10F4D0001344E2469BB243EA04434F454FEA1448C3
:10F4E0004AF8043B2BD8CCF80480019BB3F802A067
:10F4F0000432BAF1000F20D02B688946A8464FF09D
:10F50000000BB9F800C0B8F802400AFB0C445C4498
:10F51000C4469BB243EA04434CF8043B59F8043B0D
:10F52000B8F804B01B0C0AFB03B303EB14434F45BC
:10F530004FEA134B05D8C8F8043004359BE7D4468E
:10F54000B3E7E046DDE7013E99E7FFFF2DE9F84329
:10F55000154612F0030206460F4607D0013A214C29
:10F56000002354F82220FFF7C8FE0746AD1035D01F
:10F57000746A3CB91020FDF7FFFE7062C0E90144D7
:10F580000460C460D6F82480D8F808404CB940F232
:10F5900071213046FFF73AFF0023C8F808000446FF
:10F5A00003604FF00008EB070AD539462246304683
:10F5B000FFF735FF394681463046FFF787FE4F4655
:10F5C0006D100BD0206838B9224621463046FFF72F
:10F5D00026FF2060C0F800800446E4E73846BDE816
:10F5E000F88300BFE81901002DE9F0470C464FEA07
:10F5F000621A236949680AEB0309A368074616469D
:10F6000009F10105AB4232DB3846FFF72BFE002340
:10F61000804600F114011A4653452BDB20692AEA83
:10F62000EA7A04F1140316F01F0201EB8A0103EBDE
:10F63000800C25D0C2F1200E00201E688A4696401C
:10F6400030434AF8040B53F8040B9C4520FA0EF0A3
:10F6500014D8486008B109F10205013D3846C8F8E0
:10F6600010502146FFF732FE4046BDE8F0870131D9
:10F670005B00C7E741F823200133CDE75146DCE7C3
:10F68000043953F8042B41F8042F9C45F9D8E4E7DA
:10F6900003690A699B1A30B50CD1920014301431F9
:10F6A0008418114454F8045D51F8042D954203D098
:10F6B00005D30123184630BDA042F3D3FAE74FF03B
:10F6C000FF33F7E72DE9F0470D4607461146284678
:10F6D0001446FFF7DDFF061E08D131463846FFF716
:10F6E000C1FD0123C0E90436BDE8F087A4BF23466D
:10F6F0002C4638466168A6BF1D4600260126FFF746
:10F70000B1FD2B69C660266905F1140904F11402E4
:10F7100002EB860709EB830800F114054FF0000E99
:10F7200052F804AB59F8044B1EFA8AF1A3B2C91A75
:10F73000230CC3EB1A4303EB214389B24FEA234E58
:10F74000C84541EA0343944645F8043BE8D8BC4524
:10F7500004D355F8043D83B10661C5E75CF8041B8A
:10F760001EFA81F31A1402EB11429BB243EA0243E0
:10F770004FEA224E45F8043BE9E7013EE9E72DE96F
:10F78000F7430E46012159EC108B1546FFF76AFD31
:10F79000C9F30A540746C9F3130334BB0193B8F104
:10F7A000000327D002A840F8083DFFF700FE0099AB
:10F7B000F0B1019AC0F1200302FA03F30B43C240F7
:10F7C0007B610192019BBB61002B14BF02210121CF
:10F7D0003961C4B1A4F2334404443460C0F135004B
:10F7E0002860384603B0BDE8F08343F48013D5E7C2
:10F7F0007961E7E701A8FFF7DAFD019B7B61012151
:10F8000039612030E5E707EB8103A0F23240306038
:10F810001869FFF7ADFDC0EB4110E1E738B502FB19
:10F8200001F42146FDF744FE054618B122460021A9
:10F83000FDF7E8FD284638BDF8B5074614460E46E4
:10F8400021B91146BDE8F840FDF732BE22B9FDF7F7
:10F85000E1FD25462846F8BD00F0EEFCA0420FD29F
:10F8600021463846FDF724FE05460028F2D03146F1
:10F870002246FDF7A3FD31463846FDF7CBFDE9E70B
:10F880003546E7E72DE9F0478E689E4282460C46F2
:10F890009046994637D88A8912F4906F31D02568FE
:10F8A00009696F1A6569022305EB450595FBF3F5B8
:10F8B00009F101033B449D4238BF1D46530530D535
:10F8C0002946FDF7F5FD064650B90C23CAF800306D
:10F8D000A38943F04003A3814FF0FF30BDE8F087D8
:10F8E0003A462169FDF76AFDA38923F4906343F04A
:10F8F0008003A381266165613E44ED1B2660A560FF
:10F900004E464E4500D94E46324641462068FDF7E8
:10F9100060FDA3689B1BA36023681E442660002033
:10F92000DCE72A46FFF788FF06460028E2D1216976
:10F930005046FDF76FFDC8E72DE9F04F9DB08046BA
:10F9400003938B891D060C4616460FD50B696BB9C0
:10F950004021FDF7ADFD2060206128B90C23C8F8D7
:10F9600000304FF0FF30C7E040236361002309936C
:10F9700020238DF8293030238DF82A304FF0010BE9
:10F9800037463D4615F8013B0BB1252B3ED1B7EB71
:10F99000060A0BD05346324621464046FFF772FF17
:10F9A000013000F0A480099B534409933B78002B5D
:10F9B00000F09D8000234FF0FF32CDE90523049332
:10F9C00007938DF853301A932F46052217F8011B21
:10F9D0004F48FFF7F5FB049BD0B9D90644BF20225E
:10F9E0008DF853201A0744BF2B228DF853202A7814
:10F9F0002A2A15D0079A2F4600200A25394611F8E1
:10FA0000013B303B092B4DD9B8B10FE02F46B8E789
:10FA10003F4A801A0BFA00F0184304903D46D3E7A2
:10FA2000039A111D12680391002A01DB079204E07A
:10FA3000524243F00203079204933B782E2B0CD1E1
:10FA40007B782A2B33D1039B1A1D1B680392002B52
:10FA5000B8BF4FF0FF33023705932E4D397803229C
:10FA60002846FFF7ADFB38B14023401B03FA00F0F6
:10FA7000049B034301370493397827488DF82810F5
:10FA800006227E1CFFF79CFB002838D0234B13BBBB
:10FA9000039B073323F0070308330393099B4B446D
:10FAA00009936DE705FB023201200F46A6E700230C
:10FAB0000137059319460A25384610F8012B303ACC
:10FAC000092A03D9002BC8D00591C6E705FB0121FF
:10FAD00001230746F0E703AB00932246104B04A92D
:10FAE0004046FDF7D3FDB0F1FF3F8146D6D1A38953
:10FAF0005B063FF536AF09981DB0BDE8F08F03AB4C
:10FB000000932246064B04A94046FEF775F8EAE743
:10FB1000F4190100FA190100FE1901008DD6000048
:10FB200085F800009368013B002B10B4936008DA5D
:10FB30009469A34201DB0A2903D15DF8044B00F06C
:10FB400073B91368581C1060197008465DF8044BAF
:10FB50007047F8B506460F461446D518AC4201D199
:10FB6000002007E03A4614F8011B3046FFF7DAFFA1
:10FB7000431CF3D1F8BDFFFF2DE9F04F9DB00C46BB
:10FB800017460393064618B183690BB9FFF77CFA51
:10FB90007B4B9C4257D17468A38918075DD52369B4
:10FBA000002B5AD00023099320238DF829303023CD
:10FBB0008DF82A304FF0010BB846454615F8013B49
:10FBC0000BB1252B54D1B8EB070A0BD053463A465C
:10FBD00021463046FFF7BDFF013000F0C280099B8F
:10FBE0005344099398F80030002B00F0BA800023AA
:10FBF0004FF0FF32CDE90523049307938DF853307E
:10FC00001A93A846052218F8011B5E48FFF7D8FA98
:10FC1000049B78BBD90644BF20228DF853201A07D5
:10FC200044BF2B228DF853202A782A2A2AD0079AFB
:10FC3000A84600200A25414611F8013B303B092B1C
:10FC400069D960B324E0504B9C4201D1B468A3E76A
:10FC50004E4B9C4208BFF4689EE72146304600F0B8
:10FC600047F900289ED04FF0FF301DB0BDE8F08F5F
:10FC7000A846A2E7434A801A0BFA00F01843049002
:10FC80004546BEE7039A111D12680391002A01DB65
:10FC9000079204E0524243F002030792049398F85B
:10FCA00000302E2B0ED198F801302A2B38D1039B2F
:10FCB0001A1D1B680392002BB8BF4FF0FF3308F1E9
:10FCC00002080593324D98F8001003222846FFF7EA
:10FCD00077FA40B14023401B03FA00F0049B034332
:10FCE00008F10108049398F800102A488DF82810AC
:10FCF000062208F10107FFF763FA002837D0264BE8
:10FD00001BBB039B073323F0070308330393099BB3
:10FD10004B44099350E705FB0232012088468AE7ED
:10FD2000002308F10108059319460A25404610F8FA
:10FD3000012B303A092A03D9002BC3D00591C1E722
:10FD400005FB012101238046F0E703AB0093224627
:10FD5000124B04A93046FDF799FCB0F1FF3F8146F4
:10FD6000D5D1A3895B063FF57EAF09987DE703AB4C
:10FD700000932246094B04A93046FDF73DFFECE70E
:10FD8000B8180100F4190100D818010098180100F2
:10FD9000FA190100FE1901008DD6000053FB000086
:10FDA00010B50C46B1F90E1000F04EFA0028ABBFAA
:10FDB000636DA3891B1823F48053ACBF6365A381D3
:10FDC00010BD2DE9F0411F468B89DB0505460C4629
:10FDD000164605D502230022B1F90E1000F0B6F93F
:10FDE000A389B4F90E1023F48053A38132463B4615
:10FDF0002846BDE8F04100F069B810B50C46B1F9ED
:10FE00000E1000F0A3F9431CA38915BF606523F40D
:10FE1000805343F48053A38118BFA38110BDB1F96F
:10FE20000E1000F0D3B8FFFFF8B50E461446054695
:10FE300018B183690BB9FFF727F9214B9C422AD1EE
:10FE40006C68A369A360A3891A072ED5236963B3DD
:10FE500023692068C01A6369F6B28342374604DC1E
:10FE60002146284600F048F928BBA368013BA3605F
:10FE700023685A1C22601E7063690130834204D0DB
:10FE8000A389DB0719D50A2E17D12146284600F091
:10FE900033F990B10FE00B4B9C4201D1AC68D0E735
:10FEA000094B9C4208BFEC68CBE72146284600F08E
:10FEB0001FF80028CCD04FF0FF373846F8BD00BF00
:10FEC000B8180100D81801009818010038B5074C7F
:10FED000054608461146002222601A46FAF7D2F972
:10FEE000431C02D1236803B12B6038BDF01B0020F6
:10FEF000324B70B51D6806460C4625B1AB6913B987
:10FF00002846FFF7C1F82E4B9C420FD16C68B4F91C
:10FF10000C309AB215072CD4D00611D409223260C5
:10FF200043F04003A3814FF0FF303EE0254B9C425D
:10FF300001D1AC68EBE7244B9C4208BFEC68E6E7D4
:10FF4000510712D5616B41B104F14403994202D0CB
:10FF50003046FDF75FFA00236363A38923F024038F
:10FF6000A3810023636023692360A38943F008030E
:10FF7000A38123694BB9A38903F42073B3F5007FF0
:10FF800003D02146304600F017F9A28912F0010390
:10FF90000CD00023A36063695B42A361236953B95A
:10FFA000B4F90C3013F08000BAD170BD920758BF7D
:10FFB0006369A360F2E70020F7E700BF2400002098
:10FFC000B8180100D81801009818010038B5064C7F
:10FFD000002305460846236000F092F9431C02D135
:10FFE000236803B12B6038BDF01B00208A892DE9FE
:10FFF000F041054610070C4658D44B68002B05DC31
:020000021000EC
:100000000B6C002B02DC0020BDE8F081E66A002EBC
:10001000F9D0002312F480522F68216A2B6032D06D
:10002000606DA3895A0705D56368C01A636B0BB16D
:10003000236CC01A00230246E66A216A2846B047AC
:10004000431CA38906D129681D2948D8294ACA40DA
:10005000D60744D500226260D9042269226004D503
:10006000421C01D12B6803B96065616B2F600029C8
:10007000C9D004F14403994202D02846FDF7CAF9D9
:1000800000206063C0E701232846B047411CC8D167
:100090002B68002BC5D01D2B01D0162B01D12F6052
:1000A000B1E7A38943F04003A381ADE70F69002FB7
:1000B000A9D093070E6808BF4B690F6018BF0023D3
:1000C000A6EB07088B60B8F1000F9CDD43463A466B
:1000D000216AA66A2846B047002806DCA38943F0B7
:1000E0004003A3814FF0FF308EE70744A8EB0008E0
:1000F000E9E700BF0100402038B50B6905460C4612
:10010000DBB118B183690BB9FEF7BEFF0C4B9C4203
:1001100009D16C68B4F90C307BB121462846BDE8A2
:100120003840FFF763BF074B9C4201D1AC68F1E751
:10013000054B9C4208BFEC68ECE7002038BD00BFCF
:10014000B8180100D81801009818010038B5074CFC
:10015000054608461146002222601A4600F0F8F8CB
:10016000431C02D1236803B12B6038BDF01B002073
:1001700070B50E46B1F90E10002996B014461D4612
:1001800007DA00232B60B3891A0610D44FF480637A
:100190000EE06A4600F06AF80028F2DB019A02F4E9
:1001A0007042A2F500535A425A412A60EEE74023BA
:1001B0000020236016B070BD8B8973B59D0706467D
:1001C0000C4607D504F147032360236101236361D3
:1001D00002B070BD01AB6A46FFF7CAFF0099054641
:1001E0003046FDF765F948B9B4F90C309A05EFD4FB
:1001F00023F0030343F00203A381E3E70D4BB36253
:10020000A389206043F08003A381009B6361019B6D
:1002100020615BB1B4F90E10304600F039F828B116
:10022000A38923F0030343F00103A381A3891D43A2
:10023000A581CDE751F0000051F8043C181F002BB8
:10024000BCBF0B58C018704738B5074C0546084668
:100250001146002222601A4600F082F8431C02D1A7
:10026000236803B12B6038BDF01B002038B5074C64
:100270000023054608461146236000F049F8431C58
:1002800002D1236803B12B6038BD00BFF01B0020F2
:1002900038B5064C002305460846236000F048F8B0
:1002A000431C02D1236803B12B6038BDF01B002032
:1002B0004FEA410212F5001215D211D56FF478738E
:1002C000B3EB625212D94FEAC12343F0004343EA31
:1002D000505311F0004F23FA02F018BF404270470C
:1002E0004FF00000704750EA013005D111F0004096
:1002F00008BF6FF0004070474FF00000704700BF2C
:10030000024B58221A604FF0FF307047F01B00205C
:10031000024B58221A604FF0FF307047F01B00204C
:10032000024B58221A604FF0FF307047F01B00203C
:10033000024B58221A600020704700BFF01B0020BB
:10034000024B58221A604FF0FF307047F01B00201C
:10035000024B58221A604FF0FF307047F01B00200C
:10036000024B58221A604FF0FF307047F01B0020FC
:10037000FEE700BF4275696C74207769746820528B
:10038000656E6573617320416476616E6365642098
:10039000466C657869626C6520536F66747761722C
:1003A00065205061636B6167652076657273696F64
:1003B0006E20342E302E3000342E302E30000000CF
:1003C00000000004F8B500BFF8BC08BC9E467047AA
:1003D000F8B500BFF8BC08BC9E467047620C000030
:1003E00012140000150F0000230B0000600F000026
:1003F00018FCFFFF280500002F1000001D0E000054
:10040000E301000079030000B6030000581100006A
:10041000060A00008D1A00005F100000E6120000BE
:100420002A0D0000310E00006A000000F30D0000EC
:10043000360200000C0200002BF1FFFF56EDFFFF1B
:10044000EF05000069020000A4F8FFFF3D0700006F
:10045000A0050000D813000092FEFFFF080D040065
:10046000E00600FDFBFB060101ED0CFE040CEC01B7
:1004700000ECF30CE6E8FFFBFCF209FAFEF5FAFAF1
:100480000005F8FF0FF6FB0B090003FD07FE000057
:10049000F300FFFD040A05F601FBFFF7F4FB01C5BD
:1004A0000EF0020201FE0AF6F213050BF0E6FC0064
:1004B000030A1803FAEF03F4F505F2FE02FB00F15C
:1004C000FD0300F001FBF00102F6040200FEF4F669
:1004D000F3FBC5FDF3FEFEEEFA0AF2ED13FD080094
:1004E000F508FDFE0DEAFBFCF4EA05EAEFF80AFE6A
:1004F00005DBF8FCFD0A1505FDFE07F102DEFAF446
:10050000FE10F6F2FCFC12FCFF00F2FC04FC4DF7BE
:100510000101DB080201F803F504FDF40513FAF507
:1005200001FEFAF3E8F9FDFAFEEEF9FDF00D11FD1A
:10053000EBFEFD01FEFA0601FF0BFF00FAF30902D4
:10054000DFC6F7F7FFDF04F8FBEA01E6FE00E7EF9E
:10055000FFEEE403F705FE09F5000AF501E90401E1
:100560000DFF08FE0C05FDEE01F601FF07F500008A
:10057000E9061BEBF1FFF7FBF301FB00FFFFEC03C8
:1005800001E1FF0901FA06FD000C0CFD0204060E54
:10059000FBFE0E06F5FD2FFA0001F5EF04FCF9074E
:1005A000FCFAF8D2FCF903FDF5F2FFF9021BFAFCA4
:1005B00007EBF402E6041BE9E808FC000F04F2076D
:1005C00001FFFE0AFAD6F7FB0204FEFAF2F9081858
:1005D000FA060DF200000DF40E05FD070104FB0AFA
:1005E00006FE07010E02FEFA07FCEADF03FEFEF537
:1005F0008602FEE8E70D04FF140EFE05CCFEFBFBB1
:10060000F20606FF01F6F9F1FDFC140701DBFB0120
:10061000FA05060FFC02FEFAFEFFF00C14F1F601DB
:10062000EFFC0700060400C8FBE400EF0202E7EE5F
:1006300000010004F502000100F9F1FFFCF7F8FEEB
:10064000CAF51D0405070E01FD09030400F303EBC1
:10065000E7BCF50300F2F405FF0015F4FDFFF2F12D
:10066000FFE3EFFDFAFFF6FC03FE06F816FEFFC3FC
:1006700006F800DCF000F70403F7FF03E10D0000CB
:10068000AAFEFFFF9E0B000001010000A102000076
:10069000F4080000390300002E07000015030000D5
:1006A00023030000E1070000010F0000E00000004C
:1006B000260B000024F3FFFFB90F00000C0A0224F0
:1006C00007FF210A02FE0B020AFF070907F80512BD
:1006D0000E0EFDE9ECFEFBFD06EE0408162C14AC34
:1006E000FF04A91010F9F50D1017140715EFE61700
:1006F0001A100A12F9FF06FE00FFD80BFFE8E76F99
:10070000F40E7DFDE810E3C9D5FEF4EFDBEEF8E56D
:10071000D8E1F1FB0EFED0F5FA021508FC0B04DE61
:1007200007F1CF080EF2060F0A0FFD0A06200A1184
:10073000FE1107F1F9060301090EF702010B0CE6A1
:1007400004FED70B12FA0D11050106FE0B0A0B0B66
:100750000706FEF7F3F3F2E90304F00EFEFE081DB0
:100760000C021F0A0400140F0AFD06000A0903FC0C
:10077000FF070BFDECF6F7F7F4FE0407FEEB053E72
:10078000F40B56F9F20E0AF3F1F7FCE5E40505ED7A
:10079000E2F0FA0F01ECF3F4DAF60307FE0A00D9EF
:1007A00006FAC90D0CFE050C09060E040F09050812
:1007B0000D0BE8FC070AFF000903F3020210FEE03C
:1007C0000CFED70717F91A0206080DFD0F010D17C9
:1007D0000F20000B0D1EF9060C02EB02F1010BE7D6
:1007E00006F1E10B04F9FB0A0C17FE030A200809C5
:1007F000FF09FDC4EF0002FF011E0607FBFEFB1C04
:100800000A041F030704F9050AFAF30A0C1411017C
:10081000FD05FFEFECFDF4040200FB12F5050CFEF4
:1008200000FDFE080007EF04010A0906000EF9FFAB
:100830000001F2D1141202FA021905F70AFFFEFFB5
:10084000FE170005060710FF03F40907F6F2FD0086
:100850000A020D2AEFF6EDFFE6E0E51201020A0DAD
:10086000000610000305F10409FDFD03040F08FF55
:10087000FD0200EEF0FB0609FF00FD140403040175
:100880000BE400FE00001106050008FAF8FF050160
:100890000401FB02FB0004A3FD0806050E0309F991
:1008A000FB0C020CF607DC0408170E0C0208E31020
:1008B00001FDFC0AF2F507F40A0B091892FDFFFF8F
:1008C00017010000D8FCFFFFB803000016F7FFFF78
:1008D000C6E91B59E91113DDE208FEE20D04250605
:1008E000EDE900F8F405120A0CF8DF16E3DC0FE678
:1008F000142FE7D004E2F7060EC8E6E106F2210E57
:1009000003FBEA040F05DB0CFD0F1016D0161902CD
:1009100000FFDD08090A0C030B090EF31004C2DC0A
:100920008F040000650232000300000081BA00005D
:10093000EAB40700824502002AA52600AC6603003F
:10094000CEC7050096DB24001C16010030600000B5
:10095000CC110000BCD00000A4510000D3A70600B9
:100960007A851800C62604001E000000AA312F0454
:10097000A516000045000000EF060000C8000000BA
:10098000BD0000004A000000C0000000BB090000DC
:10099000DE2C0000C24900008A0400007716000027
:1009A0007F0200004E000000060A0100090A010053
:1009B000130A01001E0A01002B0A010043554B4493
:1009C00031522C256C752C25732C25642C25642C18
:1009D00025642C25642C25642C25642C256C752C11
:1009E000256C752C256C750025732C253034580A20
:1009F0000043554B443100494E5445524E414C5FE3
:100A00004552524F52004F4B004241445F535441B4
:100A10005254004241445F4C454E475448004241C5
:100A2000445F434845434B53554D004241445F4664
:100A30004541545552455F52414E47450043554B41
:100A40004449443F0043554B444255494C442C00D3
:100A500073747564656E745F4100363937343931AB
:100A600063333330313139313739356237633035BB
:100A70003564623265383564656665656336366649
:100A80006330666133323438613634343239353666
:100A90003531636534643065323800393061636202
:100AA00032323665393939626330666632633537DA
:100AB000636137343434306636633139313132363C
:100AC00061353966613462343932363639386330EB
:100AD0003738343033613462383464001400828132
:100AE0005400C28194008280D4801401C280940199
:100AF000C283D48114829402C281940552094400B5
:100B00008200090051080C80540552014600420041
:100B10000B0057080E8014051C00920811008B086A
:100B20001080D4041A0092001780520842000980F5
:100B300052000280128812801A00520051004B0AA3
:100B40004E801C005208C2009700490A4C80D20017
:100B500002019100510A5080D20851088B8012097D
:100B600004001100510A50801201440042000B00A1
:100B7000578A4600020009801208C2004988120004
:100B800082004B88120982018900578A12014201B2
:100B90008B80D289D201428292090600420117005D
:100BA0004B889209420109000C80920102010B005E
:100BB0000E801404928054049208C2024B8894045C
:100BC000D208020349881E005482920104000200E8
:100BD00011805209C2015700498AFFFF010300003A
:100BE000840B0100020300008C0B010004010000D3
:100BF0002A0B010005010000300B01000601000076
:100C0000340B010007010000360B01000B0100004E
:100C10004E0B01000C010000580B01000403000002
:100C2000940B010003030000920B0100030100007C
:100C3000220B01000B040000AA0B01000A040000B3
:100C4000A20B010002010000160B01000E000000C3
:100C5000C60B010000000000DC0A010001000000DA
:100C6000E00A010002000000E40A010001010000A6
:100C7000080B010000010000FA0A01000005000055
:100C8000B20B010008040000D20B010009010000B2
:100C9000380B01000A010000420B010001050000B1
:100CA000B60B010002050000BE0B010000040000AD
:100CB000CA0B010001040000980B010003000000B2
:100CC000E80A010004000000EA0A01000B0000002D
:100CD000EE0A01000C000000F20A01000D00000005
:100CE000F40A01000F000000F60A010004020000EF
:100CF0005E0B010005020000680B01000602000007
:100D0000720B01000C020000780B01000D020000C4
:100D10007E0B01000403010C00091408111C1019BA
:100D200018FFFFFF06000800100018002000400018
:100D30006000800000018001000200040008FFFF45
:100D40000A0900000A0900003F0B00000100020030
:100D5000080010000000000000000000798D000075
:100D6000BD980000458D0000578D0000DB8D000010
:100D70009D8E0000618D00004D8D00006D90000083
:100D8000AD8D0000498D00000C0A080E10180219E4
:100D90001D1F01FF0000000000000000CD960000B4
:100DA0000D0A00636D5F6261636B74726163655FFE
:100DB0006661756C7400696E69745F6F6B002825DD
:100DC0007329206861732061737365727420666192
:100DD000696C65642061742025732E00216F6E5F3D
:100DE0006661756C74004661756C74206F6E206965
:100DF0006E74657272757074206F722062617265B4
:100E0000206D6574616C286E6F204F532920656ECC
:100E10007669726F6E6D656E74003D3D3D3D3D3D82
:100E20003D3D3D3D3D3D3D3D3D3D3D3D3D205265D2
:100E30006769737465727320696E666F726D617431
:100E4000696F6E203D3D3D3D3D3D3D3D3D3D3D3D60
:100E50003D3D3D3D3D3D3D3D00202025733A202553
:100E6000303878202025733A202530387820202506
:100E7000733A2025303878202025733A20253038E1
:100E800078003D3D3D3D3D3D3D3D3D3D3D3D3D3D94
:100E90003D3D3D3D3D3D3D3D3D3D3D3D3D3D3D3D82
:100EA0003D3D3D3D3D3D3D3D3D3D3D3D3D3D3D3D72
:100EB0003D3D3D3D3D3D3D3D3D3D3D3D3D3D3D3D62
:100EC0000048617264206661756C742069732063E8
:100ED0006175736564206279206661696C65642060
:100EE000766563746F72206665746368004D656D26
:100EF0006F7279206D616E6167656D656E742066D5
:100F000061756C7420697320636175736564206218
:100F10007920696E737472756374696F6E20616392
:100F2000636573732076696F6C6174696F6E004DD1
:100F3000656D6F7279206D616E6167656D656E7448
:100F4000206661756C7420697320636175736564D4
:100F5000206279206461746120616363657373202A
:100F600076696F6C6174696F6E004D656D6F727933
:100F7000206D616E6167656D656E74206661756C6C
:100F800074206973206361757365642062792075CC
:100F90006E737461636B696E67206572726F720045
:100FA0004D656D6F7279206D616E6167656D656EFF
:100FB00074206661756C7420697320636175736554
:100FC0006420627920737461636B696E6720657257
:100FD000726F72004D656D6F7279206D616E616721
:100FE000656D656E74206661756C7420697320632D
:100FF000617573656420627920666C6F6174696ED7
:10100000672D706F696E74206C617A7920737461DA
:10101000746520707265736572766174696F6E00B5
:10102000546865206D656D6F7279206D616E6167C2
:10103000656D656E74206661756C74206F63637591
:1010400072726564206164647265737320697320D1
:101050002530387800427573206661756C7420699C
:10106000732063617573656420627920696E73749F
:1010700072756374696F6E20616363657373207644
:10108000696F6C6174696F6E00427573206661757B
:101090006C742069732063617573656420627920C4
:1010A0007072656369736520646174612061636354
:1010B0006573732076696F6C6174696F6E00427539
:1010C00073206661756C7420697320636175736544
:1010D0006420627920696D7072656369736520644C
:1010E000617461206163636573732076696F6C61FD
:1010F00074696F6E00427573206661756C74206947
:10110000732063617573656420627920756E7374F2
:1011100061636B696E67206572726F7200427573EE
:10112000206661756C7420697320636175736564F2
:1011300020627920737461636B696E6720657272D7
:101140006F7200427573206661756C74206973203C
:1011500063617573656420627920666C6F61746980
:101160006E672D706F696E74206C617A792073746C
:1011700061746520707265736572766174696F6EF3
:101180000054686520627573206661756C74206F09
:101190006363757272656420616464726573732041
:1011A0006973202530387800557361676520666162
:1011B000756C74206973206361757365642062794E
:1011C00020617474656D70747320746F2065786528
:1011D0006375746520616E20756E646566696E6501
:1011E0006420696E737472756374696F6E005573F1
:1011F000616765206661756C742069732063617531
:1012000073656420627920617474656D70747320F5
:10121000746F2073776974636820746F20616E2027
:10122000696E76616C6964207374617465202865E9
:101230002E672E2C2041524D290055736167652081
:101240006661756C742069732063617573656420D1
:10125000627920617474656D70747320746F20649A
:101260006F20616E20657863657074696F6E20779A
:101270006974682061206261642076616C75652004
:10128000696E20746865204558435F524554555235
:101290004E206E756D6265720055736167652066DC
:1012A00061756C7420697320636175736564206275
:1012B0007920617474656D70747320746F20657823
:1012C0006563757465206120636F70726F63657309
:1012D000736F7220696E737472756374696F6E00D8
:1012E0005573616765206661756C7420697320634E
:1012F000617573656420627920696E6469636174E5
:101300006573207468617420616E20756E616C690C
:10131000676E656420616363657373206661756CD5
:1013200074206861732074616B656E20706C6163FA
:1013300065005573616765206661756C742069731B
:101340002063617573656420627920496E64696306
:1013500061746573206120646976696465206279CF
:10136000207A65726F206861732074616B656E20EE
:10137000706C616365202863616E2062652073650F
:1013800074206F6E6C79206966204449565F305F27
:101390005452502069732073657429004465627546
:1013A00067206661756C742069732063617573656D
:1013B000642062792068616C742072657175657350
:1013C00074656420696E204E564943004465627519
:1013D00067206661756C742069732063617573653D
:1013E0006420627920424B505420696E7374727588
:1013F0006374696F6E206578656375746564004415
:1014000065627567206661756C742069732063611D
:101410007573656420627920445754206D6174634C
:1014200068206F63637572726564004465627567F6
:10143000206661756C7420697320636175736564DF
:1014400020627920566563746F72206665746368E4
:10145000206F63637572726564004465627567200E
:101460006661756C742069732063617573656420AF
:10147000627920454442475251207369676E616C1E
:10148000206173736572746564004669726D77617B
:101490007265206E616D653A2025732C20636F6D37
:1014A00070696C6564206F6E3A2025730045525256
:1014B0004F523A20556E61626C6520746F206765EB
:1014C0007420746865206D61696E20737461636B4C
:1014D00020696E666F726D6174696F6E2C20706C1E
:1014E0006561736520636865636B2074686520635C
:1014F0006F6E66696775726174696F6E206F6620C2
:10150000746865206D61696E20737461636B00455A
:1015100072726F723A204D61696E20737461636BF1
:1015200028253038782920776173206F76657266B8
:101530006C6F77003D3D3D3D3D20546872656164B0
:1015400020737461636B20696E666F726D6174697C
:101550006F6E203D3D3D3D3D002020616464723A48
:10156000202530387820202020646174613A2025BD
:10157000303878002530386C78002E656C66005362
:10158000686F77206D6F72652063616C6C20737477
:1015900061636B20696E666F2062792072756E3AA6
:1015A0002061646472326C696E65202D652025733C
:1015B0002573202D61202D662025730044756D70E4
:1015C0002063616C6C20737461636B2068617320AD
:1015D000616E206572726F720052312000523020AD
:1015E0000052332000523220004C5220005231323F
:1015F0000050535200504320004175672020362090
:10160000323032360000524100222F686F6D652F54
:1016100070726F6A6563742F2E63616368652F61F2
:10162000726475696E6F2F736B6574636865732F71
:101630003943463439463534434437313344323301
:1016400038453646373943413042374339374131DF
:101650002F747261696E5F6F6E6C795F73747564FD
:10166000656E745F415F7365656434325F61726497
:1016700075696E6F5F72345F636F70792E696E6F1C
:101680002200FFFF99A50000EDA500001DA60000A7
:10169000C1A600007DA70000000000008DA800008A
:1016A0007DA8000095A8000059A9000039AB0000F2
:1016B00000000000000000000000000043C2000025
:1016C000E7C2000065C2000071C2000059C20000FC
:1016D000AFC200007DC2000037C2000031C200006E
:1016E00041C2000049C30000A20D01000017010023
:1016F00008170100621B0020141701001D170100CC
:1017000041726475696E6F00554E4F2052342057F8
:101710006946690043444320506F72740044465543
:101720002D525420506F7274000000000000000021
:1017300000000000000000000000000000000000A9
:10174000000000000000000000FFFFFF2800002054
:10175000504F53495800494E4600696E66004E414D
:101760004E006E616E003000303132333435363722
:1017700038394142434445460030313233343536FE
:1017800037383961626364656600002020202020BC
:101790002020202028282828282020202020202021
:1017A0002020202020202020202020881010101011
:1017B0001010101010101010101010040404040465
:1017C0000404040404101010101010104141414191
:1017D0004141010101010101010101010101010179
:1017E000010101010101101010101010424242428B
:1017F0004242020202020202020202020202020249
:10180000020202020202101010102000000000006C
:1018100000000000000000000000000000000000C8
:1018200000000000000000000000000000000000B8
:1018300000000000000000000000000000000000A8
:101840000000000000000000000000000000000098
:101850000000000000000000000000000000000088
:101860000000000000000000000000000000000078
:101870000000000000000000000000000000000068
:101880000000000000000000000000496E66696E64
:10189000697479004E614E000000000000000000F5
:1018A0000000000000000000000000000000000038
:1018B0000000000000000000000000000000000028
:1018C0000000000000000000000000000000000018
:1018D0000000000000000000000000000000000008
:1018E00000000000000000000000000000000000F8
:1018F00000000000000000000080E03779C3414391
:10190000176E05B5B5B89346F5F93FE9034F384D65
:10191000321D30F94877825A3CBF737FDD4F157511
:10192000000000000000F03F000000000000244024
:1019300000000000000059400000000000408F40FF
:10194000000000000088C34000000000006AF8406A
:101950000000000080842E4100000000D01263418E
:101960000000000084D797410000000065CDCD4104
:10197000000000205FA00242000000E876483742E5
:10198000000000A2941A6D42000040E59C30A24283
:101990000000901EC4BCD64200003426F56B0C43F8
:1019A0000080E03779C3414300A0D885573476439F
:1019B00000C84E676DC1AB43003D9160E458E14300
:1019C000408CB5781DAF154450EFE2D6E41A4B4475
:1019D00092D54D06CFF08044F64AE1C7022DB544BA
:1019E000B49DD9794378EA4405000000190000004D
:1019F0007D000000232D302B2000686C4C006566B4
:0C1A00006745464700FFFFFF00000000A4
:101A14000A000000FF000000000009400A00000066
:101A240001120100020202014041236D0000010184
:101A3400020301002800002000000000B818010083
:101A4400D8180100981801000000000000000000F0
:101A54000000000000000000000000000000000082
:101A64000000000000000000000000000000000072
:101A74000000000000000000000000000000000062
:101A84000000000000000000000000000000000052
:101A940000000000000000004300000000000000FF
:101AA4000000000000000000000000000000000032
:101AB40000000000000000004300000000000000DF
:101AC4000000000000000000000000000000000012
:101AD40000000000000000004300000000000000BF
:101AE40000000000000000000000000000000000F2
:101AF400000000000000000043000000000000009F
:101B040000000000000000000000000000000000D1
:101B1400000000000000000043000000000000007E
:101B240000000000000000000000000000000000B1
:101B3400000000000000000043000000000000005E
:101B44000000000000000000000000000000000091
:101B5400000000000000000043000000000000003E
:101B64000000000000000000000000000000000071
:101B7400000000000000000061E3000099D30000B1
:101B8400000000008A170100DA0D0100A20D010017
:101B9400A20D0100A20D0100A20D0100A20D010081
:101BA400A20D0100A20D0100A20D0100A20D010071
:101BB400FFFFFFFFFFFFFFFFFFFFFFFFFFFF00002F
:101BC40001004153434949000000000000000000A7
:101BD4000000000000000000000000000000000001
:101BE4000000415343494900000000000000000088
:101BF40000000000000000000000000000000000E1
:101C040000000000E54000000D8D0000359200004A
:101C1400519200006D9200008992000051960000DC
:101C2400959800006DA10000D1A30000EDC3000051
:101C3400C1400000218D0000959200009D96000097
:041C4400DDA300001C
:0400000300007B215D
:00000001FF
