view,category,student,route,class_id,class_name,f1_mean,f1_sample_sd,f1_values_json
inverse_test_group_size,student,student_A,D_Small_MLP,0,Blackhole,0.8449717720632755,0.010381738696583872,"[0.8567567567567578,0.839301310043669,0.8408091468777491,0.8540387340576295,0.8454545454545462,0.8430257979886324,0.8320346320346328,0.8647670737222987,0.8376300316598836,0.8358996920369564]"
inverse_test_group_size,student,student_A,D_Small_MLP,1,Flooding,0.9301632343519307,0.004725230304453633,"[0.9271653543307087,0.923679060665362,0.932806324110672,0.9291338582677166,0.923828125,0.9263984298331698,0.932806324110672,0.9346534653465347,0.9365079365079365,0.9346534653465347]"
inverse_test_group_size,student,student_A,D_Small_MLP,2,Grayhole,0.8585619750442973,0.02312629418178254,"[0.8134161490683232,0.864285714285714,0.8517722878625131,0.8546188793538617,0.882766072393301,0.8657369428493299,0.8620498614958447,0.8883508205542106,0.8285203168924096,0.8741027056874653]"
inverse_test_group_size,student,student_A,D_Small_MLP,3,Normal,0.9962224159903643,0.0011856916526093704,"[0.9936835307650395,0.99681147466782,0.9963771032928106,0.9953157581923864,0.9970331781199401,0.9967709810785527,0.996932422782544,0.996982801971236,0.9949408421179933,0.9973760669153203]"
inverse_test_group_size,student,student_A,D_Small_MLP,4,TDMA,0.940540156549085,0.0035071255013214855,"[0.9399293286219081,0.9428426909458776,0.9461928934010152,0.9395161290322581,0.9371543489190548,0.9422492401215805,0.9361488185017597,0.9414141414141414,0.935678391959799,0.9442755825734549]"
inverse_test_group_size,student,student_A,E2_KD_from_MLP,0,Blackhole,0.8275643128430824,0.006291262958977684,"[0.8356596127870337,0.8307826847398347,0.8282560706401776,0.825935596170584,0.8384439359267744,0.8166368515205733,0.8248587570621475,0.8247330960854102,0.8276785714285722,0.8226579520697174]"
inverse_test_group_size,student,student_A,E2_KD_from_MLP,1,Flooding,0.936139250544314,0.001705023465144611,"[0.9365079365079365,0.9355797819623389,0.932806324110672,0.9355797819623389,0.9355797819623389,0.9383697813121272,0.9374379344587885,0.9365079365079365,0.9346534653465347,0.9383697813121272]"
inverse_test_group_size,student,student_A,E2_KD_from_MLP,2,Grayhole,0.8693260108069925,0.0056489505006803225,"[0.8753733369535703,0.8715953307392996,0.870860927152318,0.8644444444444443,0.8812281174252624,0.8684210526315789,0.8625381838378227,0.8654108654108652,0.8675749318801089,0.8658129175946546]"
inverse_test_group_size,student,student_A,E2_KD_from_MLP,3,Normal,0.9973296841750099,0.00012089611019397607,"[0.9972349303705194,0.9975675458346736,0.9973659870511119,0.9973559069842259,0.9972752591520124,0.9973458267146562,0.997214764763255,0.9972046254399196,0.9972450128700129,0.9974869825697111]"
inverse_test_group_size,student,student_A,E2_KD_from_MLP,4,TDMA,0.9416814457458896,0.0034116439361724037,"[0.9409389197375063,0.9471007121057986,0.94188984335523,0.9442755825734549,0.9404641775983855,0.9357429718875502,0.9375629405840886,0.9408792319353209,0.9452332657200812,0.94272681196148]"
inverse_test_group_size,student,student_A,E_KD_from_RF,0,Blackhole,0.811908485582555,0.006353265159998823,"[0.810115350488022,0.8068592057761742,0.816615112682281,0.801225919439581,0.8170289855072471,0.8098495212038312,0.8222698072805146,0.8173515981735165,0.8113912231559298,0.8063781321184519]"
inverse_test_group_size,student,student_A,E_KD_from_RF,1,Flooding,0.9388931712691088,0.0005308938899465319,"[0.9393034825870646,0.9393034825870646,0.9393034825870646,0.9393034825870646,0.9382470119521913,0.9383697813121272,0.9382470119521913,0.9393034825870646,0.9393034825870646,0.9382470119521913]"
inverse_test_group_size,student,student_A,E_KD_from_RF,2,Grayhole,0.8659738398723252,0.005912880585568594,"[0.8623087621696801,0.8636488340192046,0.8659966499162483,0.8529082774049224,0.8720898384004381,0.8668307355756086,0.8642816581487792,0.8725382932166301,0.8723231227975061,0.8668122270742358]"
inverse_test_group_size,student,student_A,E_KD_from_RF,3,Normal,0.9979749715519658,4.3754085165869435e-05,"[0.9979910803969625,0.9979305217897972,0.9979307712397292,0.9979004048501653,0.9980110497237569,0.9980112894477813,0.9980211545608871,0.9979811371922741,0.9979512312698349,0.9980210750484686]"
inverse_test_group_size,student,student_A,E_KD_from_RF,4,TDMA,0.9617542586658614,0.0019100872725371432,"[0.9618163054695562,0.9597938144329897,0.9588477366255144,0.9608247422680413,0.9622739018087856,0.9658031088082901,0.9627714581178903,0.9617768595041323,0.9608247422680413,0.9628099173553719]"
inverse_test_group_size,student,student_A,F_KD_from_CL_MLP_ext,0,Blackhole,0.8236867842307802,0.007857701989377132,"[0.8327495621716293,0.8259325044404984,0.8194207836456566,0.8256959314775171,0.8181026979982597,0.8142292490118584,0.8235294117647073,0.8307830783078318,0.8349344978165946,0.8114901256732502]"
inverse_test_group_size,student,student_A,F_KD_from_CL_MLP_ext,1,Flooding,0.9356753494182712,0.001715025400776256,"[0.9374379344587885,0.9365079365079365,0.9355797819623389,0.9365079365079365,0.9355797819623389,0.933728981206726,0.9355797819623389,0.9374379344587885,0.9318854886475815,0.9365079365079365]"
inverse_test_group_size,student,student_A,F_KD_from_CL_MLP_ext,2,Grayhole,0.8641616704903115,0.005887123784855854,"[0.8679349324510613,0.8700906344410871,0.8556933483652762,0.8589025755879057,0.8595224875069404,0.8602269582064764,0.8625277161862526,0.8724905046120456,0.8713968957871399,0.8628306517589309]"
inverse_test_group_size,student,student_A,F_KD_from_CL_MLP_ext,3,Normal,0.9973337283093665,8.91297799095867e-05,"[0.9972651772607533,0.9974466202903213,0.9972450128700129,0.9972248476682688,0.9974768544114838,0.9973559601483879,0.9973155846897841,0.9972550951667555,0.9973357462423968,0.9974163843455008]"
inverse_test_group_size,student,student_A,F_KD_from_CL_MLP_ext,4,TDMA,0.9432710773021814,0.0028087741351684463,"[0.9432048681541582,0.943683409436834,0.9380976346250629,0.94188984335523,0.9489795918367347,0.9413549039433772,0.9437404967055246,0.9423076923076923,0.9442190669371197,0.9452332657200812]"
inverse_test_group_size,student,student_A,F_KD_from_CL_MLP_fair,0,Blackhole,0.830675299600182,0.008228117080303174,"[0.8420153714773707,0.8388501742160286,0.8291413703382488,0.825992150021806,0.8241206030150763,0.8228718830610497,0.8453063023358319,0.8241610738255044,0.8286219081272095,0.8256721595836954]"
inverse_test_group_size,student,student_A,F_KD_from_CL_MLP_fair,1,Flooding,0.9363137549263758,0.002188441503161545,"[0.9393034825870646,0.9345238095238095,0.9365079365079365,0.9374379344587885,0.9355797819623389,0.9318854886475815,0.9346534653465347,0.9374379344587885,0.9374379344587885,0.9383697813121272]"
inverse_test_group_size,student,student_A,F_KD_from_CL_MLP_fair,2,Grayhole,0.868162084409793,0.005692880214929721,"[0.8684431977559607,0.873575993331481,0.8669456066945606,0.8644302744663155,0.8737864077669902,0.8603414497621045,0.8778205833791962,0.8670299727520434,0.8687757909215954,0.8604715672676836]"
inverse_test_group_size,student,student_A,F_KD_from_CL_MLP_fair,3,Normal,0.9973085308227105,9.289550214471381e-05,"[0.9972753139421482,0.9973458267146562,0.9974466716258872,0.9972349303705194,0.9973357462423968,0.9973559069842259,0.9971945983449135,0.9973055036094187,0.9974264631964131,0.9971643471965248]"
inverse_test_group_size,student,student_A,F_KD_from_CL_MLP_fair,4,TDMA,0.9423342915737714,0.0031806583673905115,"[0.9427848101265823,0.9408792319353209,0.945712836123795,0.9375629405840886,0.9418310571573091,0.94667343829355,0.938508064516129,0.9432624113475178,0.9461382113821138,0.9399899142713061]"
inverse_test_group_size,student,student_A,G_KD_random_pacing,0,Blackhole,0.8316274609719507,0.009452861944905355,"[0.8486159169550183,0.8265261308739574,0.8214753382802273,0.8313827481577815,0.8424875170222433,0.8375165125495384,0.8368489022815335,0.8274021352313178,0.8233719892952728,0.8206474190726167]"
inverse_test_group_size,student,student_A,G_KD_random_pacing,1,Flooding,0.9357668815834759,0.0012952341009986514,"[0.9346534653465347,0.9365079365079365,0.9365079365079365,0.9365079365079365,0.9355797819623389,0.9355797819623389,0.9355797819623389,0.932806324110672,0.9365079365079365,0.9374379344587885]"
inverse_test_group_size,student,student_A,G_KD_random_pacing,2,Grayhole,0.8697582909090048,0.005573214625479069,"[0.8768802228412255,0.8666114333057164,0.8630175048624616,0.8683035714285715,0.8798920377867747,0.8738292011019284,0.87010078387458,0.8679245283018867,0.8680175246440306,0.8630061009428726]"
inverse_test_group_size,student,student_A,G_KD_random_pacing,3,Normal,0.9973216570475589,9.590263052960062e-05,"[0.9973256655674415,0.9974063052919414,0.9973761724286992,0.9973156386668678,0.9973155846897841,0.9971442361837343,0.9972651772607533,0.9972248476682688,0.9973559601483879,0.9974869825697111]"
inverse_test_group_size,student,student_A,G_KD_random_pacing,4,TDMA,0.9425465569291894,0.003724038586151407,"[0.9452332657200812,0.9451776649746193,0.9428426909458776,0.9395161290322581,0.9471544715447154,0.935678391959799,0.9385699899295066,0.9418310571573091,0.9428426909458776,0.9466192170818505]"
inverse_test_group_size,student,student_A,I_KD_from_SMOTE_MLP,0,Blackhole,0.8269934679314501,0.015039337863146358,"[0.8334817453250231,0.8358344702137345,0.8269313767803201,0.8497932935231979,0.8247706422018362,0.8445975032285846,0.817511520737328,0.8219298245614043,0.8177509694097382,0.7973333333333339]"
inverse_test_group_size,student,student_A,I_KD_from_SMOTE_MLP,1,Flooding,0.9381841515046421,0.0009609781005927338,"[0.9383697813121272,0.9383697813121272,0.9383697813121272,0.9383697813121272,0.9383697813121272,0.9355797819623389,0.9383697813121272,0.9383697813121272,0.9393034825870646,0.9383697813121272]"
inverse_test_group_size,student,student_A,I_KD_from_SMOTE_MLP,2,Grayhole,0.8702954900640794,0.011733070861956359,"[0.8763056624518968,0.8799783256570034,0.8633696563285835,0.8911693221712124,0.8745288099084544,0.8738461538461538,0.8708031157668545,0.8649098474341189,0.8582633053221294,0.8497807017543862]"
inverse_test_group_size,student,student_A,I_KD_from_SMOTE_MLP,3,Normal,0.9972027274169667,0.00017739448583476187,"[0.997416488233461,0.9972249034749034,0.9971744879387839,0.9970838444985218,0.9973659870511119,0.9971644042232277,0.9970636149715412,0.9973863042341872,0.997305557789753,0.9968416817541742]"
inverse_test_group_size,student,student_A,I_KD_from_SMOTE_MLP,4,TDMA,0.9334607637725911,0.006892545624061854,"[0.93891973750631,0.9328657314629258,0.9343358395989975,0.9246031746031746,0.9404040404040404,0.9362129583124058,0.9277528649725959,0.9409389197375063,0.937625754527163,0.9209486166007905]"
inverse_test_group_size,student,student_A,J_CoDistill_RF_CL,0,Blackhole,0.8234427019570733,0.016331651928853882,"[0.8209219858156033,0.8269484808454435,0.8148812191842227,0.8087233075874611,0.8286888990406585,0.8281818181818191,0.8163265306122455,0.8637236084452985,0.8217126813289664,0.8043184885290157]"
inverse_test_group_size,student,student_A,J_CoDistill_RF_CL,1,Flooding,0.9386498916946084,0.0004510205647838496,"[0.9383697813121272,0.9393034825870646,0.9383697813121272,0.9393034825870646,0.9393034825870646,0.9383697813121272,0.9383697813121272,0.9383697813121272,0.9383697813121272,0.9383697813121272]"
inverse_test_group_size,student,student_A,J_CoDistill_RF_CL,2,Grayhole,0.874595798905623,0.01318184514512957,"[0.8675496688741724,0.8723936613844868,0.8677481440747871,0.8642311886586695,0.8791089377886445,0.8792586535840827,0.8668696374204262,0.9072655217965649,0.8796147672552166,0.8619178082191781]"
inverse_test_group_size,student,student_A,J_CoDistill_RF_CL,3,Normal,0.9977984189499407,6.175862243583665e-05,"[0.9977087269365277,0.9978598342125095,0.9977793185220912,0.9976989318622574,0.9977994594105767,0.9978396519327579,0.9978699461458083,0.9978094855305466,0.9978597481938485,0.9977590867524846]"
inverse_test_group_size,student,student_A,J_CoDistill_RF_CL,4,TDMA,0.9548180779426227,0.001629137196335484,"[0.9539406345957011,0.9548717948717949,0.9534526854219949,0.9534526854219949,0.9549180327868853,0.9549180327868853,0.9573703133025167,0.9544290834613415,0.9578622816032888,0.9529652351738241]"
inverse_test_group_size,student,student_B,D_Small_MLP,0,Blackhole,0.8789107873024703,0.01610255856001389,"[0.8742623694961426,0.8555347091932465,0.8826815642458108,0.8682795698924742,0.8741965105601481,0.9028243178554337,0.8852607709750577,0.8681961313540272,0.9074848907484907,0.8703870387038715]"
inverse_test_group_size,student,student_B,D_Small_MLP,1,Flooding,0.9309755357736368,0.0030644396032261964,"[0.928220255653884,0.9273084479371316,0.9309664694280079,0.9318854886475815,0.9273084479371316,0.9346534653465347,0.932806324110672,0.9300492610837439,0.9300492610837439,0.9365079365079365]"
inverse_test_group_size,student,student_B,D_Small_MLP,2,Grayhole,0.9086434953552998,0.010671302145929616,"[0.9054347826086953,0.8980026631158453,0.9146537842190016,0.8981937602627258,0.9060475161987043,0.9251772118666314,0.9111171513998365,0.8994535519125683,0.9269076305220884,0.9014469014469015]"
inverse_test_group_size,student,student_B,D_Small_MLP,3,Normal,0.997411397215371,7.256206848413842e-05,"[0.9974869320466425,0.9974063052919414,0.9975777190355101,0.9974065138721351,0.997366040012064,0.9973559601483879,0.9974063574401351,0.9973357998130034,0.9974163843455008,0.9973559601483879]"
inverse_test_group_size,student,student_B,D_Small_MLP,4,TDMA,0.9439442401994343,0.0030675721302553063,"[0.9471544715447154,0.945712836123795,0.9476359938993391,0.94667343829355,0.942366026289181,0.9446981227803145,0.942366026289181,0.9399899142713061,0.9442755825734549,0.9385699899295066]"
inverse_test_group_size,student,student_B,E2_KD_from_MLP,0,Blackhole,0.8476715183686594,0.007993344470269883,"[0.8396268325188813,0.8427115640230403,0.8543516873889885,0.853227232537578,0.8601177003168867,0.8372505543237259,0.8514588859416455,0.8485964104924081,0.8371467025572016,0.8522276135862381]"
inverse_test_group_size,student,student_B,E2_KD_from_MLP,1,Flooding,0.9363259825794922,0.0019926398148453804,"[0.9365079365079365,0.9365079365079365,0.932806324110672,0.9374379344587885,0.9383697813121272,0.9374379344587885,0.932806324110672,0.9365079365079365,0.9365079365079365,0.9383697813121272]"
inverse_test_group_size,student,student_B,E2_KD_from_MLP,2,Grayhole,0.8834320614954414,0.005681373709788044,"[0.876577070762479,0.8797799174690504,0.8857221156481228,0.8873550524572058,0.8921409214092141,0.8763056624518962,0.8821752265861027,0.8895458210158558,0.8777959629023457,0.8869228642521425]"
inverse_test_group_size,student,student_B,E2_KD_from_MLP,3,Normal,0.99738413160916,0.00010222766394619346,"[0.9973861991314139,0.9974163843455008,0.9973055036094187,0.9974769051376645,0.997396226035729,0.9973659870511119,0.9971744311154461,0.9973760669153203,0.9973760669153203,0.9975675458346736]"
inverse_test_group_size,student,student_B,E2_KD_from_MLP,4,TDMA,0.9431040488836429,0.0020813880687500265,"[0.945712836123795,0.9437974683544303,0.9437404967055246,0.9433198380566802,0.9452332657200812,0.9404040404040404,0.9395161290322581,0.9418310571573091,0.9423076923076923,0.9451776649746193]"
inverse_test_group_size,student,student_B,E_KD_from_RF,0,Blackhole,0.8574891727773641,0.02987691594772648,"[0.8293345405160717,0.8690188496858391,0.8871892925430217,0.8201372997711677,0.8783325254483766,0.876254180602007,0.9048991354466868,0.8345521023766005,0.8530499075785593,0.8221238938053106]"
inverse_test_group_size,student,student_B,E_KD_from_RF,1,Flooding,0.9391167423320772,0.00039368302440070957,"[0.9393034825870646,0.9393034825870646,0.9393034825870646,0.9383697813121272,0.9393034825870646,0.9393034825870646,0.9383697813121272,0.9393034825870646,0.9393034825870646,0.9393034825870646]"
inverse_test_group_size,student,student_B,E_KD_from_RF,2,Grayhole,0.9024352467516558,0.02135823575964482,"[0.8794949217677736,0.9124106906589041,0.9205756929637524,0.8808347062053816,0.9191759112519807,0.9168443496801707,0.9349680170575692,0.8864628820960699,0.9008174386920983,0.8727678571428569]"
inverse_test_group_size,student,student_B,E_KD_from_RF,3,Normal,0.9981066949036572,8.68529015796108e-05,"[0.9979909593169262,0.9980413230611609,0.9980011852268504,0.9982526611769431,0.9980713984370292,0.99808150104965,0.9982123847590737,0.9981216413038019,0.9981721402028724,0.9981217545022649]"
inverse_test_group_size,student,student_B,E_KD_from_RF,4,TDMA,0.9617184812721122,0.0012339962396121487,"[0.9603297269448737,0.9618163054695562,0.9608247422680413,0.9633074935400516,0.9608247422680413,0.9603297269448737,0.9638055842812823,0.9628099173553719,0.9613202681794739,0.9618163054695562]"
inverse_test_group_size,student,student_B,F_KD_from_CL_MLP_ext,0,Blackhole,0.8469416744501098,0.011009267707532966,"[0.8482142857142866,0.8367978770455561,0.8449053201082064,0.8505747126436793,0.8717480602464641,0.8325231992929747,0.8505041648399835,0.8510067114093968,0.8361478776814251,0.8469945355191268]"
inverse_test_group_size,student,student_B,F_KD_from_CL_MLP_ext,1,Flooding,0.9340136233913556,0.002784563501815632,"[0.9365079365079365,0.9374379344587885,0.932806324110672,0.9365079365079365,0.933728981206726,0.928220255653884,0.9346534653465347,0.9309664694280079,0.9346534653465347,0.9346534653465347]"
inverse_test_group_size,student,student_B,F_KD_from_CL_MLP_ext,2,Grayhole,0.8829236425822709,0.007664787003768303,"[0.8815502183406112,0.8774834437086092,0.8814111261872455,0.8816259269431476,0.9014312719416692,0.8717666483214087,0.8809063277148383,0.8860344356381525,0.881081081081081,0.8859459459459456]"
inverse_test_group_size,student,student_B,F_KD_from_CL_MLP_ext,3,Normal,0.9973518773406352,9.387159128119424e-05,"[0.9973357462423968,0.9975373666911255,0.9972954223263389,0.9972550951667555,0.9974163843455008,0.9972046816554719,0.9973559069842259,0.9974063052919414,0.9973156386668678,0.997396226035729]"
inverse_test_group_size,student,student_B,F_KD_from_CL_MLP_ext,4,TDMA,0.9438661122610755,0.002906343212719263,"[0.9446981227803145,0.94667343829355,0.9452332657200812,0.9404040404040404,0.9461928934010152,0.9394550958627649,0.945712836123795,0.9461382113821138,0.9394550958627649,0.9446981227803145]"
inverse_test_group_size,student,student_B,F_KD_from_CL_MLP_fair,0,Blackhole,0.8421661466924772,0.013804481145257756,"[0.8242784380305611,0.8399646330680824,0.8483221476510078,0.8282476024411517,0.8660351826792977,0.8451075032909179,0.8482944344703776,0.8270469181232759,0.8356979405034335,0.8586666666666675]"
inverse_test_group_size,student,student_B,F_KD_from_CL_MLP_fair,1,Flooding,0.9362326206718077,0.001859326707809702,"[0.9374379344587885,0.9365079365079365,0.9355797819623389,0.9355797819623389,0.9355797819623389,0.9346534653465347,0.9365079365079365,0.932806324110672,0.9383697813121272,0.9393034825870646]"
inverse_test_group_size,student,student_B,F_KD_from_CL_MLP_fair,2,Grayhole,0.8780870392055149,0.01040391317911252,"[0.8573040045121264,0.8772026431718062,0.8834924965893586,0.8674631842178383,0.8951656708310701,0.8766896551724136,0.882721088435374,0.8747653526414586,0.8795472918350846,0.8865190046486191]"
inverse_test_group_size,student,student_B,F_KD_from_CL_MLP_fair,3,Normal,0.9973327315786321,3.7726934985858895e-05,"[0.9973559069842259,0.9974063052919414,0.9973659870511119,0.9973055036094187,0.9973155846897841,0.9972954767099323,0.9972954223263389,0.9972954223263389,0.9973357998130034,0.9973559069842259]"
inverse_test_group_size,student,student_B,F_KD_from_CL_MLP_fair,4,TDMA,0.9435336157659415,0.0017663310811931426,"[0.9442190669371197,0.9442755825734549,0.9446981227803145,0.9395161290322581,0.9428426909458776,0.9446981227803145,0.9433198380566802,0.9442190669371197,0.94188984335523,0.9456576942610462]"
inverse_test_group_size,student,student_B,G_KD_random_pacing,0,Blackhole,0.8454456030042898,0.012819641201696432,"[0.8348826914563975,0.8322266489597175,0.8531405332128342,0.8526645768025087,0.8682882055988992,0.8501338090990194,0.8503155996393157,0.82336832496577,0.8411470186618124,0.8482886216466244]"
inverse_test_group_size,student,student_B,G_KD_random_pacing,1,Flooding,0.9343850560738647,0.003072534166289485,"[0.9346534653465347,0.9355797819623389,0.9374379344587885,0.9374379344587885,0.9273084479371316,0.9355797819623389,0.932806324110672,0.9318854886475815,0.9346534653465347,0.9365079365079365]"
inverse_test_group_size,student,student_B,G_KD_random_pacing,2,Grayhole,0.8838025864278063,0.008459174410418782,"[0.8747591522157993,0.8743109151047409,0.8891304347826086,0.886283065175893,0.8994082840236686,0.8816148390616472,0.8870748299319724,0.8717672413793102,0.8840736728060671,0.8896034297963555]"
inverse_test_group_size,student,student_B,G_KD_random_pacing,3,Normal,0.9973679942111302,0.00012473262803662475,"[0.9974365418446846,0.9974970094791971,0.9974466202903213,0.997396226035729,0.9973559069842259,0.9970735827995052,0.9973055036094187,0.9972752591520124,0.9974466202903213,0.9974466716258872]"
inverse_test_group_size,student,student_B,G_KD_random_pacing,4,TDMA,0.944026176489014,0.003639745055612418,"[0.945712836123795,0.945712836123795,0.9452332657200812,0.9451776649746193,0.9471007121057986,0.9347389558232931,0.9409389197375063,0.9447541814495691,0.9447541814495691,0.9461382113821138]"
inverse_test_group_size,student,student_B,I_KD_from_SMOTE_MLP,0,Blackhole,0.8416147886079323,0.012103883004981868,"[0.8494825964252124,0.8513200555812889,0.8299765807962535,0.8366313851817776,0.8530207394048703,0.8588129496402888,0.845667870036102,0.819438252340616,0.8347338935574238,0.8370635631154887]"
inverse_test_group_size,student,student_B,I_KD_from_SMOTE_MLP,1,Flooding,0.9382767820689534,0.0005293587939578761,"[0.9383697813121272,0.9383697813121272,0.9383697813121272,0.9374379344587885,0.9383697813121272,0.9383697813121272,0.9383697813121272,0.9374379344587885,0.9393034825870646,0.9383697813121272]"
inverse_test_group_size,student,student_B,I_KD_from_SMOTE_MLP,2,Grayhole,0.8837571855749768,0.009005406700145503,"[0.8932554434413167,0.8957716132507403,0.8768864177918981,0.8823687752355319,0.8890097932535366,0.8890701468189228,0.8853173522201035,0.8655899260881467,0.8841430859583554,0.8761593016912164]"
inverse_test_group_size,student,student_B,I_KD_from_SMOTE_MLP,3,Normal,0.9972732733552185,0.00016339640451314434,"[0.9974365418446846,0.9974769558618055,0.9970837271977635,0.9971846280692581,0.9973861465768573,0.9971744879387839,0.9972955310913386,0.9972954767099323,0.9974164362905252,0.996982801971236]"
inverse_test_group_size,student,student_B,I_KD_from_SMOTE_MLP,4,TDMA,0.9374503859804937,0.005243566725864819,"[0.9427848101265823,0.9380976346250629,0.937625754527163,0.9324662331165583,0.942366026289181,0.9371543489190548,0.9366834170854271,0.9404641775983855,0.9414141414141414,0.9254473161033797]"
inverse_test_group_size,student,student_B,J_CoDistill_RF_CL,0,Blackhole,0.8497846508121503,0.02170236397423321,"[0.8372943327239498,0.856196783349102,0.8540344514959213,0.8317460317460325,0.8403880070546746,0.8383610986042331,0.9068746952706008,0.8440366972477076,0.8525345622119828,0.8363798484172988]"
inverse_test_group_size,student,student_B,J_CoDistill_RF_CL,1,Flooding,0.9383697813121273,1.1702778228589004e-16,"[0.9383697813121272,0.9383697813121272,0.9383697813121272,0.9383697813121272,0.9383697813121272,0.9383697813121272,0.9383697813121272,0.9383697813121272,0.9383697813121272,0.9383697813121272]"
inverse_test_group_size,student,student_B,J_CoDistill_RF_CL,2,Grayhole,0.8925313300634412,0.016052648338757677,"[0.8862894450489659,0.8997607019409728,0.8942333971030337,0.8820793433652527,0.8797556234379336,0.8838992332968235,0.933438155136268,0.8917232021709636,0.8955627705627707,0.8785714285714283]"
inverse_test_group_size,student,student_B,J_CoDistill_RF_CL,3,Normal,0.99783968334308,5.9858525322042324e-05,"[0.9979504902748755,0.9977490604337078,0.9978498080903483,0.9978598772192471,0.997779363149486,0.9978093974838217,0.9978497216695806,0.9979100938448244,0.9978397387591058,0.9977992825058033]"
inverse_test_group_size,student,student_B,J_CoDistill_RF_CL,4,TDMA,0.9554550172413849,0.00178111495840921,"[0.9598352214212152,0.9544290834613415,0.955407483341876,0.9534526854219949,0.9549180327868853,0.9544290834613415,0.9544290834613415,0.955407483341876,0.955407483341876,0.9568345323741008]"
inverse_test_group_size,teacher,,A_RF_500_uncalibrated,0,Blackhole,0.987079921508086,0.001163627356816321,"[0.9882468168462294,0.9887420460107686,0.9853085210577867,0.9882812500000004,0.9867711905928468,0.9853085210577867,0.9867970660146702,0.9872673849167485,0.9872922776148586,0.9867841409691632]"
inverse_test_group_size,teacher,,A_RF_500_uncalibrated,1,Flooding,0.9566280327690346,0.0007644935738677333,"[0.9564336372847011,0.9574036511156186,0.9564336372847011,0.9554655870445344,0.9564336372847011,0.9574036511156186,0.9574036511156186,0.9574036511156186,0.9554655870445344,0.9564336372847011]"
inverse_test_group_size,teacher,,A_RF_500_uncalibrated,2,Grayhole,0.9816108295051814,0.0007584452096596302,"[0.9814323607427056,0.9827448898327582,0.9801008224993367,0.9822045152722444,0.98224224754837,0.9811621119660388,0.9811521104327051,0.9814323607427056,0.9822045152722444,0.9814323607427056]"
inverse_test_group_size,teacher,,A_RF_500_uncalibrated,3,Normal,0.9985375493950535,2.0106848959269654e-05,"[0.9985044214921658,0.9985546522131888,0.9985144738426949,0.9985244667503137,0.998564617314931,0.9985646749440424,0.9985345485204963,0.9985345485204963,0.9985445712507653,0.9985345191014394]"
inverse_test_group_size,teacher,,A_RF_500_uncalibrated,4,TDMA,0.9687825182101977,0.0,"[0.9687825182101977,0.9687825182101977,0.9687825182101977,0.9687825182101977,0.9687825182101977,0.9687825182101977,0.9687825182101977,0.9687825182101977,0.9687825182101977,0.9687825182101977]"
inverse_test_group_size,teacher,,A_calibrated_RF_KD_teacher,0,Blackhole,0.985861304742398,0.0007000004083943464,"[0.9852362204724411,0.9871921182266011,0.9862068965517242,0.9862068965517242,0.9856931425752344,0.9861932938856017,0.9852216748768474,0.9847215377033022,0.9857072449482505,0.986234021632252]"
inverse_test_group_size,teacher,,A_calibrated_RF_KD_teacher,1,Flooding,0.9586573005345844,0.0017028238110367894,"[0.9582909460834181,0.9574036511156186,0.960325534079349,0.9582909460834181,0.9612244897959183,0.9602446483180428,0.9572301425661914,0.9571428571428572,0.9601634320735445,0.9562563580874873]"
inverse_test_group_size,teacher,,A_calibrated_RF_KD_teacher,2,Grayhole,0.9805149353660301,0.0006458692657757308,"[0.9796565389696169,0.9809926082365363,0.9817989976259561,0.9801849405548216,0.9802267334563669,0.9804646251319956,0.9802163017673435,0.9812911725955205,0.980174464710547,0.9801429706115964]"
inverse_test_group_size,teacher,,A_calibrated_RF_KD_teacher,3,Normal,0.9985425642234746,2.9826151144347847e-05,"[0.9985244963714656,0.9985244371279725,0.9985946879203389,0.9985245259914282,0.9985545941822416,0.9985647037568628,0.9985244371279725,0.9985746120334866,0.9985446881116073,0.9984944596113698]"
inverse_test_group_size,teacher,,A_calibrated_RF_KD_teacher,4,TDMA,0.9686182225346558,0.00025725707994169665,"[0.9682457053617908,0.9682457053617908,0.9687825182101977,0.9682457053617908,0.9687825182101977,0.96875,0.9687825182101977,0.9687825182101977,0.9687825182101977,0.9687825182101977]"
inverse_test_group_size,teacher,,B_Full_MLP,0,Blackhole,0.8478067155363904,0.005070516582269317,"[0.845434298440981,0.8431456811345088,0.8480146052031048,0.8439716312056744,0.8512505484861791,0.8421052631578956,0.8596572487262633,0.8466579292267377,0.8483197093551327,0.8495102404274274]"
inverse_test_group_size,teacher,,B_Full_MLP,1,Flooding,0.9333974340240637,0.003191538480043387,"[0.9318854886475815,0.9320197044334976,0.9274509803921569,0.9346534653465347,0.9355797819623389,0.9374379344587885,0.9300492610837439,0.9346534653465347,0.932806324110672,0.9374379344587885]"
inverse_test_group_size,teacher,,B_Full_MLP,2,Grayhole,0.8827353026520486,0.006444999152544468,"[0.8796498905908092,0.8753509264458168,0.8859530870854676,0.8820936639118454,0.8834763354553001,0.8747203579418343,0.8956661316211875,0.8769017980636237,0.8863021115322142,0.8872387238723869]"
inverse_test_group_size,teacher,,B_Full_MLP,3,Normal,0.997389187043896,0.00010159106282786973,"[0.9973861991314139,0.9974667765737147,0.9972247918593895,0.9974265149382766,0.9973659870511119,0.9974768544114838,0.9973156386668678,0.9972753139421482,0.9973861991314139,0.997567594733139]"
inverse_test_group_size,teacher,,B_Full_MLP,4,TDMA,0.9456112264773845,0.002281933369357124,"[0.9490316004077471,0.948118006103764,0.9433198380566802,0.9433198380566802,0.94188984335523,0.9471544715447154,0.945712836123795,0.9447541814495691,0.9461382113821138,0.94667343829355]"
inverse_test_group_size,teacher,,C2_CL_MLP_domain,0,Blackhole,0.8275358730377533,0.005014576107276535,"[0.8245614035087727,0.8373983739837408,0.8253255500673563,0.827027027027028,0.8347514554411115,0.8227253310551056,0.828853046594983,0.8227628149435281,0.8236889692585906,0.8282647584973176]"
inverse_test_group_size,teacher,,C2_CL_MLP_domain,1,Flooding,0.934933376067805,0.001514049659295415,"[0.9374379344587885,0.9355797819623389,0.933728981206726,0.9355797819623389,0.9355797819623389,0.9318854886475815,0.9346534653465347,0.9355797819623389,0.9355797819623389,0.933728981206726]"
inverse_test_group_size,teacher,,C2_CL_MLP_domain,2,Grayhole,0.8687291733139032,0.006485964981546909,"[0.8610729023383769,0.8784590341833964,0.8702290076335877,0.8714324544713236,0.873638344226579,0.8579449747332957,0.8707742639040347,0.8613503751041954,0.8696830127336763,0.8727073638105664]"
inverse_test_group_size,teacher,,C2_CL_MLP_domain,3,Normal,0.9973357690753671,6.635511528311382e-05,"[0.9972349303705194,0.9973559069842259,0.9972954767099323,0.9974365418446846,0.9973256655674415,0.9973156386668678,0.9972954767099323,0.9973156386668678,0.9973256655674415,0.9974567496657586]"
inverse_test_group_size,teacher,,C2_CL_MLP_domain,4,TDMA,0.9454708981879462,0.0019234692815703924,"[0.9446981227803145,0.9452332657200812,0.94188984335523,0.9486005089058525,0.9461928934010152,0.9476359938993391,0.9437974683544303,0.9447541814495691,0.9452332657200812,0.94667343829355]"
inverse_test_group_size,teacher,,C_CL_MLP_loss_ext,0,Blackhole,0.8407382580369587,0.00793084615893468,"[0.835010940919038,0.8415398388540746,0.840000000000001,0.8331143232588709,0.8533102553007365,0.8424657534246582,0.8464874241110156,0.83065198983912,0.8331108144192266,0.8516912402428457]"
inverse_test_group_size,teacher,,C_CL_MLP_loss_ext,1,Flooding,0.9328126880351671,0.002565879652539766,"[0.9346534653465347,0.932806324110672,0.933728981206726,0.933728981206726,0.9291338582677166,0.928220255653884,0.9355797819623389,0.9309664694280079,0.933728981206726,0.9355797819623389]"
inverse_test_group_size,teacher,,C_CL_MLP_loss_ext,2,Grayhole,0.8744605537105938,0.006196338821919707,"[0.8684863523573196,0.8808743169398905,0.8750341810226958,0.8697815869505111,0.8819425062796538,0.8730337078651682,0.8784160624651419,0.8624787775891338,0.8746915272826978,0.8798665183537262]"
inverse_test_group_size,teacher,,C_CL_MLP_loss_ext,3,Normal,0.9973740608101886,7.864120182535417e-05,"[0.9973155846897841,0.9974667765737147,0.9972349303705194,0.9973357462423968,0.9974063574401351,0.9973256655674415,0.9974970597991617,0.9974365933833952,0.9973659870511119,0.9973559069842259]"
inverse_test_group_size,teacher,,C_CL_MLP_loss_ext,4,TDMA,0.946902980507008,0.002220839765659079,"[0.9485481406011207,0.9490835030549898,0.9437974683544303,0.9452332657200812,0.9480651731160896,0.945712836123795,0.9490835030549898,0.9495155532891382,0.9437974683544303,0.9461928934010152]"
inverse_test_group_size,teacher,,C_CL_MLP_loss_fair,0,Blackhole,0.8293761401458356,0.007935213966528317,"[0.827761320355481,0.8334054521852018,0.8203389830508483,0.8240343347639494,0.8287243532560223,0.831168831168832,0.8492027334851945,0.8294142796066702,0.8250218722659676,0.8246892413201891]"
inverse_test_group_size,teacher,,C_CL_MLP_loss_fair,1,Flooding,0.9337612537094866,0.0022595777274664317,"[0.9355797819623389,0.9365079365079365,0.9355797819623389,0.933728981206726,0.9283611383709519,0.932806324110672,0.933728981206726,0.932806324110672,0.9346534653465347,0.9338598223099703]"
inverse_test_group_size,teacher,,C_CL_MLP_loss_fair,2,Grayhole,0.8651151506875445,0.008861269906236537,"[0.8600508905852415,0.8675773626986336,0.8550437976829611,0.8606672273619286,0.8714442013129099,0.8644444444444441,0.8863083985957328,0.8644544431946004,0.8639380530973448,0.8572226879016485]"
inverse_test_group_size,teacher,,C_CL_MLP_loss_fair,3,Normal,0.9973357590683666,5.400692776686449e-05,"[0.9974164362905252,0.997366040012064,0.9973761196730705,0.9973055036094187,0.9972953679405584,0.9972752591520124,0.9973156386668678,0.9973962783871,0.9973559069842259,0.9972550399678246]"
inverse_test_group_size,teacher,,C_CL_MLP_loss_fair,4,TDMA,0.9459453514118193,0.001981298348685058,"[0.9490835030549898,0.9452332657200812,0.94667343829355,0.942366026289181,0.9442190669371197,0.9476359938993391,0.9442755825734549,0.9471544715447154,0.9456576942610462,0.9471544715447154]"
inverse_test_group_size,teacher,,G_random_pacing_teacher,0,Blackhole,0.8443461686035187,0.007504501337584702,"[0.8404533565823894,0.8304794520547953,0.8471092077087804,0.848953594176525,0.8503937007874024,0.8430740911182706,0.8470085470085478,0.8343976160068121,0.846153846153847,0.8554382744378164]"
inverse_test_group_size,teacher,,G_random_pacing_teacher,1,Flooding,0.9324003673120955,0.0035876264459655614,"[0.928220255653884,0.9355797819623389,0.9355797819623389,0.9355797819623389,0.9274509803921569,0.9320197044334976,0.9318854886475815,0.9274509803921569,0.933728981206726,0.9365079365079365]"
inverse_test_group_size,teacher,,G_random_pacing_teacher,2,Grayhole,0.8784864021771648,0.00918054909637402,"[0.8757297748123434,0.8641212801796742,0.8765813888107955,0.8874458874458871,0.8817502076986984,0.8844194153928663,0.8750703432751826,0.8651843512524624,0.8812999173781323,0.8932614555256062]"
inverse_test_group_size,teacher,,G_random_pacing_teacher,3,Normal,0.9973549039805694,0.00012707138820936708,"[0.9974164362905252,0.9973659870511119,0.9974466716258872,0.9973861991314139,0.997396226035729,0.9970936956324983,0.9973257193412824,0.9971743742898227,0.9974466202903213,0.9974971101171031]"
inverse_test_group_size,teacher,,G_random_pacing_teacher,4,TDMA,0.9452505479507496,0.0042515085062358885,"[0.9486005089058525,0.9447541814495691,0.94667343829355,0.9447541814495691,0.9510204081632653,0.9357429718875502,0.9437974683544303,0.94188984335523,0.9471544715447154,0.948118006103764]"
inverse_test_group_size,teacher,,I_SMOTE_MLP_teacher,0,Blackhole,0.9375585105921609,0.031212411633100644,"[0.9483747609942647,0.9150897622513353,0.942951438000944,0.9562710235463733,0.934097421203439,0.8589174800354928,0.9688412852969831,0.9446316803081366,0.9480968858131495,0.9583133684714908]"
inverse_test_group_size,teacher,,I_SMOTE_MLP_teacher,1,Flooding,0.9386500771367684,0.0006298036156210313,"[0.9383697813121272,0.9383697813121272,0.9383697813121272,0.9374379344587885,0.9393034825870646,0.9383697813121272,0.9393034825870646,0.9393034825870646,0.9393034825870646,0.9383697813121272]"
inverse_test_group_size,teacher,,I_SMOTE_MLP_teacher,2,Grayhole,0.9423690254509312,0.02068080062161124,"[0.9472579375491995,0.935602094240838,0.9439153439153438,0.9548556430446193,0.940588853838065,0.8876096491228072,0.9627313004951785,0.9476439790575915,0.9509297520661157,0.9525557011795542]"
inverse_test_group_size,teacher,,I_SMOTE_MLP_teacher,3,Normal,0.9971663484211939,0.00027232692227002086,"[0.997366040012064,0.9973761196730705,0.9970938125358245,0.996962687317711,0.9972853954273994,0.9972853954273994,0.9970029769088422,0.9973761196730705,0.9973761196730705,0.9965388175634885]"
inverse_test_group_size,teacher,,I_SMOTE_MLP_teacher,4,TDMA,0.9338211507903951,0.01229376031565403,"[0.94667343829355,0.9366834170854271,0.9319319319319319,0.9227722772277228,0.9399899142713061,0.942366026289181,0.9227722772277228,0.9437974683544303,0.9428426909458776,0.9083820662768031]"
pure_group_representative,student,student_A,D_Small_MLP,0,Blackhole,0.8449717720632746,0.010381738696583813,"[0.8567567567567568,0.8393013100436681,0.8408091468777484,0.8540387340576288,0.8454545454545455,0.8430257979886314,0.832034632034632,0.8647670737222976,0.8376300316598824,0.8358996920369556]"
pure_group_representative,student,student_A,D_Small_MLP,1,Flooding,0.9301632343519307,0.004725230304453633,"[0.9271653543307087,0.923679060665362,0.932806324110672,0.9291338582677166,0.923828125,0.9263984298331698,0.932806324110672,0.9346534653465347,0.9365079365079365,0.9346534653465347]"
pure_group_representative,student,student_A,D_Small_MLP,2,Grayhole,0.8585619750442973,0.02312629418178253,"[0.8134161490683229,0.8642857142857143,0.8517722878625135,0.8546188793538617,0.882766072393301,0.86573694284933,0.8620498614958448,0.8883508205542103,0.8285203168924099,0.8741027056874655]"
pure_group_representative,student,student_A,D_Small_MLP,3,Normal,0.9962224159903643,0.0011856916526093704,"[0.9936835307650395,0.99681147466782,0.9963771032928106,0.9953157581923864,0.9970331781199401,0.9967709810785527,0.996932422782544,0.996982801971236,0.9949408421179933,0.9973760669153203]"
pure_group_representative,student,student_A,D_Small_MLP,4,TDMA,0.940540156549085,0.0035071255013214855,"[0.9399293286219081,0.9428426909458776,0.9461928934010152,0.9395161290322581,0.9371543489190548,0.9422492401215805,0.9361488185017597,0.9414141414141414,0.935678391959799,0.9442755825734549]"
pure_group_representative,student,student_A,E2_KD_from_MLP,0,Blackhole,0.8275643128430819,0.00629126295897765,"[0.8356596127870328,0.8307826847398339,0.8282560706401766,0.8259355961705831,0.8384439359267735,0.8166368515205724,0.8248587570621468,0.8247330960854092,0.8276785714285714,0.8226579520697168]"
pure_group_representative,student,student_A,E2_KD_from_MLP,1,Flooding,0.936139250544314,0.001705023465144611,"[0.9365079365079365,0.9355797819623389,0.932806324110672,0.9355797819623389,0.9355797819623389,0.9383697813121272,0.9374379344587885,0.9365079365079365,0.9346534653465347,0.9383697813121272]"
pure_group_representative,student,student_A,E2_KD_from_MLP,2,Grayhole,0.8693260108069927,0.005648950500680305,"[0.8753733369535704,0.8715953307392996,0.8708609271523179,0.8644444444444445,0.8812281174252626,0.868421052631579,0.8625381838378229,0.8654108654108654,0.867574931880109,0.8658129175946548]"
pure_group_representative,student,student_A,E2_KD_from_MLP,3,Normal,0.9973296841750099,0.00012089611019397607,"[0.9972349303705194,0.9975675458346736,0.9973659870511119,0.9973559069842259,0.9972752591520124,0.9973458267146562,0.997214764763255,0.9972046254399196,0.9972450128700129,0.9974869825697111]"
pure_group_representative,student,student_A,E2_KD_from_MLP,4,TDMA,0.9416814457458896,0.0034116439361724037,"[0.9409389197375063,0.9471007121057986,0.94188984335523,0.9442755825734549,0.9404641775983855,0.9357429718875502,0.9375629405840886,0.9408792319353209,0.9452332657200812,0.94272681196148]"
pure_group_representative,student,student_A,E_KD_from_RF,0,Blackhole,0.8119084855825541,0.00635326515999898,"[0.8101153504880213,0.8068592057761733,0.8166151126822802,0.8012259194395797,0.8170289855072463,0.8098495212038304,0.8222698072805139,0.817351598173516,0.811391223155929,0.806378132118451]"
pure_group_representative,student,student_A,E_KD_from_RF,1,Flooding,0.9388931712691088,0.0005308938899465319,"[0.9393034825870646,0.9393034825870646,0.9393034825870646,0.9393034825870646,0.9382470119521913,0.9383697813121272,0.9382470119521913,0.9393034825870646,0.9393034825870646,0.9382470119521913]"
pure_group_representative,student,student_A,E_KD_from_RF,2,Grayhole,0.8659738398723251,0.005912880585568794,"[0.8623087621696801,0.8636488340192043,0.8659966499162479,0.8529082774049217,0.8720898384004382,0.8668307355756084,0.8642816581487791,0.8725382932166302,0.8723231227975061,0.8668122270742358]"
pure_group_representative,student,student_A,E_KD_from_RF,3,Normal,0.9979749715519658,4.3754085165869435e-05,"[0.9979910803969625,0.9979305217897972,0.9979307712397292,0.9979004048501653,0.9980110497237569,0.9980112894477813,0.9980211545608871,0.9979811371922741,0.9979512312698349,0.9980210750484686]"
pure_group_representative,student,student_A,E_KD_from_RF,4,TDMA,0.9617542586658614,0.0019100872725371432,"[0.9618163054695562,0.9597938144329897,0.9588477366255144,0.9608247422680413,0.9622739018087856,0.9658031088082901,0.9627714581178903,0.9617768595041323,0.9608247422680413,0.9628099173553719]"
pure_group_representative,student,student_A,F_KD_from_CL_MLP_ext,0,Blackhole,0.8236867842307796,0.007857701989377089,"[0.8327495621716288,0.8259325044404974,0.8194207836456558,0.8256959314775161,0.8181026979982594,0.8142292490118577,0.8235294117647058,0.8307830783078308,0.8349344978165939,0.8114901256732495]"
pure_group_representative,student,student_A,F_KD_from_CL_MLP_ext,1,Flooding,0.9356753494182712,0.001715025400776256,"[0.9374379344587885,0.9365079365079365,0.9355797819623389,0.9365079365079365,0.9355797819623389,0.933728981206726,0.9355797819623389,0.9374379344587885,0.9318854886475815,0.9365079365079365]"
pure_group_representative,student,student_A,F_KD_from_CL_MLP_ext,2,Grayhole,0.8641616704903118,0.005887123784855813,"[0.8679349324510615,0.8700906344410876,0.8556933483652762,0.858902575587906,0.8595224875069406,0.8602269582064767,0.8625277161862528,0.8724905046120456,0.8713968957871396,0.862830651758931]"
pure_group_representative,student,student_A,F_KD_from_CL_MLP_ext,3,Normal,0.9973337283093665,8.91297799095867e-05,"[0.9972651772607533,0.9974466202903213,0.9972450128700129,0.9972248476682688,0.9974768544114838,0.9973559601483879,0.9973155846897841,0.9972550951667555,0.9973357462423968,0.9974163843455008]"
pure_group_representative,student,student_A,F_KD_from_CL_MLP_ext,4,TDMA,0.9432710773021814,0.0028087741351684463,"[0.9432048681541582,0.943683409436834,0.9380976346250629,0.94188984335523,0.9489795918367347,0.9413549039433772,0.9437404967055246,0.9423076923076923,0.9442190669371197,0.9452332657200812]"
pure_group_representative,student,student_A,F_KD_from_CL_MLP_fair,0,Blackhole,0.8306752996001812,0.008228117080303124,"[0.8420153714773698,0.8388501742160279,0.8291413703382481,0.8259921500218055,0.8241206030150754,0.822871883061049,0.8453063023358308,0.8241610738255034,0.8286219081272085,0.8256721595836947]"
pure_group_representative,student,student_A,F_KD_from_CL_MLP_fair,1,Flooding,0.9363137549263758,0.002188441503161545,"[0.9393034825870646,0.9345238095238095,0.9365079365079365,0.9374379344587885,0.9355797819623389,0.9318854886475815,0.9346534653465347,0.9374379344587885,0.9374379344587885,0.9383697813121272]"
pure_group_representative,student,student_A,F_KD_from_CL_MLP_fair,2,Grayhole,0.8681620844097931,0.0056928802149296895,"[0.8684431977559607,0.873575993331481,0.8669456066945607,0.8644302744663155,0.8737864077669902,0.8603414497621047,0.8778205833791964,0.8670299727520436,0.8687757909215956,0.8604715672676838]"
pure_group_representative,student,student_A,F_KD_from_CL_MLP_fair,3,Normal,0.9973085308227105,9.289550214471381e-05,"[0.9972753139421482,0.9973458267146562,0.9974466716258872,0.9972349303705194,0.9973357462423968,0.9973559069842259,0.9971945983449135,0.9973055036094187,0.9974264631964131,0.9971643471965248]"
pure_group_representative,student,student_A,F_KD_from_CL_MLP_fair,4,TDMA,0.9423342915737714,0.0031806583673905115,"[0.9427848101265823,0.9408792319353209,0.945712836123795,0.9375629405840886,0.9418310571573091,0.94667343829355,0.938508064516129,0.9432624113475178,0.9461382113821138,0.9399899142713061]"
pure_group_representative,student,student_A,G_KD_random_pacing,0,Blackhole,0.83162746097195,0.009452861944905216,"[0.8486159169550173,0.826526130873957,0.821475338280227,0.8313827481577807,0.8424875170222424,0.8375165125495376,0.8368489022815325,0.8274021352313167,0.8233719892952721,0.820647419072616]"
pure_group_representative,student,student_A,G_KD_random_pacing,1,Flooding,0.9357668815834759,0.0012952341009986514,"[0.9346534653465347,0.9365079365079365,0.9365079365079365,0.9365079365079365,0.9355797819623389,0.9355797819623389,0.9355797819623389,0.932806324110672,0.9365079365079365,0.9374379344587885]"
pure_group_representative,student,student_A,G_KD_random_pacing,2,Grayhole,0.8697582909090048,0.00557321462547897,"[0.8768802228412256,0.8666114333057167,0.8630175048624618,0.8683035714285714,0.8798920377867746,0.8738292011019284,0.8701007838745801,0.8679245283018868,0.8680175246440307,0.863006100942873]"
pure_group_representative,student,student_A,G_KD_random_pacing,3,Normal,0.9973216570475589,9.590263052960062e-05,"[0.9973256655674415,0.9974063052919414,0.9973761724286992,0.9973156386668678,0.9973155846897841,0.9971442361837343,0.9972651772607533,0.9972248476682688,0.9973559601483879,0.9974869825697111]"
pure_group_representative,student,student_A,G_KD_random_pacing,4,TDMA,0.9425465569291894,0.003724038586151407,"[0.9452332657200812,0.9451776649746193,0.9428426909458776,0.9395161290322581,0.9471544715447154,0.935678391959799,0.9385699899295066,0.9418310571573091,0.9428426909458776,0.9466192170818505]"
pure_group_representative,student,student_A,I_KD_from_SMOTE_MLP,0,Blackhole,0.826993467931449,0.015039337863146322,"[0.8334817453250223,0.8358344702137335,0.8269313767803194,0.8497932935231971,0.8247706422018348,0.8445975032285837,0.8175115207373271,0.8219298245614035,0.8177509694097371,0.7973333333333333]"
pure_group_representative,student,student_A,I_KD_from_SMOTE_MLP,1,Flooding,0.9381841515046421,0.0009609781005927338,"[0.9383697813121272,0.9383697813121272,0.9383697813121272,0.9383697813121272,0.9383697813121272,0.9355797819623389,0.9383697813121272,0.9383697813121272,0.9393034825870646,0.9383697813121272]"
pure_group_representative,student,student_A,I_KD_from_SMOTE_MLP,2,Grayhole,0.8702954900640792,0.01173307086195653,"[0.8763056624518967,0.8799783256570035,0.8633696563285834,0.8911693221712126,0.8745288099084545,0.8738461538461538,0.8708031157668547,0.8649098474341192,0.8582633053221288,0.8497807017543859]"
pure_group_representative,student,student_A,I_KD_from_SMOTE_MLP,3,Normal,0.9972027274169667,0.00017739448583476187,"[0.997416488233461,0.9972249034749034,0.9971744879387839,0.9970838444985218,0.9973659870511119,0.9971644042232277,0.9970636149715412,0.9973863042341872,0.997305557789753,0.9968416817541742]"
pure_group_representative,student,student_A,I_KD_from_SMOTE_MLP,4,TDMA,0.9334607637725911,0.006892545624061854,"[0.93891973750631,0.9328657314629258,0.9343358395989975,0.9246031746031746,0.9404040404040404,0.9362129583124058,0.9277528649725959,0.9409389197375063,0.937625754527163,0.9209486166007905]"
pure_group_representative,student,student_A,J_CoDistill_RF_CL,0,Blackhole,0.8234427019570727,0.016331651928853785,"[0.8209219858156028,0.8269484808454426,0.8148812191842223,0.8087233075874602,0.8286888990406578,0.8281818181818181,0.8163265306122449,0.8637236084452975,0.8217126813289658,0.8043184885290149]"
pure_group_representative,student,student_A,J_CoDistill_RF_CL,1,Flooding,0.9386498916946084,0.0004510205647838496,"[0.9383697813121272,0.9393034825870646,0.9383697813121272,0.9393034825870646,0.9393034825870646,0.9383697813121272,0.9383697813121272,0.9383697813121272,0.9383697813121272,0.9383697813121272]"
pure_group_representative,student,student_A,J_CoDistill_RF_CL,2,Grayhole,0.874595798905623,0.013181845145129713,"[0.8675496688741722,0.872393661384487,0.867748144074787,0.8642311886586695,0.8791089377886444,0.8792586535840828,0.8668696374204262,0.9072655217965654,0.8796147672552167,0.8619178082191781]"
pure_group_representative,student,student_A,J_CoDistill_RF_CL,3,Normal,0.9977984189499407,6.175862243583665e-05,"[0.9977087269365277,0.9978598342125095,0.9977793185220912,0.9976989318622574,0.9977994594105767,0.9978396519327579,0.9978699461458083,0.9978094855305466,0.9978597481938485,0.9977590867524846]"
pure_group_representative,student,student_A,J_CoDistill_RF_CL,4,TDMA,0.9548180779426227,0.001629137196335484,"[0.9539406345957011,0.9548717948717949,0.9534526854219949,0.9534526854219949,0.9549180327868853,0.9549180327868853,0.9573703133025167,0.9544290834613415,0.9578622816032888,0.9529652351738241]"
pure_group_representative,student,student_B,D_Small_MLP,0,Blackhole,0.8789107873024694,0.01610255856001383,"[0.8742623694961417,0.8555347091932458,0.88268156424581,0.8682795698924731,0.8741965105601469,0.9028243178554333,0.8852607709750567,0.8681961313540261,0.907484890748489,0.8703870387038704]"
pure_group_representative,student,student_B,D_Small_MLP,1,Flooding,0.9309755357736368,0.0030644396032261964,"[0.928220255653884,0.9273084479371316,0.9309664694280079,0.9318854886475815,0.9273084479371316,0.9346534653465347,0.932806324110672,0.9300492610837439,0.9300492610837439,0.9365079365079365]"
pure_group_representative,student,student_B,D_Small_MLP,2,Grayhole,0.9086434953552999,0.01067130214592966,"[0.9054347826086957,0.8980026631158455,0.9146537842190016,0.8981937602627258,0.906047516198704,0.9251772118666317,0.911117151399837,0.8994535519125683,0.9269076305220884,0.9014469014469014]"
pure_group_representative,student,student_B,D_Small_MLP,3,Normal,0.997411397215371,7.256206848413842e-05,"[0.9974869320466425,0.9974063052919414,0.9975777190355101,0.9974065138721351,0.997366040012064,0.9973559601483879,0.9974063574401351,0.9973357998130034,0.9974163843455008,0.9973559601483879]"
pure_group_representative,student,student_B,D_Small_MLP,4,TDMA,0.9439442401994343,0.0030675721302553063,"[0.9471544715447154,0.945712836123795,0.9476359938993391,0.94667343829355,0.942366026289181,0.9446981227803145,0.942366026289181,0.9399899142713061,0.9442755825734549,0.9385699899295066]"
pure_group_representative,student,student_B,E2_KD_from_MLP,0,Blackhole,0.8476715183686585,0.00799334447026982,"[0.8396268325188805,0.8427115640230395,0.8543516873889876,0.8532272325375774,0.8601177003168855,0.8372505543237251,0.8514588859416445,0.8485964104924069,0.8371467025572006,0.8522276135862373]"
pure_group_representative,student,student_B,E2_KD_from_MLP,1,Flooding,0.9363259825794922,0.0019926398148453804,"[0.9365079365079365,0.9365079365079365,0.932806324110672,0.9374379344587885,0.9383697813121272,0.9374379344587885,0.932806324110672,0.9365079365079365,0.9365079365079365,0.9383697813121272]"
pure_group_representative,student,student_B,E2_KD_from_MLP,2,Grayhole,0.8834320614954418,0.005681373709787914,"[0.8765770707624795,0.8797799174690509,0.8857221156481228,0.8873550524572059,0.8921409214092141,0.8763056624518967,0.8821752265861027,0.889545821015856,0.8777959629023458,0.8869228642521426]"
pure_group_representative,student,student_B,E2_KD_from_MLP,3,Normal,0.99738413160916,0.00010222766394619346,"[0.9973861991314139,0.9974163843455008,0.9973055036094187,0.9974769051376645,0.997396226035729,0.9973659870511119,0.9971744311154461,0.9973760669153203,0.9973760669153203,0.9975675458346736]"
pure_group_representative,student,student_B,E2_KD_from_MLP,4,TDMA,0.9431040488836429,0.0020813880687500265,"[0.945712836123795,0.9437974683544303,0.9437404967055246,0.9433198380566802,0.9452332657200812,0.9404040404040404,0.9395161290322581,0.9418310571573091,0.9423076923076923,0.9451776649746193]"
pure_group_representative,student,student_B,E_KD_from_RF,0,Blackhole,0.8574891727773635,0.029876915947726585,"[0.8293345405160706,0.8690188496858385,0.887189292543021,0.820137299771167,0.8783325254483761,0.8762541806020067,0.9048991354466859,0.8345521023765996,0.8530499075785583,0.8221238938053097]"
pure_group_representative,student,student_B,E_KD_from_RF,1,Flooding,0.9391167423320772,0.00039368302440070957,"[0.9393034825870646,0.9393034825870646,0.9393034825870646,0.9383697813121272,0.9393034825870646,0.9393034825870646,0.9383697813121272,0.9393034825870646,0.9393034825870646,0.9393034825870646]"
pure_group_representative,student,student_B,E_KD_from_RF,2,Grayhole,0.9024352467516559,0.02135823575964484,"[0.8794949217677738,0.9124106906589045,0.9205756929637526,0.8808347062053816,0.919175911251981,0.9168443496801706,0.9349680170575693,0.8864628820960698,0.9008174386920981,0.8727678571428571]"
pure_group_representative,student,student_B,E_KD_from_RF,3,Normal,0.9981066949036572,8.68529015796108e-05,"[0.9979909593169262,0.9980413230611609,0.9980011852268504,0.9982526611769431,0.9980713984370292,0.99808150104965,0.9982123847590737,0.9981216413038019,0.9981721402028724,0.9981217545022649]"
pure_group_representative,student,student_B,E_KD_from_RF,4,TDMA,0.9617184812721122,0.0012339962396121487,"[0.9603297269448737,0.9618163054695562,0.9608247422680413,0.9633074935400516,0.9608247422680413,0.9603297269448737,0.9638055842812823,0.9628099173553719,0.9613202681794739,0.9618163054695562]"
pure_group_representative,student,student_B,F_KD_from_CL_MLP_ext,0,Blackhole,0.8469416744501089,0.01100926770753286,"[0.8482142857142857,0.8367978770455551,0.8449053201082056,0.8505747126436781,0.8717480602464628,0.8325231992929739,0.8505041648399825,0.851006711409396,0.836147877681424,0.8469945355191257]"
pure_group_representative,student,student_B,F_KD_from_CL_MLP_ext,1,Flooding,0.9340136233913556,0.002784563501815632,"[0.9365079365079365,0.9374379344587885,0.932806324110672,0.9365079365079365,0.933728981206726,0.928220255653884,0.9346534653465347,0.9309664694280079,0.9346534653465347,0.9346534653465347]"
pure_group_representative,student,student_B,F_KD_from_CL_MLP_ext,2,Grayhole,0.8829236425822711,0.0076647870037682125,"[0.8815502183406113,0.8774834437086093,0.8814111261872456,0.8816259269431475,0.9014312719416689,0.8717666483214089,0.8809063277148383,0.8860344356381525,0.8810810810810811,0.885945945945946]"
pure_group_representative,student,student_B,F_KD_from_CL_MLP_ext,3,Normal,0.9973518773406352,9.387159128119424e-05,"[0.9973357462423968,0.9975373666911255,0.9972954223263389,0.9972550951667555,0.9974163843455008,0.9972046816554719,0.9973559069842259,0.9974063052919414,0.9973156386668678,0.997396226035729]"
pure_group_representative,student,student_B,F_KD_from_CL_MLP_ext,4,TDMA,0.9438661122610755,0.002906343212719263,"[0.9446981227803145,0.94667343829355,0.9452332657200812,0.9404040404040404,0.9461928934010152,0.9394550958627649,0.945712836123795,0.9461382113821138,0.9394550958627649,0.9446981227803145]"
pure_group_representative,student,student_B,F_KD_from_CL_MLP_fair,0,Blackhole,0.8421661466924764,0.013804481145257704,"[0.8242784380305602,0.8399646330680813,0.8483221476510067,0.8282476024411508,0.8660351826792964,0.8451075032909171,0.848294434470377,0.827046918123275,0.8356979405034325,0.8586666666666667]"
pure_group_representative,student,student_B,F_KD_from_CL_MLP_fair,1,Flooding,0.9362326206718077,0.001859326707809702,"[0.9374379344587885,0.9365079365079365,0.9355797819623389,0.9355797819623389,0.9355797819623389,0.9346534653465347,0.9365079365079365,0.932806324110672,0.9383697813121272,0.9393034825870646]"
pure_group_representative,student,student_B,F_KD_from_CL_MLP_fair,2,Grayhole,0.8780870392055149,0.010403913179112555,"[0.8573040045121263,0.8772026431718062,0.8834924965893588,0.8674631842178383,0.8951656708310701,0.8766896551724138,0.8827210884353741,0.8747653526414588,0.8795472918350848,0.8865190046486191]"
pure_group_representative,student,student_B,F_KD_from_CL_MLP_fair,3,Normal,0.9973327315786321,3.7726934985858895e-05,"[0.9973559069842259,0.9974063052919414,0.9973659870511119,0.9973055036094187,0.9973155846897841,0.9972954767099323,0.9972954223263389,0.9972954223263389,0.9973357998130034,0.9973559069842259]"
pure_group_representative,student,student_B,F_KD_from_CL_MLP_fair,4,TDMA,0.9435336157659415,0.0017663310811931426,"[0.9442190669371197,0.9442755825734549,0.9446981227803145,0.9395161290322581,0.9428426909458776,0.9446981227803145,0.9433198380566802,0.9442190669371197,0.94188984335523,0.9456576942610462]"
pure_group_representative,student,student_B,G_KD_random_pacing,0,Blackhole,0.8454456030042892,0.012819641201696493,"[0.8348826914563966,0.8322266489597167,0.8531405332128332,0.8526645768025078,0.8682882055988986,0.8501338090990187,0.8503155996393147,0.8233683249657691,0.8411470186618115,0.8482886216466234]"
pure_group_representative,student,student_B,G_KD_random_pacing,1,Flooding,0.9343850560738647,0.003072534166289485,"[0.9346534653465347,0.9355797819623389,0.9374379344587885,0.9374379344587885,0.9273084479371316,0.9355797819623389,0.932806324110672,0.9318854886475815,0.9346534653465347,0.9365079365079365]"
pure_group_representative,student,student_B,G_KD_random_pacing,2,Grayhole,0.8838025864278064,0.008459174410418773,"[0.8747591522157996,0.8743109151047409,0.8891304347826087,0.8862830651758931,0.8994082840236687,0.8816148390616476,0.8870748299319728,0.8717672413793104,0.8840736728060672,0.8896034297963559]"
pure_group_representative,student,student_B,G_KD_random_pacing,3,Normal,0.9973679942111302,0.00012473262803662475,"[0.9974365418446846,0.9974970094791971,0.9974466202903213,0.997396226035729,0.9973559069842259,0.9970735827995052,0.9973055036094187,0.9972752591520124,0.9974466202903213,0.9974466716258872]"
pure_group_representative,student,student_B,G_KD_random_pacing,4,TDMA,0.944026176489014,0.003639745055612418,"[0.945712836123795,0.945712836123795,0.9452332657200812,0.9451776649746193,0.9471007121057986,0.9347389558232931,0.9409389197375063,0.9447541814495691,0.9447541814495691,0.9461382113821138]"
pure_group_representative,student,student_B,I_KD_from_SMOTE_MLP,0,Blackhole,0.8416147886079314,0.012103883004981728,"[0.8494825964252116,0.8513200555812876,0.8299765807962529,0.8366313851817764,0.8530207394048692,0.8588129496402878,0.8456678700361011,0.8194382523406153,0.834733893557423,0.8370635631154879]"
pure_group_representative,student,student_B,I_KD_from_SMOTE_MLP,1,Flooding,0.9382767820689534,0.0005293587939578761,"[0.9383697813121272,0.9383697813121272,0.9383697813121272,0.9374379344587885,0.9383697813121272,0.9383697813121272,0.9383697813121272,0.9374379344587885,0.9393034825870646,0.9383697813121272]"
pure_group_representative,student,student_B,I_KD_from_SMOTE_MLP,2,Grayhole,0.8837571855749771,0.009005406700145564,"[0.893255443441317,0.8957716132507406,0.8768864177918984,0.8823687752355316,0.8890097932535365,0.8890701468189234,0.8853173522201035,0.8655899260881468,0.8841430859583556,0.8761593016912166]"
pure_group_representative,student,student_B,I_KD_from_SMOTE_MLP,3,Normal,0.9972732733552185,0.00016339640451314434,"[0.9974365418446846,0.9974769558618055,0.9970837271977635,0.9971846280692581,0.9973861465768573,0.9971744879387839,0.9972955310913386,0.9972954767099323,0.9974164362905252,0.996982801971236]"
pure_group_representative,student,student_B,I_KD_from_SMOTE_MLP,4,TDMA,0.9374503859804937,0.005243566725864819,"[0.9427848101265823,0.9380976346250629,0.937625754527163,0.9324662331165583,0.942366026289181,0.9371543489190548,0.9366834170854271,0.9404641775983855,0.9414141414141414,0.9254473161033797]"
pure_group_representative,student,student_B,J_CoDistill_RF_CL,0,Blackhole,0.8497846508121494,0.021702363974233103,"[0.8372943327239488,0.8561967833491012,0.8540344514959202,0.8317460317460318,0.8403880070546738,0.8383610986042324,0.9068746952705997,0.8440366972477065,0.8525345622119815,0.8363798484172983]"
pure_group_representative,student,student_B,J_CoDistill_RF_CL,1,Flooding,0.9383697813121273,1.1702778228589004e-16,"[0.9383697813121272,0.9383697813121272,0.9383697813121272,0.9383697813121272,0.9383697813121272,0.9383697813121272,0.9383697813121272,0.9383697813121272,0.9383697813121272,0.9383697813121272]"
pure_group_representative,student,student_B,J_CoDistill_RF_CL,2,Grayhole,0.8925313300634414,0.016052648338757688,"[0.8862894450489662,0.8997607019409731,0.8942333971030336,0.8820793433652531,0.8797556234379339,0.8838992332968236,0.9334381551362684,0.8917232021709633,0.8955627705627706,0.8785714285714286]"
pure_group_representative,student,student_B,J_CoDistill_RF_CL,3,Normal,0.99783968334308,5.9858525322019475e-05,"[0.9979504902748754,0.9977490604337078,0.9978498080903483,0.9978598772192471,0.997779363149486,0.9978093974838217,0.9978497216695806,0.9979100938448244,0.9978397387591057,0.9977992825058033]"
pure_group_representative,student,student_B,J_CoDistill_RF_CL,4,TDMA,0.9554550172413849,0.00178111495840921,"[0.9598352214212152,0.9544290834613415,0.955407483341876,0.9534526854219949,0.9549180327868853,0.9544290834613415,0.9544290834613415,0.955407483341876,0.955407483341876,0.9568345323741008]"
pure_group_representative,teacher,,A_RF_500_uncalibrated,0,Blackhole,0.9870799215080858,0.001163627356816293,"[0.9882468168462292,0.9887420460107684,0.9853085210577864,0.98828125,0.9867711905928467,0.9853085210577864,0.9867970660146699,0.9872673849167483,0.9872922776148583,0.986784140969163]"
pure_group_representative,teacher,,A_RF_500_uncalibrated,1,Flooding,0.9566280327690346,0.0007644935738677333,"[0.9564336372847011,0.9574036511156186,0.9564336372847011,0.9554655870445344,0.9564336372847011,0.9574036511156186,0.9574036511156186,0.9574036511156186,0.9554655870445344,0.9564336372847011]"
pure_group_representative,teacher,,A_RF_500_uncalibrated,2,Grayhole,0.9816108295051814,0.0007584452096596302,"[0.9814323607427056,0.9827448898327582,0.9801008224993367,0.9822045152722444,0.98224224754837,0.9811621119660388,0.9811521104327051,0.9814323607427056,0.9822045152722444,0.9814323607427056]"
pure_group_representative,teacher,,A_RF_500_uncalibrated,3,Normal,0.9985375493950535,2.0106848959269654e-05,"[0.9985044214921658,0.9985546522131888,0.9985144738426949,0.9985244667503137,0.998564617314931,0.9985646749440424,0.9985345485204963,0.9985345485204963,0.9985445712507653,0.9985345191014394]"
pure_group_representative,teacher,,A_RF_500_uncalibrated,4,TDMA,0.9687825182101977,0.0,"[0.9687825182101977,0.9687825182101977,0.9687825182101977,0.9687825182101977,0.9687825182101977,0.9687825182101977,0.9687825182101977,0.9687825182101977,0.9687825182101977,0.9687825182101977]"
pure_group_representative,teacher,,A_calibrated_RF_KD_teacher,0,Blackhole,0.9858613047423977,0.0007000004083943133,"[0.985236220472441,0.987192118226601,0.9862068965517241,0.9862068965517241,0.9856931425752343,0.9861932938856016,0.9852216748768473,0.9847215377033022,0.9857072449482503,0.9862340216322517]"
pure_group_representative,teacher,,A_calibrated_RF_KD_teacher,1,Flooding,0.9586573005345844,0.0017028238110367894,"[0.9582909460834181,0.9574036511156186,0.960325534079349,0.9582909460834181,0.9612244897959183,0.9602446483180428,0.9572301425661914,0.9571428571428572,0.9601634320735445,0.9562563580874873]"
pure_group_representative,teacher,,A_calibrated_RF_KD_teacher,2,Grayhole,0.9805149353660303,0.000645869265775733,"[0.9796565389696169,0.9809926082365364,0.9817989976259562,0.9801849405548216,0.980226733456367,0.9804646251319957,0.9802163017673438,0.9812911725955205,0.9801744647105471,0.9801429706115965]"
pure_group_representative,teacher,,A_calibrated_RF_KD_teacher,3,Normal,0.9985425642234746,2.9826151144347847e-05,"[0.9985244963714656,0.9985244371279725,0.9985946879203389,0.9985245259914282,0.9985545941822416,0.9985647037568628,0.9985244371279725,0.9985746120334866,0.9985446881116073,0.9984944596113698]"
pure_group_representative,teacher,,A_calibrated_RF_KD_teacher,4,TDMA,0.9686182225346558,0.00025725707994169665,"[0.9682457053617908,0.9682457053617908,0.9687825182101977,0.9682457053617908,0.9687825182101977,0.96875,0.9687825182101977,0.9687825182101977,0.9687825182101977,0.9687825182101977]"
pure_group_representative,teacher,,B_Full_MLP,0,Blackhole,0.8478067155363895,0.00507051658226924,"[0.84543429844098,0.8431456811345079,0.8480146052031036,0.8439716312056738,0.8512505484861781,0.8421052631578947,0.8596572487262621,0.8466579292267365,0.8483197093551317,0.8495102404274265]"
pure_group_representative,teacher,,B_Full_MLP,1,Flooding,0.9333974340240637,0.003191538480043387,"[0.9318854886475815,0.9320197044334976,0.9274509803921569,0.9346534653465347,0.9355797819623389,0.9374379344587885,0.9300492610837439,0.9346534653465347,0.932806324110672,0.9374379344587885]"
pure_group_representative,teacher,,B_Full_MLP,2,Grayhole,0.8827353026520488,0.006444999152544528,"[0.8796498905908097,0.8753509264458169,0.8859530870854678,0.8820936639118457,0.8834763354553004,0.8747203579418344,0.8956661316211878,0.8769017980636238,0.8863021115322144,0.8872387238723872]"
pure_group_representative,teacher,,B_Full_MLP,3,Normal,0.997389187043896,0.00010159106282786973,"[0.9973861991314139,0.9974667765737147,0.9972247918593895,0.9974265149382766,0.9973659870511119,0.9974768544114838,0.9973156386668678,0.9972753139421482,0.9973861991314139,0.997567594733139]"
pure_group_representative,teacher,,B_Full_MLP,4,TDMA,0.9456112264773845,0.002281933369357124,"[0.9490316004077471,0.948118006103764,0.9433198380566802,0.9433198380566802,0.94188984335523,0.9471544715447154,0.945712836123795,0.9447541814495691,0.9461382113821138,0.94667343829355]"
pure_group_representative,teacher,,C2_CL_MLP_domain,0,Blackhole,0.8275358730377524,0.005014576107276517,"[0.8245614035087719,0.8373983739837398,0.8253255500673552,0.827027027027027,0.8347514554411106,0.8227253310551047,0.828853046594982,0.8227628149435273,0.8236889692585895,0.8282647584973166]"
pure_group_representative,teacher,,C2_CL_MLP_domain,1,Flooding,0.934933376067805,0.001514049659295415,"[0.9374379344587885,0.9355797819623389,0.933728981206726,0.9355797819623389,0.9355797819623389,0.9318854886475815,0.9346534653465347,0.9355797819623389,0.9355797819623389,0.933728981206726]"
pure_group_representative,teacher,,C2_CL_MLP_domain,2,Grayhole,0.8687291733139034,0.006485964981546961,"[0.8610729023383769,0.8784590341833967,0.8702290076335878,0.8714324544713238,0.8736383442265795,0.8579449747332959,0.8707742639040349,0.8613503751041957,0.8696830127336765,0.8727073638105667]"
pure_group_representative,teacher,,C2_CL_MLP_domain,3,Normal,0.9973357690753671,6.635511528311382e-05,"[0.9972349303705194,0.9973559069842259,0.9972954767099323,0.9974365418446846,0.9973256655674415,0.9973156386668678,0.9972954767099323,0.9973156386668678,0.9973256655674415,0.9974567496657586]"
pure_group_representative,teacher,,C2_CL_MLP_domain,4,TDMA,0.9454708981879462,0.0019234692815703924,"[0.9446981227803145,0.9452332657200812,0.94188984335523,0.9486005089058525,0.9461928934010152,0.9476359938993391,0.9437974683544303,0.9447541814495691,0.9452332657200812,0.94667343829355]"
pure_group_representative,teacher,,C_CL_MLP_loss_ext,0,Blackhole,0.8407382580369578,0.007930846158934659,"[0.8350109409190372,0.8415398388540735,0.84,0.8331143232588699,0.8533102553007356,0.8424657534246576,0.8464874241110147,0.8306519898391194,0.8331108144192256,0.8516912402428447]"
pure_group_representative,teacher,,C_CL_MLP_loss_ext,1,Flooding,0.9328126880351671,0.002565879652539766,"[0.9346534653465347,0.932806324110672,0.933728981206726,0.933728981206726,0.9291338582677166,0.928220255653884,0.9355797819623389,0.9309664694280079,0.933728981206726,0.9355797819623389]"
pure_group_representative,teacher,,C_CL_MLP_loss_ext,2,Grayhole,0.8744605537105942,0.006196338821919631,"[0.8684863523573201,0.8808743169398907,0.8750341810226961,0.8697815869505114,0.8819425062796539,0.8730337078651685,0.8784160624651423,0.8624787775891342,0.8746915272826981,0.8798665183537263]"
pure_group_representative,teacher,,C_CL_MLP_loss_ext,3,Normal,0.9973740608101886,7.864120182535417e-05,"[0.9973155846897841,0.9974667765737147,0.9972349303705194,0.9973357462423968,0.9974063574401351,0.9973256655674415,0.9974970597991617,0.9974365933833952,0.9973659870511119,0.9973559069842259]"
pure_group_representative,teacher,,C_CL_MLP_loss_ext,4,TDMA,0.946902980507008,0.002220839765659079,"[0.9485481406011207,0.9490835030549898,0.9437974683544303,0.9452332657200812,0.9480651731160896,0.945712836123795,0.9490835030549898,0.9495155532891382,0.9437974683544303,0.9461928934010152]"
pure_group_representative,teacher,,C_CL_MLP_loss_fair,0,Blackhole,0.8293761401458349,0.007935213966528298,"[0.8277613203554803,0.8334054521852012,0.8203389830508474,0.8240343347639485,0.8287243532560215,0.8311688311688312,0.8492027334851936,0.8294142796066695,0.8250218722659668,0.8246892413201886]"
pure_group_representative,teacher,,C_CL_MLP_loss_fair,1,Flooding,0.9337612537094866,0.0022595777274664317,"[0.9355797819623389,0.9365079365079365,0.9355797819623389,0.933728981206726,0.9283611383709519,0.932806324110672,0.933728981206726,0.932806324110672,0.9346534653465347,0.9338598223099703]"
pure_group_representative,teacher,,C_CL_MLP_loss_fair,2,Grayhole,0.8651151506875447,0.008861269906236624,"[0.8600508905852418,0.867577362698634,0.8550437976829612,0.8606672273619288,0.8714442013129103,0.8644444444444445,0.8863083985957332,0.8644544431946006,0.8639380530973452,0.8572226879016485]"
pure_group_representative,teacher,,C_CL_MLP_loss_fair,3,Normal,0.9973357590683666,5.400692776686449e-05,"[0.9974164362905252,0.997366040012064,0.9973761196730705,0.9973055036094187,0.9972953679405584,0.9972752591520124,0.9973156386668678,0.9973962783871,0.9973559069842259,0.9972550399678246]"
pure_group_representative,teacher,,C_CL_MLP_loss_fair,4,TDMA,0.9459453514118193,0.001981298348685058,"[0.9490835030549898,0.9452332657200812,0.94667343829355,0.942366026289181,0.9442190669371197,0.9476359938993391,0.9442755825734549,0.9471544715447154,0.9456576942610462,0.9471544715447154]"
pure_group_representative,teacher,,G_random_pacing_teacher,0,Blackhole,0.8443461686035179,0.007504501337584637,"[0.8404533565823888,0.8304794520547946,0.8471092077087794,0.8489535941765242,0.8503937007874016,0.8430740911182697,0.847008547008547,0.8343976160068114,0.8461538461538461,0.8554382744378155]"
pure_group_representative,teacher,,G_random_pacing_teacher,1,Flooding,0.9324003673120955,0.0035876264459655614,"[0.928220255653884,0.9355797819623389,0.9355797819623389,0.9355797819623389,0.9274509803921569,0.9320197044334976,0.9318854886475815,0.9274509803921569,0.933728981206726,0.9365079365079365]"
pure_group_representative,teacher,,G_random_pacing_teacher,2,Grayhole,0.878486402177165,0.00918054909637403,"[0.8757297748123436,0.8641212801796744,0.8765813888107956,0.8874458874458875,0.8817502076986984,0.8844194153928667,0.8750703432751828,0.8651843512524627,0.8812999173781327,0.8932614555256064]"
pure_group_representative,teacher,,G_random_pacing_teacher,3,Normal,0.9973549039805694,0.00012707138820936708,"[0.9974164362905252,0.9973659870511119,0.9974466716258872,0.9973861991314139,0.997396226035729,0.9970936956324983,0.9973257193412824,0.9971743742898227,0.9974466202903213,0.9974971101171031]"
pure_group_representative,teacher,,G_random_pacing_teacher,4,TDMA,0.9452505479507496,0.0042515085062358885,"[0.9486005089058525,0.9447541814495691,0.94667343829355,0.9447541814495691,0.9510204081632653,0.9357429718875502,0.9437974683544303,0.94188984335523,0.9471544715447154,0.948118006103764]"
pure_group_representative,teacher,,I_SMOTE_MLP_teacher,0,Blackhole,0.9375585105921601,0.031212411633100436,"[0.9483747609942639,0.9150897622513343,0.9429514380009429,0.956271023546372,0.9340974212034384,0.8589174800354925,0.9688412852969815,0.9446316803081367,0.9480968858131488,0.9583133684714902]"
pure_group_representative,teacher,,I_SMOTE_MLP_teacher,1,Flooding,0.9386500771367684,0.0006298036156210313,"[0.9383697813121272,0.9383697813121272,0.9383697813121272,0.9374379344587885,0.9393034825870646,0.9383697813121272,0.9393034825870646,0.9393034825870646,0.9393034825870646,0.9383697813121272]"
pure_group_representative,teacher,,I_SMOTE_MLP_teacher,2,Grayhole,0.9423690254509312,0.020680800621611303,"[0.9472579375491997,0.9356020942408377,0.9439153439153439,0.9548556430446195,0.9405888538380652,0.887609649122807,0.9627313004951785,0.9476439790575916,0.9509297520661157,0.9525557011795543]"
pure_group_representative,teacher,,I_SMOTE_MLP_teacher,3,Normal,0.9971663484211939,0.00027232692227002086,"[0.997366040012064,0.9973761196730705,0.9970938125358245,0.996962687317711,0.9972853954273994,0.9972853954273994,0.9970029769088422,0.9973761196730705,0.9973761196730705,0.9965388175634885]"
pure_group_representative,teacher,,I_SMOTE_MLP_teacher,4,TDMA,0.9338211507903951,0.01229376031565403,"[0.94667343829355,0.9366834170854271,0.9319319319319319,0.9227722772277228,0.9399899142713061,0.942366026289181,0.9227722772277228,0.9437974683544303,0.9428426909458776,0.9083820662768031]"
row_level,student,student_A,D_Small_MLP,0,Blackhole,0.8625902647090069,0.012474174380843406,"[0.8796970579667929,0.8556789069171649,0.8575514874141876,0.863678516228748,0.8718555785735425,0.8644356211003971,0.8478690375388089,0.8836662749706228,0.8517857142857143,0.8496844520940906]"
row_level,student,student_A,D_Small_MLP,1,Flooding,0.9322361280672091,0.005009893980804254,"[0.9283018867924528,0.924953095684803,0.9345971563981043,0.931067044381492,0.9259606373008434,0.9293119698397738,0.9345971563981043,0.9372623574144486,0.939047619047619,0.9372623574144486]"
row_level,student,student_A,D_Small_MLP,2,Grayhole,0.843567033700214,0.021141497107643903,"[0.8106178898059335,0.8442161897774517,0.8338122605363985,0.8425249169435216,0.8731521220791607,0.8495964783565664,0.8385185185185186,0.8768167738861091,0.8161333934204597,0.8502817936780201]"
row_level,student,student_A,D_Small_MLP,3,Normal,0.9962264597705875,0.0011571716382356519,"[0.9937613162245139,0.996801914927013,0.9963782696177063,0.9953431709665377,0.9969886904236432,0.9967821685044932,0.9969001981518902,0.996969013310838,0.9949577849637806,0.9973820706154586]"
row_level,student,student_A,D_Small_MLP,4,TDMA,0.939341251942435,0.004088104938615197,"[0.939060939060939,0.9419419419419419,0.9457286432160804,0.9377179870453413,0.934923000496771,0.9418254764292878,0.9343936381709742,0.9400599400599401,0.9339294585196225,0.9438314944834504]"
row_level,student,student_A,E2_KD_from_MLP,0,Blackhole,0.8454955469499641,0.0077286433639376225,"[0.8474275576581904,0.8483981693363845,0.8506212077434268,0.8432155074116305,0.8627567728490623,0.8343160377358491,0.8388195232690124,0.8405882352941176,0.8444444444444444,0.8443680137575237]"
row_level,student,student_A,E2_KD_from_MLP,1,Flooding,0.9384255797634193,0.0019299250653111836,"[0.939047619047619,0.9372623574144486,0.9345971563981043,0.9372623574144486,0.9381541389153187,0.9408396946564885,0.9399428026692088,0.939047619047619,0.9372623574144486,0.9408396946564885]"
row_level,student,student_A,E2_KD_from_MLP,2,Grayhole,0.8491322485756776,0.008619603330206832,"[0.8536003814973772,0.8500369367150948,0.8536585365853658,0.8419497784342689,0.8686772738066968,0.8474657698774922,0.8360493827160493,0.8458044465694478,0.8471888515136954,0.8468911280412877]"
row_level,student,student_A,E2_KD_from_MLP,3,Normal,0.9973329077599266,0.0001138193336421412,"[0.9972444226526109,0.9975589910496339,0.997362408934472,0.9973525778047967,0.9972837544984752,0.9973525778047967,0.9972247555725535,0.9972148671177797,0.9972542559033498,0.9974804662607962]"
row_level,student,student_A,E2_KD_from_MLP,4,TDMA,0.9412177119663493,0.0034678087123094204,"[0.9405297351324338,0.94662638469285,0.9414707353676839,0.9438314944834504,0.9400599400599401,0.934923000496771,0.9371884346959123,0.9404702351175588,0.9447791164658634,0.9422980431510286]"
row_level,student,student_A,E_KD_from_RF,0,Blackhole,0.8262240802407476,0.012581353354653893,"[0.8308588064046579,0.8233897298901751,0.8186317321688501,0.7992916174734357,0.8346786248131539,0.8254731150495644,0.8473625140291807,0.8333333333333334,0.8289393010423053,0.8202820282028203]"
row_level,student,student_A,E_KD_from_RF,1,Flooding,0.9413449226396999,0.0005088965967505244,"[0.941738299904489,0.941738299904489,0.941738299904489,0.941738299904489,0.9407265774378585,0.9408396946564885,0.9407265774378585,0.941738299904489,0.941738299904489,0.9407265774378585]"
row_level,student,student_A,E_KD_from_RF,2,Grayhole,0.8412413669314605,0.010589891772274299,"[0.8403525954946132,0.8395002402691014,0.8305957342485903,0.8174794785127958,0.8518164435946463,0.8437127177284658,0.8458238708049457,0.8502392344497608,0.8516159471573485,0.8412774070543375]"
row_level,student,student_A,E_KD_from_RF,3,Normal,0.9979868387175816,4.1671254241405165e-05,"[0.9980015673981191,0.9979425077890777,0.9979525661497468,0.9979131354894334,0.9980210435566353,0.998021276178908,0.9980308982434829,0.9979918695204977,0.9979627017708823,0.9980308210790316]"
row_level,student,student_A,E_KD_from_RF,4,TDMA,0.9621063098917884,0.0018931725556522502,"[0.9621676891615542,0.9601634320735445,0.9592252803261978,0.9611848825331971,0.9626216077828981,0.9661190965092402,0.9631147540983607,0.962128966223132,0.9611848825331971,0.9631525076765609]"
row_level,student,student_A,F_KD_from_CL_MLP_ext,0,Blackhole,0.8417176136483601,0.009475897342922939,"[0.8476707630751643,0.8421970357454228,0.8407891080855793,0.8466257668711656,0.8367986328681287,0.8315972222222222,0.8356834532374101,0.8499852637783673,0.8589341692789969,0.8268947213211442]"
row_level,student,student_A,F_KD_from_CL_MLP_ext,1,Flooding,0.9375331086507585,0.001879406675795404,"[0.9399428026692088,0.9381541389153187,0.9372623574144486,0.9381541389153187,0.9372623574144486,0.9354838709677419,0.9372623574144486,0.9399428026692088,0.9337121212121212,0.9381541389153187]"
row_level,student,student_A,F_KD_from_CL_MLP_ext,2,Grayhole,0.8422509778332007,0.008220672624638475,"[0.8447600391772772,0.8477206595538312,0.8324514991181657,0.8369646882043577,0.8362472297463679,0.8370280146163216,0.8375609756097561,0.8550274659660855,0.8559468111302635,0.8388023952095809]"
row_level,student,student_A,F_KD_from_CL_MLP_ext,3,Normal,0.9973289855331817,8.953505809879616e-05,"[0.9972739218262763,0.9974410510319134,0.9972444226526109,0.9971952535059331,0.9974705386380125,0.9973428506995853,0.9973132513580828,0.9972640889612363,0.9973329149670537,0.997411561691113]"
row_level,student,student_A,F_KD_from_CL_MLP_ext,4,TDMA,0.9426484892689395,0.002855490372197099,"[0.9427710843373494,0.9432446007031643,0.9377179870453413,0.9400599400599401,0.9484848484848485,0.9409409409409409,0.9433015554440541,0.9418837675350702,0.9437751004016064,0.9443050677370798]"
row_level,student,student_A,F_KD_from_CL_MLP_fair,0,Blackhole,0.8502257800367911,0.009787821011478846,"[0.8645629712370846,0.8607021517553793,0.847045518801244,0.8476896748431261,0.8407451923076923,0.8442945474985947,0.8661281015579919,0.8411712511091393,0.8476936466492603,0.8422247446083996]"
row_level,student,student_A,F_KD_from_CL_MLP_fair,1,Flooding,0.9385050146958953,0.0024301298501970482,"[0.941738299904489,0.9371428571428572,0.9381541389153187,0.9399428026692088,0.9372623574144486,0.9337121212121212,0.936372269705603,0.9399428026692088,0.9399428026692088,0.9408396946564885]"
row_level,student,student_A,F_KD_from_CL_MLP_fair,2,Grayhole,0.8491194346280209,0.008031810656298894,"[0.8529264632316158,0.8560099132589839,0.8437267080745342,0.8455484505656665,0.8545154444706438,0.8392723648143533,0.8634704307617426,0.8484270734032412,0.8501454898157129,0.8371520078837152]"
row_level,student,student_A,F_KD_from_CL_MLP_fair,3,Normal,0.9973053937566189,9.046084285222897e-05,"[0.9972838077681137,0.9973329149670537,0.9974313221827878,0.9972247555725535,0.9973329149670537,0.9973525778047967,0.9971854190979611,0.9973034192643728,0.9974312214443987,0.9971755844970971]"
row_level,student,student_A,F_KD_from_CL_MLP_fair,4,TDMA,0.9416287395342678,0.00341177195959067,"[0.9423558897243107,0.9395302348825587,0.945253641386238,0.9362549800796812,0.9414121181772659,0.9462041226747109,0.9376558603491272,0.9423558897243107,0.9456740442655935,0.9395906140788817]"
row_level,student,student_A,G_KD_random_pacing,0,Blackhole,0.8493770609779869,0.01069447061200372,"[0.871404399323181,0.8411376041367423,0.8433598183881952,0.8528004503236701,0.8564650059311981,0.8554216867469879,0.853542425091011,0.8447314352803053,0.8404782735491397,0.8344295110094366]"
row_level,student,student_A,G_KD_random_pacing,1,Flooding,0.9376207633320547,0.0014048736738942018,"[0.936372269705603,0.9381541389153187,0.9381541389153187,0.939047619047619,0.9372623574144486,0.9372623574144486,0.9372623574144486,0.9345971563981043,0.939047619047619,0.939047619047619]"
row_level,student,student_A,G_KD_random_pacing,2,Grayhole,0.8486968350370543,0.008521684805552857,"[0.8629592850049652,0.8422597212032281,0.8412187267773099,0.8478802992518704,0.8607414448669202,0.8539270858820651,0.8468468468468469,0.8494004796163069,0.8460236886632826,0.8357107722577471]"
row_level,student,student_A,G_KD_random_pacing,3,Normal,0.9973132845606635,9.624194030141712e-05,"[0.9973230832589746,0.9974017315253306,0.9973625640975361,0.9973034721473186,0.9973132513580828,0.9971363003354059,0.9972444226526109,0.9972149217432237,0.9973624606575219,0.9974706378306307]"
row_level,student,student_A,G_KD_random_pacing,4,TDMA,0.9418395690825767,0.003994182831102875,"[0.9447791164658634,0.9447236180904522,0.9424136204306459,0.938185443668993,0.9466800804828974,0.9348582794629537,0.9372509960159362,0.9409409409409409,0.9424136204306459,0.9461499748364368]"
row_level,student,student_A,I_KD_from_SMOTE_MLP,0,Blackhole,0.8410329402803836,0.016866969834088977,"[0.8487321480617895,0.8525373134328358,0.8411798071469087,0.8634335019339482,0.836209506509234,0.8632932625104837,0.8272283272283272,0.8398617511520737,0.8283856375459429,0.8094681472822911]"
row_level,student,student_A,I_KD_from_SMOTE_MLP,1,Flooding,0.9405718214570846,0.001196628254974532,"[0.9408396946564885,0.9408396946564885,0.9408396946564885,0.9408396946564885,0.9408396946564885,0.9372623574144486,0.9408396946564885,0.9408396946564885,0.941738299904489,0.9408396946564885]"
row_level,student,student_A,I_KD_from_SMOTE_MLP,2,Grayhole,0.847027503425618,0.015556314368614873,"[0.8545101842870999,0.8622327790973872,0.8389012620638456,0.871329672952972,0.8524513253577293,0.8537074148296593,0.847212502915792,0.843007592456527,0.8275347912524851,0.8193875090426814]"
row_level,student,student_A,I_KD_from_SMOTE_MLP,3,Normal,0.9971874929265541,0.00017157422440364383,"[0.9974117139551756,0.9971658608820154,0.9971953085160632,0.9970872929477184,0.9973427464823258,0.9971461914895704,0.997057727388635,0.9973331241666012,0.9973035250281904,0.9968314384092447]"
row_level,student,student_A,I_KD_from_SMOTE_MLP,4,TDMA,0.9320637031131309,0.006725853937820977,"[0.9385307346326837,0.9293129016312407,0.9339950372208436,0.9239077074128621,0.9385921118322517,0.9353876739562624,0.9265648102513554,0.9377179870453413,0.9367844698855152,0.9198435972629521]"
row_level,student,student_A,J_CoDistill_RF_CL,0,Blackhole,0.8400976234301376,0.016247467240103532,"[0.8440687846109006,0.8410078192875761,0.8278905560458959,0.8252166118912458,0.851000298596596,0.8427335123843629,0.8338667442537097,0.8772258669165885,0.838946723821188,0.8190193164933135]"
row_level,student,student_A,J_CoDistill_RF_CL,1,Flooding,0.9411092762308888,0.00043406757316258397,"[0.9408396946564885,0.941738299904489,0.9408396946564885,0.941738299904489,0.941738299904489,0.9408396946564885,0.9408396946564885,0.9408396946564885,0.9408396946564885,0.9408396946564885]"
row_level,student,student_A,J_CoDistill_RF_CL,2,Grayhole,0.8536028283797501,0.01643094125946785,"[0.8506919155134741,0.848470012239902,0.8412660062817106,0.8414023372287145,0.863278453829635,0.8576886341929322,0.8434146341463414,0.8930382664822499,0.8600140219677495,0.8367640019147917]"
row_level,student,student_A,J_CoDistill_RF_CL,3,Normal,0.9978038491278023,6.301948828245771e-05,"[0.9977262035439862,0.9978735705396428,0.9977754040042728,0.9977067816542532,0.9977950471859902,0.9978342463471281,0.9978834319758555,0.9978146467665592,0.9978734871870253,0.9977556720733082]"
row_level,student,student_A,J_CoDistill_RF_CL,4,TDMA,0.9546989993274618,0.0019526751845744968,"[0.9543610547667343,0.9552845528455285,0.9529113924050633,0.9529113924050633,0.9543610547667343,0.9543610547667343,0.9577608142493639,0.9543610547667343,0.9582484725050916,0.9524291497975709]"
row_level,student,student_B,D_Small_MLP,0,Blackhole,0.8941536975709304,0.014894361826898397,"[0.884241531664212,0.868040602891418,0.9015264890751272,0.8852838933951332,0.8935157644259369,0.9069478908188585,0.8959859361265748,0.887719298245614,0.9237237237237237,0.8945518453427065]"
row_level,student,student_B,D_Small_MLP,1,Flooding,0.9331928037182765,0.003361713876469707,"[0.931067044381492,0.9275634995296331,0.9337121212121212,0.9337121212121212,0.9293119698397738,0.936372269705603,0.9354838709677419,0.9328287606433302,0.9328287606433302,0.939047619047619]"
row_level,student,student_B,D_Small_MLP,2,Grayhole,0.8965074171745444,0.012713393595217828,"[0.8875,0.8820798514391829,0.9053282588011418,0.8835849975645397,0.8962061560486757,0.9111826967326278,0.8954863625392228,0.8877600387034349,0.9214758751182592,0.8944699347983579]"
row_level,student,student_B,D_Small_MLP,3,Normal,0.9974027750701276,7.990969927140267e-05,"[0.9974803674545829,0.9973820706154586,0.9975885662752171,0.9974019353130913,0.9973722914011177,0.9973329672700174,0.9973919523099851,0.9973133567352381,0.997411561691113,0.9973526816354544]"
row_level,student,student_B,D_Small_MLP,4,TDMA,0.9430791651103372,0.003248203303429715,"[0.9462041226747109,0.945253641386238,0.9471565173628586,0.9462041226747109,0.9419419419419419,0.9433015554440541,0.941,0.9386533665835411,0.943358395989975,0.9377179870453413]"
row_level,student,student_B,E2_KD_from_MLP,0,Blackhole,0.8668002708764385,0.01041736304019228,"[0.8535879629629629,0.859199539303196,0.8786393773421736,0.874496257915947,0.8775927548933684,0.8523451071221771,0.8765077541642734,0.8631132646880678,0.858806404657933,0.8737142857142857]"
row_level,student,student_B,E2_KD_from_MLP,1,Flooding,0.938694978363808,0.0022704737263693027,"[0.939047619047619,0.939047619047619,0.9345971563981043,0.9399428026692088,0.9408396946564885,0.9399428026692088,0.9345971563981043,0.939047619047619,0.939047619047619,0.9408396946564885]"
row_level,student,student_B,E2_KD_from_MLP,2,Grayhole,0.8671456441337162,0.008715028731962466,"[0.8543642110381716,0.859447567831826,0.8747563352826511,0.8735913767760901,0.8765670202507232,0.8547798589151058,0.8712435866112875,0.8738273921200751,0.8610842207163601,0.8717948717948718]"
row_level,student,student_B,E2_KD_from_MLP,3,Normal,0.9973830530833514,0.00010903368562926965,"[0.9973919523099851,0.9974213916641338,0.9973034192643728,0.9974705882352941,0.9974017315253306,0.997362408934472,0.9971460795370961,0.9973820706154586,0.9973820706154586,0.9975688181319112]"
row_level,student,student_B,E2_KD_from_MLP,4,TDMA,0.9424374055447464,0.002411071403171854,"[0.945253641386238,0.943358395989975,0.9433015554440541,0.9424136204306459,0.9447791164658634,0.9395302348825587,0.9377179870453413,0.9414121181772659,0.9418837675350702,0.9447236180904522]"
row_level,student,student_B,E_KD_from_RF,0,Blackhole,0.8722437386012378,0.028850034632528283,"[0.8461308634598148,0.879472693032015,0.9021065675340768,0.8341859765272345,0.8844822159269752,0.8935513730330145,0.9209876543209876,0.85415421398685,0.8681845416417017,0.8391812865497076]"
row_level,student,student_B,E_KD_from_RF,1,Flooding,0.941558578854889,0.00037888524014158536,"[0.941738299904489,0.941738299904489,0.941738299904489,0.9408396946564885,0.941738299904489,0.941738299904489,0.9408396946564885,0.941738299904489,0.941738299904489,0.941738299904489]"
row_level,student,student_B,E_KD_from_RF,2,Grayhole,0.8868063627628097,0.026055763452781357,"[0.8608383233532935,0.8967905795428307,0.9110851808634772,0.8578278590266123,0.9020962911771481,0.9061549262813012,0.928889931940859,0.8696693818878773,0.882804995196926,0.8519061583577713]"
row_level,student,student_B,E_KD_from_RF,3,Normal,0.9981280609434895,9.463287273385671e-05,"[0.9980014499284833,0.9980603828294901,0.9980212374123271,0.9982861116279981,0.9980798996845549,0.9980897522555617,0.9982468340172966,0.9981485291092368,0.9981977746434728,0.9981486379264745]"
row_level,student,student_B,E_KD_from_RF,4,TDMA,0.9619726365999757,0.0013361143684166646,"[0.9606942317508933,0.9621676891615542,0.9611848825331971,0.9636456733230927,0.9606942317508933,0.960204081632653,0.9641393442622951,0.9631525076765609,0.9616760347470619,0.9621676891615542]"
row_level,student,student_B,F_KD_from_CL_MLP_ext,0,Blackhole,0.8663521296081887,0.012888822677778763,"[0.8699941961694718,0.8535031847133758,0.8685446009389671,0.8687392055267703,0.8946274859008608,0.8493784330731425,0.8694412770809579,0.8725891291642315,0.8537596210775606,0.8629441624365483]"
row_level,student,student_B,F_KD_from_CL_MLP_ext,1,Flooding,0.9360249924712261,0.002932595096650545,"[0.939047619047619,0.9399428026692088,0.9345971563981043,0.9381541389153187,0.9354838709677419,0.930188679245283,0.936372269705603,0.9328287606433302,0.9372623574144486,0.936372269705603]"
row_level,student,student_B,F_KD_from_CL_MLP_ext,2,Grayhole,0.867409655203695,0.01154035141761717,"[0.8677966101694915,0.8571428571428571,0.8692104631629469,0.8651548402828578,0.8944484155349058,0.8510948905109489,0.8641732283464567,0.8735521235521235,0.8616487455197133,0.869874377814648]"
row_level,student,student_B,F_KD_from_CL_MLP_ext,3,Normal,0.9973506190548947,9.104692757653505e-05,"[0.9973427464823258,0.9975296055211356,0.9972935869778388,0.9972542559033498,0.997411561691113,0.9972050877210187,0.9973525778047967,0.9974017315253306,0.9973231357552581,0.997391901166781]"
row_level,student,student_B,F_KD_from_CL_MLP_ext,4,TDMA,0.9434259688219766,0.0028760520414358153,"[0.9442491210447012,0.9462041226747109,0.9447791164658634,0.94,0.9457286432160804,0.939060939060939,0.945253641386238,0.9456740442655935,0.939060939060939,0.9442491210447012]"
row_level,student,student_B,F_KD_from_CL_MLP_fair,0,Blackhole,0.8614492613473492,0.014258908390592595,"[0.8496915311273135,0.8575547866205305,0.868444184002344,0.8464611872146118,0.8884309685016191,0.8655270655270655,0.8653678394882233,0.8451807228915663,0.8503889886295631,0.877445339470656]"
row_level,student,student_B,F_KD_from_CL_MLP_fair,1,Flooding,0.9382477354908747,0.002123620217904441,"[0.9399428026692088,0.9381541389153187,0.9381541389153187,0.9372623574144486,0.9372623574144486,0.936372269705603,0.9381541389153187,0.9345971563981043,0.9408396946564885,0.941738299904489]"
row_level,student,student_B,F_KD_from_CL_MLP_fair,2,Grayhole,0.8615915548923965,0.012786220263891103,"[0.8423153692614771,0.8579795021961932,0.8699206540033662,0.8460970204383157,0.8869190225203641,0.8595325953259533,0.8646034816247582,0.8570756934649741,0.8599148130619971,0.8715573970265659]"
row_level,student,student_B,F_KD_from_CL_MLP_fair,3,Normal,0.9973339125757941,3.9706308232373885e-05,"[0.997362408934472,0.9974017315253306,0.9973722398713574,0.9973034192643728,0.9973132513580828,0.9972838610356628,0.9972935869778388,0.9973034192643728,0.9973427985919774,0.997362408934472]"
row_level,student,student_B,F_KD_from_CL_MLP_fair,4,TDMA,0.9430970413461923,0.0017476810348682576,"[0.9437751004016064,0.9438314944834504,0.9442491210447012,0.9391217564870259,0.9424136204306459,0.9442491210447012,0.9428857715430862,0.9437751004016064,0.9414707353676839,0.9451985922574158]"
row_level,student,student_B,G_KD_random_pacing,0,Blackhole,0.8618459349348896,0.011440207282107377,"[0.8526863084922011,0.8514851485148515,0.8672721945502491,0.8732230925442414,0.8822307920498369,0.8674001158077591,0.8637698179682912,0.842925659472422,0.8583283935981031,0.8591378263509412]"
row_level,student,student_B,G_KD_random_pacing,1,Flooding,0.9362945275300669,0.003402386848571736,"[0.936372269705603,0.9372623574144486,0.9399428026692088,0.9399428026692088,0.928436911487759,0.9372623574144486,0.9345971563981043,0.9337121212121212,0.9372623574144486,0.9381541389153187]"
row_level,student,student_B,G_KD_random_pacing,2,Grayhole,0.8659924965410861,0.00906226160372512,"[0.8547050219405168,0.8567272727272728,0.869942196531792,0.8717575757575757,0.883754168651739,0.8642753271934076,0.8675162298629479,0.8544468034913895,0.8660138524002866,0.8707865168539326]"
row_level,student,student_B,G_KD_random_pacing,3,Normal,0.9973653489838454,0.00012609664658378602,"[0.9974312214443987,0.9974901960784314,0.9974508804266834,0.9974017315253306,0.9973427464823258,0.9970673911550948,0.9973034192643728,0.9972739218262763,0.9974508804266834,0.9974411012088591]"
row_level,student,student_B,G_KD_random_pacing,4,TDMA,0.9435379775413452,0.0037339914435011367,"[0.945253641386238,0.945253641386238,0.9447791164658634,0.9447236180904522,0.94662638469285,0.9339294585196225,0.9405297351324338,0.9443050677370798,0.9443050677370798,0.9456740442655935]"
row_level,student,student_B,I_KD_from_SMOTE_MLP,0,Blackhole,0.8573577038348084,0.013240405869406334,"[0.8612734543217472,0.8657534246575342,0.8447586842914233,0.8518853695324283,0.8764705882352941,0.8754012255617157,0.8608112051356872,0.8350485151426051,0.8476132190942472,0.8545613523754008]"
row_level,student,student_B,I_KD_from_SMOTE_MLP,1,Flooding,0.9407501767838328,0.0005094863830018404,"[0.9408396946564885,0.9408396946564885,0.9408396946564885,0.9399428026692088,0.9408396946564885,0.9408396946564885,0.9408396946564885,0.9399428026692088,0.941738299904489,0.9408396946564885]"
row_level,student,student_B,I_KD_from_SMOTE_MLP,2,Grayhole,0.8659627678972688,0.01128681893806589,"[0.87569573283859,0.8802254579614842,0.858924036019395,0.8638077285579642,0.8785405664906385,0.8731307284129282,0.8644724104549855,0.8436974789915966,0.8643356643356643,0.8567978749094421]"
row_level,student,student_B,I_KD_from_SMOTE_MLP,3,Normal,0.9972749564321587,0.00016140538781726302,"[0.9974508804266834,0.9974804662607962,0.9970969576901199,0.9971855847021329,0.997391901166781,0.9971658608820154,0.9972641962718546,0.9973035250281904,0.9974116632024785,0.9969985286905346]"
row_level,student,student_B,I_KD_from_SMOTE_MLP,4,TDMA,0.9367508171777533,0.005209467939100783,"[0.9423558897243107,0.9372509960159362,0.9372509960159362,0.9321446260525013,0.9419419419419419,0.936318407960199,0.9344587884806356,0.9400599400599401,0.9405297351324338,0.9251968503937008]"
row_level,student,student_B,J_CoDistill_RF_CL,0,Blackhole,0.8673124720069035,0.019846686288354114,"[0.8525082607389607,0.8671199011124846,0.8794577070439139,0.8479809976247031,0.8595988538681948,0.8622613803230543,0.9153289266603715,0.8667861409796893,0.8739849624060151,0.8480975893116468]"
row_level,student,student_B,J_CoDistill_RF_CL,1,Flooding,0.9408396946564886,1.1702778228589004e-16,"[0.9408396946564885,0.9408396946564885,0.9408396946564885,0.9408396946564885,0.9408396946564885,0.9408396946564885,0.9408396946564885,0.9408396946564885,0.9408396946564885,0.9408396946564885]"
row_level,student,student_B,J_CoDistill_RF_CL,2,Grayhole,0.8765980801283128,0.019606203160099967,"[0.867538644470868,0.8825986078886311,0.8845968131337518,0.861604997597309,0.8606719367588933,0.8699855002416627,0.9231475108969948,0.8784332457606878,0.8838755639990501,0.8535279805352798]"
row_level,student,student_B,J_CoDistill_RF_CL,3,Normal,0.9978450755253517,5.8286187963812155e-05,"[0.9979619831471683,0.9977654945313419,0.9978539721114367,0.9978539721114367,0.9977950904012935,0.9978047394108077,0.9978538879905924,0.9979127673960548,0.9978441517717153,0.9978046963816692]"
row_level,student,student_B,J_CoDistill_RF_CL,4,TDMA,0.9552809323571777,0.002026849876188469,"[0.960204081632653,0.9543610547667343,0.9553299492385787,0.9529113924050633,0.9548452562151192,0.9538773441459706,0.9538773441459706,0.9553299492385787,0.9553299492385787,0.9567430025445293]"
row_level,teacher,,A_RF_500_uncalibrated,0,Blackhole,0.9895636282942016,0.0007422429859513925,"[0.9903094717099094,0.990625,0.9884338855892466,0.9903276131045242,0.9893683552220137,0.9884338855892466,0.9893816364772018,0.9896842763363551,0.9896971589135186,0.989375]"
row_level,teacher,,A_RF_500_uncalibrated,1,Flooding,0.9583986406966657,0.0007346486881382585,"[0.9582118561710399,0.9591439688715954,0.9582118561710399,0.9572815533980582,0.9582118561710399,0.9591439688715954,0.9591439688715954,0.9591439688715954,0.9572815533980582,0.9582118561710399]"
row_level,teacher,,A_RF_500_uncalibrated,2,Grayhole,0.9817901738072132,0.0007334803898372357,"[0.9815377424631924,0.9826941066417212,0.9803646563814866,0.9824561403508771,0.9824889096427738,0.981299672744273,0.9812909260991581,0.9817757009345794,0.9824561403508771,0.9815377424631924]"
row_level,teacher,,A_RF_500_uncalibrated,3,Normal,0.9985580721353701,2.116960417828462e-05,"[0.9985218540453232,0.9985708412459132,0.9985316574650535,0.9985511786357585,0.9985903359699272,0.9985806161104966,0.9985512353655194,0.9985610102295531,0.9985707852849619,0.9985512070011943]"
row_level,teacher,,A_RF_500_uncalibrated,4,TDMA,0.9690721649484535,1.1702778228589004e-16,"[0.9690721649484536,0.9690721649484536,0.9690721649484536,0.9690721649484536,0.9690721649484536,0.9690721649484536,0.9690721649484536,0.9690721649484536,0.9690721649484536,0.9690721649484536]"
row_level,teacher,,A_calibrated_RF_KD_teacher,0,Blackhole,0.9887840610580764,0.0007660064649884148,"[0.9877627863194226,0.9899434318038969,0.9893148962916405,0.9886934673366834,0.9889902485058194,0.9893081761006289,0.9883757461514294,0.9874371859296482,0.988686360779384,0.9893283113622097]"
row_level,teacher,,A_calibrated_RF_KD_teacher,1,Flooding,0.960352944496935,0.0016345398790436993,"[0.96,0.9591439688715954,0.9619512195121951,0.96,0.9628180039138943,0.9618768328445748,0.958984375,0.958904109589041,0.9618021547502449,0.9580487804878048]"
row_level,teacher,,A_calibrated_RF_KD_teacher,2,Grayhole,0.9808884918038,0.0007648113186575297,"[0.9797533162671631,0.9814039981403998,0.9825864871140004,0.9802187572725157,0.9809656453110492,0.9809390980939098,0.9807200929152149,0.9811934060831206,0.9804469273743017,0.9806571894663249]"
row_level,teacher,,A_calibrated_RF_KD_teacher,3,Normal,0.9985649181978294,3.362192394381946e-05,"[0.9985512070011943,0.9985413750232499,0.9986294396366057,0.9985414606928551,0.9985805605317514,0.9985806438982371,0.9985511502692119,0.998600084190741,0.9985611229114258,0.9985121378230227]"
row_level,teacher,,A_calibrated_RF_KD_teacher,4,TDMA,0.9689094691726657,0.0002548138630208891,"[0.9685404847859721,0.9685404847859721,0.9690721649484536,0.9685404847859721,0.9690721649484536,0.9690402476780186,0.9690721649484536,0.9690721649484536,0.9690721649484536,0.9690721649484536]"
row_level,teacher,,B_Full_MLP,0,Blackhole,0.8660107074964362,0.0033504228163565523,"[0.8608695652173913,0.8648194794290512,0.8636636636636636,0.8632183908045977,0.8696642003414912,0.8644400785854617,0.8719196836020687,0.8689733408961997,0.8659301283965363,0.8666085440278989]"
row_level,teacher,,B_Full_MLP,1,Flooding,0.9352559300495642,0.003532675521012182,"[0.9337121212121212,0.9338374291115312,0.9285714285714286,0.936372269705603,0.9372623574144486,0.9399428026692088,0.931067044381492,0.9372623574144486,0.9354838709677419,0.939047619047619]"
row_level,teacher,,B_Full_MLP,2,Grayhole,0.8660464848718448,0.007258022456195835,"[0.8600533592044628,0.858074222668004,0.8708156529938709,0.8636586562040216,0.865679012345679,0.8578566075443418,0.880429705744979,0.8617283950617284,0.8722446077269496,0.8699246292244104]"
row_level,teacher,,B_Full_MLP,3,Normal,0.9973840523103498,0.00010371870454881125,"[0.997382121951937,0.9974607096287146,0.9972050329021566,0.9974214422275601,0.9973525778047967,0.9974803674545829,0.9973034721473186,0.9972838077681137,0.9973919523099851,0.9975590389083316]"
row_level,teacher,,B_Full_MLP,4,TDMA,0.9450586614041872,0.00240007508531885,"[0.9485368314833501,0.9476334340382678,0.9424136204306459,0.9428857715430862,0.941,0.9466800804828974,0.945253641386238,0.9443050677370798,0.9456740442655935,0.9462041226747109]"
row_level,teacher,,C2_CL_MLP_domain,0,Blackhole,0.846353459156683,0.00506534536811688,"[0.84375,0.8542534205829864,0.8410772417875111,0.8440094899169632,0.8555490311215502,0.8458542014468559,0.8451536643026005,0.8425846854540279,0.8419797257006559,0.8493231312536786]"
row_level,teacher,,C2_CL_MLP_domain,1,Flooding,0.9367310105357669,0.0017400506113293024,"[0.9399428026692088,0.9372623574144486,0.9354838709677419,0.9381541389153187,0.9372623574144486,0.9337121212121212,0.9354838709677419,0.9372623574144486,0.9372623574144486,0.9354838709677419]"
row_level,teacher,,C2_CL_MLP_domain,2,Grayhole,0.8503444289601891,0.008001215202332906,"[0.8428951827644638,0.8617577197149644,0.8500477554918816,0.8525839485591807,0.8583073603452409,0.836975634262748,0.8519579751671442,0.8403940886699507,0.8519308220800759,0.8565938025462407]"
row_level,teacher,,C2_CL_MLP_domain,3,Normal,0.9973329372434406,6.586610781114098e-05,"[0.9972444226526109,0.9973525778047967,0.9972936400541272,0.9974410510319134,0.9973230832589746,0.9973133040476938,0.9972838077681137,0.9973133040476938,0.9973132513580828,0.9974509304104002]"
row_level,teacher,,C2_CL_MLP_domain,4,TDMA,0.944966761883029,0.0019156277109936097,"[0.9442491210447012,0.9447791164658634,0.9414707353676839,0.9481108312342569,0.9457286432160804,0.9471565173628586,0.943358395989975,0.9443050677370798,0.9443050677370798,0.9462041226747109]"
row_level,teacher,,C_CL_MLP_loss_ext,0,Blackhole,0.861350885762872,0.00864169507720923,"[0.8536306460834763,0.8600823045267489,0.8613053613053613,0.8482245131729668,0.875035102499298,0.8661285833565265,0.8677755850014096,0.8573005796301407,0.8527948492829968,0.8712313327697943]"
row_level,teacher,,C_CL_MLP_loss_ext,1,Flooding,0.9344275163564217,0.002787346851296931,"[0.936372269705603,0.9345971563981043,0.9354838709677419,0.9354838709677419,0.930188679245283,0.9293119698397738,0.9372623574144486,0.9328287606433302,0.9354838709677419,0.9372623574144486]"
row_level,teacher,,C_CL_MLP_loss_ext,2,Grayhole,0.8575083942705529,0.007557742470576532,"[0.8492413117963779,0.8650336215177714,0.8608632746563781,0.8470588235294118,0.866916354556804,0.8568553459119497,0.8618371919342793,0.8461343472750317,0.8580380814654134,0.8631055900621118]"
row_level,teacher,,C_CL_MLP_loss_ext,3,Normal,0.9973683172674092,7.703415223336607e-05,"[0.9973132513580828,0.9974607096287146,0.9972345892090141,0.9973329149670537,0.9973919523099851,0.9973132513580828,0.9974902452893081,0.9974312718145809,0.997362408934472,0.9973525778047967]"
row_level,teacher,,C_CL_MLP_loss_ext,4,TDMA,0.9464310403452977,0.002197277365455287,"[0.9480584972264247,0.9485887096774194,0.943358395989975,0.9447791164658634,0.9475806451612904,0.945253641386238,0.9485887096774194,0.9490156486622918,0.943358395989975,0.9457286432160804]"
row_level,teacher,,C_CL_MLP_loss_fair,0,Blackhole,0.8508994147036318,0.0062345357578451445,"[0.8544652701212789,0.8547201808931599,0.8419883365731741,0.845679012345679,0.8494117647058823,0.8512208972174901,0.8640718562874251,0.8535634743875279,0.8460654796094199,0.8478078748952806]"
row_level,teacher,,C_CL_MLP_loss_fair,1,Flooding,0.935515768599419,0.002535552146425183,"[0.9372623574144486,0.939047619047619,0.9372623574144486,0.9354838709677419,0.929444967074318,0.9345971563981043,0.9354838709677419,0.9345971563981043,0.936372269705603,0.9356060606060606]"
row_level,teacher,,C_CL_MLP_loss_fair,2,Grayhole,0.8465812874320641,0.010443796924665035,"[0.8427991886409736,0.8492063492063492,0.8332493702770781,0.8399500624219726,0.8556354916067146,0.8458128078817734,0.8704491725768322,0.8457861635220125,0.8455522971652004,0.8373719710217337]"
row_level,teacher,,C_CL_MLP_loss_fair,3,Normal,0.99733292737814,5.4282005105771206e-05,"[0.9974116124477911,0.9973722914011177,0.9973722914011177,0.9973034192643728,0.9972837012267473,0.9972739218262763,0.9973133040476938,0.9973919523099851,0.9973525778047967,0.9972542020515033]"
row_level,teacher,,C_CL_MLP_loss_fair,4,TDMA,0.9454835756231061,0.0019604969438450264,"[0.9485887096774194,0.9447791164658634,0.9462041226747109,0.9419419419419419,0.9437751004016064,0.9471565173628586,0.9438314944834504,0.9466800804828974,0.9451985922574158,0.9466800804828974]"
row_level,teacher,,G_random_pacing_teacher,0,Blackhole,0.8644659957362432,0.007232858629690088,"[0.8599088838268792,0.850098066685346,0.8677455357142857,0.8659301283965363,0.872716894977169,0.8609351432880845,0.8707256046705588,0.8588821250691754,0.8643187066974596,0.8733988680369378]"
row_level,teacher,,G_random_pacing_teacher,1,Flooding,0.9341209619867865,0.003954117169428579,"[0.930188679245283,0.9372623574144486,0.9381541389153187,0.9372623574144486,0.9285714285714286,0.9329556185080264,0.9337121212121212,0.9285714285714286,0.9354838709677419,0.939047619047619]"
row_level,teacher,,G_random_pacing_teacher,2,Grayhole,0.8621393854517434,0.010994621996294114,"[0.8575660330782523,0.8432891777055737,0.8592964824120602,0.8726582878823809,0.8683886838868389,0.8696877201220944,0.8601662887377173,0.8474747474747475,0.8641794684223361,0.878686964795433]"
row_level,teacher,,G_random_pacing_teacher,3,Normal,0.9973486483165003,0.00013327270271121317,"[0.9974116124477911,0.997362408934472,0.9974509304104002,0.997382121951937,0.9973820706154586,0.9970771705441563,0.9973231357552581,0.997155858930603,0.9974410510319134,0.9975001225430126]"
row_level,teacher,,G_random_pacing_teacher,4,TDMA,0.944702505089609,0.004365419935338729,"[0.9481108312342569,0.9443050677370798,0.9462041226747109,0.9443050677370798,0.9505050505050505,0.934923000496771,0.943358395989975,0.941,0.9466800804828974,0.9476334340382678]"
row_level,teacher,,I_SMOTE_MLP_teacher,0,Blackhole,0.9465856068429532,0.02999209113769378,"[0.9583077866339669,0.9197761194029851,0.9536223097908457,0.9654959950708565,0.9422900763358779,0.8730847065625903,0.9766282330944219,0.9568434032059187,0.9549492385786802,0.9648581997533908]"
row_level,teacher,,I_SMOTE_MLP_teacher,1,Flooding,0.9411094475569609,0.0006061457956860308,"[0.9408396946564885,0.9408396946564885,0.9408396946564885,0.9399428026692088,0.941738299904489,0.9408396946564885,0.941738299904489,0.941738299904489,0.941738299904489,0.9408396946564885]"
row_level,teacher,,I_SMOTE_MLP_teacher,2,Grayhole,0.9379581401523254,0.02626755501171058,"[0.945977277996754,0.923218814848974,0.941974730931212,0.9543664581885569,0.9345750873108265,0.8699878493317132,0.9637115296279284,0.9470520231213873,0.947678369195923,0.9510392609699769]"
row_level,teacher,,I_SMOTE_MLP_teacher,3,Normal,0.9971696700537299,0.00026544682968267615,"[0.9973722914011177,0.9973722914011177,0.9970969576901199,0.99696907277168,0.9972838077681137,0.9972838077681137,0.9969985286905346,0.997382121951937,0.9973722914011177,0.996565529693449]"
row_level,teacher,,I_SMOTE_MLP_teacher,4,TDMA,0.9331147413872307,0.012202372744188427,"[0.9462041226747109,0.9358528095474888,0.9311540366518078,0.9220970112689858,0.9391217564870259,0.9414707353676839,0.921645445641528,0.943358395989975,0.9419419419419419,0.9083011583011583]"
