view,family,seed,left_route,right_route,left_macro_f1,right_macro_f1,macro_f1_delta,class_0_Blackhole_f1_delta,class_1_Flooding_f1_delta,class_2_Grayhole_f1_delta,class_3_Normal_f1_delta,class_4_TDMA_f1_delta
row_level,teacher,42,C_CL_MLP_loss_fair,B_Full_MLP,0.9161054276603824,0.9201107998138525,-0.004005372153470077,-0.0064042950961124,0.003550236202327417,-0.017254170563489213,2.9490495854100907e-05,5.187819406926586e-05
row_level,teacher,123,C_CL_MLP_loss_fair,B_Full_MLP,0.9170251114028218,0.9203650549751139,-0.003339943572292059,-0.01009929853589131,0.005210189936087795,-0.008867873461654852,-8.84182275968648e-05,-0.0028543175724043968
row_level,teacher,456,C_CL_MLP_loss_fair,B_Full_MLP,0.911215295668106,0.9205338797123531,-0.009318584044247125,-0.021675327090489582,0.00869092884302003,-0.03756628271679274,0.00016725849896115363,0.003790502244064964
row_level,teacher,789,C_CL_MLP_loss_fair,B_Full_MLP,0.9120716613883417,0.9207113060969737,-0.008639644708631988,-0.01753937845891873,-0.0008883987378611735,-0.023708593782049037,-0.0001180229631873031,-0.0009438296011442526
row_level,teacher,1001,C_CL_MLP_loss_fair,B_Full_MLP,0.9151102050030537,0.9221916295812832,-0.007081424578229467,-0.020252435635608856,-0.007817390340130626,-0.010043520738964418,-6.887657804943714e-05,0.002775100401606445
row_level,teacher,2024,C_CL_MLP_loss_fair,B_Full_MLP,0.9152122601373005,0.9212799873472985,-0.006067727209998042,-0.013219181367971622,-0.005345646271104565,-0.01204379966256841,-0.0002064456283066285,0.0004764368799611285
row_level,teacher,3141,C_CL_MLP_loss_fair,B_Full_MLP,0.9222299396726287,0.9251947094524192,-0.0029647697797905437,-0.007847827314643618,0.004416826586249867,-0.009980533168146843,9.831900375179004e-06,-0.0014221469027876354
row_level,teacher,5678,C_CL_MLP_loss_fair,B_Full_MLP,0.9156037654201054,0.921910593775514,-0.0063068283554086335,-0.015409866508671821,-0.0026652010163443762,-0.015942231539715856,0.00010814454187146882,0.0023750127458176395
row_level,teacher,8192,C_CL_MLP_loss_fair,B_Full_MLP,0.9141082433084872,0.9233449207333612,-0.009236677424873996,-0.019864648787116357,0.0008883987378611735,-0.026692310561749144,-3.9374505188427555e-05,-0.0004754520081777791
row_level,teacher,9999,C_CL_MLP_loss_fair,B_Full_MLP,0.9129440378114951,0.9238687907765941,-0.010924752965098983,-0.018800669132618242,-0.0034415584415584677,-0.03255265820267672,-0.00030483685682836104,0.00047595780818654454
row_level,teacher,42,C_CL_MLP_loss_ext,B_Full_MLP,0.9169231952339929,0.9201107998138525,-0.00318760457985956,-0.007238919133915056,0.00266014849348184,-0.010812047408084946,-6.88705938541867e-05,-0.00047833425692545006
row_level,teacher,123,C_CL_MLP_loss_ext,B_Full_MLP,0.9211525003497517,0.9203650549751139,0.0007874453746378185,-0.004737174902302299,0.0007597272865730309,0.006959398849767373,0.0,0.0009552756391515427
row_level,teacher,456,C_CL_MLP_loss_ext,B_Full_MLP,0.919649098425694,0.9205338797123531,-0.000884781286659142,-0.0023583023583023666,0.006912442396313279,-0.00995237833749274,2.9556306857525527e-05,0.0009447755593290363
row_level,teacher,789,C_CL_MLP_loss_ext,B_Full_MLP,0.9145758478206074,0.9207113060969737,-0.006135458276366301,-0.014993877631630959,-0.0008883987378611735,-0.01659983267460985,-8.852726050645465e-05,0.0018933449227772625
row_level,teacher,1001,C_CL_MLP_loss_ext,B_Full_MLP,0.9234225467545321,0.9221916295812832,0.0012309171732488577,0.005370902157806778,-0.007073678169165598,0.0012373422111250365,3.9374505188427555e-05,0.0065806451612904215
row_level,teacher,2024,C_CL_MLP_loss_ext,B_Full_MLP,0.9189725583705142,0.9212799873472985,-0.002307428976784376,0.0016885047710648582,-0.010630832829435,-0.0010012616323921142,-0.0001671160965001084,-0.0014264390966594043
row_level,teacher,3141,C_CL_MLP_loss_ext,B_Full_MLP,0.9225908178633728,0.9251947094524192,-0.002603891589046392,-0.0041440986006591185,0.0061953130329566175,-0.018592513810699707,0.00018677314198944917,0.0033350682911813534
row_level,teacher,5678,C_CL_MLP_loss_ext,B_Full_MLP,0.9165421216050751,0.921910593775514,-0.005368472170438898,-0.011672761266058984,-0.004433596771118431,-0.015594047786696708,0.00014746404646726052,0.004710580925212038
row_level,teacher,8192,C_CL_MLP_loss_ext,B_Full_MLP,0.9174075213281198,0.9233449207333612,-0.005937399405241406,-0.01313527911353951,0.0,-0.014206526261536179,-2.9543375513085834e-05,-0.002315648275618587
row_level,teacher,9999,C_CL_MLP_loss_ext,B_Full_MLP,0.9229361002534464,0.9238687907765941,-0.0009326905231477056,0.004622788741895367,-0.0017852616331703874,-0.006819039162298535,-0.0002064611035349495,-0.0004754794586304678
row_level,student_A,42,E_KD_from_RF,D_Small_MLP,0.9146237916726868,0.9102878179701264,0.004335973702560447,-0.04883825156213495,0.013436413112036139,0.02973470568867964,0.0042402511736051585,0.023106750100615137
row_level,student_A,123,E_KD_from_RF,D_Small_MLP,0.9125468419852775,0.9127184098496748,-0.00017156786439731508,-0.032289177026989746,0.01678520421968599,-0.004715949508350303,0.0011405928620646932,0.01822149013160257
row_level,student_A,456,E_KD_from_RF,D_Small_MLP,0.9096287225595748,0.9136135634364955,-0.003984840876920637,-0.03891975524533753,0.007141143506384728,-0.003216526287808108,0.0015742965320405533,0.013496637110117393
row_level,student_A,789,E_KD_from_RF,D_Small_MLP,0.9035214827826703,0.9140663271131283,-0.010544844330457992,-0.06438689875531234,0.01067125552299697,-0.02504543843072582,0.002569964522895707,0.023466895487855854
row_level,student_A,1001,E_KD_from_RF,D_Small_MLP,0.9175728594370384,0.9205760057747921,-0.0030031463377537815,-0.03717695376038854,0.014765940137015043,-0.021335678484514453,0.0010323531329921032,0.027698607286127053
row_level,student_A,2024,E_KD_from_RF,D_Small_MLP,0.9148331800245334,0.9163903428461037,-0.001557162821570257,-0.038962506050832624,0.011527724816714713,-0.005883760628100587,0.0012391076744148188,0.024293620079952394
row_level,student_A,3141,E_KD_from_RF,D_Small_MLP,0.9190117229227657,0.9104557097556591,0.008556013167106524,-0.0005065235096282095,0.006129421039754224,0.007305352286427147,0.0011307000915926624,0.028721115927386465
row_level,student_A,5678,E_KD_from_RF,D_Small_MLP,0.9170863406862425,0.9269548719283917,-0.009868531242149148,-0.05033294163728941,0.004475942490040352,-0.02657753943634833,0.001022856209659695,0.02206902616319195
row_level,student_A,8192,E_KD_from_RF,D_Small_MLP,0.9162882264816444,0.9071707940474392,0.009117432434205264,-0.02284641324340897,0.0026906808568699647,0.0354825537368888,0.0030049168071016874,0.027255424013574614
row_level,student_A,9999,E_KD_from_RF,D_Small_MLP,0.9126938682901219,0.9156884336570936,-0.0029945653669717354,-0.029402423891270346,0.0034642200234098475,-0.009004386623682636,0.0006487504635730446,0.019321013193110526
row_level,student_A,42,E2_KD_from_MLP,D_Small_MLP,0.9155699431976462,0.9102878179701264,0.005282125227519807,-0.03226950030860243,0.010745732255166174,0.042982491691443636,0.003483106428097016,0.001468796071494749
row_level,student_A,123,E2_KD_from_MLP,D_Small_MLP,0.9159765678416825,0.9127184098496748,0.003258157992007682,-0.007280737580780405,0.012309261729645637,0.005820746937643118,0.0007570761226208811,0.004684442750908069
row_level,student_A,456,E2_KD_from_MLP,D_Small_MLP,0.9155420090058104,0.9136135634364955,0.0019284455693149294,-0.006930279670760875,0.0,0.01984627604896738,0.0009841393167657753,-0.004257907848396525
row_level,student_A,789,E2_KD_from_MLP,D_Small_MLP,0.9127223431097191,0.9140663271131283,-0.0013439840034091821,-0.02046300881711749,0.0061953130329566175,-0.0005751385092527261,0.002009406838259009,0.0061135074381091226
row_level,student_A,1001,E2_KD_from_MLP,D_Small_MLP,0.9213863760258987,0.9205760057747921,0.0008103702511065292,-0.009098805724480186,0.0121935016144753,-0.004474848272463916,0.00029506407483193,0.005136939563169074
row_level,student_A,2024,E2_KD_from_MLP,D_Small_MLP,0.9109794161142795,0.9163903428461037,-0.005410926731824195,-0.030119583364548008,0.011527724816714713,-0.0021307084790741504,0.0005704093003034982,-0.006902475932516805
row_level,student_A,3141,E2_KD_from_MLP,D_Small_MLP,0.9098449797845474,0.9104557097556591,-0.0006107299711117786,-0.0090495142697965,0.005345646271104565,-0.0024691358024692134,0.0003245574206632851,0.0027947965249380813
row_level,student_A,5678,E2_KD_from_MLP,D_Small_MLP,0.9126250806293047,0.9269548719283917,-0.014329791299086958,-0.04307803967650514,0.0017852616331703874,-0.03101232731666137,0.00024585380694175374,0.00041029505761869256
row_level,student_A,8192,E2_KD_from_MLP,D_Small_MLP,0.9141858051483605,0.9071707940474392,0.007015011100921287,-0.007341269841269815,-0.0017852616331703874,0.031055458093235733,0.002296470939569195,0.010849657946240931
row_level,student_A,9999,E2_KD_from_MLP,D_Small_MLP,0.9143754691734248,0.9156884336570936,-0.0013129644836687993,-0.00531643833656692,0.003577337242039902,-0.003390665636732404,9.839564533764555e-05,-0.0015334513324217758
row_level,student_A,42,F_KD_from_CL_MLP_fair,E2_KD_from_MLP,0.9197734863731227,0.9155699431976462,0.004203543175476554,0.017135413578894143,0.0026906808568699647,-0.0006739182657613529,3.938511550272139e-05,0.0018261545918769606
row_level,student_A,123,F_KD_from_CL_MLP_fair,E2_KD_from_MLP,0.9181436144013666,0.9159765678416825,0.002167046559684138,0.012303982418994885,-0.00011950027159146615,0.005972976543889064,-0.0002260760825801844,-0.0070961498102912746
row_level,student_A,456,F_KD_from_CL_MLP_fair,E2_KD_from_MLP,0.9143222658720245,0.9155420090058104,-0.0012197431337859221,-0.003575688942182742,0.0035569825172144798,-0.00993182851083163,6.891324831581613e-05,0.003782906018554133
row_level,student_A,789,F_KD_from_CL_MLP_fair,E2_KD_from_MLP,0.9133321327460472,0.9127223431097191,0.000609789636328073,0.004474167431495535,0.0026804452547601887,0.00359867213139764,-0.0001278222322431688,-0.007576514403769163
row_level,student_A,1001,F_KD_from_CL_MLP_fair,E2_KD_from_MLP,0.914253605467421,0.9213863760258987,-0.007132770558477719,-0.02201158054136998,-0.0008917815008701035,-0.014161829336053033,4.916046857850187e-05,0.0013521781173257974
row_level,student_A,2024,F_KD_from_CL_MLP_fair,E2_KD_from_MLP,0.9121671468009154,0.9109794161142795,0.0011877306866359127,0.009978509762745613,-0.007127573444367319,-0.008193405063138925,0.0,0.011281122177939862
row_level,student_A,3141,F_KD_from_CL_MLP_fair,E2_KD_from_MLP,0.9201624162944851,0.9098449797845474,0.010317436509937772,0.02730857828897948,-0.003570532963605766,0.02742104804569323,-3.9336474592421844e-05,0.0004674256532148924
row_level,student_A,5678,F_KD_from_CL_MLP_fair,E2_KD_from_MLP,0.9138400872340547,0.9126250806293047,0.0012150066047500463,0.0005830158150216258,0.0008951836215898012,0.00262262683379344,8.855214659309052e-05,0.0018856546067519409
row_level,student_A,8192,F_KD_from_CL_MLP_fair,E2_KD_from_MLP,0.9161774409688348,0.9141858051483605,0.0019916358204743467,0.0032492022048158375,0.0026804452547601887,0.0029566383020175335,0.00017696554104884576,0.0008949277997301053
row_level,student_A,9999,F_KD_from_CL_MLP_fair,E2_KD_from_MLP,0.9113965291449164,0.9143754691734248,-0.0029789400285084033,-0.002143269149124105,0.0,-0.0097391201575725,-0.00030488176369913855,-0.0027074290721469385
row_level,student_A,42,F_KD_from_CL_MLP_ext,E2_KD_from_MLP,0.9144837222170551,0.9155699431976462,-0.0010862209805910794,0.00024320541697386844,0.0008951836215898012,-0.008840342320100003,2.9499173665348266e-05,0.002241349204915588
row_level,student_A,123,F_KD_from_CL_MLP_ext,E2_KD_from_MLP,0.9137514971899302,0.9159765678416825,-0.002225070651752259,-0.006201133590961638,0.0008917815008701035,-0.0023162771612635913,-0.0001179400177204748,-0.003381783989685694
row_level,student_A,456,F_KD_from_CL_MLP_ext,E2_KD_from_MLP,0.9090930748632292,0.9155420090058104,-0.006448934142581186,-0.009832099657847482,0.0026652010163443762,-0.021207037467200096,-0.00011798628186110438,-0.003752748322342625
row_level,student_A,789,F_KD_from_CL_MLP_ext,E2_KD_from_MLP,0.911799957511343,0.9127223431097191,-0.0009223855983760965,0.0034102594595351032,0.0008917815008701035,-0.0049850902299112265,-0.00015732429886361476,-0.0037715544235102927
row_level,student_A,1001,F_KD_from_CL_MLP_ext,E2_KD_from_MLP,0.9112527214303612,0.9213863760258987,-0.0101336545955375,-0.025958139980933548,-0.0008917815008701035,-0.0324300440603289,0.00018678413953732154,0.008424908424908395
row_level,student_A,2024,F_KD_from_CL_MLP_ext,E2_KD_from_MLP,0.9084785798893623,0.9109794161142795,-0.0025008362249171467,-0.002718815513626849,-0.005355823688746653,-0.010437755261170634,-9.72710521141007e-06,0.0060179404441699225
row_level,student_A,3141,F_KD_from_CL_MLP_ext,E2_KD_from_MLP,0.9102243186127504,0.9098449797845474,0.0003793388282030685,-0.0031360700316023227,-0.0026804452547601887,0.0015115928937067258,8.84957855292745e-05,0.006113120748141854
row_level,student_A,5678,F_KD_from_CL_MLP_ext,E2_KD_from_MLP,0.9168206777819936,0.9126250806293047,0.004195597152688912,0.009397028484249614,0.0008951836215898012,0.009223019396637722,4.9221843456570546e-05,0.0014135324175114095
row_level,student_A,8192,F_KD_from_CL_MLP_ext,E2_KD_from_MLP,0.9179402233980083,0.9141858051483605,0.0037544182496478395,0.014489724834552464,-0.003550236202327417,0.008757959616568112,7.865906370385645e-05,-0.0010040160642570406
row_level,student_A,9999,F_KD_from_CL_MLP_ext,E2_KD_from_MLP,0.9091135769748473,0.9143754691734248,-0.0052618921985775335,-0.017473292436379517,-0.0026855557411697983,-0.008088732831706857,-6.890456968322578e-05,0.002007024586051176
row_level,student_A,42,F_KD_from_CL_MLP_fair,D_Small_MLP,0.9197734863731227,0.9102878179701264,0.009485668402996361,-0.015134086729708285,0.013436413112036139,0.04230857342568228,0.0035224915435997373,0.0032949506633717096
row_level,student_A,123,F_KD_from_CL_MLP_fair,D_Small_MLP,0.9181436144013666,0.9127184098496748,0.00542520455169182,0.00502324483821448,0.012189761458054171,0.011793723481532181,0.0005310000400406967,-0.0024117070593832057
row_level,student_A,456,F_KD_from_CL_MLP_fair,D_Small_MLP,0.9143222658720245,0.9136135634364955,0.0007087024355290072,-0.010505968612943617,0.0035569825172144798,0.009914447538135751,0.0010530525650815914,-0.0004750018298423919
row_level,student_A,789,F_KD_from_CL_MLP_fair,D_Small_MLP,0.9133321327460472,0.9140663271131283,-0.0007341943670811091,-0.015988841385621955,0.008875758287716806,0.003023533622144914,0.0018815846060158403,-0.0014630069656600408
row_level,student_A,1001,F_KD_from_CL_MLP_fair,D_Small_MLP,0.914253605467421,0.9205760057747921,-0.00632240030737119,-0.031110386265850165,0.011301720113605196,-0.01863667760851695,0.00034422454341043185,0.006489117680494871
row_level,student_A,2024,F_KD_from_CL_MLP_fair,D_Small_MLP,0.9121671468009154,0.9163903428461037,-0.004223196045188282,-0.020141073601802395,0.004400151372347394,-0.010324113542213076,0.0005704093003034982,0.004378646245423057
row_level,student_A,3141,F_KD_from_CL_MLP_fair,D_Small_MLP,0.9201624162944851,0.9104557097556591,0.009706706538825993,0.01825906401918298,0.001775113307498799,0.024951912243224017,0.00028522094607086323,0.0032622221781529737
row_level,student_A,5678,F_KD_from_CL_MLP_fair,D_Small_MLP,0.9138400872340547,0.9269548719283917,-0.013114784694336912,-0.042495023861483516,0.0026804452547601887,-0.02838970048286793,0.00033440595353484426,0.0022959496643706334
row_level,student_A,8192,F_KD_from_CL_MLP_fair,D_Small_MLP,0.9161774409688348,0.9071707940474392,0.009006646921395633,-0.004092067636453978,0.0008951836215898012,0.034012096395253266,0.002473436480618041,0.011744585745971037
row_level,student_A,9999,F_KD_from_CL_MLP_fair,D_Small_MLP,0.9113965291449164,0.9156884336570936,-0.004291904512177203,-0.007459707485691025,0.003577337242039902,-0.013129785794304905,-0.000206486118361493,-0.004240880404568714
row_level,student_A,42,F_KD_from_CL_MLP_fair,G_KD_random_pacing,0.9197734863731227,0.9225676307517174,-0.0027941443785947095,-0.006841428086096446,0.005366030198885929,-0.01003282177334941,-3.9275490860912754e-05,-0.0024232267415527087
row_level,student_A,123,F_KD_from_CL_MLP_fair,G_KD_random_pacing,0.9181436144013666,0.9127353627742144,0.005408251627152194,0.019564547618637018,-0.0010112817724615697,0.013750192055755783,-6.881655827695177e-05,-0.005193383207893532
row_level,student_A,456,F_KD_from_CL_MLP_fair,G_KD_random_pacing,0.9143222658720245,0.9125017737218013,0.0018204921502231741,0.0036857004130488313,0.0,0.002507981297224293,6.87580852517522e-05,0.002840020955592104
row_level,student_A,789,F_KD_from_CL_MLP_fair,G_KD_random_pacing,0.9133321327460472,0.9150434568878942,-0.0017113241418470482,-0.005110775480544061,0.0008951836215898012,-0.0023318486862038412,-7.871657476510308e-05,-0.001930463589311815
row_level,student_A,1001,F_KD_from_CL_MLP_fair,G_KD_random_pacing,0.914253605467421,0.9196924280107094,-0.005438822543288424,-0.01571981362350583,0.0,-0.00622600039627641,1.9663608970876822e-05,-0.005267962305631535
row_level,student_A,2024,F_KD_from_CL_MLP_fair,G_KD_random_pacing,0.9121671468009154,0.9157211419683723,-0.0035539951674569137,-0.011127139248393259,-0.003550236202327417,-0.014654721067711818,0.00021627746939079096,0.011345843211757134
row_level,student_A,3141,F_KD_from_CL_MLP_fair,G_KD_random_pacing,0.9201624162944851,0.9144294096041706,0.005733006690314513,0.012585676466980944,-0.0008900877088455772,0.016623583914895712,-5.900355464982798e-05,0.0004048643331909796
row_level,student_A,5678,F_KD_from_CL_MLP_fair,G_KD_random_pacing,0.9138400872340547,0.9133769867957762,0.00046310043827857417,-0.003560184171165992,0.005345646271104565,-0.0009734062130657417,8.849752114914455e-05,0.001414948783369785
row_level,student_A,8192,F_KD_from_CL_MLP_fair,G_KD_random_pacing,0.9161774409688348,0.9130651324696417,0.003112308499193084,0.007215373100120548,0.0008951836215898012,0.004121801152430327,6.8760786876787e-05,0.0032604238349476233
row_level,student_A,9999,F_KD_from_CL_MLP_fair,G_KD_random_pacing,0.9113965291449164,0.9105617029963741,0.0008348261485423558,0.007795233598962947,0.0017920756088695144,0.0014412356259680958,-0.0002950533335336347,-0.006559360757555144
row_level,student_A,42,F_KD_from_CL_MLP_fair,I_KD_from_SMOTE_MLP,0.9197734863731227,0.9160048951186475,0.003768591254475262,0.01583082317529505,0.0008986052480004503,-0.0015837210554840997,-0.00012790618706193246,0.003825155091627064
row_level,student_A,123,F_KD_from_CL_MLP_fair,I_KD_from_SMOTE_MLP,0.9181436144013666,0.9164177099399936,0.0017259044613729957,0.008164838322543555,-0.003696837513631368,-0.006222865838403258,0.00016705408503825403,0.010217333251318017
row_level,student_A,456,F_KD_from_CL_MLP_fair,I_KD_from_SMOTE_MLP,0.9143222658720245,0.91042222192083,0.0039000439511944762,0.005865711654335359,-0.0026855557411697983,0.004825446010688572,0.00023601366672465485,0.01125860416539437
row_level,student_A,789,F_KD_from_CL_MLP_fair,I_KD_from_SMOTE_MLP,0.9133321327460472,0.9193195739807978,-0.00598744123475059,-0.015743827090822116,-0.0008968919872797132,-0.025781222387305514,0.0001374626248351607,0.01234727266681912
row_level,student_A,1001,F_KD_from_CL_MLP_fair,I_KD_from_SMOTE_MLP,0.914253605467421,0.9130870769676058,0.0011665284998151337,0.004535685798458311,-0.003577337242039902,0.0020641191129144865,-9.831515272118452e-06,0.0028200063450142254
row_level,student_A,2024,F_KD_from_CL_MLP_fair,I_KD_from_SMOTE_MLP,0.9121671468009154,0.9173593800400848,-0.005192233239169397,-0.01899871501188899,-0.003550236202327417,-0.014435050015305984,0.00020638631522629236,0.010816448718448446
row_level,student_A,3141,F_KD_from_CL_MLP_fair,I_KD_from_SMOTE_MLP,0.9201624162944851,0.9077806124881196,0.012381803806365554,0.03889977432966474,-0.004467424950885479,0.016257927845950593,0.00012769170932613871,0.011091050097771782
row_level,student_A,5678,F_KD_from_CL_MLP_fair,I_KD_from_SMOTE_MLP,0.9138400872340547,0.9117520298954064,0.0020880573386483636,0.0013094999570655297,-0.0008968919872797132,0.005419480946714184,-2.970490222842237e-05,0.004637902678969463
row_level,student_A,8192,F_KD_from_CL_MLP_fair,I_KD_from_SMOTE_MLP,0.9161774409688348,0.9063493447233245,0.009828096245510287,0.019308009103317425,-0.0017954972352801635,0.022610698563227838,0.000127696416208245,0.008889574380078313
row_level,student_A,9999,F_KD_from_CL_MLP_fair,I_KD_from_SMOTE_MLP,0.9113965291449164,0.8972740773307315,0.014122451814184922,0.03275659732610847,0.0,0.017764498841033816,0.00034414608785238165,0.019747016815929608
row_level,student_A,42,E_KD_from_RF,E2_KD_from_MLP,0.9146237916726868,0.9155699431976462,-0.00094615152495936,-0.01656875125353252,0.0026906808568699647,-0.013247786002763995,0.0007571447455081426,0.021637954029120388
row_level,student_A,123,E_KD_from_RF,E2_KD_from_MLP,0.9125468419852775,0.9159765678416825,-0.003429725856404997,-0.02500843944620934,0.004475942490040352,-0.010536696445993421,0.00038351673944381215,0.0135370473806945
row_level,student_A,456,E_KD_from_RF,E2_KD_from_MLP,0.9096287225595748,0.9155420090058104,-0.005913286446235566,-0.031989475574576653,0.007141143506384728,-0.02306280233677549,0.000590157215274778,0.017754544958513918
row_level,student_A,789,E_KD_from_RF,E2_KD_from_MLP,0.9035214827826703,0.9127223431097191,-0.00920086032704881,-0.04392388993819485,0.004475942490040352,-0.024470299921473093,0.0005605576846366978,0.017353388049746732
row_level,student_A,1001,E_KD_from_RF,E2_KD_from_MLP,0.9175728594370384,0.9213863760258987,-0.0038135165888603106,-0.028078148035908357,0.002572438522539744,-0.016860830212050537,0.0007372890581601732,0.02256166772295798
row_level,student_A,2024,E_KD_from_RF,E2_KD_from_MLP,0.9148331800245334,0.9109794161142795,0.003853763910253938,-0.008842922686284616,0.0,-0.003753052149026437,0.0006686983741113206,0.0311960960124692
row_level,student_A,3141,E_KD_from_RF,E2_KD_from_MLP,0.9190117229227657,0.9098449797845474,0.009166743138218303,0.00854299076016829,0.0007837747686496588,0.00977448808889636,0.0008061426709293773,0.025926319402448383
row_level,student_A,5678,E_KD_from_RF,E2_KD_from_MLP,0.9170863406862425,0.9126250806293047,0.00446126005693781,-0.007254901960784266,0.0026906808568699647,0.00443478788031304,0.0007770024027179412,0.02165873110557326
row_level,student_A,8192,E_KD_from_RF,E2_KD_from_MLP,0.9162882264816444,0.9141858051483605,0.002102421333283977,-0.015505143402139154,0.004475942490040352,0.004427095643653067,0.0007084458675324923,0.016405766067333682
row_level,student_A,9999,E_KD_from_RF,E2_KD_from_MLP,0.9126938682901219,0.9143754691734248,-0.0016816008833029361,-0.024085985554703426,-0.00011311721863005442,-0.0056137209869502325,0.000550354818235399,0.0208544645255323
row_level,student_A,42,I_KD_from_SMOTE_MLP,E2_KD_from_MLP,0.9160048951186475,0.9155699431976462,0.000434951921001292,0.001304590403599093,0.0017920756088695144,0.0009098027897227468,0.00016729130256465385,-0.001999000499750103
row_level,student_A,123,I_KD_from_SMOTE_MLP,E2_KD_from_MLP,0.9164177099399936,0.9159765678416825,0.0004411420983111425,0.00413914409645133,0.003577337242039902,0.012195842382292321,-0.00039313016761843844,-0.01731348306160929
row_level,student_A,456,I_KD_from_SMOTE_MLP,E2_KD_from_MLP,0.91042222192083,0.9155420090058104,-0.005119787084980398,-0.009441400596518101,0.006242538258384278,-0.014757274521520203,-0.0001671004184088387,-0.007475698146840237
row_level,student_A,789,I_KD_from_SMOTE_MLP,E2_KD_from_MLP,0.9193195739807978,0.9127223431097191,0.006597230871078663,0.02021799452231765,0.003577337242039902,0.029379894518703153,-0.0002652848570783295,-0.019923787070588284
row_level,student_A,1001,I_KD_from_SMOTE_MLP,E2_KD_from_MLP,0.9130870769676058,0.9213863760258987,-0.008299299058292853,-0.02654726633982829,0.0026855557411697983,-0.01622594844896752,5.899198385062032e-05,-0.001467828227688428
row_level,student_A,2024,I_KD_from_SMOTE_MLP,E2_KD_from_MLP,0.9173593800400848,0.9109794161142795,0.00637996392580531,0.028977224774634602,-0.003577337242039902,0.006241644952167058,-0.00020638631522629236,0.0004646734594914159
row_level,student_A,3141,I_KD_from_SMOTE_MLP,E2_KD_from_MLP,0.9077806124881196,0.9098449797845474,-0.0020643672964277826,-0.011591196040685259,0.0008968919872797132,0.011163120199742638,-0.00016702818391856056,-0.01062362444455689
row_level,student_A,5678,I_KD_from_SMOTE_MLP,E2_KD_from_MLP,0.9117520298954064,0.9126250806293047,-0.0008730507338983173,-0.0007264841420439039,0.0017920756088695144,-0.0027968541129207436,0.00011825704882151289,-0.0027522480722175224
row_level,student_A,8192,I_KD_from_SMOTE_MLP,E2_KD_from_MLP,0.9063493447233245,0.9141858051483605,-0.00783646042503594,-0.016058806898501587,0.004475942490040352,-0.019654060261210304,4.926912484060075e-05,-0.007994646580348208
row_level,student_A,9999,I_KD_from_SMOTE_MLP,E2_KD_from_MLP,0.8972740773307315,0.9143754691734248,-0.017101391842693325,-0.03489986647523258,0.0,-0.027503618998606316,-0.0006490278515515202,-0.022454445888076546
row_level,student_A,42,J_CoDistill_RF_CL,E_KD_from_RF,0.9175375306183167,0.9146237916726868,0.0029137389456298513,0.0132099782062427,-0.0008986052480004503,0.010339320018860954,-0.0002753638541328485,-0.007806634394819878
row_level,student_A,123,J_CoDistill_RF_CL,E_KD_from_RF,0.9168748509634277,0.9125468419852775,0.004328008978150222,0.01761808939740095,0.0,0.008969771970800622,-6.893724943490831e-05,-0.004878879228015998
row_level,student_A,456,J_CoDistill_RF_CL,E_KD_from_RF,0.9121366106786862,0.9096287225595748,0.002507888119111401,0.009258823877045796,-0.0008986052480004503,0.01067027203312021,-0.0001771621454740302,-0.00631388792113452
row_level,student_A,789,J_CoDistill_RF_CL,E_KD_from_RF,0.9117950846167531,0.9035214827826703,0.008273601834082767,0.025924994417810154,0.0,0.023922858715918704,-0.00020635383518019523,-0.008273490128133831
row_level,student_A,1001,J_CoDistill_RF_CL,E_KD_from_RF,0.921634630856689,0.9175728594370384,0.004061771419650584,0.01632167378344207,0.0010117224666305047,0.011462010234988718,-0.00022599637064513178,-0.008260553016163796
row_level,student_A,2024,J_CoDistill_RF_CL,E_KD_from_RF,0.9186914284695291,0.9148331800245334,0.0038582484449957155,0.01726039733479845,0.0,0.013975916464466387,-0.00018702983177987242,-0.011758041742505942
row_level,student_A,3141,J_CoDistill_RF_CL,E_KD_from_RF,0.9147530638563517,0.9190117229227657,-0.004258659066413983,-0.013495769775471067,0.00011311721863005442,-0.0024092366586042635,-0.00014746626762740522,-0.0053539398489967915
row_level,student_A,5678,J_CoDistill_RF_CL,E_KD_from_RF,0.9326559059177242,0.9170863406862425,0.015569565231481675,0.04389253358325518,-0.0008986052480004503,0.04279903203248914,-0.00017722275393849962,-0.007767911456397769
row_level,student_A,8192,J_CoDistill_RF_CL,E_KD_from_RF,0.9191844800275085,0.9162882264816444,0.0028962535458640914,0.010007422778882669,-0.0008986052480004503,0.008398074810401002,-8.921458385702241e-05,-0.0029364100281055183
row_level,student_A,9999,J_CoDistill_RF_CL,E_KD_from_RF,0.9093615669870946,0.9126938682901219,-0.0033323013030273074,-0.0012627117095067586,0.00011311721863005442,-0.00451340513954579,-0.0002751490057234518,-0.010723357878990036
row_level,student_A,42,J_CoDistill_RF_CL,E2_KD_from_MLP,0.9175375306183167,0.9155699431976462,0.0019675874206704913,-0.0033587730472898203,0.0017920756088695144,-0.0029084659839030413,0.0004817808913752941,0.01383131963430051
row_level,student_A,123,J_CoDistill_RF_CL,E2_KD_from_MLP,0.9168748509634277,0.9159765678416825,0.0008982831217452247,-0.007390350048808392,0.004475942490040352,-0.001566924475192799,0.00031457949000890384,0.008658168152678503
row_level,student_A,456,J_CoDistill_RF_CL,E2_KD_from_MLP,0.9121366106786862,0.9155420090058104,-0.003405398327124165,-0.022730651697530857,0.006242538258384278,-0.01239253030365528,0.00041299506980074785,0.011440657037379398
row_level,student_A,789,J_CoDistill_RF_CL,E2_KD_from_MLP,0.9117950846167531,0.9127223431097191,-0.0009272584929660432,-0.017998895520384695,0.004475942490040352,-0.0005474412055543887,0.0003542038494565025,0.0090798979216129
row_level,student_A,1001,J_CoDistill_RF_CL,E2_KD_from_MLP,0.921634630856689,0.9213863760258987,0.0002482548307902732,-0.011756474252466287,0.0035841609891702486,-0.0053988199770618195,0.0005112926875150414,0.014301114706794182
row_level,student_A,2024,J_CoDistill_RF_CL,E2_KD_from_MLP,0.9186914284695291,0.9109794161142795,0.007712012355249653,0.008417474648513834,0.0,0.01022286431543995,0.0004816685423314482,0.019438054269963256
row_level,student_A,3141,J_CoDistill_RF_CL,E2_KD_from_MLP,0.9147530638563517,0.9098449797845474,0.0049080840718043195,-0.004952779015302777,0.0008968919872797132,0.007365251430292097,0.0006586764033019721,0.020572379553451592
row_level,student_A,5678,J_CoDistill_RF_CL,E2_KD_from_MLP,0.9326559059177242,0.9126250806293047,0.020030825288419485,0.03663763162247091,0.0017920756088695144,0.04723381991280218,0.0005997796487794416,0.01389081964917549
row_level,student_A,8192,J_CoDistill_RF_CL,E2_KD_from_MLP,0.9191844800275085,0.9141858051483605,0.004998674879148068,-0.005497720623256486,0.003577337242039902,0.012825170454054069,0.0006192312836754699,0.013469356039228164
row_level,student_A,9999,J_CoDistill_RF_CL,E2_KD_from_MLP,0.9093615669870946,0.9143754691734248,-0.0050139021863302435,-0.025348697264210185,0.0,-0.010127126126496022,0.0002752058125119472,0.010131106646542265
row_level,student_A,42,J_CoDistill_RF_CL,F_KD_from_CL_MLP_fair,0.9175375306183167,0.9197734863731227,-0.0022359557548060627,-0.020494186626183963,-0.0008986052480004503,-0.0022345477181416884,0.00044239577587257273,0.012005165042423549
row_level,student_A,123,J_CoDistill_RF_CL,F_KD_from_CL_MLP_fair,0.9168748509634277,0.9181436144013666,-0.0012687634379389134,-0.019694332467803277,0.004595442761631818,-0.007539901019081863,0.0005406555725890883,0.015754317962969777
row_level,student_A,456,J_CoDistill_RF_CL,F_KD_from_CL_MLP_fair,0.9121366106786862,0.9143222658720245,-0.002185655193338243,-0.019154962755348115,0.0026855557411697983,-0.0024607017928236496,0.0003440818214849317,0.007657751018825265
row_level,student_A,789,J_CoDistill_RF_CL,F_KD_from_CL_MLP_fair,0.9117950846167531,0.9133321327460472,-0.0015370481292941163,-0.02247306295188023,0.0017954972352801635,-0.004146113336952029,0.0004820260816996713,0.016656412325382064
row_level,student_A,1001,J_CoDistill_RF_CL,F_KD_from_CL_MLP_fair,0.921634630856689,0.914253605467421,0.007381025389267992,0.010255106288903693,0.004475942490040352,0.008763009358991214,0.00046213221893653955,0.012948936589468385
row_level,student_A,2024,J_CoDistill_RF_CL,F_KD_from_CL_MLP_fair,0.9186914284695291,0.9121671468009154,0.006524281668613741,-0.001561035114231779,0.007127573444367319,0.018416269378578876,0.0004816685423314482,0.008156932092023395
row_level,student_A,3141,J_CoDistill_RF_CL,F_KD_from_CL_MLP_fair,0.9147530638563517,0.9201624162944851,-0.005409352438133452,-0.03226135730428226,0.004467424950885479,-0.020055796615401134,0.0006980128778943939,0.0201049539002367
row_level,student_A,5678,J_CoDistill_RF_CL,F_KD_from_CL_MLP_fair,0.9326559059177242,0.9138400872340547,0.01881581868366944,0.036054615807449286,0.0008968919872797132,0.04461119307900874,0.000511227502186351,0.012005165042423549
row_level,student_A,8192,J_CoDistill_RF_CL,F_KD_from_CL_MLP_fair,0.9191844800275085,0.9161774409688348,0.0030070390586737217,-0.008746922828072323,0.0008968919872797132,0.009868532152036535,0.0004422657426266241,0.012574428239498059
row_level,student_A,9999,J_CoDistill_RF_CL,F_KD_from_CL_MLP_fair,0.9093615669870946,0.9113965291449164,-0.00203496215782184,-0.02320542811508608,0.0,-0.00038800596892352157,0.0005800875762110858,0.012838535718689204
row_level,student_B,42,E_KD_from_RF,D_Small_MLP,0.9214806336793948,0.9292986132349995,-0.007817979555604704,-0.038110668204397236,0.01067125552299697,-0.02666167664670649,0.0005210824739003694,0.014490109076182422
row_level,student_B,123,E_KD_from_RF,D_Small_MLP,0.9356459288940758,0.9240639331723862,0.011581995721689609,0.011432090140596984,0.014174800374855856,0.014710728103647819,0.0006783122140314735,0.016914047775316132
row_level,student_B,456,E_KD_from_RF,D_Small_MLP,0.9428272336495136,0.9370623905452933,0.0057648431042203185,0.0005800784589495844,0.00802617869236777,0.005756922062335468,0.0004326711371099856,0.014028365170338564
row_level,student_B,789,E_KD_from_RF,D_Small_MLP,0.9189570630322853,0.9292374140319193,-0.01028035099963398,-0.051097916867898774,0.007127573444367319,-0.025757138537927382,0.0008841763149067816,0.01744155064838182
row_level,student_B,1001,E_KD_from_RF,D_Small_MLP,0.9374181876888121,0.9316696247314893,0.005748562957322845,-0.009033548498961763,0.012426330064715163,0.005890135128472362,0.0007076082834371888,0.018752289808951383
row_level,student_B,2024,E_KD_from_RF,D_Small_MLP,0.9399476866214039,0.9390274759942322,0.0009202106271717359,-0.013396517785844053,0.005366030198885929,-0.005027770451326519,0.0007567849855443232,0.016902526188598888
row_level,student_B,3141,E_KD_from_RF,D_Small_MLP,0.9506206918395854,0.9330696243887049,0.01755106745088053,0.02500171819441277,0.005355823688746653,0.033403569401636246,0.0008548817073115167,0.023139344262295136
row_level,student_B,5678,E_KD_from_RF,D_Small_MLP,0.9253725865130029,0.9288549641822316,-0.0034823776692286534,-0.03356508425876403,0.008909539261158783,-0.01809065681555755,0.0008351723739986605,0.02449914109301976
row_level,student_B,8192,E_KD_from_RF,D_Small_MLP,0.9305203292267302,0.9437596634332802,-0.01323933420654999,-0.05553918208202202,0.008909539261158783,-0.03867087992133322,0.0007862129523598105,0.018317638757086918
row_level,student_B,9999,E_KD_from_RF,D_Small_MLP,0.9186284143799993,0.9326280135738958,-0.013999599193896484,-0.0553705587929989,0.0026906808568699647,-0.04256377644058662,0.000795956291020028,0.02444970211621289
row_level,student_B,42,E2_KD_from_MLP,D_Small_MLP,0.9179290773489953,0.9292986132349995,-0.0113695358860042,-0.030653568701249134,0.007980574666127005,-0.03313578896182834,-8.841514459778654e-05,-0.0009504812884728597
row_level,student_B,123,E2_KD_from_MLP,D_Small_MLP,0.9196949027673499,0.9240639331723862,-0.004369030405036334,-0.008841063588222009,0.011484119517985891,-0.022632283607356918,3.932104867521158e-05,-0.0018952453962630678
row_level,student_B,456,E2_KD_from_MLP,D_Small_MLP,0.9257195687462711,0.9370623905452933,-0.01134282179902213,-0.022887111732953658,0.0008850351859830408,-0.030571923518490696,-0.00028514701084425553,-0.0038549619188044115
row_level,student_B,789,E2_KD_from_MLP,D_Small_MLP,0.9255829292054372,0.9292374140319193,-0.0036544848264821184,-0.010787635479186264,0.006230681457087606,-0.009993620788449564,6.865292220281649e-05,-0.003790502244064964
row_level,student_B,1001,E2_KD_from_MLP,D_Small_MLP,0.9274360635583548,0.9316696247314893,-0.004233561173134448,-0.015923009532568533,0.011527724816714713,-0.01963913579795251,2.9440124212909424e-05,0.002837174523921515
row_level,student_B,2024,E2_KD_from_MLP,D_Small_MLP,0.9167920825047045,0.9390274759942322,-0.022235393489527744,-0.05460278369668137,0.003570532963605766,-0.05640283781752198,2.9441664454621375e-05,-0.003771320561495428
row_level,student_B,3141,E2_KD_from_MLP,D_Small_MLP,0.9234425127512205,0.9330696243887049,-0.00962711163748442,-0.019478181962301444,-0.0008867145696376255,-0.024242775927935223,-0.0002458727728890109,-0.0032820129546586863
row_level,student_B,5678,E2_KD_from_MLP,D_Small_MLP,0.9229564929296974,0.9288549641822316,-0.0058984712525341765,-0.024606033557546203,0.006218858404288818,-0.013932646583359798,6.871388022045011e-05,0.0027587515937247398
row_level,student_B,8192,E2_KD_from_MLP,D_Small_MLP,0.919640816514488,0.9437596634332802,-0.02411884691879218,-0.06491731906579068,0.006218858404288818,-0.060391654401899086,-2.9491075654419774e-05,-0.0014746284549047584
row_level,student_B,9999,E2_KD_from_MLP,D_Small_MLP,0.9257282576776019,0.9326280135738958,-0.00689975589629388,-0.02083755962842082,0.0017920756088695144,-0.022675063003486096,0.000216136496456798,0.007005631045110983
row_level,student_B,42,F_KD_from_CL_MLP_fair,E2_KD_from_MLP,0.9146174424788155,0.9179290773489953,-0.003311634870179825,-0.003896431835649361,0.0008951836215898012,-0.012048841776694519,-2.9543375513085834e-05,-0.0014785409846316266
row_level,student_B,123,F_KD_from_CL_MLP_fair,E2_KD_from_MLP,0.9189843307481647,0.9196949027673499,-0.0007105720191852294,-0.0016447526826655068,-0.0008934801323002839,-0.0014680656356327315,-1.966013880316808e-05,0.0004730984934754323
row_level,student_B,456,F_KD_from_CL_MLP_fair,E2_KD_from_MLP,0.9236280675674176,0.9257195687462711,-0.002091501178853594,-0.010195193339829545,0.0035569825172144798,-0.004835681279284909,6.882060698454318e-05,0.0009475656006470157
row_level,student_B,789,F_KD_from_CL_MLP_fair,E2_KD_from_MLP,0.9132491481637549,0.9255829292054372,-0.012333781041682257,-0.028035070701335152,-0.0026804452547601887,-0.027494356337774417,-0.00016716897092128313,-0.0032918639436200214
row_level,student_B,1001,F_KD_from_CL_MLP_fair,E2_KD_from_MLP,0.930467844045032,0.9274360635583548,0.0030317804866771825,0.010838213608250657,-0.003577337242039902,0.010352002269640947,-8.848016724782859e-05,-0.002365496035217518
row_level,student_B,2024,F_KD_from_CL_MLP_fair,E2_KD_from_MLP,0.9205929825277972,0.9167920825047045,0.003800900023092746,0.013181958404888339,-0.003570532963605766,0.004752736410847502,-7.854789880923363e-05,0.004718886162142444
row_level,student_B,3141,F_KD_from_CL_MLP_fair,E2_KD_from_MLP,0.9216609637098451,0.9234425127512205,-0.0017815490413753965,-0.011139914676050133,0.0035569825172144798,-0.006640104986529338,0.00014750744074265576,0.0051677844977449094
row_level,student_B,5678,F_KD_from_CL_MLP_fair,E2_KD_from_MLP,0.9155864184841249,0.9229564929296974,-0.007370074445572472,-0.0179325417965015,-0.004450462649514764,-0.016751698655100955,-7.865135108575672e-05,0.002362982224340504
row_level,student_B,8192,F_KD_from_CL_MLP_fair,E2_KD_from_MLP,0.9179914060615421,0.919640816514488,-0.0016494104529459763,-0.008417416028369873,0.0017920756088695144,-0.0011694076543630194,-3.927202348119607e-05,-0.0004130321673863069
row_level,student_B,9999,F_KD_from_CL_MLP_fair,E2_KD_from_MLP,0.9266604075187198,0.9257282576776019,0.0009321498411178908,0.003731053756370284,0.0008986052480004503,-0.00023747476830593417,-0.00020640919743919461,0.00047497416696351547
row_level,student_B,42,F_KD_from_CL_MLP_ext,E2_KD_from_MLP,0.923686058582722,0.9179290773489953,0.005756981233726699,0.016406233206508913,0.0,0.013432399131319883,-4.920582765932657e-05,-0.001004520341536863
row_level,student_B,123,F_KD_from_CL_MLP_ext,E2_KD_from_MLP,0.9188645145442577,0.9196949027673499,-0.0008303882230922266,-0.005696354589820207,0.0008951836215898012,-0.0023047106889688695,0.000108213857001771,0.0028457266847359275
row_level,student_B,456,F_KD_from_CL_MLP_ext,E2_KD_from_MLP,0.922884984788744,0.9257195687462711,-0.002834583957527115,-0.01009477640320644,0.0,-0.005545872119704143,-9.832286534061652e-06,0.0014775610218092927
row_level,student_B,789,F_KD_from_CL_MLP_ext,E2_KD_from_MLP,0.9218604881256593,0.9255829292054372,-0.0037224410797778162,-0.005757052389176676,-0.0017886637538900851,-0.008436536493232283,-0.00021633233194429113,-0.0024136204306459685
row_level,student_B,1001,F_KD_from_CL_MLP_ext,E2_KD_from_MLP,0.9335399954621403,0.9274360635583548,0.006103931903785442,0.01703473100749242,-0.005355823688746653,0.017881395284182644,9.830165782376277e-06,0.000949526750216978
row_level,student_B,2024,F_KD_from_CL_MLP_ext,E2_KD_from_MLP,0.9133856059222664,0.9167920825047045,-0.0034064765824380894,-0.002966674049034612,-0.009754123423925787,-0.0036849684041568853,-0.00015732121345335415,-0.0004692958216196974
row_level,student_B,3141,F_KD_from_CL_MLP_ext,E2_KD_from_MLP,0.9225185988648106,0.9234425127512205,-0.0009239138864098884,-0.007066477083315537,0.001775113307498799,-0.007070358264830823,0.00020649826770058333,0.007535654340896758
row_level,student_B,5678,F_KD_from_CL_MLP_ext,E2_KD_from_MLP,0.9244091578301219,0.9229564929296974,0.0014526649004245051,0.009475864476163665,-0.006218858404288818,-0.00027526856795156984,1.9660909872043497e-05,0.00426192608832765
row_level,student_B,8192,F_KD_from_CL_MLP_ext,E2_KD_from_MLP,0.9178109597655839,0.919640816514488,-0.001829856748904124,-0.00504678358037236,-0.0017852616331703874,0.0005645248033531169,-5.893486020047689e-05,-0.002822828474131178
row_level,student_B,9999,F_KD_from_CL_MLP_ext,E2_KD_from_MLP,0.9221663664336563,0.9257282576776019,-0.0035618912439455697,-0.010770123277737409,-0.004467424950885479,-0.0019204939802237586,-0.00017691696513022492,-0.00047449704575108775
row_level,student_B,42,F_KD_from_CL_MLP_fair,D_Small_MLP,0.9146174424788155,0.9292986132349995,-0.014681170756184025,-0.034550000536898495,0.008875758287716806,-0.04518463073852286,-0.00011795852011087238,-0.0024290222731044864
row_level,student_B,123,F_KD_from_CL_MLP_fair,D_Small_MLP,0.9189843307481647,0.9240639331723862,-0.005079602424221563,-0.010485816270887516,0.010590639385685607,-0.02410034924298965,1.9660909872043497e-05,-0.0014221469027876354
row_level,student_B,456,F_KD_from_CL_MLP_fair,D_Small_MLP,0.9236280675674176,0.9370623905452933,-0.013434322977875723,-0.0330823050727832,0.0044420177031975205,-0.035407604797775605,-0.00021632640385971236,-0.002907396318157396
row_level,student_B,789,F_KD_from_CL_MLP_fair,D_Small_MLP,0.9132491481637549,0.9292374140319193,-0.015988265868164375,-0.038822706180521416,0.003550236202327417,-0.03748797712622398,-9.851604871846664e-05,-0.007082366187684985
row_level,student_B,1001,F_KD_from_CL_MLP_fair,D_Small_MLP,0.930467844045032,0.9316696247314893,-0.0012017806864572655,-0.005084795924317875,0.007950387574674811,-0.009287133528311564,-5.9040043034919165e-05,0.0004716784887039971
row_level,student_B,2024,F_KD_from_CL_MLP_fair,D_Small_MLP,0.9205929825277972,0.9390274759942322,-0.018434493466434998,-0.04142082529179303,0.0,-0.051650101406674476,-4.9106234354612255e-05,0.0009475656006470157
row_level,student_B,3141,F_KD_from_CL_MLP_fair,D_Small_MLP,0.9216609637098451,0.9330696243887049,-0.011408660678859817,-0.030618096638351577,0.0026702679475768543,-0.03088288091446456,-9.836533214635512e-05,0.0018857715430862232
row_level,student_B,5678,F_KD_from_CL_MLP_fair,D_Small_MLP,0.9155864184841249,0.9288549641822316,-0.013268545698106649,-0.0425385753540477,0.0017683957547740548,-0.030684345238460753,-9.937470865306608e-06,0.005121733818065244
row_level,student_B,8192,F_KD_from_CL_MLP_fair,D_Small_MLP,0.9179914060615421,0.9437596634332802,-0.025768257371738157,-0.07333473509416055,0.008010934013158333,-0.061561062056262106,-6.876309913561585e-05,-0.0018876606222910652
row_level,student_B,9999,F_KD_from_CL_MLP_fair,D_Small_MLP,0.9266604075187198,0.9326280135738958,-0.005967606055175989,-0.017106505872050537,0.0026906808568699647,-0.02291253777179203,9.727299017603386e-06,0.007480605212074498
row_level,student_B,42,F_KD_from_CL_MLP_fair,G_KD_random_pacing,0.9146174424788155,0.9172896925937917,-0.0026722501149761824,-0.002994777364887513,0.003570532963605766,-0.012389652679039687,-6.881250992663013e-05,-0.0014785409846316266
row_level,student_B,123,F_KD_from_CL_MLP_fair,G_KD_random_pacing,0.9189843307481647,0.9176437232242485,0.0013406075239161819,0.006069638105679065,0.0008917815008701035,0.0012522294689204516,-8.84645531007422e-05,-0.0014221469027876354
row_level,student_B,456,F_KD_from_CL_MLP_fair,G_KD_random_pacing,0.9236280675674176,0.9238774381287593,-0.0002493705613417774,0.001171989452094957,-0.0017886637538900851,-2.1542528425788632e-05,-7.86405553260261e-05,-0.000529995421162277
row_level,student_B,789,F_KD_from_CL_MLP_fair,G_KD_random_pacing,0.9132491481637549,0.9254097641173618,-0.012160615953606846,-0.02676190532962952,-0.0026804452547601887,-0.025660555319260037,-9.831226095780021e-05,-0.00560186160342635
row_level,student_B,1001,F_KD_from_CL_MLP_fair,G_KD_random_pacing,0.930467844045032,0.9276782006729022,0.0027896433721298353,0.006200176451782169,0.008825445926689657,0.003164853868625195,-2.9495124242995274e-05,-0.004212764262204072
row_level,student_B,2024,F_KD_from_CL_MLP_fair,G_KD_random_pacing,0.9205929825277972,0.9199869300180665,0.0006060525097306702,-0.0018730502806936222,-0.0008900877088455772,-0.004742731867454331,0.00021646988056800431,0.010319662525078654
row_level,student_B,3141,F_KD_from_CL_MLP_fair,G_KD_random_pacing,0.9216609637098451,0.92074327172523,0.0009176919846151099,0.0015980215199320469,0.0035569825172144798,-0.0029127482381896552,-9.832286534061652e-06,0.0023560364106524068
row_level,student_B,5678,F_KD_from_CL_MLP_fair,G_KD_random_pacing,0.9155864184841249,0.9145327147478579,0.0010537037362670088,0.0022550634191442764,0.0008850351859830408,0.0026288899735846805,2.949743809654848e-05,-0.0005299673354733914
row_level,student_B,8192,F_KD_from_CL_MLP_fair,G_KD_random_pacing,0.9179914060615421,0.9206721103153204,-0.00268070425377831,-0.007939404968539954,0.003577337242039902,-0.00609903933828948,-0.00010808183470600863,-0.0028343323693958977
row_level,student_B,9999,F_KD_from_CL_MLP_fair,G_KD_random_pacing,0.9266604075187198,0.9222387255189289,0.004421681999790872,0.01830751311971479,0.0035841609891702486,0.0007708801726332704,-7.869227438705995e-05,-0.0004754520081777791
row_level,student_B,42,F_KD_from_CL_MLP_fair,I_KD_from_SMOTE_MLP,0.9146174424788155,0.923523130393564,-0.00890568791474855,-0.01158192319443363,-0.0008968919872797132,-0.03338036357711294,-8.847149221136164e-05,0.001419210677295668
row_level,student_B,123,F_KD_from_CL_MLP_fair,I_KD_from_SMOTE_MLP,0.9189843307481647,0.9243100079104479,-0.005325677162283271,-0.008198638037003714,-0.0026855557411697983,-0.02224595576529098,-7.873473546560206e-05,0.006580498467514184
row_level,student_B,456,F_KD_from_CL_MLP_fair,I_KD_from_SMOTE_MLP,0.9236280675674176,0.9157740737346727,0.007853993832744877,0.02368549971092071,-0.0026855557411697983,0.010996617983971113,0.0002752821812375128,0.006998125028764957
row_level,student_B,789,F_KD_from_CL_MLP_fair,I_KD_from_SMOTE_MLP,0.9132491481637549,0.9169932223028472,-0.0037440741390922794,-0.005424182317816495,-0.0026804452547601887,-0.017710708119648477,0.00011783456223990463,0.0069771304345246365
row_level,student_B,1001,F_KD_from_CL_MLP_fair,I_KD_from_SMOTE_MLP,0.930467844045032,0.9270369384982289,0.0034309055468031424,0.011960380266324955,-0.003577337242039902,0.008378456029725645,-7.86498086982057e-05,0.0004716784887039971
row_level,student_B,2024,F_KD_from_CL_MLP_fair,I_KD_from_SMOTE_MLP,0.9205929825277972,0.9245711834946693,-0.00397820096687207,-0.009874160034650248,-0.004467424950885479,-0.013598133086974884,0.00011800015364737959,0.007930713084502106
row_level,student_B,3141,F_KD_from_CL_MLP_fair,I_KD_from_SMOTE_MLP,0.9216609637098451,0.9195692589999303,0.002091704709914821,0.00455663435253606,-0.0026855557411697983,0.00013107116977273403,2.9390705984178034e-05,0.0084269830624506
row_level,student_B,5678,F_KD_from_CL_MLP_fair,I_KD_from_SMOTE_MLP,0.9155864184841249,0.9112104523783081,0.004375966105816809,0.010132207748961175,-0.005345646271104565,0.013378214473377503,-1.0576381759275222e-07,0.0037151603416663015
row_level,student_B,8192,F_KD_from_CL_MLP_fair,I_KD_from_SMOTE_MLP,0.9179914060615421,0.9183257163338625,-0.0003343102723204483,0.002775769535315886,-0.0008986052480004503,-0.004420851273667203,-6.886461050115145e-05,0.0009410002352501223
row_level,student_B,9999,F_KD_from_CL_MLP_fair,I_KD_from_SMOTE_MLP,0.9266604075187198,0.9148788602051134,0.011781547313606366,0.022883987095255187,0.0008986052480004503,0.014759522117123725,0.0003638802439374089,0.02000174186371495
row_level,student_B,42,E_KD_from_RF,E2_KD_from_MLP,0.9214806336793948,0.9179290773489953,0.003551556330399497,-0.007457099503148101,0.0026906808568699647,0.006474112315121849,0.000609497618498156,0.015440590364655282
row_level,student_B,123,E_KD_from_RF,E2_KD_from_MLP,0.9356459288940758,0.9196949027673499,0.015951026126725942,0.020273153728818993,0.0026906808568699647,0.03734301171100474,0.0006389911653562619,0.0188092931715792
row_level,student_B,456,E_KD_from_RF,E2_KD_from_MLP,0.9428272336495136,0.9257195687462711,0.017107664903242448,0.023467190191903242,0.007141143506384728,0.03632884558082616,0.0007178181479542411,0.017883327089142975
row_level,student_B,789,E_KD_from_RF,E2_KD_from_MLP,0.9189570630322853,0.9255829292054372,-0.006625866173151862,-0.04031028138871251,0.0008968919872797132,-0.015763517749477818,0.0008155233927039651,0.021232052892446784
row_level,student_B,1001,E_KD_from_RF,E2_KD_from_MLP,0.9374181876888121,0.9274360635583548,0.009982124130457293,0.00688946103360677,0.0008986052480004503,0.025529270926424874,0.0006781681592242794,0.01591511528502987
row_level,student_B,2024,E_KD_from_RF,E2_KD_from_MLP,0.9399476866214039,0.9167920825047045,0.02315560411669948,0.041206265910837314,0.0017954972352801635,0.05137506736619546,0.0007273433210897018,0.020673846750094316
row_level,student_B,3141,E_KD_from_RF,E2_KD_from_MLP,0.9506206918395854,0.9234425127512205,0.02717817908836495,0.044479900156714214,0.006242538258384278,0.05764634532957147,0.0011007544802005276,0.026421357216953822
row_level,student_B,5678,E_KD_from_RF,E2_KD_from_MLP,0.9253725865130029,0.9229564929296974,0.002416093583305523,-0.00895905070121783,0.0026906808568699647,-0.004158010232197751,0.0007664584937782104,0.02174038949929502
row_level,student_B,8192,E_KD_from_RF,E2_KD_from_MLP,0.9305203292267302,0.919640816514488,0.01087951271224219,0.009378136983768659,0.0026906808568699647,0.021720774480565863,0.0008157040280142303,0.019792267211991676
row_level,student_B,9999,E_KD_from_RF,E2_KD_from_MLP,0.9186284143799993,0.9257282576776019,-0.007099843297602604,-0.03453299916457808,0.0008986052480004503,-0.019888713437100525,0.00057981979456323,0.017444071071101908
row_level,student_B,42,I_KD_from_SMOTE_MLP,E2_KD_from_MLP,0.923523130393564,0.9179290773489953,0.005594053044568725,0.007685491358784269,0.0017920756088695144,0.021331521800418418,5.89281166982758e-05,-0.0028977516619272947
row_level,student_B,123,I_KD_from_SMOTE_MLP,E2_KD_from_MLP,0.9243100079104479,0.9196949027673499,0.004615105143098042,0.006553885354338207,0.0017920756088695144,0.02077789012965825,5.9074596662433976e-05,-0.006107399974038752
row_level,student_B,456,I_KD_from_SMOTE_MLP,E2_KD_from_MLP,0.9157740737346727,0.9257195687462711,-0.00994549501159847,-0.033880693050750255,0.006242538258384278,-0.015832299263256022,-0.00020646157425296963,-0.006050559428117941
row_level,student_B,789,I_KD_from_SMOTE_MLP,E2_KD_from_MLP,0.9169932223028472,0.9255829292054372,-0.008589706902589977,-0.022610888383518657,0.0,-0.00978364821812594,-0.00028500353316118776,-0.010268994378144658
row_level,student_B,1001,I_KD_from_SMOTE_MLP,E2_KD_from_MLP,0.9270369384982289,0.9274360635583548,-0.00039912506012595994,-0.0011221666580742973,0.0,0.0019735462399153025,-9.830358549622886e-06,-0.002837174523921515
row_level,student_B,2024,I_KD_from_SMOTE_MLP,E2_KD_from_MLP,0.9245711834946693,0.9167920825047045,0.007779100989964816,0.023056118439538587,0.0008968919872797132,0.018350869497822386,-0.00019654805245661322,-0.003211826922359662
row_level,student_B,3141,I_KD_from_SMOTE_MLP,E2_KD_from_MLP,0.9195692589999303,0.9234425127512205,-0.0038732537512902177,-0.015696549028586193,0.006242538258384278,-0.006771176156302072,0.00011811673475847773,-0.00325919856470569
row_level,student_B,5678,I_KD_from_SMOTE_MLP,E2_KD_from_MLP,0.9112104523783081,0.9229564929296974,-0.01174604055138928,-0.028064749545462675,0.0008951836215898012,-0.030129913128478458,-7.854558726816396e-05,-0.0013521781173257974
row_level,student_B,8192,I_KD_from_SMOTE_MLP,E2_KD_from_MLP,0.9183257163338625,0.919640816514488,-0.001315100180625528,-0.011193185563685759,0.0026906808568699647,0.003251443619304184,2.9592587019955374e-05,-0.0013540324026364292
row_level,student_B,9999,I_KD_from_SMOTE_MLP,E2_KD_from_MLP,0.9148788602051134,0.9257282576776019,-0.010849397472488476,-0.019152933338884903,0.0,-0.014996996885429659,-0.0005702894413766035,-0.019526767696751435
row_level,student_B,42,J_CoDistill_RF_CL,E_KD_from_RF,0.9238105329292277,0.9214806336793948,0.0023298992498328452,0.00637739727914588,-0.0008986052480004503,0.00670032111757457,-3.946678131494519e-05,-0.0004901501182402734
row_level,student_B,123,J_CoDistill_RF_CL,E_KD_from_RF,0.9285369505911362,0.9356459288940758,-0.007108978302939661,-0.012352791919530426,-0.0008986052480004503,-0.014191971654199609,-0.00029488829814816597,-0.007806634394819878
row_level,student_B,456,J_CoDistill_RF_CL,E_KD_from_RF,0.9316156272368339,0.9428272336495136,-0.011211606412679709,-0.022648860490162903,-0.0008986052480004503,-0.026488367729725404,-0.0001672653008903957,-0.005854933294618392
row_level,student_B,789,J_CoDistill_RF_CL,E_KD_from_RF,0.9202382108790002,0.9189570630322853,0.0012811478467148474,0.013795021097468663,0.0,0.0037771385706967253,-0.0004321395165614028,-0.010734280918029415
row_level,student_B,1001,J_CoDistill_RF_CL,E_KD_from_RF,0.9227501663799978,0.9374181876888121,-0.014668021308814283,-0.02488336205878039,-0.0008986052480004503,-0.04142435441825476,-0.0002848092832613558,-0.005848975535774126
row_level,student_B,2024,J_CoDistill_RF_CL,E_KD_from_RF,0.9249537317555967,0.9399476866214039,-0.014993954865807235,-0.031289992709960135,-0.0008986052480004503,-0.036169426039638575,-0.0002850128447540179,-0.006326737486682443
row_level,student_B,3141,J_CoDistill_RF_CL,E_KD_from_RF,0.9462094728700835,0.9506206918395854,-0.004411218969501918,-0.005658727660616147,0.0,-0.005742421043864243,-0.00039294602670425505,-0.010262000116324499
row_level,student_B,5678,J_CoDistill_RF_CL,E_KD_from_RF,0.9278603596062996,0.9253725865130029,0.00248777309329673,0.012631926992839326,-0.0008986052480004503,0.008763863872810473,-0.00023576171318195893,-0.007822558437982186
row_level,student_B,8192,J_CoDistill_RF_CL,E_KD_from_RF,0.9303748644143696,0.9305203292267302,-0.00014546481236066278,0.005800420764313419,-0.0008986052480004503,0.0010705688021240833,-0.0003536228717575529,-0.006346085508483146
row_level,student_B,9999,J_CoDistill_RF_CL,E_KD_from_RF,0.9194025926859227,0.9186284143799993,0.000774178305923412,0.008916302761939221,-0.0008986052480004503,0.0016218221775085029,-0.0003439415448052152,-0.0054246866170248875
row_level,student_B,42,J_CoDistill_RF_CL,E2_KD_from_MLP,0.9238105329292277,0.9179290773489953,0.005881455580232342,-0.0010797022240022214,0.0017920756088695144,0.01317443343269642,0.0005700308371832108,0.014950440246415009
row_level,student_B,123,J_CoDistill_RF_CL,E2_KD_from_MLP,0.9285369505911362,0.9196949027673499,0.008842047823786281,0.007920361809288567,0.0017920756088695144,0.023151040056805128,0.0003441028672080959,0.011002658776759322
row_level,student_B,456,J_CoDistill_RF_CL,E2_KD_from_MLP,0.9316156272368339,0.9257195687462711,0.005896058490562739,0.000818329701740339,0.006242538258384278,0.00984047785110076,0.0005505528470638454,0.012028393794524583
row_level,student_B,789,J_CoDistill_RF_CL,E2_KD_from_MLP,0.9202382108790002,0.9255829292054372,-0.005344718326437015,-0.026515260291243847,0.0008968919872797132,-0.011986379178781092,0.0003833838761425623,0.01049777197441737
row_level,student_B,1001,J_CoDistill_RF_CL,E2_KD_from_MLP,0.9227501663799978,0.9274360635583548,-0.00468589717835699,-0.01799390102517362,0.0,-0.015895083491829887,0.0003933588759629236,0.010066139749255743
row_level,student_B,2024,J_CoDistill_RF_CL,E2_KD_from_MLP,0.9249537317555967,0.9167920825047045,0.008161649250892244,0.00991627320087718,0.0008968919872797132,0.015205641326556885,0.0004423304763356839,0.014347109263411872
row_level,student_B,3141,J_CoDistill_RF_CL,E2_KD_from_MLP,0.9462094728700835,0.9234425127512205,0.022766960118863033,0.038821172496098066,0.006242538258384278,0.051903924285707226,0.0007078084534962725,0.016159357100629324
row_level,student_B,5678,J_CoDistill_RF_CL,E2_KD_from_MLP,0.9278603596062996,0.9229564929296974,0.004903866676602253,0.0036728762916214963,0.0017920756088695144,0.004605853640612723,0.0005306967805962515,0.013917831061312835
row_level,student_B,8192,J_CoDistill_RF_CL,E2_KD_from_MLP,0.9303748644143696,0.919640816514488,0.010734047899881527,0.015178557748082078,0.0017920756088695144,0.022791343282689946,0.00046208115625667734,0.01344618170350853
row_level,student_B,9999,J_CoDistill_RF_CL,E2_KD_from_MLP,0.9194025926859227,0.9257282576776019,-0.006325664991679192,-0.02561669640263886,0.0,-0.018266891259592022,0.00023587824975801475,0.01201938445407702
row_level,student_B,42,J_CoDistill_RF_CL,F_KD_from_CL_MLP_fair,0.9238105329292277,0.9146174424788155,0.009193090450412167,0.0028167296116471396,0.0008968919872797132,0.02522327520939094,0.0005995742126962966,0.016428981231046635
row_level,student_B,123,J_CoDistill_RF_CL,F_KD_from_CL_MLP_fair,0.9285369505911362,0.9189843307481647,0.00955261984297151,0.009565114491954074,0.0026855557411697983,0.02461910569243786,0.000363763006011264,0.01052956028328389
row_level,student_B,456,J_CoDistill_RF_CL,F_KD_from_CL_MLP_fair,0.9316156272368339,0.9236280675674176,0.007987559669416333,0.011013523041569884,0.0026855557411697983,0.014676159130385669,0.00048173224007930227,0.011080828193877568
row_level,student_B,789,J_CoDistill_RF_CL,F_KD_from_CL_MLP_fair,0.9202382108790002,0.9132491481637549,0.006989062715245242,0.0015198104100913046,0.003577337242039902,0.015507977158993325,0.0005505528470638454,0.01378963591803739
row_level,student_B,1001,J_CoDistill_RF_CL,F_KD_from_CL_MLP_fair,0.9227501663799978,0.930467844045032,-0.007717677665034173,-0.028832114633424277,0.003577337242039902,-0.026247085761470834,0.0004818390432107522,0.01243163578447326
row_level,student_B,2024,J_CoDistill_RF_CL,F_KD_from_CL_MLP_fair,0.9249537317555967,0.9205929825277972,0.004360749227799499,-0.0032656852040111595,0.004467424950885479,0.010452904915709382,0.0005208783751449175,0.009628223101269429
row_level,student_B,3141,J_CoDistill_RF_CL,F_KD_from_CL_MLP_fair,0.9462094728700835,0.9216609637098451,0.02454850916023843,0.0499610871721482,0.0026855557411697983,0.058544029272236564,0.0005603010127536168,0.010991572602884414
row_level,student_B,5678,J_CoDistill_RF_CL,F_KD_from_CL_MLP_fair,0.9278603596062996,0.9155864184841249,0.012273941122174725,0.021605418088122996,0.006242538258384278,0.021357552295713678,0.0006093481316820082,0.011554848836972331
row_level,student_B,8192,J_CoDistill_RF_CL,F_KD_from_CL_MLP_fair,0.9303748644143696,0.9179914060615421,0.012383458352827503,0.02359597377645195,0.0,0.023960750937052966,0.0005013531797378734,0.013859213870894838
row_level,student_B,9999,J_CoDistill_RF_CL,F_KD_from_CL_MLP_fair,0.9194025926859227,0.9266604075187198,-0.007257814832797083,-0.029347750159009145,-0.0008986052480004503,-0.018029416491286088,0.00044228744719720936,0.011544410287113505
inverse_test_group_size,teacher,42,C_CL_MLP_loss_fair,B_Full_MLP,0.9139783864497154,0.9206774954437066,-0.006699108993991176,-0.017672978085499946,0.0036942933147574575,-0.01959900000556769,3.023715911132374e-05,5.190264724264093e-05
inverse_test_group_size,teacher,123,C_CL_MLP_loss_fair,B_Full_MLP,0.9160180114247835,0.9192202189382603,-0.0032022075134768846,-0.00974022894930704,0.004488232074438936,-0.0077735637471831875,-0.0001007365616507716,-0.0028847403836828045
inverse_test_group_size,teacher,456,C_CL_MLP_loss_fair,B_Full_MLP,0.9110024241325538,0.9203926605193598,-0.009390236386805917,-0.027675622152256496,0.008128801570182032,-0.03090928940250648,0.00015132781368099035,0.0033536002368698137
inverse_test_group_size,teacher,789,C_CL_MLP_loss_fair,B_Full_MLP,0.9116204146462408,0.9202930226918022,-0.00867260804556147,-0.01993729644172504,-0.0009244841398087233,-0.021426436549916827,-0.00012101132885788957,-0.0009538117674992019
inverse_test_group_size,teacher,1001,C_CL_MLP_loss_fair,B_Full_MLP,0.9140088255635124,0.9219124992620321,-0.007903673698519742,-0.022526195230156754,-0.0072186435913870195,-0.012032134142390238,-7.061911055350478e-05,0.0023292235818896945
inverse_test_group_size,teacher,2024,C_CL_MLP_loss_fair,B_Full_MLP,0.9146661705550599,0.9197789763029436,-0.005112805747883642,-0.010936431989063577,-0.004631610348116544,-0.01027591349739021,-0.00020159525947138768,0.00048152235462362025
inverse_test_group_size,teacher,3141,C_CL_MLP_loss_fair,B_Full_MLP,0.9221662669055952,0.9256802232443715,-0.0035139563387762696,-0.010454515241068774,0.003679720122982122,-0.009357733025454618,0.0,-0.0014372535503400785
inverse_test_group_size,teacher,5678,C_CL_MLP_loss_fair,B_Full_MLP,0.9142451593687516,0.9200485376057227,-0.00580337823697108,-0.017243649620067414,-0.0018471412358627148,-0.012447354869023264,0.00012096444495179881,0.002400290095146307
inverse_test_group_size,teacher,8192,C_CL_MLP_loss_fair,B_Full_MLP,0.913325398391024,0.9221905111023094,-0.008865112711285428,-0.023297837089165108,0.0018471412358627148,-0.022364058434869327,-3.0292147187971352e-05,-0.00048051712106766953
inverse_test_group_size,teacher,9999,C_CL_MLP_loss_fair,B_Full_MLP,0.9120362526088697,0.9236855863570582,-0.01164933374818855,-0.02482099910723834,-0.003578112148818202,-0.03001603597073843,-0.00031255476531444337,0.0004810332511654414
inverse_test_group_size,teacher,42,C_CL_MLP_loss_ext,B_Full_MLP,0.9168028967827595,0.9206774954437066,-0.0038745986609470817,-0.0104233575219429,0.002767976698953234,-0.01116353823348959,-7.061444162981267e-05,-0.0004834598066264517
inverse_test_group_size,teacher,123,C_CL_MLP_loss_ext,B_Full_MLP,0.9203541519066682,0.9192202189382603,0.0011339329684079136,-0.0016058422804342554,0.0007866196771744161,0.005523390494073688,0.0,0.0009654969512258305
inverse_test_group_size,teacher,456,C_CL_MLP_loss_ext,B_Full_MLP,0.9179591121908744,0.9203926605193598,-0.002433548328485302,-0.00801460520310382,0.006278000814569085,-0.010918906062771794,1.0138511129853534e-05,0.0004776302977501645
inverse_test_group_size,teacher,789,C_CL_MLP_loss_ext,B_Full_MLP,0.9158387806757172,0.9202930226918022,-0.004454242016085019,-0.010857307946803507,-0.0009244841398087233,-0.012312076961334295,-9.076869587976155e-05,0.0019134276634009684
inverse_test_group_size,teacher,1001,C_CL_MLP_loss_ext,B_Full_MLP,0.9219716300808664,0.9219124992620321,5.9130818834240984e-05,0.0020597068145573605,-0.00644592369462238,-0.0015338291756463729,4.0370389023158815e-05,0.00617532976085966
inverse_test_group_size,teacher,2024,C_CL_MLP_loss_ext,B_Full_MLP,0.9173516437269894,0.9197789763029436,-0.0024273325759541775,0.0003604902667626586,-0.009217678804904539,-0.0016866500766661296,-0.00015118884404230482,-0.0014416354209204618
inverse_test_group_size,teacher,3141,C_CL_MLP_loss_ext,B_Full_MLP,0.9214127662785296,0.9256802232443715,-0.004267456965841854,-0.013169824615247627,0.005530520878595069,-0.017250069156045544,0.000181421132293913,0.00337066693119481
inverse_test_group_size,teacher,5678,C_CL_MLP_loss_ext,B_Full_MLP,0.9142098767057589,0.9200485376057227,-0.005838660899963766,-0.01600593938761763,-0.0036869959185268364,-0.014423020474489845,0.00016127944124699756,0.00476137183956904
inverse_test_group_size,teacher,8192,C_CL_MLP_loss_ext,B_Full_MLP,0.9165389556628385,0.9221905111023094,-0.005651555439470934,-0.015208894935906048,0.0009226570960539915,-0.011610584249516331,-2.021208030200672e-05,-0.0023407430276835006
inverse_test_group_size,teacher,9999,C_CL_MLP_loss_ext,B_Full_MLP,0.9221372681888305,0.9236855863570582,-0.001548318168227758,0.0021809998154183052,-0.0018581524964496055,-0.0073722055186606905,-0.00021168774891311415,-0.0004805448925347955
inverse_test_group_size,student_A,42,E_KD_from_RF,D_Small_MLP,0.9143069962222571,0.9061902239085473,0.008116772313709775,-0.04664140626873581,0.012138128256355962,0.04889261310135695,0.0043075496319230355,0.021886976847648065
inverse_test_group_size,student_A,123,E_KD_from_RF,D_Small_MLP,0.9135071717210461,0.9133840501216884,0.0001231215993576784,-0.03244210426749483,0.015624421921702658,-0.000636880266509432,0.0011190471219771903,0.01695112348711214
inverse_test_group_size,student_A,456,E_KD_from_RF,D_Small_MLP,0.9157387506101674,0.913591551108952,0.0021471995012154466,-0.02419403419546806,0.00649715847639265,0.014224362053735118,0.00155366794691858,0.012654843224499168
inverse_test_group_size,student_A,789,E_KD_from_RF,D_Small_MLP,0.9104325653099549,0.9145246717807705,-0.004092106470815593,-0.05281281461804854,0.010169624319348092,-0.0017106019489393498,0.0025846466577789107,0.021308613235783147
inverse_test_group_size,student_A,1001,E_KD_from_RF,D_Small_MLP,0.9175301574784838,0.9172472539773684,0.00028290350111537244,-0.028425559947299117,0.01441888695219129,-0.010676233992862882,0.0009778716038167934,0.02511955288973078
inverse_test_group_size,student_A,2024,E_KD_from_RF,D_Small_MLP,0.9157728872695277,0.9148362783742531,0.0009366088952745821,-0.03317627678480117,0.011971351478957448,0.0010937927262787417,0.0012403083692286154,0.02355386868670961
inverse_test_group_size,student_A,3141,E_KD_from_RF,D_Small_MLP,0.9171182180120525,0.9119944117850907,0.005123806226961847,-0.009764824754118218,0.005440687841519298,0.0022317966529344924,0.0010887317783431216,0.02662263961613065
inverse_test_group_size,student_A,5678,E_KD_from_RF,D_Small_MLP,0.9177902741347236,0.9252336606016843,-0.007443386466960744,-0.047415475548782116,0.004650017240529936,-0.01581252733758043,0.0009983352210380936,0.020362718089990905
inverse_test_group_size,student_A,8192,E_KD_from_RF,D_Small_MLP,0.9163587604156753,0.9066555038276043,0.00970325658807103,-0.02623880850395377,0.0027955460791281306,0.043802805905096553,0.003010389151841597,0.025146350308242305
inverse_test_group_size,student_A,9999,E_KD_from_RF,D_Small_MLP,0.9144536727097439,0.9172615025119463,-0.0028078298022023995,-0.02952155991850447,0.0035935466056565835,-0.007290478613229512,0.0006450081331482727,0.018534334781917017
inverse_test_group_size,student_A,42,E2_KD_from_MLP,D_Small_MLP,0.9171429472713133,0.9061902239085473,0.010952723362765981,-0.021097143969724064,0.009342582177227832,0.06195718788524718,0.003551399605479899,0.001009591115598174
inverse_test_group_size,student_A,123,E2_KD_from_MLP,D_Small_MLP,0.9165252110763891,0.9133840501216884,0.003141160954700628,-0.008518625303834293,0.011900721296976946,0.007309616453585632,0.0007560711668535003,0.004258021159921022
inverse_test_group_size,student_A,456,E2_KD_from_MLP,D_Small_MLP,0.9142358304619019,0.913591551108952,0.0006442793529499724,-0.012553076237571514,0.0,0.019088639289804865,0.0009888837583013066,-0.004303050045785239
inverse_test_group_size,student_A,789,E2_KD_from_MLP,D_Small_MLP,0.9135182624270095,0.9145246717807705,-0.0010064093537609509,-0.02810313788704555,0.00644592369462238,0.009825565090582633,0.0020401487918395578,0.004759453541196779
inverse_test_group_size,student_A,1001,E2_KD_from_MLP,D_Small_MLP,0.9185982544129547,0.9172472539773684,0.0013510004355863359,-0.007010609527771883,0.01175165696233893,-0.0015379549680385463,0.00024208103207234988,0.0033098286793307174
inverse_test_group_size,student_A,2024,E2_KD_from_MLP,D_Small_MLP,0.9113032968132971,0.9148362783742531,-0.003532981560955939,-0.026388946468059116,0.011971351478957448,0.002684109782248978,0.0005748456361035492,-0.006506268234030332
inverse_test_group_size,student_A,3141,E2_KD_from_MLP,D_Small_MLP,0.9119225161412204,0.9119944117850907,-7.18956438702234e-05,-0.0071758749724852855,0.004631610348116544,0.0004883223419779315,0.00028234198071097616,0.001414122082328939
inverse_test_group_size,student_A,5678,E2_KD_from_MLP,D_Small_MLP,0.9129471510758904,0.9252336606016843,-0.01228650952579391,-0.04003397763688843,0.001854471161401805,-0.022939955143345347,0.0002218234686836018,-0.0005349094788205111
inverse_test_group_size,student_A,8192,E2_KD_from_MLP,D_Small_MLP,0.914477049449062,0.9066555038276043,0.00782154562145776,-0.009951460231311438,-0.001854471161401805,0.039054614987699354,0.0023041707520196075,0.00955487376028219
inverse_test_group_size,student_A,9999,E2_KD_from_MLP,D_Small_MLP,0.913410889101538,0.9172615025119463,-0.0038506134104082657,-0.013241739967238986,0.0037163159655925204,-0.008289788092810668,0.00011091565439080853,-0.0015487706119748923
inverse_test_group_size,student_A,42,F_KD_from_CL_MLP_fair,E2_KD_from_MLP,0.9179644351778252,0.9171429472713133,0.0008214879065119307,0.006355758690336999,0.0027955460791281306,-0.006930139197609653,4.038357162883255e-05,0.0018458903890760103
inverse_test_group_size,student_A,123,F_KD_from_CL_MLP_fair,E2_KD_from_MLP,0.9170350071442591,0.9165252110763891,0.0005097960678700497,0.008067489476193845,-0.0010559724385293956,0.001980662592181326,-0.0002217191200173385,-0.0062214801704777445
inverse_test_group_size,student_A,456,F_KD_from_CL_MLP_fair,E2_KD_from_MLP,0.9151508842580857,0.9142358304619019,0.0009150537961837291,0.0008852996980711625,0.00370161239726452,-0.003915320457757443,8.068457477528046e-05,0.0038229927685650145
inverse_test_group_size,student_A,789,F_KD_from_CL_MLP_fair,E2_KD_from_MLP,0.9125316459803037,0.9135182624270095,-0.0009866164467058347,5.655385122205203e-05,0.0018581524964496055,-1.4169978128864003e-05,-0.00012097661370658042,-0.006712641989366275
inverse_test_group_size,student_A,1001,F_KD_from_CL_MLP_fair,E2_KD_from_MLP,0.9145307192288223,0.9185982544129547,-0.004067535184132387,-0.014323332911698072,0.0,-0.0074417096582721776,6.048709038442013e-05,0.0013668795589235616
inverse_test_group_size,student_A,2024,F_KD_from_CL_MLP_fair,E2_KD_from_MLP,0.9118256333497022,0.9113032968132971,0.0005223365364050991,0.006235031540476443,-0.006484292664545754,-0.0080796028694744,1.0080269569723299e-05,0.010930466405999817
inverse_test_group_size,student_A,3141,F_KD_from_CL_MLP_fair,E2_KD_from_MLP,0.918696602784521,0.9119225161412204,0.006774086643300592,0.02044754527368442,-0.002784469112253829,0.01528239954137356,-2.0166418341460712e-05,0.0009451239320403815
inverse_test_group_size,student_A,5678,F_KD_from_CL_MLP_fair,E2_KD_from_MLP,0.9138393791986547,0.9129471510758904,0.0008922281227642381,-0.0005720222599058244,0.000929997950852024,0.0016191073411782053,0.00010087816949910788,0.0023831794121969008
inverse_test_group_size,student_A,8192,F_KD_from_CL_MLP_fair,E2_KD_from_MLP,0.915680061617224,0.914477049449062,0.0012030121681619876,0.0009433366986373315,0.002784469112253829,0.0012008590414864795,0.0001814503264002676,0.0009049456620326968
inverse_test_group_size,student_A,9999,F_KD_from_CL_MLP_fair,E2_KD_from_MLP,0.9123335539262675,0.913410889101538,-0.001077335175270533,0.0030142075139780733,0.0,-0.005341350326971028,-0.00032263537318633073,-0.002736897690173934
inverse_test_group_size,student_A,42,F_KD_from_CL_MLP_ext,E2_KD_from_MLP,0.9157184948992783,0.9171429472713133,-0.0014244523720350344,-0.0029100506154043915,0.000929997950852024,-0.0074384045025089884,3.024689023389815e-05,0.0022659484166518418
inverse_test_group_size,student_A,123,F_KD_from_CL_MLP_ext,E2_KD_from_MLP,0.9147322210233355,0.9165252110763891,-0.0017929900530535559,-0.004850180299336371,0.0009281545455975815,-0.0015046962982124823,-0.00012092554435227942,-0.0034173026689645614
inverse_test_group_size,student_A,456,F_KD_from_CL_MLP_ext,E2_KD_from_MLP,0.9092073122936695,0.9142358304619019,-0.005028518168232465,-0.008835286994520963,0.0027734578516669384,-0.01516757878704178,-0.00012097418109902058,-0.003792208730167057
inverse_test_group_size,student_A,789,F_KD_from_CL_MLP_ext,E2_KD_from_MLP,0.9120442269193717,0.9135182624270095,-0.0014740355076378053,-0.00023966469306690996,0.0009281545455975815,-0.005541868856538623,-0.00013105931595713827,-0.002385739218224936
inverse_test_group_size,student_A,1001,F_KD_from_CL_MLP_ext,E2_KD_from_MLP,0.9119322827431515,0.9185982544129547,-0.006665971669803206,-0.02034123792851461,0.0,-0.021705629918322034,0.00020159525947138768,0.008515414238349228
inverse_test_group_size,student_A,2024,F_KD_from_CL_MLP_ext,E2_KD_from_MLP,0.9093792105033651,0.9113032968132971,-0.001924086309932016,-0.0024076025087148567,-0.004640800105401244,-0.008194094425102438,1.013343373168496e-05,0.005611932055826996
inverse_test_group_size,student_A,3141,F_KD_from_CL_MLP_ext,E2_KD_from_MLP,0.9125385982617216,0.9119225161412204,0.0006160821205011269,-0.001329345297440221,-0.0018581524964496055,-1.0467651570089664e-05,0.00010081992652910543,0.006177556121436001
inverse_test_group_size,student_A,5678,F_KD_from_CL_MLP_ext,E2_KD_from_MLP,0.9160548609706227,0.9129471510758904,0.0031077098947323023,0.0060499822224215904,0.000929997950852024,0.007079639201180377,5.04697268358667e-05,0.0014284603723714318
inverse_test_group_size,student_A,8192,F_KD_from_CL_MLP_ext,E2_KD_from_MLP,0.9159543390861664,0.914477049449062,0.001477289637104362,0.007255926388022416,-0.002767976698953234,0.003821963907030934,9.07333723839665e-05,-0.0010141987829614951
inverse_test_group_size,student_A,9999,F_KD_from_CL_MLP_ext,E2_KD_from_MLP,0.91069567280114,0.913410889101538,-0.002715216300397949,-0.011167826396467184,-0.0018618448041907154,-0.0029822658357236964,-7.059822421029427e-05,0.002506453758601146
inverse_test_group_size,student_A,42,F_KD_from_CL_MLP_fair,D_Small_MLP,0.9179644351778252,0.9061902239085473,0.011774211269277912,-0.014741385279387065,0.012138128256355962,0.055027048687637525,0.0035917831771087316,0.0028554815046741844
inverse_test_group_size,student_A,123,F_KD_from_CL_MLP_fair,D_Small_MLP,0.9170350071442591,0.9133840501216884,0.0036509570225706778,-0.0004511358276404476,0.01084474885844755,0.009290279045766958,0.0005343520468361618,-0.001963459010556723
inverse_test_group_size,student_A,456,F_KD_from_CL_MLP_fair,D_Small_MLP,0.9151508842580857,0.913591551108952,0.0015593331491337015,-0.011667776539500352,0.00370161239726452,0.015173318832047422,0.001069568333076587,-0.00048005727722022495
inverse_test_group_size,student_A,789,F_KD_from_CL_MLP_fair,D_Small_MLP,0.9125316459803037,0.9145246717807705,-0.0019930258004667856,-0.028046584035823496,0.008304076191071985,0.009811395112453769,0.0019191721781329774,-0.001953188448169496
inverse_test_group_size,student_A,1001,F_KD_from_CL_MLP_fair,D_Small_MLP,0.9145307192288223,0.9172472539773684,-0.002716534748546051,-0.021333942439469955,0.01175165696233893,-0.008979664626310724,0.00030256812245677,0.004676708238254279
inverse_test_group_size,student_A,2024,F_KD_from_CL_MLP_fair,D_Small_MLP,0.9118256333497022,0.9148362783742531,-0.00301064502455084,-0.020153914927582672,0.005487058814411694,-0.0053954930872254225,0.0005849259056732725,0.0044241981719694845
inverse_test_group_size,student_A,3141,F_KD_from_CL_MLP_fair,D_Small_MLP,0.918696602784521,0.9119944117850907,0.0067021909994303686,0.013271670301199134,0.0018471412358627148,0.01577072188335149,0.00026217556236951545,0.0023592460143693206
inverse_test_group_size,student_A,5678,F_KD_from_CL_MLP_fair,D_Small_MLP,0.9138393791986547,0.9252336606016843,-0.011394281403029671,-0.040605999896794254,0.002784469112253829,-0.021320847802167142,0.0003227016381827097,0.0018482699333763897
inverse_test_group_size,student_A,8192,F_KD_from_CL_MLP_fair,D_Small_MLP,0.915680061617224,0.9066555038276043,0.009024557789619747,-0.009008123532674106,0.000929997950852024,0.040255474029185834,0.002485621078419875,0.010459819422314887
inverse_test_group_size,student_A,9999,F_KD_from_CL_MLP_fair,D_Small_MLP,0.9123335539262675,0.9172615025119463,-0.0049279485856787986,-0.010227532453260912,0.0037163159655925204,-0.013631138419781696,-0.0002117197187955222,-0.004285668302148826
inverse_test_group_size,student_A,42,F_KD_from_CL_MLP_fair,G_KD_random_pacing,0.9179644351778252,0.9205417072860602,-0.002577272108234996,-0.006600545477647546,0.004650017240529936,-0.008437025085264782,-5.0351625293321156e-05,-0.0024484555934988217
inverse_test_group_size,student_A,123,F_KD_from_CL_MLP_fair,G_KD_random_pacing,0.9170350071442591,0.9144458941908342,0.002589112953424899,0.012324043342071156,-0.001984126984126977,0.00696456002576451,-6.047857728519457e-05,-0.004298433039298444
inverse_test_group_size,student_A,456,F_KD_from_CL_MLP_fair,G_KD_random_pacing,0.9151508842580857,0.9122439286050404,0.002906955653045218,0.00766603205802141,0.0,0.003928101832098907,7.049919718793429e-05,0.0028701451779173937
inverse_test_group_size,student_A,789,F_KD_from_CL_MLP_fair,G_KD_random_pacing,0.9125316459803037,0.9146052047586831,-0.0020735587783794474,-0.005390598135975422,0.000929997950852024,-0.003873296962256023,-8.070829634843069e-05,-0.001953188448169496
inverse_test_group_size,student_A,1001,F_KD_from_CL_MLP_fair,G_KD_random_pacing,0.9145307192288223,0.9204858786011713,-0.005955159372348917,-0.018366914007167057,0.0,-0.00610563001978448,2.0161552612751876e-05,-0.0053234143874063555
inverse_test_group_size,student_A,2024,F_KD_from_CL_MLP_fair,G_KD_random_pacing,0.9118256333497022,0.9159496247514678,-0.004123991401765559,-0.014644629488488659,-0.0036942933147574575,-0.013487751339823939,0.00021167080049167009,0.010995046333751035
inverse_test_group_size,student_A,3141,F_KD_from_CL_MLP_fair,G_KD_random_pacing,0.918696602784521,0.9156729270617424,0.003023675722778618,0.008457400054298403,-0.0009263166158042235,0.007719799504616209,-7.05789158397252e-05,-6.192541337757262e-05
inverse_test_group_size,student_A,5678,F_KD_from_CL_MLP_fair,G_KD_random_pacing,0.9138393791986547,0.9134377784938907,0.00040160070476391585,-0.0032410614058133724,0.004631610348116544,-0.0008945555498433011,8.06559411499208e-05,0.001431354190208678
inverse_test_group_size,student_A,8192,F_KD_from_CL_MLP_fair,G_KD_random_pacing,0.915680061617224,0.9136192203083009,0.0020608413089231448,0.005249918831936706,0.000929997950852024,0.0007582662775648119,7.050304802524998e-05,0.0032955204362362656
inverse_test_group_size,student_A,9999,F_KD_from_CL_MLP_fair,G_KD_random_pacing,0.9123335539262675,0.913039530825168,-0.0007059768989005066,0.005024740511078707,0.0009318468533386914,-0.0025345336751889658,-0.00032263537318633073,-0.006629302810544413
inverse_test_group_size,student_A,42,F_KD_from_CL_MLP_fair,I_KD_from_SMOTE_MLP,0.9179644351778252,0.9168986829657635,0.0010657522120617324,0.008533626152347651,0.0009337012749374152,-0.0078624646959361,-0.00014117429131277337,0.0038650726202723584
inverse_test_group_size,student_A,123,F_KD_from_CL_MLP_fair,I_KD_from_SMOTE_MLP,0.9170350071442591,0.9168546424241388,0.00018036472012028515,0.0030157040022941173,-0.0038459717883176925,-0.006402332325522453,0.0001209232397527682,0.008013500472395019
inverse_test_group_size,student_A,456,F_KD_from_CL_MLP_fair,I_KD_from_SMOTE_MLP,0.9151508842580857,0.9120362283917623,0.0031146558663233126,0.0022099935579286134,-0.0018618448041907154,0.003575950365977021,0.0002721836871032446,0.011376996524797511
inverse_test_group_size,student_A,789,F_KD_from_CL_MLP_fair,I_KD_from_SMOTE_MLP,0.9125316459803037,0.9202038832216468,-0.007672237241343138,-0.02380114350139184,-0.0009318468533386914,-0.02673904770489688,0.000151085871997525,0.012959765980913973
inverse_test_group_size,student_A,1001,F_KD_from_CL_MLP_fair,I_KD_from_SMOTE_MLP,0.9145307192288223,0.9150878521755139,-0.0005571329466915742,-0.0006500391867598765,-0.002789999349788297,-0.0007424021414641491,-3.024080871505408e-05,0.0014270167532687283
inverse_test_group_size,student_A,2024,F_KD_from_CL_MLP_fair,I_KD_from_SMOTE_MLP,0.9118256333497022,0.9174801603145422,-0.005654526964839923,-0.021725620167534876,-0.0036942933147574575,-0.013504704084049357,0.00019150276099821895,0.010460479981144188
inverse_test_group_size,student_A,3141,F_KD_from_CL_MLP_fair,I_KD_from_SMOTE_MLP,0.918696602784521,0.9103001795520893,0.008396423232431727,0.027794781598503904,-0.0037163159655925204,0.007017467612341677,0.000130983373372362,0.0107551995435331
inverse_test_group_size,student_A,5678,F_KD_from_CL_MLP_fair,I_KD_from_SMOTE_MLP,0.9138393791986547,0.9127069354558689,0.0011324437427857603,0.0022312492641001214,-0.0009318468533386914,0.0021201253179244928,-8.080062476845118e-05,0.002323491610011441
inverse_test_group_size,student_A,8192,F_KD_from_CL_MLP_fair,I_KD_from_SMOTE_MLP,0.915680061617224,0.9100498139271697,0.00563024769005438,0.010870938717471246,-0.0018655481282761066,0.010512485599466048,0.00012090540666009897,0.008512456854950834
inverse_test_group_size,student_A,9999,F_KD_from_CL_MLP_fair,I_KD_from_SMOTE_MLP,0.9123335539262675,0.9006548229509624,0.01167873097530503,0.02833882625036155,0.0,0.010690865513297343,0.00032266544235060035,0.019041297670515545
inverse_test_group_size,student_A,42,E_KD_from_RF,E2_KD_from_MLP,0.9143069962222571,0.9171429472713133,-0.0028359510490562068,-0.025544262299011744,0.0027955460791281306,-0.013064574783890226,0.0007561500264431364,0.02087738573204989
inverse_test_group_size,student_A,123,E_KD_from_RF,E2_KD_from_MLP,0.9135071717210461,0.9165252110763891,-0.0030180393553429496,-0.02392347896366054,0.003723700624725712,-0.007946496720095064,0.00036297595512368996,0.01269310232719112
inverse_test_group_size,student_A,456,E_KD_from_RF,E2_KD_from_MLP,0.9157387506101674,0.9142358304619019,0.0015029201482654742,-0.011640957957896547,0.00649715847639265,-0.004864277236069747,0.0005647841886172733,0.016957893270284408
inverse_test_group_size,student_A,789,E_KD_from_RF,E2_KD_from_MLP,0.9104325653099549,0.9135182624270095,-0.003085697117054642,-0.024709676731002994,0.003723700624725712,-0.011536167039521983,0.0005444978659393529,0.01654915969458637
inverse_test_group_size,student_A,1001,E_KD_from_RF,E2_KD_from_MLP,0.9175301574784838,0.9185982544129547,-0.0010680969344709634,-0.021414950419527234,0.00266722998985236,-0.009138279024824336,0.0007357905717444435,0.02180972421040006
inverse_test_group_size,student_A,2024,E_KD_from_RF,E2_KD_from_MLP,0.9157728872695277,0.9113032968132971,0.004469590456230521,-0.006787330316742057,0.0,-0.0015903170559702362,0.0006654627331250662,0.030060136920739944
inverse_test_group_size,student_A,3141,E_KD_from_RF,E2_KD_from_MLP,0.9171182180120525,0.9119225161412204,0.00519570187083207,-0.002588949781632932,0.0008090774934027545,0.001743474310956561,0.0008063897976321455,0.02520851753380171
inverse_test_group_size,student_A,5678,E_KD_from_RF,E2_KD_from_MLP,0.9177902741347236,0.9129471510758904,0.004843123058833165,-0.007381497911893686,0.0027955460791281306,0.007127427805764919,0.0007765117523544918,0.020897627568811417
inverse_test_group_size,student_A,8192,E_KD_from_RF,E2_KD_from_MLP,0.9163587604156753,0.914477049449062,0.0018817109666132703,-0.016287348272642332,0.004650017240529936,0.004748190917397199,0.0007062183998219895,0.015591476547960115
inverse_test_group_size,student_A,9999,E_KD_from_RF,E2_KD_from_MLP,0.9144536727097439,0.913410889101538,0.0010427836082058661,-0.016279819951265484,-0.00012276935993593696,0.0009993094795811563,0.0005340924787574641,0.02008310539389191
inverse_test_group_size,student_A,42,I_KD_from_SMOTE_MLP,E2_KD_from_MLP,0.9168986829657635,0.9171429472713133,-0.0002442643055498017,-0.002177867462010652,0.0018618448041907154,0.0009323254983264473,0.00018155786294160592,-0.002019182231196348
inverse_test_group_size,student_A,123,I_KD_from_SMOTE_MLP,E2_KD_from_MLP,0.9168546424241388,0.9165252110763891,0.00032943134774976457,0.005051785473899728,0.002789999349788297,0.008382994917703779,-0.0003426423597701067,-0.014234980642872763
inverse_test_group_size,student_A,456,I_KD_from_SMOTE_MLP,E2_KD_from_MLP,0.9120362283917623,0.9142358304619019,-0.0021996020701395835,-0.001324693859857451,0.005563457201455235,-0.007491270823734464,-0.00019149911232796413,-0.007554003756232497
inverse_test_group_size,student_A,789,I_KD_from_SMOTE_MLP,E2_KD_from_MLP,0.9202038832216468,0.9135182624270095,0.006685620794637304,0.023857697352613894,0.002789999349788297,0.026724877726768015,-0.0002720624857041054,-0.019672407970280248
inverse_test_group_size,student_A,1001,I_KD_from_SMOTE_MLP,E2_KD_from_MLP,0.9150878521755139,0.9185982544129547,-0.003510402237440813,-0.013673293724938196,0.002789999349788297,-0.0066993075168080285,9.072789909947421e-05,-6.0137194345166733e-05
inverse_test_group_size,student_A,2024,I_KD_from_SMOTE_MLP,E2_KD_from_MLP,0.9174801603145422,0.9113032968132971,0.006176863501245022,0.02796065170801132,-0.002789999349788297,0.005425101214574957,-0.00018142249142849565,0.00046998642485562847
inverse_test_group_size,student_A,3141,I_KD_from_SMOTE_MLP,E2_KD_from_MLP,0.9103001795520893,0.9119225161412204,-0.0016223365891311348,-0.007347236324819484,0.0009318468533386914,0.008264931929031882,-0.0001511497917138227,-0.009810075611492719
inverse_test_group_size,student_A,5678,I_KD_from_SMOTE_MLP,E2_KD_from_MLP,0.9127069354558689,0.9129471510758904,-0.0002402156200215222,-0.002803271524005946,0.0018618448041907154,-0.0005010179767462875,0.00018167879426755906,5.968780218545966e-05
inverse_test_group_size,student_A,8192,I_KD_from_SMOTE_MLP,E2_KD_from_MLP,0.9100498139271697,0.914477049449062,-0.004427235521892392,-0.009927602018833914,0.004650017240529936,-0.009311626557979569,6.0544919740168623e-05,-0.007607511192918137
inverse_test_group_size,student_A,9999,I_KD_from_SMOTE_MLP,E2_KD_from_MLP,0.9006548229509624,0.913410889101538,-0.012756066150575562,-0.025324618736383475,0.0,-0.01603221584026837,-0.0006453008155369311,-0.02177819536068948
inverse_test_group_size,student_A,42,J_CoDistill_RF_CL,E_KD_from_RF,0.9156981595068263,0.9143069962222571,0.00139116328456923,0.010806635327581304,-0.0009337012749374152,0.0052409067044922875,-0.00028235346043481435,-0.0078756708738551
inverse_test_group_size,student_A,123,J_CoDistill_RF_CL,E_KD_from_RF,0.91827545078026,0.9135071717210461,0.004768279059213842,0.020089275069269275,0.0,0.00874482736528226,-7.068757728778685e-05,-0.004922019561194868
inverse_test_group_size,student_A,456,J_CoDistill_RF_CL,E_KD_from_RF,0.9144462297030447,0.9157387506101674,-0.0012925209071227295,-0.0017338934980583032,-0.0009337012749374152,0.0017514941585388133,-0.00015145271763794543,-0.005395051203519463
inverse_test_group_size,student_A,789,J_CoDistill_RF_CL,E_KD_from_RF,0.9126819192234896,0.9104325653099549,0.0022493539135347573,0.007497388147880146,0.0,0.011322911253747181,-0.00020147298790784696,-0.00737205684604636
inverse_test_group_size,student_A,1001,J_CoDistill_RF_CL,E_KD_from_RF,0.9199637623227659,0.9175301574784838,0.0024336048442821223,0.011659913533411337,0.0010564706348733521,0.00701909938820644,-0.00021159031318018773,-0.00735586902190033
inverse_test_group_size,student_A,2024,J_CoDistill_RF_CL,E_KD_from_RF,0.9197135875595344,0.9157728872695277,0.0039407002900067045,0.018332296977987883,0.0,0.012427918008474093,-0.00017163751502335955,-0.010885076021404871
inverse_test_group_size,student_A,3141,J_CoDistill_RF_CL,E_KD_from_RF,0.9153612417586248,0.9171182180120525,-0.0017569762534277444,-0.005943276668269104,0.00012276935993593696,0.0025879792716470007,-0.00015120841507887395,-0.005401144815373682
inverse_test_group_size,student_A,5678,J_CoDistill_RF_CL,E_KD_from_RF,0.9323194961091756,0.9177902741347236,0.014529221974452056,0.04637201027178195,-0.0009337012749374152,0.03472722857993482,-0.00017165166172750101,-0.007347776042790799
inverse_test_group_size,student_A,8192,J_CoDistill_RF_CL,E_KD_from_RF,0.9190838519386894,0.9163587604156753,0.002725091523014034,0.010321458173036535,-0.0009337012749374152,0.007291644457710467,-9.148307598638716e-05,-0.0029624606647524754
inverse_test_group_size,student_A,9999,J_CoDistill_RF_CL,E_KD_from_RF,0.911066079997326,0.9144536727097439,-0.0033875927124178418,-0.002059643589436222,0.00012276935993593696,-0.004894418855057703,-0.00026198829598400586,-0.00984468218154777
inverse_test_group_size,student_A,42,J_CoDistill_RF_CL,E2_KD_from_MLP,0.9156981595068263,0.9171429472713133,-0.0014447877644869767,-0.01473762697143044,0.0018618448041907154,-0.007823668079397939,0.0004737965660083221,0.01300171485819479
inverse_test_group_size,student_A,123,J_CoDistill_RF_CL,E2_KD_from_MLP,0.91827545078026,0.9165252110763891,0.0017502397038708928,-0.0038342038943912637,0.003723700624725712,0.0007983306451871952,0.0002922883778359031,0.007771082765996251
inverse_test_group_size,student_A,456,J_CoDistill_RF_CL,E2_KD_from_MLP,0.9144462297030447,0.9142358304619019,0.00021039924114274466,-0.01337485145595485,0.005563457201455235,-0.003112783077530934,0.0004133314709793279,0.011562842066764945
inverse_test_group_size,student_A,789,J_CoDistill_RF_CL,E2_KD_from_MLP,0.9126819192234896,0.9135182624270095,-0.0008363432035198848,-0.017212288583122848,0.003723700624725712,-0.00021325578577480186,0.00034302487803150594,0.009177102848540009
inverse_test_group_size,student_A,1001,J_CoDistill_RF_CL,E2_KD_from_MLP,0.9199637623227659,0.9185982544129547,0.0013655079098111589,-0.009755036886115898,0.003723700624725712,-0.002119179636617896,0.0005242002585642558,0.014453855188499731
inverse_test_group_size,student_A,2024,J_CoDistill_RF_CL,E2_KD_from_MLP,0.9197135875595344,0.9113032968132971,0.008410290746237226,0.011544966661245826,0.0,0.010837600952503856,0.0004938252181017067,0.019175060899335072
inverse_test_group_size,student_A,3141,J_CoDistill_RF_CL,E2_KD_from_MLP,0.9153612417586248,0.9119225161412204,0.0034387256174043257,-0.008532226449902036,0.0009318468533386914,0.004331453582603562,0.0006551813825532715,0.01980737271842803
inverse_test_group_size,student_A,5678,J_CoDistill_RF_CL,E2_KD_from_MLP,0.9323194961091756,0.9129471510758904,0.01937234503328522,0.03899051235988826,0.0018618448041907154,0.04185465638569974,0.0006048600906269908,0.013549851526020618
inverse_test_group_size,student_A,8192,J_CoDistill_RF_CL,E2_KD_from_MLP,0.9190838519386894,0.914477049449062,0.004606802489627304,-0.005965890099605797,0.0037163159655925204,0.012039835375107666,0.0006147353238356024,0.01262901588320764
inverse_test_group_size,student_A,9999,J_CoDistill_RF_CL,E2_KD_from_MLP,0.911066079997326,0.913410889101538,-0.0023448091042119756,-0.018339463540701706,0.0,-0.0038951093754765465,0.00027210418277345827,0.010238423212344139
inverse_test_group_size,student_A,42,J_CoDistill_RF_CL,F_KD_from_CL_MLP_fair,0.9156981595068263,0.9179644351778252,-0.0022662756709989074,-0.02109338566176744,-0.0009337012749374152,-0.0008935288817882858,0.00043341299437948955,0.01115582446911878
inverse_test_group_size,student_A,123,J_CoDistill_RF_CL,F_KD_from_CL_MLP_fair,0.91827545078026,0.9170350071442591,0.001240443636000843,-0.011901693370585109,0.004779673063255108,-0.0011823319469941307,0.0005140074978532416,0.013992562936473996
inverse_test_group_size,student_A,456,J_CoDistill_RF_CL,F_KD_from_CL_MLP_fair,0.9144462297030447,0.9151508842580857,-0.0007046545550409844,-0.014260151154026013,0.0018618448041907154,0.000802537380226509,0.0003326468962040474,0.00773984929819993
inverse_test_group_size,student_A,789,J_CoDistill_RF_CL,F_KD_from_CL_MLP_fair,0.9126819192234896,0.9125316459803037,0.00015027324318594992,-0.0172688424343449,0.0018655481282761066,-0.00019908580764593786,0.00046400149173808636,0.015889744837906283
inverse_test_group_size,student_A,1001,J_CoDistill_RF_CL,F_KD_from_CL_MLP_fair,0.9199637623227659,0.9145307192288223,0.005433043093943546,0.004568296025582175,0.003723700624725712,0.0053225300216542815,0.00046371316817983566,0.01308697562957617
inverse_test_group_size,student_A,2024,J_CoDistill_RF_CL,F_KD_from_CL_MLP_fair,0.9197135875595344,0.9118256333497022,0.007887954209832126,0.005309935120769382,0.006484292664545754,0.018917203821978257,0.00048374494853198335,0.008244594493335256
inverse_test_group_size,student_A,3141,J_CoDistill_RF_CL,F_KD_from_CL_MLP_fair,0.9153612417586248,0.918696602784521,-0.0033353610258962663,-0.028979771723586456,0.0037163159655925204,-0.010950945958769998,0.0006753478008947322,0.018862248786387648
inverse_test_group_size,student_A,5678,J_CoDistill_RF_CL,F_KD_from_CL_MLP_fair,0.9323194961091756,0.9138393791986547,0.018480116910520983,0.03956253461979409,0.0009318468533386914,0.040235549044521535,0.0005039819211278829,0.011166672113823717
inverse_test_group_size,student_A,8192,J_CoDistill_RF_CL,F_KD_from_CL_MLP_fair,0.9190838519386894,0.915680061617224,0.0034037903214653165,-0.006909226798243129,0.0009318468533386914,0.010838976333621186,0.0004332849974353348,0.011724070221174943
inverse_test_group_size,student_A,9999,J_CoDistill_RF_CL,F_KD_from_CL_MLP_fair,0.911066079997326,0.9123335539262675,-0.0012674739289414427,-0.02135367105467978,0.0,0.0014462409514944818,0.000594739555959789,0.012975320902518073
inverse_test_group_size,student_B,42,E_KD_from_RF,D_Small_MLP,0.921290726226542,0.9305117622700159,-0.009221036043473907,-0.04492782898007086,0.011083226933180645,-0.025939860840921702,0.0005040272702836468,0.013175255400158292
inverse_test_group_size,student_B,123,E_KD_from_RF,D_Small_MLP,0.936118130292505,0.924792992332392,0.01132513796011303,0.013484140492592611,0.011995034649933012,0.01440802754305881,0.0006350177692194814,0.016103469345761234
inverse_test_group_size,student_B,456,E_KD_from_RF,D_Small_MLP,0.9411788791177461,0.9347031061655338,0.006475772952212355,0.004507728297210911,0.008337013159056772,0.005921908744750848,0.00042346619134037145,0.013188748368702208
inverse_test_group_size,student_B,789,E_KD_from_RF,D_Small_MLP,0.9201803884011344,0.9284877541936932,-0.008307365792558863,-0.04814227012130656,0.006484292664545754,-0.01735905405734417,0.0008461473048080315,0.016634055246501633
inverse_test_group_size,student_B,1001,E_KD_from_RF,D_Small_MLP,0.9391416119984985,0.9294569081994458,0.00968470379905273,0.004136014888228456,0.011995034649933012,0.013128395053276454,0.0007053584249652189,0.018458715978860285
inverse_test_group_size,student_B,2024,E_KD_from_RF,D_Small_MLP,0.9381626481727533,0.9409418155994604,-0.002779167426707141,-0.026570137253426718,0.004650017240529936,-0.008332862186460677,0.0007255409012620895,0.01563160416455922
inverse_test_group_size,student_B,3141,E_KD_from_RF,D_Small_MLP,0.9480509805713477,0.9337913260429765,0.01425965452837119,0.019638364471629033,0.005563457201455235,0.023850865657732645,0.0008060273189386402,0.021439557992101288
inverse_test_group_size,student_B,5678,E_KD_from_RF,D_Small_MLP,0.9242500051437817,0.9270049316869298,-0.0027549265431480174,-0.03364402897742669,0.00925422150332078,-0.012990669816498324,0.0007858414907985223,0.022820003084065843
inverse_test_group_size,student_B,8192,E_KD_from_RF,D_Small_MLP,0.9305326474480136,0.9412267498546557,-0.010694102406642148,-0.05443498316993145,0.00925422150332078,-0.02609019182999006,0.0007557558573715317,0.017044685606019017
inverse_test_group_size,student_B,9999,E_KD_from_RF,D_Small_MLP,0.9188266587014107,0.9288535653473208,-0.010026906645910105,-0.04826314489856087,0.0027955460791281306,-0.028679044304044665,0.0007657943538770251,0.023246315540049634
inverse_test_group_size,student_B,42,E2_KD_from_MLP,D_Small_MLP,0.9191621750089013,0.9305117622700159,-0.011349587261114569,-0.034635536977261294,0.008287680854052515,-0.028857711846216216,-0.00010073291522860739,-0.0014416354209204618
inverse_test_group_size,student_B,123,E2_KD_from_MLP,D_Small_MLP,0.9200426541399918,0.924792992332392,-0.0047503381924002275,-0.012823145170206218,0.009199488570804881,-0.018222745646794936,1.007905355943084e-05,-0.0019153677693646287
inverse_test_group_size,student_B,456,E2_KD_from_MLP,D_Small_MLP,0.9227852254925454,0.9347031061655338,-0.011917880672988379,-0.02832987685682231,0.0018398546826641216,-0.02893166857087881,-0.00027221542609134897,-0.0038954971938144345
inverse_test_group_size,student_B,789,E2_KD_from_MLP,D_Small_MLP,0.9237633925295835,0.9284877541936932,-0.004724361664109722,-0.015052337354896195,0.005552445811207063,-0.010838707805519987,7.039126552943475e-05,-0.0033536002368698137
inverse_test_group_size,student_B,1001,E2_KD_from_MLP,D_Small_MLP,0.9266515789588077,0.9294569081994458,-0.0028053292406381436,-0.014078810243261408,0.011061333374995597,-0.01390659478949019,3.0186023665002004e-05,0.0028672394309001703
inverse_test_group_size,student_B,2024,E2_KD_from_MLP,D_Small_MLP,0.9177528357379126,0.9409418155994604,-0.023188979861547887,-0.06557376353170785,0.002784469112253829,-0.04887154941473515,1.0026902724002973e-05,-0.004294082376274155
inverse_test_group_size,student_B,3141,E2_KD_from_MLP,D_Small_MLP,0.920626199357225,0.9337913260429765,-0.013165126685751538,-0.03380188503341219,0.0,-0.02894192481373381,-0.00023192632468893581,-0.002849897256922862
inverse_test_group_size,student_B,5678,E2_KD_from_MLP,D_Small_MLP,0.922771458417766,0.9270049316869298,-0.00423347326916379,-0.019599720861619097,0.00645867542419265,-0.009907730896712486,4.026710231697095e-05,0.001841142886003011
inverse_test_group_size,student_B,8192,E2_KD_from_MLP,D_Small_MLP,0.9182268722380993,0.9412267498546557,-0.02299987761655642,-0.07033818819128912,0.00645867542419265,-0.049111667619742616,-4.031743018051426e-05,-0.0019678902657626063
inverse_test_group_size,student_B,9999,E2_KD_from_MLP,D_Small_MLP,0.9240530939919601,0.9288535653473208,-0.004800471355360658,-0.018159425117633354,0.0018618448041907154,-0.014524037194759032,0.00021158568628565355,0.006607675045112726
inverse_test_group_size,student_B,42,F_KD_from_CL_MLP_fair,E2_KD_from_MLP,0.9121190701845643,0.9191621750089013,-0.00704310482433701,-0.01534839448832015,0.000929997950852024,-0.019273066250352633,-3.0292147187971352e-05,-0.00149376918667532
inverse_test_group_size,student_B,123,F_KD_from_CL_MLP_fair,E2_KD_from_MLP,0.9190714201226442,0.9200426541399918,-0.0009712340173475553,-0.002746930954957816,0.0,-0.002577274297244192,-1.007905355943084e-05,0.0004781142190245502
inverse_test_group_size,student_B,456,F_KD_from_CL_MLP_fair,E2_KD_from_MLP,0.9218917072068263,0.9227852254925454,-0.0008935182857190416,-0.006029539737980705,0.0027734578516669384,-0.002229619058764176,6.0483441693182094e-05,0.0009576260747898857
inverse_test_group_size,student_B,789,F_KD_from_CL_MLP_fair,E2_KD_from_MLP,0.9136224402526011,0.9237633925295835,-0.010140952276982418,-0.024979630096426342,-0.0018581524964496055,-0.019891868239367505,-0.0001714015282457959,-0.003803709024422064
inverse_test_group_size,student_B,1001,F_KD_from_CL_MLP_fair,E2_KD_from_MLP,0.9273877822216736,0.9266515789588077,0.0007362032628659421,0.005917482362410964,-0.002789999349788297,0.0030247494218560433,-8.064134594487626e-05,-0.002390574774203569
inverse_test_group_size,student_B,2024,F_KD_from_CL_MLP_fair,E2_KD_from_MLP,0.9196888446600224,0.9177528357379126,0.0019360089221098775,0.007856948967192023,-0.002784469112253829,0.00038399272051736766,-7.051034117955268e-05,0.004294082376274155
inverse_test_group_size,student_B,3141,F_KD_from_CL_MLP_fair,E2_KD_from_MLP,0.9216277439593414,0.920626199357225,0.0010015446021164331,-0.0031644514712679817,0.00370161239726452,0.0005458618492713008,0.00012099121089281795,0.003803709024422064
inverse_test_group_size,student_B,5678,F_KD_from_CL_MLP_fair,E2_KD_from_MLP,0.9152266168277731,0.922771458417766,-0.007544841589992912,-0.021549492369132173,-0.00370161239726452,-0.014780468374397171,-8.064458898138227e-05,0.0023880097798105737
inverse_test_group_size,student_B,8192,F_KD_from_CL_MLP_fair,E2_KD_from_MLP,0.9185681313637758,0.9182268722380993,0.0003412591256765074,-0.0014487620537680934,0.0018618448041907154,0.0017513289327388826,-4.026710231697095e-05,-0.00041784895246232967
inverse_test_group_size,student_B,9999,F_KD_from_CL_MLP_fair,E2_KD_from_MLP,0.9255005510295249,0.9240530939919601,0.00144745703756477,0.006439053080429358,0.0009337012749374152,-0.00040385960352340433,-0.0002116388504476152,0.00048002928642687515
inverse_test_group_size,student_B,42,F_KD_from_CL_MLP_ext,E2_KD_from_MLP,0.9216612619171091,0.9191621750089013,0.0024990869082077705,0.008587453195405326,0.0,0.004973147578132164,-5.04528890170608e-05,-0.0010147133434804667
inverse_test_group_size,student_B,123,F_KD_from_CL_MLP_ext,E2_KD_from_MLP,0.9191860120395259,0.9200426541399918,-0.0008566421004658764,-0.005913686977484178,0.000929997950852024,-0.0022964737604411756,0.00012098234562463173,0.002875969939119649
inverse_test_group_size,student_B,456,F_KD_from_CL_MLP_ext,E2_KD_from_MLP,0.9203302916905087,0.9227852254925454,-0.002454933802036652,-0.009446367280782075,0.0,-0.004310989460877268,-1.008128307977696e-05,0.0014927690145565276
inverse_test_group_size,student_B,789,F_KD_from_CL_MLP_ext,E2_KD_from_MLP,0.9212735423331118,0.9237633925295835,-0.0024898501964717434,-0.002652519893898697,-0.000929997950852024,-0.005729125514058242,-0.0002218099709090371,-0.002915797652639829
inverse_test_group_size,student_B,1001,F_KD_from_CL_MLP_ext,E2_KD_from_MLP,0.9301035182282751,0.9266515789588077,0.003451939269467408,0.011630359929577394,-0.004640800105401244,0.009290350532455083,2.0158309771867167e-05,0.0009596276809340498
inverse_test_group_size,student_B,2024,F_KD_from_CL_MLP_ext,E2_KD_from_MLP,0.9138339761573008,0.9177528357379126,-0.003918859580611778,-0.004727355030751168,-0.009217678804904539,-0.0045390141304875176,-0.0001613053956399657,-0.000948944541275476
inverse_test_group_size,student_B,3141,F_KD_from_CL_MLP_ext,E2_KD_from_MLP,0.9218265402018755,0.920626199357225,0.0012003408446504826,-0.0009547211016620594,0.0018471412358627148,-0.0012688988712643567,0.00018147586877981237,0.006196707091536857
inverse_test_group_size,student_B,5678,F_KD_from_CL_MLP_ext,E2_KD_from_MLP,0.9223104266299224,0.922771458417766,-0.0004610317878436243,0.0024103009169886835,-0.005541467079928641,-0.0035113853777032356,3.0238376621083418e-05,0.004307154224804766
inverse_test_group_size,student_B,8192,F_KD_from_CL_MLP_ext,E2_KD_from_MLP,0.9177306317277347,0.9182268722380993,-0.0004962405103645651,-0.0009988248757765161,-0.001854471161401805,0.0032851181787352246,-6.042824845253758e-05,-0.0028525964449274133
inverse_test_group_size,student_B,9999,F_KD_from_CL_MLP_ext,E2_KD_from_MLP,0.9219376591255302,0.9240530939919601,-0.002115434866429955,-0.005233078067111263,-0.0037163159655925204,-0.00097691830619695,-0.00017131979894458027,-0.00047954219430479395
inverse_test_group_size,student_B,42,F_KD_from_CL_MLP_fair,D_Small_MLP,0.9121190701845643,0.9305117622700159,-0.01839269208545158,-0.049983931465581444,0.009217678804904539,-0.04813077809656885,-0.00013102506241657874,-0.002935404607595782
inverse_test_group_size,student_B,123,F_KD_from_CL_MLP_fair,D_Small_MLP,0.9190714201226442,0.924792992332392,-0.005721572209747783,-0.015570076125164034,0.009199488570804881,-0.020800019944039128,0.0,-0.0014372535503400785
inverse_test_group_size,student_B,456,F_KD_from_CL_MLP_fair,D_Small_MLP,0.9218917072068263,0.9347031061655338,-0.01281139895870742,-0.034359416594803016,0.00461331253433106,-0.031161287629642986,-0.00021173198439816687,-0.0029378711190245488
inverse_test_group_size,student_B,789,F_KD_from_CL_MLP_fair,D_Small_MLP,0.9136224402526011,0.9284877541936932,-0.01486531394109214,-0.04003196745132254,0.0036942933147574575,-0.030730576044887492,-0.00010101026271636115,-0.007157309261291878
inverse_test_group_size,student_B,1001,F_KD_from_CL_MLP_fair,D_Small_MLP,0.9273877822216736,0.9294569081994458,-0.0020691259777722015,-0.008161327880850444,0.0082713340252073,-0.010881845367634146,-5.045532227987426e-05,0.0004766646566966015
inverse_test_group_size,student_B,2024,F_KD_from_CL_MLP_fair,D_Small_MLP,0.9196888446600224,0.9409418155994604,-0.02125297093943801,-0.05771681456451583,0.0,-0.04848755669421778,-6.048343845554971e-05,0.0
inverse_test_group_size,student_B,3141,F_KD_from_CL_MLP_fair,D_Small_MLP,0.9216277439593414,0.9337913260429765,-0.012163582083635105,-0.036966336504680175,0.00370161239726452,-0.02839606296446251,-0.00011093511379611787,0.0009538117674992019
inverse_test_group_size,student_B,5678,F_KD_from_CL_MLP_fair,D_Small_MLP,0.9152266168277731,0.9270049316869298,-0.011778314859156702,-0.04114921323075127,0.0027570630269281304,-0.024688199271109657,-4.037748666441132e-05,0.004229152665813585
inverse_test_group_size,student_B,8192,F_KD_from_CL_MLP_fair,D_Small_MLP,0.9185681313637758,0.9412267498546557,-0.02265861849087991,-0.07178695024505721,0.008320520228383366,-0.047360338687003734,-8.05845324974852e-05,-0.002385739218224936
inverse_test_group_size,student_B,9999,F_KD_from_CL_MLP_fair,D_Small_MLP,0.9255005510295249,0.9288535653473208,-0.003353014317795888,-0.011720372037203997,0.0027955460791281306,-0.014927896798282436,-5.316416196166074e-08,0.0070877043315396016
inverse_test_group_size,student_B,42,F_KD_from_CL_MLP_fair,G_KD_random_pacing,0.9121190701845643,0.9174889373974423,-0.005369867212878021,-0.010604253425836374,0.002784469112253829,-0.017455147703672846,-8.063486045861712e-05,-0.00149376918667532
inverse_test_group_size,student_B,123,F_KD_from_CL_MLP_fair,G_KD_random_pacing,0.9190714201226442,0.9170654383259578,0.002005981796686429,0.007737984108364904,0.0009281545455975815,0.00289172806706528,-9.070418725565244e-05,-0.0014372535503400785
inverse_test_group_size,student_B,456,F_KD_from_CL_MLP_fair,G_KD_random_pacing,0.9218917072068263,0.9244777576929268,-0.0025860504861004996,-0.004818385561826455,-0.0018581524964496055,-0.005637938193249981,-8.063323920937115e-05,-0.0005351429397666418
inverse_test_group_size,student_B,789,F_KD_from_CL_MLP_fair,G_KD_random_pacing,0.9136224402526011,0.9237918934895077,-0.010169453236906656,-0.024416974361357036,-0.0018581524964496055,-0.018819880958054647,-9.07224263102524e-05,-0.005661535942361184
inverse_test_group_size,student_B,1001,F_KD_from_CL_MLP_fair,G_KD_random_pacing,0.9273877822216736,0.9278923113299449,-0.0005045291082712566,-0.0022530229196014995,0.0082713340252073,-0.004242613192598443,-4.032229444184132e-05,-0.004258021159921022
inverse_test_group_size,student_B,2024,F_KD_from_CL_MLP_fair,G_KD_random_pacing,0.9196888446600224,0.9198281937491608,-0.00013934908913837418,-0.005026305808101483,-0.0009263166158042235,-0.004925183889233575,0.00022189391042715112,0.00995916695702137
inverse_test_group_size,student_B,3141,F_KD_from_CL_MLP_fair,G_KD_random_pacing,0.9216277439593414,0.9216882354057772,-6.049144643571758e-05,-0.0020211651689381327,0.00370161239726452,-0.004353741496598396,-1.008128307977696e-05,0.0023809183191738637
inverse_test_group_size,student_B,5678,F_KD_from_CL_MLP_fair,G_KD_random_pacing,0.9152266168277731,0.9138100991188486,0.0014165177089244807,0.0036785931575059605,0.0009208354630905191,0.0029981112621484396,2.0163174326515154e-05,-0.0005351145124494749
inverse_test_group_size,student_B,8192,F_KD_from_CL_MLP_fair,G_KD_random_pacing,0.9185681313637758,0.9204149917108608,-0.001846860347085033,-0.005449078158378917,0.0037163159655925204,-0.004526380970982458,-0.00011082047731791889,-0.0028643380943391694
inverse_test_group_size,student_B,9999,F_KD_from_CL_MLP_fair,G_KD_random_pacing,0.9255005510295249,0.9235969741917834,0.0019035768377414497,0.010378045020043025,0.0027955460791281306,-0.003084425147736436,-9.07646416612451e-05,-0.00048051712106766953
inverse_test_group_size,student_B,42,F_KD_from_CL_MLP_fair,I_KD_from_SMOTE_MLP,0.9121190701845643,0.9242658346299848,-0.01214676444542051,-0.025204158394651288,-0.0009318468533386914,-0.03595143892919028,-8.063486045861712e-05,0.0014342568105373266
inverse_test_group_size,student_B,123,F_KD_from_CL_MLP_fair,I_KD_from_SMOTE_MLP,0.9190714201226442,0.9242072081262049,-0.005135788003560737,-0.011355422513206426,-0.0018618448041907154,-0.0185689700789341,-7.065056986410578e-05,0.006177947948391993
inverse_test_group_size,student_B,456,F_KD_from_CL_MLP_fair,I_KD_from_SMOTE_MLP,0.9218917072068263,0.9159884523250412,0.005903254881785114,0.018345566854754303,-0.002789999349788297,0.006606078797460446,0.00028225985334839887,0.007072368253151495
inverse_test_group_size,student_B,789,F_KD_from_CL_MLP_fair,I_KD_from_SMOTE_MLP,0.9136224402526011,0.9172177912123829,-0.0035953509597818067,-0.0083837827406259,-0.0018581524964496055,-0.01490559101769362,0.0001208755401606032,0.007049895915699822
inverse_test_group_size,student_B,1001,F_KD_from_CL_MLP_fair,I_KD_from_SMOTE_MLP,0.9273877822216736,0.9240304973673146,0.003357284854359044,0.013014443274427356,-0.002789999349788297,0.006155877577533553,-7.05618870732172e-05,0.0004766646566966015
inverse_test_group_size,student_B,2024,F_KD_from_CL_MLP_fair,I_KD_from_SMOTE_MLP,0.9196888446600224,0.9241163429258356,-0.0044274982658131234,-0.013705446349370876,-0.0037163159655925204,-0.012380491646509229,0.00012098877114841144,0.007543773861259706
inverse_test_group_size,student_B,3141,F_KD_from_CL_MLP_fair,I_KD_from_SMOTE_MLP,0.9216277439593414,0.9206667903490198,0.0009609536103216687,0.002626564434275558,-0.0018618448041907154,-0.0025962637847295467,-1.0876499967338304e-07,0.006636420971253054
inverse_test_group_size,student_B,5678,F_KD_from_CL_MLP_fair,I_KD_from_SMOTE_MLP,0.9152266168277731,0.9120451534391737,0.0031814633885993704,0.007608665782659951,-0.004631610348116544,0.009175426553311938,-5.438359340637078e-08,0.0037548893387341353
inverse_test_group_size,student_B,8192,F_KD_from_CL_MLP_fair,I_KD_from_SMOTE_MLP,0.9185681313637758,0.9194022079615021,-0.0008340765977262743,0.0009640469460097112,-0.0009337012749374152,-0.004595794123270824,-8.063647752187819e-05,0.000475701941088591
inverse_test_group_size,student_B,9999,F_KD_from_CL_MLP_fair,I_KD_from_SMOTE_MLP,0.9255005510295249,0.9148045528386897,0.01069599819083522,0.02160310355117878,0.0009337012749374152,0.010359702957402739,0.00037310501298992715,0.020210378157666464
inverse_test_group_size,student_B,42,E_KD_from_RF,E2_KD_from_MLP,0.921290726226542,0.9191621750089013,0.002128551217640662,-0.010292292002809567,0.0027955460791281306,0.002917851005294514,0.0006047601855122542,0.014616890821078754
inverse_test_group_size,student_B,123,E_KD_from_RF,E2_KD_from_MLP,0.936118130292505,0.9200426541399918,0.016075476152513257,0.02630728566279883,0.0027955460791281306,0.032630773189853746,0.0006249387156600505,0.018018837115125863
inverse_test_group_size,student_B,456,E_KD_from_RF,E2_KD_from_MLP,0.9411788791177461,0.9227852254925454,0.018393653625200734,0.03283760515403322,0.00649715847639265,0.03485357731562966,0.0006956816174317204,0.017084245562516642
inverse_test_group_size,student_B,789,E_KD_from_RF,E2_KD_from_MLP,0.9201803884011344,0.9237633925295835,-0.003583004128449141,-0.03308993276641037,0.0009318468533386914,-0.006520346251824183,0.0007757560392785967,0.019987655483371447
inverse_test_group_size,student_B,1001,E_KD_from_RF,E2_KD_from_MLP,0.9391416119984985,0.9266515789588077,0.012490033039690873,0.018214825131489865,0.0009337012749374152,0.027034989842766644,0.0006751724013002169,0.015591476547960115
inverse_test_group_size,student_B,2024,E_KD_from_RF,E2_KD_from_MLP,0.9381626481727533,0.9177528357379126,0.020409812434840746,0.039003626278281134,0.0018655481282761066,0.04053868722827447,0.0007155139985380865,0.019925686540833376
inverse_test_group_size,student_B,3141,E_KD_from_RF,E2_KD_from_MLP,0.9480509805713477,0.920626199357225,0.02742478121412273,0.053440249505041226,0.005563457201455235,0.052792790471466455,0.001037953643627576,0.02428945524902415
inverse_test_group_size,student_B,5678,E_KD_from_RF,E2_KD_from_MLP,0.9242500051437817,0.922771458417766,0.0014785467260157725,-0.014044308115807591,0.0027955460791281306,-0.003082938919785838,0.0007455743884815513,0.020978860198062832
inverse_test_group_size,student_B,8192,E_KD_from_RF,E2_KD_from_MLP,0.9305326474480136,0.9182268722380993,0.012305775209914271,0.01590320502135767,0.0027955460791281306,0.023021475789752555,0.000796073287552046,0.019012575871781623
inverse_test_group_size,student_B,9999,E_KD_from_RF,E2_KD_from_MLP,0.9188266587014107,0.9240530939919601,-0.005226435290549447,-0.030103719780927518,0.0009337012749374152,-0.014155007109285633,0.0005542086675913716,0.016638640494936907
inverse_test_group_size,student_B,42,I_KD_from_SMOTE_MLP,E2_KD_from_MLP,0.9242658346299848,0.9191621750089013,0.005103659621083501,0.009855763906331139,0.0018618448041907154,0.01667837267883765,5.034271327064577e-05,-0.0029280259972126466
inverse_test_group_size,student_B,123,I_KD_from_SMOTE_MLP,E2_KD_from_MLP,0.9242072081262049,0.9200426541399918,0.004164553986213182,0.00860849155824861,0.0018618448041907154,0.015991695781689907,6.0571516304674944e-05,-0.005699833729367443
inverse_test_group_size,student_B,456,I_KD_from_SMOTE_MLP,E2_KD_from_MLP,0.9159884523250412,0.9227852254925454,-0.006796773167504155,-0.024375106592735007,0.005563457201455235,-0.008835697856224622,-0.00022177641165521678,-0.00611474217836161
inverse_test_group_size,student_B,789,I_KD_from_SMOTE_MLP,E2_KD_from_MLP,0.9172177912123829,0.9237633925295835,-0.006545601317200611,-0.01659584735580044,0.0,-0.004986277221673885,-0.0002922770684063991,-0.010853604940121886
inverse_test_group_size,student_B,1001,I_KD_from_SMOTE_MLP,E2_KD_from_MLP,0.9240304973673146,0.9266515789588077,-0.002621081591493102,-0.007096960912016392,0.0,-0.0031311281556775095,-1.0079458871659064e-05,-0.0028672394309001703
inverse_test_group_size,student_B,2024,I_KD_from_SMOTE_MLP,E2_KD_from_MLP,0.9241163429258356,0.9177528357379126,0.006363507187923001,0.0215623953165629,0.0009318468533386914,0.012764484367026596,-0.00019149911232796413,-0.0032496914849855507
inverse_test_group_size,student_B,3141,I_KD_from_SMOTE_MLP,E2_KD_from_MLP,0.9206667903490198,0.920626199357225,4.059099179476444e-05,-0.0057910159055435395,0.005563457201455235,0.0031421256340008474,0.00012109997589249133,-0.0028327119468309903
inverse_test_group_size,student_B,5678,I_KD_from_SMOTE_MLP,E2_KD_from_MLP,0.9120451534391737,0.922771458417766,-0.010726304978592283,-0.029158158151792124,0.000929997950852024,-0.02395589492770911,-8.05902053879759e-05,-0.0013668795589235616
inverse_test_group_size,student_B,8192,I_KD_from_SMOTE_MLP,E2_KD_from_MLP,0.9194022079615021,0.9182268722380993,0.0011753357234027817,-0.0024128089997778046,0.0027955460791281306,0.006347123056009707,4.036937520490724e-05,-0.0008935508935509207
inverse_test_group_size,student_B,9999,I_KD_from_SMOTE_MLP,E2_KD_from_MLP,0.9148045528386897,0.9240530939919601,-0.009248541153270451,-0.015164050470749424,0.0,-0.010763562560926143,-0.0005847438634375424,-0.01973034887123959
inverse_test_group_size,student_B,42,J_CoDistill_RF_CL,E_KD_from_RF,0.9239478541562267,0.921290726226542,0.002657127929684755,0.007959792207878125,-0.0009337012749374152,0.006794523281192344,-4.046904205068369e-05,-0.0004945055236584839
inverse_test_group_size,student_B,123,J_CoDistill_RF_CL,E_KD_from_RF,0.9293010820994502,0.936118130292505,-0.006817048193054842,-0.012822066336737103,-0.0009337012749374152,-0.012649988717931326,-0.0002922626274530771,-0.007387222008214733
inverse_test_group_size,student_B,456,J_CoDistill_RF_CL,E_KD_from_RF,0.9279789842686613,0.9411788791177461,-0.013199894849084792,-0.033154841047100425,-0.0009337012749374152,-0.02634229586071868,-0.000151377136502151,-0.0054172589261652915
inverse_test_group_size,student_B,789,J_CoDistill_RF_CL,E_KD_from_RF,0.9207015438129309,0.9201803884011344,0.0005211554117965367,0.011608731974864783,0.0,0.0012446371598711092,-0.00039278395769604124,-0.009854808118056724
inverse_test_group_size,student_B,1001,J_CoDistill_RF_CL,E_KD_from_RF,0.9222421615482214,0.9391416119984985,-0.016899450450277187,-0.03794451839370194,-0.0009337012749374152,-0.03942028781404716,-0.00029203528754317976,-0.005906709481156014
inverse_test_group_size,student_B,2024,J_CoDistill_RF_CL,E_KD_from_RF,0.9225737188316694,0.9381626481727533,-0.015588929341083912,-0.03789308199777386,-0.0009337012749374152,-0.032945116383347184,-0.00027210356582829665,-0.005900643483532253
inverse_test_group_size,student_B,3141,J_CoDistill_RF_CL,E_KD_from_RF,0.9461922873699835,0.9480509805713477,-0.0018586932013642254,0.0019755598239140637,0.0,-0.0015298619213011122,-0.0003626630894930649,-0.009376500819940792
inverse_test_group_size,student_B,5678,J_CoDistill_RF_CL,E_KD_from_RF,0.9254894515834998,0.9242500051437817,0.0012394464397180727,0.009484594871107088,-0.0009337012749374152,0.005260320074893632,-0.00021154745897744576,-0.00740243401349594
inverse_test_group_size,student_B,8192,J_CoDistill_RF_CL,E_KD_from_RF,0.9279428672375726,0.9305326474480136,-0.002589780210440984,-0.0005153453665764918,-0.0009337012749374152,-0.005254668129327622,-0.0003324014437665612,-0.00591278483759794
inverse_test_group_size,student_B,9999,J_CoDistill_RF_CL,E_KD_from_RF,0.9215909746361517,0.9188266587014107,0.002764315934741024,0.014255954611988253,-0.0009337012749374152,0.0058035714285714635,-0.0003224719964616263,-0.004981773095455444
inverse_test_group_size,student_B,42,J_CoDistill_RF_CL,E2_KD_from_MLP,0.9239478541562267,0.9191621750089013,0.004785679147325417,-0.002332499794931442,0.0018618448041907154,0.009712374286486858,0.0005642911434615705,0.01412238529742027
inverse_test_group_size,student_B,123,J_CoDistill_RF_CL,E2_KD_from_MLP,0.9293010820994502,0.9200426541399918,0.009258427959458415,0.013485219326061726,0.0018618448041907154,0.01998078447192242,0.0003326760882069735,0.01063161510691113
inverse_test_group_size,student_B,456,J_CoDistill_RF_CL,E2_KD_from_MLP,0.9279789842686613,0.9227852254925454,0.005193758776115942,-0.00031723589306720257,0.005563457201455235,0.00851128145491098,0.0005443044809295694,0.01166698663635135
inverse_test_group_size,student_B,789,J_CoDistill_RF_CL,E2_KD_from_MLP,0.9207015438129309,0.9237633925295835,-0.0030618487166526043,-0.021481200791545585,0.0009318468533386914,-0.005275709091953074,0.00038297208158255547,0.010132847365314723
inverse_test_group_size,student_B,1001,J_CoDistill_RF_CL,E2_KD_from_MLP,0.9222421615482214,0.9266515789588077,-0.004409417410586314,-0.019729693262212078,0.0,-0.012385297971280518,0.0003831371137570372,0.0096847670668041
inverse_test_group_size,student_B,2024,J_CoDistill_RF_CL,E2_KD_from_MLP,0.9225737188316694,0.9177528357379126,0.004820883093756834,0.0011105442805072752,0.0009318468533386914,0.007593570844927289,0.00044341043270978986,0.014025043057301123
inverse_test_group_size,student_B,3141,J_CoDistill_RF_CL,E2_KD_from_MLP,0.9461922873699835,0.920626199357225,0.025566088012758503,0.05541580932895529,0.005563457201455235,0.05126292855016534,0.0006752905541345111,0.014912954429083358
inverse_test_group_size,student_B,5678,J_CoDistill_RF_CL,E2_KD_from_MLP,0.9254894515834998,0.922771458417766,0.002717993165733845,-0.004559713244700503,0.0018618448041907154,0.0021773811551077937,0.0005340269295041056,0.013576426184566892
inverse_test_group_size,student_B,8192,J_CoDistill_RF_CL,E2_KD_from_MLP,0.9279428672375726,0.9182268722380993,0.009715994999473287,0.015387859654781177,0.0018618448041907154,0.017766807660424933,0.00046367184378548476,0.013099791034183683
inverse_test_group_size,student_B,9999,J_CoDistill_RF_CL,E2_KD_from_MLP,0.9215909746361517,0.9240530939919601,-0.002462119355808423,-0.015847765168939265,0.0,-0.00835143568071417,0.00023173667112974528,0.011656867399481463
inverse_test_group_size,student_B,42,J_CoDistill_RF_CL,F_KD_from_CL_MLP_fair,0.9239478541562267,0.9121190701845643,0.011828783971662427,0.013015894693388708,0.0009318468533386914,0.02898544053683949,0.0005945832906495419,0.01561615448409559
inverse_test_group_size,student_B,123,J_CoDistill_RF_CL,F_KD_from_CL_MLP_fair,0.9293010820994502,0.9190714201226442,0.01022966197680597,0.01623215028101954,0.0018618448041907154,0.02255805876916661,0.0003427551417664043,0.01015350088788658
inverse_test_group_size,student_B,456,J_CoDistill_RF_CL,F_KD_from_CL_MLP_fair,0.9279789842686613,0.9218917072068263,0.006087277061834984,0.005712303844913502,0.002789999349788297,0.010740900513675156,0.0004838210392363873,0.010709360561561465
inverse_test_group_size,student_B,789,J_CoDistill_RF_CL,F_KD_from_CL_MLP_fair,0.9207015438129309,0.9136224402526011,0.007079103560329814,0.003498429304880757,0.002789999349788297,0.014616159147414431,0.0005543736098283514,0.013936556389736787
inverse_test_group_size,student_B,1001,J_CoDistill_RF_CL,F_KD_from_CL_MLP_fair,0.9222421615482214,0.9273877822216736,-0.005145620673452256,-0.025647175624623042,0.002789999349788297,-0.015410047393136561,0.00046377845970191345,0.01207534184100767
inverse_test_group_size,student_B,2024,J_CoDistill_RF_CL,F_KD_from_CL_MLP_fair,0.9225737188316694,0.9196888446600224,0.002884874171646956,-0.006746404686684748,0.0037163159655925204,0.007209578124409921,0.0005139207738893425,0.009730960681026968
inverse_test_group_size,student_B,3141,J_CoDistill_RF_CL,F_KD_from_CL_MLP_fair,0.9461922873699835,0.9216277439593414,0.02456454341064207,0.05858026080022327,0.0018618448041907154,0.05071706670089404,0.0005542993432416932,0.011109245404661294
inverse_test_group_size,student_B,5678,J_CoDistill_RF_CL,F_KD_from_CL_MLP_fair,0.9254894515834998,0.9152266168277731,0.010262834755726757,0.01698977912443167,0.005563457201455235,0.016957849529504965,0.0006146715184854878,0.011188416404756318
inverse_test_group_size,student_B,8192,J_CoDistill_RF_CL,F_KD_from_CL_MLP_fair,0.9279428672375726,0.9185681313637758,0.00937473587379678,0.01683662170854927,0.0,0.01601547872768605,0.0005039389461024557,0.013517639986646013
inverse_test_group_size,student_B,9999,J_CoDistill_RF_CL,F_KD_from_CL_MLP_fair,0.9215909746361517,0.9255005510295249,-0.003909576393373193,-0.022286818249368623,-0.0009337012749374152,-0.007947576077190766,0.0004433755215773605,0.011176838113054588
pure_group_representative,teacher,42,C_CL_MLP_loss_fair,B_Full_MLP,0.9139783864497153,0.9206774954437064,-0.006699108993991065,-0.017672978085499613,0.0036942933147574575,-0.019599000005567913,3.023715911132374e-05,5.190264724264093e-05
pure_group_representative,teacher,123,C_CL_MLP_loss_fair,B_Full_MLP,0.9160180114247833,0.9192202189382602,-0.0032022075134768846,-0.009740228949306706,0.004488232074438936,-0.0077735637471829655,-0.0001007365616507716,-0.0028847403836828045
pure_group_representative,teacher,456,C_CL_MLP_loss_fair,B_Full_MLP,0.9110024241325536,0.9203926605193595,-0.009390236386805917,-0.027675622152256163,0.008128801570182032,-0.03090928940250659,0.00015132781368099035,0.0033536002368698137
pure_group_representative,teacher,789,C_CL_MLP_loss_fair,B_Full_MLP,0.9116204146462407,0.920293022691802,-0.008672608045561359,-0.01993729644172526,-0.0009244841398087233,-0.02142643654991694,-0.00012101132885788957,-0.0009538117674992019
pure_group_representative,teacher,1001,C_CL_MLP_loss_fair,B_Full_MLP,0.9140088255635123,0.9219124992620319,-0.007903673698519631,-0.022526195230156643,-0.0072186435913870195,-0.012032134142390016,-7.061911055350478e-05,0.0023292235818896945
pure_group_representative,teacher,2024,C_CL_MLP_loss_fair,B_Full_MLP,0.9146661705550599,0.9197789763029434,-0.00511280574788342,-0.010936431989063466,-0.004631610348116544,-0.010275913497389988,-0.00020159525947138768,0.00048152235462362025
pure_group_representative,teacher,3141,C_CL_MLP_loss_fair,B_Full_MLP,0.922166266905595,0.9256802232443713,-0.0035139563387762696,-0.010454515241068552,0.003679720122982122,-0.009357733025454618,0.0,-0.0014372535503400785
pure_group_representative,teacher,5678,C_CL_MLP_loss_fair,B_Full_MLP,0.9142451593687516,0.9200485376057224,-0.0058033782369707465,-0.01724364962006708,-0.0018471412358627148,-0.012447354869023153,0.00012096444495179881,0.002400290095146307
pure_group_representative,teacher,8192,C_CL_MLP_loss_fair,B_Full_MLP,0.9133253983910237,0.9221905111023092,-0.008865112711285539,-0.023297837089164886,0.0018471412358627148,-0.022364058434869216,-3.0292147187971352e-05,-0.00048051712106766953
pure_group_representative,teacher,9999,C_CL_MLP_loss_fair,B_Full_MLP,0.9120362526088694,0.9236855863570582,-0.011649333748188773,-0.024820999107237895,-0.003578112148818202,-0.030016035970738764,-0.00031255476531444337,0.0004810332511654414
pure_group_representative,teacher,42,C_CL_MLP_loss_ext,B_Full_MLP,0.9168028967827594,0.9206774954437064,-0.0038745986609469707,-0.010423357521942789,0.002767976698953234,-0.01116353823348959,-7.061444162981267e-05,-0.0004834598066264517
pure_group_representative,teacher,123,C_CL_MLP_loss_ext,B_Full_MLP,0.920354151906668,0.9192202189382602,0.0011339329684078026,-0.0016058422804344774,0.0007866196771744161,0.005523390494073799,0.0,0.0009654969512258305
pure_group_representative,teacher,456,C_CL_MLP_loss_ext,B_Full_MLP,0.9179591121908743,0.9203926605193595,-0.002433548328485191,-0.008014605203103597,0.006278000814569085,-0.010918906062771683,1.0138511129853534e-05,0.0004776302977501645
pure_group_representative,teacher,789,C_CL_MLP_loss_ext,B_Full_MLP,0.9158387806757171,0.920293022691802,-0.004454242016084908,-0.01085730794680384,-0.0009244841398087233,-0.012312076961334295,-9.076869587976155e-05,0.0019134276634009684
pure_group_representative,teacher,1001,C_CL_MLP_loss_ext,B_Full_MLP,0.9219716300808661,0.9219124992620319,5.9130818834240984e-05,0.0020597068145574715,-0.00644592369462238,-0.001533829175646484,4.0370389023158815e-05,0.00617532976085966
pure_group_representative,teacher,2024,C_CL_MLP_loss_ext,B_Full_MLP,0.9173516437269893,0.9197789763029434,-0.0024273325759540665,0.00036049026676288065,-0.009217678804904539,-0.0016866500766659076,-0.00015118884404230482,-0.0014416354209204618
pure_group_representative,teacher,3141,C_CL_MLP_loss_ext,B_Full_MLP,0.9214127662785294,0.9256802232443713,-0.004267456965841854,-0.013169824615247405,0.005530520878595069,-0.017250069156045544,0.000181421132293913,0.00337066693119481
pure_group_representative,teacher,5678,C_CL_MLP_loss_ext,B_Full_MLP,0.9142098767057589,0.9200485376057224,-0.005838660899963433,-0.016005939387617185,-0.0036869959185268364,-0.014423020474489623,0.00016127944124699756,0.00476137183956904
pure_group_representative,teacher,8192,C_CL_MLP_loss_ext,B_Full_MLP,0.9165389556628384,0.9221905111023092,-0.005651555439470823,-0.015208894935906048,0.0009226570960539915,-0.011610584249516331,-2.021208030200672e-05,-0.0023407430276835006
pure_group_representative,teacher,9999,C_CL_MLP_loss_ext,B_Full_MLP,0.9221372681888302,0.9236855863570582,-0.00154831816822798,0.002180999815418194,-0.0018581524964496055,-0.0073722055186609126,-0.00021168774891311415,-0.0004805448925347955
pure_group_representative,student_A,42,E_KD_from_RF,D_Small_MLP,0.9143069962222569,0.9061902239085471,0.008116772313709775,-0.046641406268735475,0.012138128256355962,0.048892613101357174,0.0043075496319230355,0.021886976847648065
pure_group_representative,student_A,123,E_KD_from_RF,D_Small_MLP,0.9135071717210458,0.9133840501216884,0.00012312159935734535,-0.03244210426749483,0.015624421921702658,-0.0006368802665099871,0.0011190471219771903,0.01695112348711214
pure_group_representative,student_A,456,E_KD_from_RF,D_Small_MLP,0.9157387506101673,0.913591551108952,0.0021471995012153355,-0.024194034195468284,0.00649715847639265,0.014224362053734452,0.00155366794691858,0.012654843224499168
pure_group_representative,student_A,789,E_KD_from_RF,D_Small_MLP,0.9104325653099545,0.9145246717807703,-0.004092106470815815,-0.0528128146180491,0.010169624319348092,-0.001710601948940016,0.0025846466577789107,0.021308613235783147
pure_group_representative,student_A,1001,E_KD_from_RF,D_Small_MLP,0.9175301574784835,0.9172472539773683,0.0002829035011152614,-0.028425559947299117,0.01441888695219129,-0.010676233992862771,0.0009778716038167934,0.02511955288973078
pure_group_representative,student_A,2024,E_KD_from_RF,D_Small_MLP,0.9157728872695274,0.914836278374253,0.0009366088952744711,-0.03317627678480106,0.011971351478957448,0.0010937927262784086,0.0012403083692286154,0.02355386868670961
pure_group_representative,student_A,3141,E_KD_from_RF,D_Small_MLP,0.9171182180120525,0.9119944117850907,0.005123806226961847,-0.009764824754118107,0.005440687841519298,0.0022317966529342703,0.0010887317783431216,0.02662263961613065
pure_group_representative,student_A,5678,E_KD_from_RF,D_Small_MLP,0.9177902741347236,0.925233660601684,-0.007443386466960411,-0.04741547554878156,0.004650017240529936,-0.015812527337580096,0.0009983352210380936,0.020362718089990905
pure_group_representative,student_A,8192,E_KD_from_RF,D_Small_MLP,0.9163587604156751,0.9066555038276041,0.00970325658807103,-0.026238808503953326,0.0027955460791281306,0.04380280590509622,0.003010389151841597,0.025146350308242305
pure_group_representative,student_A,9999,E_KD_from_RF,D_Small_MLP,0.9144536727097436,0.9172615025119463,-0.0028078298022026216,-0.02952155991850458,0.0035935466056565835,-0.007290478613229734,0.0006450081331482727,0.018534334781917017
pure_group_representative,student_A,42,E2_KD_from_MLP,D_Small_MLP,0.9171429472713131,0.9061902239085471,0.010952723362765981,-0.021097143969723953,0.009342582177227832,0.06195718788524751,0.003551399605479899,0.001009591115598174
pure_group_representative,student_A,123,E2_KD_from_MLP,D_Small_MLP,0.916525211076389,0.9133840501216884,0.003141160954700517,-0.008518625303834293,0.011900721296976946,0.007309616453585299,0.0007560711668535003,0.004258021159921022
pure_group_representative,student_A,456,E2_KD_from_MLP,D_Small_MLP,0.9142358304619016,0.913591551108952,0.0006442793529496393,-0.012553076237571847,0.0,0.01908863928980442,0.0009888837583013066,-0.004303050045785239
pure_group_representative,student_A,789,E2_KD_from_MLP,D_Small_MLP,0.9135182624270094,0.9145246717807703,-0.0010064093537609509,-0.02810313788704566,0.00644592369462238,0.009825565090582744,0.0020401487918395578,0.004759453541196779
pure_group_representative,student_A,1001,E2_KD_from_MLP,D_Small_MLP,0.9185982544129546,0.9172472539773683,0.0013510004355863359,-0.007010609527771994,0.01175165696233893,-0.0015379549680383242,0.00024208103207234988,0.0033098286793307174
pure_group_representative,student_A,2024,E2_KD_from_MLP,D_Small_MLP,0.911303296813297,0.914836278374253,-0.003532981560955939,-0.026388946468059005,0.011971351478957448,0.002684109782248978,0.0005748456361035492,-0.006506268234030332
pure_group_representative,student_A,3141,E2_KD_from_MLP,D_Small_MLP,0.9119225161412203,0.9119944117850907,-7.189564387033442e-05,-0.0071758749724851745,0.004631610348116544,0.0004883223419780425,0.00028234198071097616,0.001414122082328939
pure_group_representative,student_A,5678,E2_KD_from_MLP,D_Small_MLP,0.9129471510758902,0.925233660601684,-0.012286509525793798,-0.04003397763688832,0.001854471161401805,-0.022939955143344903,0.0002218234686836018,-0.0005349094788205111
pure_group_representative,student_A,8192,E2_KD_from_MLP,D_Small_MLP,0.9144770494490618,0.9066555038276041,0.00782154562145776,-0.009951460231310993,-0.001854471161401805,0.03905461498769913,0.0023041707520196075,0.00955487376028219
pure_group_representative,student_A,9999,E2_KD_from_MLP,D_Small_MLP,0.913410889101538,0.9172615025119463,-0.0038506134104082657,-0.013241739967238764,0.0037163159655925204,-0.008289788092810668,0.00011091565439080853,-0.0015487706119748923
pure_group_representative,student_A,42,F_KD_from_CL_MLP_fair,E2_KD_from_MLP,0.9179644351778251,0.9171429472713131,0.0008214879065120417,0.006355758690336999,0.0027955460791281306,-0.006930139197609764,4.038357162883255e-05,0.0018458903890760103
pure_group_representative,student_A,123,F_KD_from_CL_MLP_fair,E2_KD_from_MLP,0.917035007144259,0.916525211076389,0.0005097960678700497,0.008067489476194067,-0.0010559724385293956,0.001980662592181326,-0.0002217191200173385,-0.0062214801704777445
pure_group_representative,student_A,456,F_KD_from_CL_MLP_fair,E2_KD_from_MLP,0.9151508842580857,0.9142358304619016,0.0009150537961840621,0.0008852996980714956,0.00370161239726452,-0.003915320457757221,8.068457477528046e-05,0.0038229927685650145
pure_group_representative,student_A,789,F_KD_from_CL_MLP_fair,E2_KD_from_MLP,0.9125316459803035,0.9135182624270094,-0.0009866164467059457,5.65538512223851e-05,0.0018581524964496055,-1.4169978128975025e-05,-0.00012097661370658042,-0.006712641989366275
pure_group_representative,student_A,1001,F_KD_from_CL_MLP_fair,E2_KD_from_MLP,0.9145307192288221,0.9185982544129546,-0.004067535184132498,-0.014323332911698072,0.0,-0.0074417096582724,6.048709038442013e-05,0.0013668795589235616
pure_group_representative,student_A,2024,F_KD_from_CL_MLP_fair,E2_KD_from_MLP,0.9118256333497022,0.911303296813297,0.0005223365364052102,0.006235031540476554,-0.006484292664545754,-0.00807960286947429,1.0080269569723299e-05,0.010930466405999817
pure_group_representative,student_A,3141,F_KD_from_CL_MLP_fair,E2_KD_from_MLP,0.9186966027845209,0.9119225161412203,0.006774086643300592,0.020447545273683976,-0.002784469112253829,0.01528239954137356,-2.0166418341460712e-05,0.0009451239320403815
pure_group_representative,student_A,5678,F_KD_from_CL_MLP_fair,E2_KD_from_MLP,0.9138393791986544,0.9129471510758902,0.0008922281227642381,-0.0005720222599058244,0.000929997950852024,0.0016191073411782053,0.00010087816949910788,0.0023831794121969008
pure_group_representative,student_A,8192,F_KD_from_CL_MLP_fair,E2_KD_from_MLP,0.9156800616172239,0.9144770494490618,0.0012030121681620987,0.0009433366986371094,0.002784469112253829,0.0012008590414865905,0.0001814503264002676,0.0009049456620326968
pure_group_representative,student_A,9999,F_KD_from_CL_MLP_fair,E2_KD_from_MLP,0.9123335539262675,0.913410889101538,-0.001077335175270533,0.0030142075139778512,0.0,-0.005341350326971028,-0.00032263537318633073,-0.002736897690173934
pure_group_representative,student_A,42,F_KD_from_CL_MLP_ext,E2_KD_from_MLP,0.915718494899278,0.9171429472713131,-0.0014244523720350344,-0.0029100506154040584,0.000929997950852024,-0.0074384045025089884,3.024689023389815e-05,0.0022659484166518418
pure_group_representative,student_A,123,F_KD_from_CL_MLP_ext,E2_KD_from_MLP,0.9147322210233353,0.916525211076389,-0.0017929900530536669,-0.004850180299336482,0.0009281545455975815,-0.0015046962982120382,-0.00012092554435227942,-0.0034173026689645614
pure_group_representative,student_A,456,F_KD_from_CL_MLP_ext,E2_KD_from_MLP,0.9092073122936692,0.9142358304619016,-0.005028518168232354,-0.008835286994520741,0.0027734578516669384,-0.015167578787041669,-0.00012097418109902058,-0.003792208730167057
pure_group_representative,student_A,789,F_KD_from_CL_MLP_ext,E2_KD_from_MLP,0.9120442269193715,0.9135182624270094,-0.0014740355076379164,-0.00023966469306702098,0.0009281545455975815,-0.005541868856538512,-0.00013105931595713827,-0.002385739218224936
pure_group_representative,student_A,1001,F_KD_from_CL_MLP_ext,E2_KD_from_MLP,0.9119322827431515,0.9185982544129546,-0.006665971669803095,-0.020341237928514055,0.0,-0.021705629918322034,0.00020159525947138768,0.008515414238349228
pure_group_representative,student_A,2024,F_KD_from_CL_MLP_ext,E2_KD_from_MLP,0.9093792105033651,0.911303296813297,-0.001924086309931905,-0.0024076025087147457,-0.004640800105401244,-0.008194094425102327,1.013343373168496e-05,0.005611932055826996
pure_group_representative,student_A,3141,F_KD_from_CL_MLP_ext,E2_KD_from_MLP,0.9125385982617212,0.9119225161412203,0.0006160821205009048,-0.001329345297440998,-0.0018581524964496055,-1.0467651570089664e-05,0.00010081992652910543,0.006177556121436001
pure_group_representative,student_A,5678,F_KD_from_CL_MLP_ext,E2_KD_from_MLP,0.9160548609706225,0.9129471510758902,0.0031077098947323023,0.0060499822224215904,0.000929997950852024,0.0070796392011801546,5.04697268358667e-05,0.0014284603723714318
pure_group_representative,student_A,8192,F_KD_from_CL_MLP_ext,E2_KD_from_MLP,0.9159543390861662,0.9144770494490618,0.001477289637104362,0.007255926388022527,-0.002767976698953234,0.003821963907030601,9.07333723839665e-05,-0.0010141987829614951
pure_group_representative,student_A,9999,F_KD_from_CL_MLP_ext,E2_KD_from_MLP,0.9106956728011399,0.913410889101538,-0.00271521630039806,-0.011167826396467295,-0.0018618448041907154,-0.0029822658357238074,-7.059822421029427e-05,0.002506453758601146
pure_group_representative,student_A,42,F_KD_from_CL_MLP_fair,D_Small_MLP,0.9179644351778251,0.9061902239085471,0.011774211269278023,-0.014741385279386954,0.012138128256355962,0.05502704868763775,0.0035917831771087316,0.0028554815046741844
pure_group_representative,student_A,123,F_KD_from_CL_MLP_fair,D_Small_MLP,0.917035007144259,0.9133840501216884,0.0036509570225705668,-0.00045113582764022553,0.01084474885844755,0.009290279045766625,0.0005343520468361618,-0.001963459010556723
pure_group_representative,student_A,456,F_KD_from_CL_MLP_fair,D_Small_MLP,0.9151508842580857,0.913591551108952,0.0015593331491337015,-0.011667776539500352,0.00370161239726452,0.0151733188320472,0.001069568333076587,-0.00048005727722022495
pure_group_representative,student_A,789,F_KD_from_CL_MLP_fair,D_Small_MLP,0.9125316459803035,0.9145246717807703,-0.0019930258004668966,-0.028046584035823274,0.008304076191071985,0.009811395112453769,0.0019191721781329774,-0.001953188448169496
pure_group_representative,student_A,1001,F_KD_from_CL_MLP_fair,D_Small_MLP,0.9145307192288221,0.9172472539773683,-0.002716534748546162,-0.021333942439470066,0.01175165696233893,-0.008979664626310724,0.00030256812245677,0.004676708238254279
pure_group_representative,student_A,2024,F_KD_from_CL_MLP_fair,D_Small_MLP,0.9118256333497022,0.914836278374253,-0.003010645024550729,-0.02015391492758245,0.005487058814411694,-0.0053954930872253115,0.0005849259056732725,0.0044241981719694845
pure_group_representative,student_A,3141,F_KD_from_CL_MLP_fair,D_Small_MLP,0.9186966027845209,0.9119944117850907,0.0067021909994302575,0.013271670301198801,0.0018471412358627148,0.0157707218833516,0.00026217556236951545,0.0023592460143693206
pure_group_representative,student_A,5678,F_KD_from_CL_MLP_fair,D_Small_MLP,0.9138393791986544,0.925233660601684,-0.01139428140302956,-0.04060599989679414,0.002784469112253829,-0.021320847802166698,0.0003227016381827097,0.0018482699333763897
pure_group_representative,student_A,8192,F_KD_from_CL_MLP_fair,D_Small_MLP,0.9156800616172239,0.9066555038276041,0.009024557789619858,-0.009008123532673884,0.000929997950852024,0.04025547402918572,0.002485621078419875,0.010459819422314887
pure_group_representative,student_A,9999,F_KD_from_CL_MLP_fair,D_Small_MLP,0.9123335539262675,0.9172615025119463,-0.0049279485856787986,-0.010227532453260912,0.0037163159655925204,-0.013631138419781696,-0.0002117197187955222,-0.004285668302148826
pure_group_representative,student_A,42,F_KD_from_CL_MLP_fair,G_KD_random_pacing,0.9179644351778251,0.92054170728606,-0.002577272108234885,-0.006600545477647435,0.004650017240529936,-0.008437025085264893,-5.0351625293321156e-05,-0.0024484555934988217
pure_group_representative,student_A,123,F_KD_from_CL_MLP_fair,G_KD_random_pacing,0.917035007144259,0.9144458941908342,0.002589112953424788,0.012324043342070934,-0.001984126984126977,0.006964560025764288,-6.047857728519457e-05,-0.004298433039298444
pure_group_representative,student_A,456,F_KD_from_CL_MLP_fair,G_KD_random_pacing,0.9151508842580857,0.9122439286050404,0.002906955653045218,0.007666032058021077,0.0,0.003928101832098907,7.049919718793429e-05,0.0028701451779173937
pure_group_representative,student_A,789,F_KD_from_CL_MLP_fair,G_KD_random_pacing,0.9125316459803035,0.914605204758683,-0.0020735587783795584,-0.0053905981359752,0.000929997950852024,-0.003873296962255912,-8.070829634843069e-05,-0.001953188448169496
pure_group_representative,student_A,1001,F_KD_from_CL_MLP_fair,G_KD_random_pacing,0.9145307192288221,0.920485878601171,-0.005955159372348917,-0.018366914007167057,0.0,-0.006105630019784369,2.0161552612751876e-05,-0.0053234143874063555
pure_group_representative,student_A,2024,F_KD_from_CL_MLP_fair,G_KD_random_pacing,0.9118256333497022,0.9159496247514676,-0.004123991401765337,-0.014644629488488659,-0.0036942933147574575,-0.013487751339823717,0.00021167080049167009,0.010995046333751035
pure_group_representative,student_A,3141,F_KD_from_CL_MLP_fair,G_KD_random_pacing,0.9186966027845209,0.9156729270617422,0.003023675722778729,0.008457400054298292,-0.0009263166158042235,0.00771979950461632,-7.05789158397252e-05,-6.192541337757262e-05
pure_group_representative,student_A,5678,F_KD_from_CL_MLP_fair,G_KD_random_pacing,0.9138393791986544,0.9134377784938905,0.00040160070476391585,-0.0032410614058132614,0.004631610348116544,-0.0008945555498431901,8.06559411499208e-05,0.001431354190208678
pure_group_representative,student_A,8192,F_KD_from_CL_MLP_fair,G_KD_random_pacing,0.9156800616172239,0.9136192203083009,0.0020608413089230337,0.005249918831936373,0.000929997950852024,0.0007582662775649229,7.050304802524998e-05,0.0032955204362362656
pure_group_representative,student_A,9999,F_KD_from_CL_MLP_fair,G_KD_random_pacing,0.9123335539262675,0.9130395308251679,-0.0007059768989003956,0.005024740511078707,0.0009318468533386914,-0.002534533675189188,-0.00032263537318633073,-0.006629302810544413
pure_group_representative,student_A,42,F_KD_from_CL_MLP_fair,I_KD_from_SMOTE_MLP,0.9179644351778251,0.9168986829657634,0.0010657522120617324,0.00853362615234754,0.0009337012749374152,-0.007862464695935989,-0.00014117429131277337,0.0038650726202723584
pure_group_representative,student_A,123,F_KD_from_CL_MLP_fair,I_KD_from_SMOTE_MLP,0.917035007144259,0.9168546424241388,0.00018036472012017413,0.0030157040022944503,-0.0038459717883176925,-0.006402332325522564,0.0001209232397527682,0.008013500472395019
pure_group_representative,student_A,456,F_KD_from_CL_MLP_fair,I_KD_from_SMOTE_MLP,0.9151508842580857,0.9120362283917623,0.0031146558663233126,0.0022099935579287244,-0.0018618448041907154,0.003575950365977243,0.0002721836871032446,0.011376996524797511
pure_group_representative,student_A,789,F_KD_from_CL_MLP_fair,I_KD_from_SMOTE_MLP,0.9125316459803035,0.9202038832216466,-0.007672237241343138,-0.02380114350139162,-0.0009318468533386914,-0.0267390477048971,0.000151085871997525,0.012959765980913973
pure_group_representative,student_A,1001,F_KD_from_CL_MLP_fair,I_KD_from_SMOTE_MLP,0.9145307192288221,0.9150878521755137,-0.0005571329466915742,-0.0006500391867594324,-0.002789999349788297,-0.0007424021414642601,-3.024080871505408e-05,0.0014270167532687283
pure_group_representative,student_A,2024,F_KD_from_CL_MLP_fair,I_KD_from_SMOTE_MLP,0.9118256333497022,0.917480160314542,-0.005654526964839812,-0.021725620167534765,-0.0036942933147574575,-0.013504704084049135,0.00019150276099821895,0.010460479981144188
pure_group_representative,student_A,3141,F_KD_from_CL_MLP_fair,I_KD_from_SMOTE_MLP,0.9186966027845209,0.9103001795520893,0.008396423232431616,0.02779478159850368,-0.0037163159655925204,0.007017467612341788,0.000130983373372362,0.0107551995435331
pure_group_representative,student_A,5678,F_KD_from_CL_MLP_fair,I_KD_from_SMOTE_MLP,0.9138393791986544,0.9127069354558687,0.0011324437427857603,0.0022312492640998993,-0.0009318468533386914,0.0021201253179243817,-8.080062476845118e-05,0.002323491610011441
pure_group_representative,student_A,8192,F_KD_from_CL_MLP_fair,I_KD_from_SMOTE_MLP,0.9156800616172239,0.9100498139271693,0.005630247690054602,0.010870938717471357,-0.0018655481282761066,0.010512485599466825,0.00012090540666009897,0.008512456854950834
pure_group_representative,student_A,9999,F_KD_from_CL_MLP_fair,I_KD_from_SMOTE_MLP,0.9123335539262675,0.9006548229509622,0.011678730975305252,0.028338826250361326,0.0,0.010690865513297898,0.00032266544235060035,0.019041297670515545
pure_group_representative,student_A,42,E_KD_from_RF,E2_KD_from_MLP,0.9143069962222569,0.9171429472713131,-0.0028359510490562068,-0.025544262299011522,0.0027955460791281306,-0.013064574783890337,0.0007561500264431364,0.02087738573204989
pure_group_representative,student_A,123,E_KD_from_RF,E2_KD_from_MLP,0.9135071717210458,0.916525211076389,-0.0030180393553431717,-0.02392347896366054,0.003723700624725712,-0.007946496720095286,0.00036297595512368996,0.01269310232719112
pure_group_representative,student_A,456,E_KD_from_RF,E2_KD_from_MLP,0.9157387506101673,0.9142358304619016,0.0015029201482656962,-0.011640957957896436,0.00649715847639265,-0.004864277236069969,0.0005647841886172733,0.016957893270284408
pure_group_representative,student_A,789,E_KD_from_RF,E2_KD_from_MLP,0.9104325653099545,0.9135182624270094,-0.003085697117054864,-0.024709676731003438,0.003723700624725712,-0.01153616703952276,0.0005444978659393529,0.01654915969458637
pure_group_representative,student_A,1001,E_KD_from_RF,E2_KD_from_MLP,0.9175301574784835,0.9185982544129546,-0.0010680969344710745,-0.021414950419527123,0.00266722998985236,-0.009138279024824447,0.0007357905717444435,0.02180972421040006
pure_group_representative,student_A,2024,E_KD_from_RF,E2_KD_from_MLP,0.9157728872695274,0.911303296813297,0.00446959045623041,-0.006787330316742057,0.0,-0.0015903170559705693,0.0006654627331250662,0.030060136920739944
pure_group_representative,student_A,3141,E_KD_from_RF,E2_KD_from_MLP,0.9171182180120525,0.9119225161412203,0.005195701870832181,-0.002588949781632932,0.0008090774934027545,0.0017434743109562278,0.0008063897976321455,0.02520851753380171
pure_group_representative,student_A,5678,E_KD_from_RF,E2_KD_from_MLP,0.9177902741347236,0.9129471510758902,0.004843123058833387,-0.007381497911893242,0.0027955460791281306,0.007127427805764808,0.0007765117523544918,0.020897627568811417
pure_group_representative,student_A,8192,E_KD_from_RF,E2_KD_from_MLP,0.9163587604156751,0.9144770494490618,0.0018817109666132703,-0.016287348272642332,0.004650017240529936,0.004748190917397088,0.0007062183998219895,0.015591476547960115
pure_group_representative,student_A,9999,E_KD_from_RF,E2_KD_from_MLP,0.9144536727097436,0.913410889101538,0.001042783608205644,-0.016279819951265817,-0.00012276935993593696,0.0009993094795809343,0.0005340924787574641,0.02008310539389191
pure_group_representative,student_A,42,I_KD_from_SMOTE_MLP,E2_KD_from_MLP,0.9168986829657634,0.9171429472713131,-0.0002442643055496907,-0.002177867462010541,0.0018618448041907154,0.0009323254983262252,0.00018155786294160592,-0.002019182231196348
pure_group_representative,student_A,123,I_KD_from_SMOTE_MLP,E2_KD_from_MLP,0.9168546424241388,0.916525211076389,0.0003294313477498756,0.005051785473899617,0.002789999349788297,0.00838299491770389,-0.0003426423597701067,-0.014234980642872763
pure_group_representative,student_A,456,I_KD_from_SMOTE_MLP,E2_KD_from_MLP,0.9120362283917623,0.9142358304619016,-0.0021996020701392505,-0.0013246938598572289,0.005563457201455235,-0.007491270823734464,-0.00019149911232796413,-0.007554003756232497
pure_group_representative,student_A,789,I_KD_from_SMOTE_MLP,E2_KD_from_MLP,0.9202038832216466,0.9135182624270094,0.006685620794637193,0.023857697352614005,0.002789999349788297,0.026724877726768126,-0.0002720624857041054,-0.019672407970280248
pure_group_representative,student_A,1001,I_KD_from_SMOTE_MLP,E2_KD_from_MLP,0.9150878521755137,0.9185982544129546,-0.003510402237440924,-0.01367329372493864,0.002789999349788297,-0.0066993075168081395,9.072789909947421e-05,-6.0137194345166733e-05
pure_group_representative,student_A,2024,I_KD_from_SMOTE_MLP,E2_KD_from_MLP,0.917480160314542,0.911303296813297,0.006176863501245022,0.02796065170801132,-0.002789999349788297,0.005425101214574846,-0.00018142249142849565,0.00046998642485562847
pure_group_representative,student_A,3141,I_KD_from_SMOTE_MLP,E2_KD_from_MLP,0.9103001795520893,0.9119225161412203,-0.0016223365891310237,-0.007347236324819706,0.0009318468533386914,0.008264931929031771,-0.0001511497917138227,-0.009810075611492719
pure_group_representative,student_A,5678,I_KD_from_SMOTE_MLP,E2_KD_from_MLP,0.9127069354558687,0.9129471510758902,-0.0002402156200215222,-0.0028032715240057238,0.0018618448041907154,-0.0005010179767461764,0.00018167879426755906,5.968780218545966e-05
pure_group_representative,student_A,8192,I_KD_from_SMOTE_MLP,E2_KD_from_MLP,0.9100498139271693,0.9144770494490618,-0.004427235521892503,-0.009927602018834247,0.004650017240529936,-0.009311626557980235,6.0544919740168623e-05,-0.007607511192918137
pure_group_representative,student_A,9999,I_KD_from_SMOTE_MLP,E2_KD_from_MLP,0.9006548229509622,0.913410889101538,-0.012756066150575784,-0.025324618736383475,0.0,-0.016032215840268926,-0.0006453008155369311,-0.02177819536068948
pure_group_representative,student_A,42,J_CoDistill_RF_CL,E_KD_from_RF,0.9156981595068261,0.9143069962222569,0.00139116328456923,0.010806635327581526,-0.0009337012749374152,0.005240906704492065,-0.00028235346043481435,-0.0078756708738551
pure_group_representative,student_A,123,J_CoDistill_RF_CL,E_KD_from_RF,0.9182754507802595,0.9135071717210458,0.004768279059213731,0.020089275069269275,0.0,0.008744827365282704,-7.068757728778685e-05,-0.004922019561194868
pure_group_representative,student_A,456,J_CoDistill_RF_CL,E_KD_from_RF,0.9144462297030446,0.9157387506101673,-0.0012925209071227295,-0.001733893498057859,-0.0009337012749374152,0.0017514941585390353,-0.00015145271763794543,-0.005395051203519463
pure_group_representative,student_A,789,J_CoDistill_RF_CL,E_KD_from_RF,0.9126819192234894,0.9104325653099545,0.0022493539135348684,0.00749738814788059,0.0,0.011322911253747847,-0.00020147298790784696,-0.00737205684604636
pure_group_representative,student_A,1001,J_CoDistill_RF_CL,E_KD_from_RF,0.9199637623227657,0.9175301574784835,0.0024336048442821223,0.011659913533411448,0.0010564706348733521,0.007019099388206218,-0.00021159031318018773,-0.00735586902190033
pure_group_representative,student_A,2024,J_CoDistill_RF_CL,E_KD_from_RF,0.9197135875595344,0.9157728872695274,0.0039407002900069266,0.018332296977987772,0.0,0.012427918008474426,-0.00017163751502335955,-0.010885076021404871
pure_group_representative,student_A,3141,J_CoDistill_RF_CL,E_KD_from_RF,0.9153612417586245,0.9171182180120525,-0.0017569762534279665,-0.005943276668268993,0.00012276935993593696,0.0025879792716471117,-0.00015120841507887395,-0.005401144815373682
pure_group_representative,student_A,5678,J_CoDistill_RF_CL,E_KD_from_RF,0.9323194961091756,0.9177902741347236,0.014529221974452056,0.046372010271781505,-0.0009337012749374152,0.034727228579935154,-0.00017165166172750101,-0.007347776042790799
pure_group_representative,student_A,8192,J_CoDistill_RF_CL,E_KD_from_RF,0.9190838519386894,0.9163587604156751,0.002725091523014256,0.010321458173036757,-0.0009337012749374152,0.007291644457710578,-9.148307598638716e-05,-0.0029624606647524754
pure_group_representative,student_A,9999,J_CoDistill_RF_CL,E_KD_from_RF,0.9110660799973258,0.9144536727097436,-0.0033875927124178418,-0.002059643589436111,0.00012276935993593696,-0.004894418855057703,-0.00026198829598400586,-0.00984468218154777
pure_group_representative,student_A,42,J_CoDistill_RF_CL,E2_KD_from_MLP,0.9156981595068261,0.9171429472713131,-0.0014447877644869767,-0.014737626971429996,0.0018618448041907154,-0.007823668079398272,0.0004737965660083221,0.01300171485819479
pure_group_representative,student_A,123,J_CoDistill_RF_CL,E2_KD_from_MLP,0.9182754507802595,0.916525211076389,0.0017502397038705597,-0.0038342038943912637,0.003723700624725712,0.0007983306451874173,0.0002922883778359031,0.007771082765996251
pure_group_representative,student_A,456,J_CoDistill_RF_CL,E2_KD_from_MLP,0.9144462297030446,0.9142358304619016,0.0002103992411429667,-0.013374851455954295,0.005563457201455235,-0.003112783077530934,0.0004133314709793279,0.011562842066764945
pure_group_representative,student_A,789,J_CoDistill_RF_CL,E2_KD_from_MLP,0.9126819192234894,0.9135182624270094,-0.0008363432035199958,-0.017212288583122848,0.003723700624725712,-0.0002132557857749129,0.00034302487803150594,0.009177102848540009
pure_group_representative,student_A,1001,J_CoDistill_RF_CL,E2_KD_from_MLP,0.9199637623227657,0.9185982544129546,0.0013655079098110479,-0.009755036886115676,0.003723700624725712,-0.002119179636618229,0.0005242002585642558,0.014453855188499731
pure_group_representative,student_A,2024,J_CoDistill_RF_CL,E2_KD_from_MLP,0.9197135875595344,0.911303296813297,0.008410290746237337,0.011544966661245715,0.0,0.010837600952503856,0.0004938252181017067,0.019175060899335072
pure_group_representative,student_A,3141,J_CoDistill_RF_CL,E2_KD_from_MLP,0.9153612417586245,0.9119225161412203,0.0034387256174042147,-0.008532226449901925,0.0009318468533386914,0.00433145358260334,0.0006551813825532715,0.01980737271842803
pure_group_representative,student_A,5678,J_CoDistill_RF_CL,E2_KD_from_MLP,0.9323194961091756,0.9129471510758902,0.019372345033285443,0.03899051235988826,0.0018618448041907154,0.04185465638569996,0.0006048600906269908,0.013549851526020618
pure_group_representative,student_A,8192,J_CoDistill_RF_CL,E2_KD_from_MLP,0.9190838519386894,0.9144770494490618,0.004606802489627526,-0.005965890099605575,0.0037163159655925204,0.012039835375107666,0.0006147353238356024,0.01262901588320764
pure_group_representative,student_A,9999,J_CoDistill_RF_CL,E2_KD_from_MLP,0.9110660799973258,0.913410889101538,-0.0023448091042121977,-0.018339463540701928,0.0,-0.0038951093754767685,0.00027210418277345827,0.010238423212344139
pure_group_representative,student_A,42,J_CoDistill_RF_CL,F_KD_from_CL_MLP_fair,0.9156981595068261,0.9179644351778251,-0.0022662756709990184,-0.021093385661766995,-0.0009337012749374152,-0.0008935288817885079,0.00043341299437948955,0.01115582446911878
pure_group_representative,student_A,123,J_CoDistill_RF_CL,F_KD_from_CL_MLP_fair,0.9182754507802595,0.917035007144259,0.00124044363600051,-0.011901693370585331,0.004779673063255108,-0.0011823319469939086,0.0005140074978532416,0.013992562936473996
pure_group_representative,student_A,456,J_CoDistill_RF_CL,F_KD_from_CL_MLP_fair,0.9144462297030446,0.9151508842580857,-0.0007046545550410954,-0.01426015115402579,0.0018618448041907154,0.000802537380226287,0.0003326468962040474,0.00773984929819993
pure_group_representative,student_A,789,J_CoDistill_RF_CL,F_KD_from_CL_MLP_fair,0.9126819192234894,0.9125316459803035,0.00015027324318594992,-0.017268842434345233,0.0018655481282761066,-0.00019908580764593786,0.00046400149173808636,0.015889744837906283
pure_group_representative,student_A,1001,J_CoDistill_RF_CL,F_KD_from_CL_MLP_fair,0.9199637623227657,0.9145307192288221,0.005433043093943546,0.004568296025582397,0.003723700624725712,0.0053225300216541704,0.00046371316817983566,0.01308697562957617
pure_group_representative,student_A,2024,J_CoDistill_RF_CL,F_KD_from_CL_MLP_fair,0.9197135875595344,0.9118256333497022,0.007887954209832126,0.00530993512076916,0.006484292664545754,0.018917203821978146,0.00048374494853198335,0.008244594493335256
pure_group_representative,student_A,3141,J_CoDistill_RF_CL,F_KD_from_CL_MLP_fair,0.9153612417586245,0.9186966027845209,-0.0033353610258963773,-0.0289797717235859,0.0037163159655925204,-0.01095094595877022,0.0006753478008947322,0.018862248786387648
pure_group_representative,student_A,5678,J_CoDistill_RF_CL,F_KD_from_CL_MLP_fair,0.9323194961091756,0.9138393791986544,0.018480116910521205,0.03956253461979409,0.0009318468533386914,0.04023554904452176,0.0005039819211278829,0.011166672113823717
pure_group_representative,student_A,8192,J_CoDistill_RF_CL,F_KD_from_CL_MLP_fair,0.9190838519386894,0.9156800616172239,0.0034037903214654275,-0.006909226798242685,0.0009318468533386914,0.010838976333621075,0.0004332849974353348,0.011724070221174943
pure_group_representative,student_A,9999,J_CoDistill_RF_CL,F_KD_from_CL_MLP_fair,0.9110660799973258,0.9123335539262675,-0.0012674739289416648,-0.02135367105467978,0.0,0.0014462409514942598,0.000594739555959789,0.012975320902518073
pure_group_representative,student_B,42,E_KD_from_RF,D_Small_MLP,0.9212907262265417,0.9305117622700158,-0.009221036043474018,-0.04492782898007108,0.011083226933180645,-0.025939860840921924,0.0005040272702836468,0.013175255400158292
pure_group_representative,student_B,123,E_KD_from_RF,D_Small_MLP,0.9361181302925049,0.9247929923323918,0.01132513796011314,0.013484140492592722,0.011995034649933012,0.014408027543058921,0.0006350177692194814,0.016103469345761234
pure_group_representative,student_B,456,E_KD_from_RF,D_Small_MLP,0.9411788791177461,0.9347031061655336,0.006475772952212466,0.004507728297211022,0.008337013159056772,0.00592190874475107,0.00042346619134037145,0.013188748368702208
pure_group_representative,student_B,789,E_KD_from_RF,D_Small_MLP,0.9201803884011343,0.9284877541936932,-0.008307365792558974,-0.04814227012130612,0.006484292664545754,-0.01735905405734417,0.0008461473048080315,0.016634055246501633
pure_group_representative,student_B,1001,E_KD_from_RF,D_Small_MLP,0.9391416119984983,0.9294569081994455,0.00968470379905284,0.004136014888229234,0.011995034649933012,0.013128395053276898,0.0007053584249652189,0.018458715978860285
pure_group_representative,student_B,2024,E_KD_from_RF,D_Small_MLP,0.9381626481727532,0.9409418155994604,-0.002779167426707252,-0.026570137253426607,0.004650017240529936,-0.00833286218646112,0.0007255409012620895,0.01563160416455922
pure_group_representative,student_B,3141,E_KD_from_RF,D_Small_MLP,0.9480509805713476,0.9337913260429763,0.014259654528371302,0.019638364471629144,0.005563457201455235,0.023850865657732312,0.0008060273189386402,0.021439557992101288
pure_group_representative,student_B,5678,E_KD_from_RF,D_Small_MLP,0.9242500051437815,0.9270049316869295,-0.0027549265431480174,-0.033644028977426466,0.00925422150332078,-0.012990669816498435,0.0007858414907985223,0.022820003084065843
pure_group_representative,student_B,8192,E_KD_from_RF,D_Small_MLP,0.9305326474480135,0.9412267498546554,-0.010694102406641925,-0.054434983169930784,0.00925422150332078,-0.026090191829990284,0.0007557558573715317,0.017044685606019017
pure_group_representative,student_B,9999,E_KD_from_RF,D_Small_MLP,0.9188266587014106,0.9288535653473206,-0.010026906645909994,-0.04826314489856065,0.0027955460791281306,-0.028679044304044332,0.0007657943538770251,0.023246315540049634
pure_group_representative,student_B,42,E2_KD_from_MLP,D_Small_MLP,0.919162175008901,0.9305117622700158,-0.01134958726111479,-0.03463553697726118,0.008287680854052515,-0.028857711846216216,-0.00010073291522860739,-0.0014416354209204618
pure_group_representative,student_B,123,E2_KD_from_MLP,D_Small_MLP,0.9200426541399918,0.9247929923323918,-0.004750338192400005,-0.01282314517020633,0.009199488570804881,-0.018222745646794603,1.007905355943084e-05,-0.0019153677693646287
pure_group_representative,student_B,456,E2_KD_from_MLP,D_Small_MLP,0.9227852254925452,0.9347031061655336,-0.01191788067298849,-0.028329876856822422,0.0018398546826641216,-0.02893166857087881,-0.00027221542609134897,-0.0038954971938144345
pure_group_representative,student_B,789,E2_KD_from_MLP,D_Small_MLP,0.9237633925295834,0.9284877541936932,-0.004724361664109833,-0.01505233735489575,0.005552445811207063,-0.010838707805519876,7.039126552943475e-05,-0.0033536002368698137
pure_group_representative,student_B,1001,E2_KD_from_MLP,D_Small_MLP,0.9266515789588075,0.9294569081994455,-0.0028053292406380326,-0.014078810243261408,0.011061333374995597,-0.013906594789489968,3.0186023665002004e-05,0.0028672394309001703
pure_group_representative,student_B,2024,E2_KD_from_MLP,D_Small_MLP,0.9177528357379124,0.9409418155994604,-0.023188979861547998,-0.06557376353170818,0.002784469112253829,-0.04887154941473504,1.0026902724002973e-05,-0.004294082376274155
pure_group_representative,student_B,3141,E2_KD_from_MLP,D_Small_MLP,0.9206261993572248,0.9337913260429763,-0.013165126685751538,-0.03380188503341219,0.0,-0.028941924813734254,-0.00023192632468893581,-0.002849897256922862
pure_group_representative,student_B,5678,E2_KD_from_MLP,D_Small_MLP,0.9227714584177658,0.9270049316869295,-0.00423347326916379,-0.019599720861619208,0.00645867542419265,-0.009907730896712263,4.026710231697095e-05,0.001841142886003011
pure_group_representative,student_B,8192,E2_KD_from_MLP,D_Small_MLP,0.9182268722380991,0.9412267498546554,-0.022999877616556308,-0.07033818819128845,0.00645867542419265,-0.049111667619742505,-4.031743018051426e-05,-0.0019678902657626063
pure_group_representative,student_B,9999,E2_KD_from_MLP,D_Small_MLP,0.92405309399196,0.9288535653473206,-0.004800471355360547,-0.01815942511763302,0.0018618448041907154,-0.01452403719475881,0.00021158568628565355,0.006607675045112726
pure_group_representative,student_B,42,F_KD_from_CL_MLP_fair,E2_KD_from_MLP,0.9121190701845642,0.919162175008901,-0.007043104824336788,-0.01534839448832026,0.000929997950852024,-0.019273066250353188,-3.0292147187971352e-05,-0.00149376918667532
pure_group_representative,student_B,123,F_KD_from_CL_MLP_fair,E2_KD_from_MLP,0.919071420122644,0.9200426541399918,-0.0009712340173477774,-0.002746930954958149,0.0,-0.002577274297244747,-1.007905355943084e-05,0.0004781142190245502
pure_group_representative,student_B,456,F_KD_from_CL_MLP_fair,E2_KD_from_MLP,0.9218917072068262,0.9227852254925452,-0.0008935182857189305,-0.006029539737980927,0.0027734578516669384,-0.002229619058763954,6.0483441693182094e-05,0.0009576260747898857
pure_group_representative,student_B,789,F_KD_from_CL_MLP_fair,E2_KD_from_MLP,0.913622440252601,0.9237633925295834,-0.010140952276982418,-0.024979630096426564,-0.0018581524964496055,-0.019891868239367616,-0.0001714015282457959,-0.003803709024422064
pure_group_representative,student_B,1001,F_KD_from_CL_MLP_fair,E2_KD_from_MLP,0.9273877822216734,0.9266515789588075,0.0007362032628659421,0.005917482362410853,-0.002789999349788297,0.0030247494218560433,-8.064134594487626e-05,-0.002390574774203569
pure_group_representative,student_B,2024,F_KD_from_CL_MLP_fair,E2_KD_from_MLP,0.9196888446600224,0.9177528357379124,0.0019360089221099885,0.007856948967192023,-0.002784469112253829,0.0003839927205171456,-7.051034117955268e-05,0.004294082376274155
pure_group_representative,student_B,3141,F_KD_from_CL_MLP_fair,E2_KD_from_MLP,0.9216277439593414,0.9206261993572248,0.0010015446021166552,-0.0031644514712675376,0.00370161239726452,0.0005458618492714118,0.00012099121089281795,0.003803709024422064
pure_group_representative,student_B,5678,F_KD_from_CL_MLP_fair,E2_KD_from_MLP,0.9152266168277728,0.9227714584177658,-0.007544841589992912,-0.02154949236913184,-0.00370161239726452,-0.014780468374397171,-8.064458898138227e-05,0.0023880097798105737
pure_group_representative,student_B,8192,F_KD_from_CL_MLP_fair,E2_KD_from_MLP,0.9185681313637757,0.9182268722380991,0.0003412591256766184,-0.0014487620537680934,0.0018618448041907154,0.0017513289327389936,-4.026710231697095e-05,-0.00041784895246232967
pure_group_representative,student_B,9999,F_KD_from_CL_MLP_fair,E2_KD_from_MLP,0.9255005510295244,0.92405309399196,0.0014474570375644369,0.006439053080429358,0.0009337012749374152,-0.00040385960352351535,-0.0002116388504476152,0.00048002928642687515
pure_group_representative,student_B,42,F_KD_from_CL_MLP_ext,E2_KD_from_MLP,0.921661261917109,0.919162175008901,0.0024990869082079925,0.008587453195405215,0.0,0.004973147578131831,-5.04528890170608e-05,-0.0010147133434804667
pure_group_representative,student_B,123,F_KD_from_CL_MLP_ext,E2_KD_from_MLP,0.9191860120395257,0.9200426541399918,-0.0008566421004660985,-0.0059136869774844,0.000929997950852024,-0.0022964737604416197,0.00012098234562463173,0.002875969939119649
pure_group_representative,student_B,456,F_KD_from_CL_MLP_ext,E2_KD_from_MLP,0.9203302916905087,0.9227852254925452,-0.0024549338020364297,-0.009446367280781964,0.0,-0.004310989460877157,-1.008128307977696e-05,0.0014927690145565276
pure_group_representative,student_B,789,F_KD_from_CL_MLP_ext,E2_KD_from_MLP,0.9212735423331114,0.9237633925295834,-0.0024898501964719655,-0.0026525198938992522,-0.000929997950852024,-0.005729125514058464,-0.0002218099709090371,-0.002915797652639829
pure_group_representative,student_B,1001,F_KD_from_CL_MLP_ext,E2_KD_from_MLP,0.9301035182282748,0.9266515789588075,0.003451939269467297,0.011630359929577283,-0.004640800105401244,0.00929035053245486,2.0158309771867167e-05,0.0009596276809340498
pure_group_representative,student_B,2024,F_KD_from_CL_MLP_ext,E2_KD_from_MLP,0.9138339761573008,0.9177528357379124,-0.003918859580611667,-0.004727355030751168,-0.009217678804904539,-0.00453901413048774,-0.0001613053956399657,-0.000948944541275476
pure_group_representative,student_B,3141,F_KD_from_CL_MLP_ext,E2_KD_from_MLP,0.9218265402018752,0.9206261993572248,0.0012003408446503716,-0.0009547211016620594,0.0018471412358627148,-0.0012688988712643567,0.00018147586877981237,0.006196707091536857
pure_group_representative,student_B,5678,F_KD_from_CL_MLP_ext,E2_KD_from_MLP,0.9223104266299224,0.9227714584177658,-0.00046103178784340226,0.0024103009169891276,-0.005541467079928641,-0.0035113853777034576,3.0238376621083418e-05,0.004307154224804766
pure_group_representative,student_B,8192,F_KD_from_CL_MLP_ext,E2_KD_from_MLP,0.9177306317277344,0.9182268722380991,-0.0004962405103646761,-0.0009988248757766272,-0.001854471161401805,0.0032851181787352246,-6.042824845253758e-05,-0.0028525964449274133
pure_group_representative,student_B,9999,F_KD_from_CL_MLP_ext,E2_KD_from_MLP,0.9219376591255299,0.92405309399196,-0.002115434866430066,-0.005233078067111596,-0.0037163159655925204,-0.000976918306196617,-0.00017131979894458027,-0.00047954219430479395
pure_group_representative,student_B,42,F_KD_from_CL_MLP_fair,D_Small_MLP,0.9121190701845642,0.9305117622700158,-0.01839269208545158,-0.049983931465581444,0.009217678804904539,-0.048130778096569404,-0.00013102506241657874,-0.002935404607595782
pure_group_representative,student_B,123,F_KD_from_CL_MLP_fair,D_Small_MLP,0.919071420122644,0.9247929923323918,-0.005721572209747783,-0.015570076125164478,0.009199488570804881,-0.02080001994403935,0.0,-0.0014372535503400785
pure_group_representative,student_B,456,F_KD_from_CL_MLP_fair,D_Small_MLP,0.9218917072068262,0.9347031061655336,-0.01281139895870742,-0.03435941659480335,0.00461331253433106,-0.031161287629642764,-0.00021173198439816687,-0.0029378711190245488
pure_group_representative,student_B,789,F_KD_from_CL_MLP_fair,D_Small_MLP,0.913622440252601,0.9284877541936932,-0.01486531394109225,-0.040031967451322314,0.0036942933147574575,-0.030730576044887492,-0.00010101026271636115,-0.007157309261291878
pure_group_representative,student_B,1001,F_KD_from_CL_MLP_fair,D_Small_MLP,0.9273877822216734,0.9294569081994455,-0.0020691259777720905,-0.008161327880850555,0.0082713340252073,-0.010881845367633924,-5.045532227987426e-05,0.0004766646566966015
pure_group_representative,student_B,2024,F_KD_from_CL_MLP_fair,D_Small_MLP,0.9196888446600224,0.9409418155994604,-0.02125297093943801,-0.05771681456451616,0.0,-0.04848755669421789,-6.048343845554971e-05,0.0
pure_group_representative,student_B,3141,F_KD_from_CL_MLP_fair,D_Small_MLP,0.9216277439593414,0.9337913260429763,-0.012163582083634883,-0.03696633650467973,0.00370161239726452,-0.028396062964462843,-0.00011093511379611787,0.0009538117674992019
pure_group_representative,student_B,5678,F_KD_from_CL_MLP_fair,D_Small_MLP,0.9152266168277728,0.9270049316869295,-0.011778314859156702,-0.04114921323075105,0.0027570630269281304,-0.024688199271109434,-4.037748666441132e-05,0.004229152665813585
pure_group_representative,student_B,8192,F_KD_from_CL_MLP_fair,D_Small_MLP,0.9185681313637757,0.9412267498546554,-0.02265861849087969,-0.07178695024505655,0.008320520228383366,-0.04736033868700351,-8.05845324974852e-05,-0.002385739218224936
pure_group_representative,student_B,9999,F_KD_from_CL_MLP_fair,D_Small_MLP,0.9255005510295244,0.9288535653473206,-0.0033530143177961103,-0.011720372037203663,0.0027955460791281306,-0.014927896798282325,-5.316416196166074e-08,0.0070877043315396016
pure_group_representative,student_B,42,F_KD_from_CL_MLP_fair,G_KD_random_pacing,0.9121190701845642,0.9174889373974422,-0.005369867212878021,-0.010604253425836374,0.002784469112253829,-0.01745514770367329,-8.063486045861712e-05,-0.00149376918667532
pure_group_representative,student_B,123,F_KD_from_CL_MLP_fair,G_KD_random_pacing,0.919071420122644,0.9170654383259578,0.002005981796686207,0.007737984108364682,0.0009281545455975815,0.00289172806706528,-9.070418725565244e-05,-0.0014372535503400785
pure_group_representative,student_B,456,F_KD_from_CL_MLP_fair,G_KD_random_pacing,0.9218917072068262,0.9244777576929266,-0.0025860504861003886,-0.004818385561826566,-0.0018581524964496055,-0.0056379381932498696,-8.063323920937115e-05,-0.0005351429397666418
pure_group_representative,student_B,789,F_KD_from_CL_MLP_fair,G_KD_random_pacing,0.913622440252601,0.9237918934895075,-0.010169453236906545,-0.024416974361357036,-0.0018581524964496055,-0.018819880958054758,-9.07224263102524e-05,-0.005661535942361184
pure_group_representative,student_B,1001,F_KD_from_CL_MLP_fair,G_KD_random_pacing,0.9273877822216734,0.9278923113299449,-0.0005045291082714787,-0.0022530229196022766,0.0082713340252073,-0.004242613192598554,-4.032229444184132e-05,-0.004258021159921022
pure_group_representative,student_B,2024,F_KD_from_CL_MLP_fair,G_KD_random_pacing,0.9196888446600224,0.9198281937491606,-0.00013934908913815214,-0.005026305808101594,-0.0009263166158042235,-0.004925183889233797,0.00022189391042715112,0.00995916695702137
pure_group_representative,student_B,3141,F_KD_from_CL_MLP_fair,G_KD_random_pacing,0.9216277439593414,0.9216882354057769,-6.049144643549553e-05,-0.0020211651689376886,0.00370161239726452,-0.004353741496598729,-1.008128307977696e-05,0.0023809183191738637
pure_group_representative,student_B,5678,F_KD_from_CL_MLP_fair,G_KD_random_pacing,0.9152266168277728,0.9138100991188486,0.0014165177089242587,0.0036785931575059605,0.0009208354630905191,0.0029981112621484396,2.0163174326515154e-05,-0.0005351145124494749
pure_group_representative,student_B,8192,F_KD_from_CL_MLP_fair,G_KD_random_pacing,0.9185681313637757,0.9204149917108607,-0.001846860347085033,-0.005449078158379028,0.0037163159655925204,-0.004526380970982347,-0.00011082047731791889,-0.0028643380943391694
pure_group_representative,student_B,9999,F_KD_from_CL_MLP_fair,G_KD_random_pacing,0.9255005510295244,0.9235969741917834,0.0019035768377410056,0.010378045020043247,0.0027955460791281306,-0.003084425147736769,-9.07646416612451e-05,-0.00048051712106766953
pure_group_representative,student_B,42,F_KD_from_CL_MLP_fair,I_KD_from_SMOTE_MLP,0.9121190701845642,0.9242658346299845,-0.012146764445420288,-0.0252041583946514,-0.0009318468533386914,-0.03595143892919073,-8.063486045861712e-05,0.0014342568105373266
pure_group_representative,student_B,123,F_KD_from_CL_MLP_fair,I_KD_from_SMOTE_MLP,0.919071420122644,0.9242072081262048,-0.005135788003560848,-0.011355422513206315,-0.0018618448041907154,-0.018568970078934433,-7.065056986410578e-05,0.006177947948391993
pure_group_representative,student_B,456,F_KD_from_CL_MLP_fair,I_KD_from_SMOTE_MLP,0.9218917072068262,0.915988452325041,0.005903254881785225,0.018345566854753748,-0.002789999349788297,0.006606078797460446,0.00028225985334839887,0.007072368253151495
pure_group_representative,student_B,789,F_KD_from_CL_MLP_fair,I_KD_from_SMOTE_MLP,0.913622440252601,0.9172177912123827,-0.0035953509597816957,-0.008383782740625567,-0.0018581524964496055,-0.014905591017693287,0.0001208755401606032,0.007049895915699822
pure_group_representative,student_B,1001,F_KD_from_CL_MLP_fair,I_KD_from_SMOTE_MLP,0.9273877822216734,0.9240304973673142,0.003357284854359155,0.013014443274427134,-0.002789999349788297,0.006155877577533664,-7.05618870732172e-05,0.0004766646566966015
pure_group_representative,student_B,2024,F_KD_from_CL_MLP_fair,I_KD_from_SMOTE_MLP,0.9196888446600224,0.9241163429258353,-0.004427498265812901,-0.013705446349370654,-0.0037163159655925204,-0.012380491646509562,0.00012098877114841144,0.007543773861259706
pure_group_representative,student_B,3141,F_KD_from_CL_MLP_fair,I_KD_from_SMOTE_MLP,0.9216277439593414,0.9206667903490195,0.0009609536103218907,0.002626564434275891,-0.0018618448041907154,-0.0025962637847294356,-1.0876499967338304e-07,0.006636420971253054
pure_group_representative,student_B,5678,F_KD_from_CL_MLP_fair,I_KD_from_SMOTE_MLP,0.9152266168277728,0.9120451534391737,0.0031814633885991483,0.007608665782659729,-0.004631610348116544,0.00917542655331205,-5.438359340637078e-08,0.0037548893387341353
pure_group_representative,student_B,8192,F_KD_from_CL_MLP_fair,I_KD_from_SMOTE_MLP,0.9185681313637757,0.9194022079615021,-0.0008340765977263853,0.0009640469460094891,-0.0009337012749374152,-0.004595794123270713,-8.063647752187819e-05,0.000475701941088591
pure_group_representative,student_B,9999,F_KD_from_CL_MLP_fair,I_KD_from_SMOTE_MLP,0.9255005510295244,0.9148045528386894,0.010695998190834999,0.02160310355117878,0.0009337012749374152,0.010359702957402517,0.00037310501298992715,0.020210378157666464
pure_group_representative,student_B,42,E_KD_from_RF,E2_KD_from_MLP,0.9212907262265417,0.919162175008901,0.002128551217640773,-0.0102922920028099,0.0027955460791281306,0.002917851005294292,0.0006047601855122542,0.014616890821078754
pure_group_representative,student_B,123,E_KD_from_RF,E2_KD_from_MLP,0.9361181302925049,0.9200426541399918,0.016075476152513146,0.02630728566279905,0.0027955460791281306,0.032630773189853524,0.0006249387156600505,0.018018837115125863
pure_group_representative,student_B,456,E_KD_from_RF,E2_KD_from_MLP,0.9411788791177461,0.9227852254925452,0.018393653625200956,0.032837605154033445,0.00649715847639265,0.03485357731562988,0.0006956816174317204,0.017084245562516642
pure_group_representative,student_B,789,E_KD_from_RF,E2_KD_from_MLP,0.9201803884011343,0.9237633925295834,-0.003583004128449141,-0.03308993276641037,0.0009318468533386914,-0.006520346251824294,0.0007757560392785967,0.019987655483371447
pure_group_representative,student_B,1001,E_KD_from_RF,E2_KD_from_MLP,0.9391416119984983,0.9266515789588075,0.012490033039690873,0.018214825131490642,0.0009337012749374152,0.027034989842766866,0.0006751724013002169,0.015591476547960115
pure_group_representative,student_B,2024,E_KD_from_RF,E2_KD_from_MLP,0.9381626481727532,0.9177528357379124,0.020409812434840746,0.03900362627828158,0.0018655481282761066,0.04053868722827392,0.0007155139985380865,0.019925686540833376
pure_group_representative,student_B,3141,E_KD_from_RF,E2_KD_from_MLP,0.9480509805713476,0.9206261993572248,0.02742478121412284,0.05344024950504134,0.005563457201455235,0.052792790471466566,0.001037953643627576,0.02428945524902415
pure_group_representative,student_B,5678,E_KD_from_RF,E2_KD_from_MLP,0.9242500051437815,0.9227714584177658,0.0014785467260157725,-0.014044308115807258,0.0027955460791281306,-0.003082938919786171,0.0007455743884815513,0.020978860198062832
pure_group_representative,student_B,8192,E_KD_from_RF,E2_KD_from_MLP,0.9305326474480135,0.9182268722380991,0.012305775209914382,0.01590320502135767,0.0027955460791281306,0.02302147578975222,0.000796073287552046,0.019012575871781623
pure_group_representative,student_B,9999,E_KD_from_RF,E2_KD_from_MLP,0.9188266587014106,0.92405309399196,-0.005226435290549447,-0.03010371978092763,0.0009337012749374152,-0.014155007109285522,0.0005542086675913716,0.016638640494936907
pure_group_representative,student_B,42,I_KD_from_SMOTE_MLP,E2_KD_from_MLP,0.9242658346299845,0.919162175008901,0.005103659621083501,0.009855763906331139,0.0018618448041907154,0.01667837267883754,5.034271327064577e-05,-0.0029280259972126466
pure_group_representative,student_B,123,I_KD_from_SMOTE_MLP,E2_KD_from_MLP,0.9242072081262048,0.9200426541399918,0.004164553986213071,0.008608491558248166,0.0018618448041907154,0.015991695781689685,6.0571516304674944e-05,-0.005699833729367443
pure_group_representative,student_B,456,I_KD_from_SMOTE_MLP,E2_KD_from_MLP,0.915988452325041,0.9227852254925452,-0.006796773167504155,-0.024375106592734674,0.005563457201455235,-0.0088356978562244,-0.00022177641165521678,-0.00611474217836161
pure_group_representative,student_B,789,I_KD_from_SMOTE_MLP,E2_KD_from_MLP,0.9172177912123827,0.9237633925295834,-0.006545601317200722,-0.016595847355800997,0.0,-0.004986277221674329,-0.0002922770684063991,-0.010853604940121886
pure_group_representative,student_B,1001,I_KD_from_SMOTE_MLP,E2_KD_from_MLP,0.9240304973673142,0.9266515789588075,-0.002621081591493213,-0.007096960912016281,0.0,-0.0031311281556776205,-1.0079458871659064e-05,-0.0028672394309001703
pure_group_representative,student_B,2024,I_KD_from_SMOTE_MLP,E2_KD_from_MLP,0.9241163429258353,0.9177528357379124,0.00636350718792289,0.021562395316562677,0.0009318468533386914,0.012764484367026707,-0.00019149911232796413,-0.0032496914849855507
pure_group_representative,student_B,3141,I_KD_from_SMOTE_MLP,E2_KD_from_MLP,0.9206667903490195,0.9206261993572248,4.059099179476444e-05,-0.0057910159055434285,0.005563457201455235,0.0031421256340008474,0.00012109997589249133,-0.0028327119468309903
pure_group_representative,student_B,5678,I_KD_from_SMOTE_MLP,E2_KD_from_MLP,0.9120451534391737,0.9227714584177658,-0.01072630497859206,-0.02915815815179157,0.000929997950852024,-0.02395589492770922,-8.05902053879759e-05,-0.0013668795589235616
pure_group_representative,student_B,8192,I_KD_from_SMOTE_MLP,E2_KD_from_MLP,0.9194022079615021,0.9182268722380991,0.0011753357234030037,-0.0024128089997775826,0.0027955460791281306,0.006347123056009707,4.036937520490724e-05,-0.0008935508935509207
pure_group_representative,student_B,9999,I_KD_from_SMOTE_MLP,E2_KD_from_MLP,0.9148045528386894,0.92405309399196,-0.009248541153270562,-0.015164050470749424,0.0,-0.010763562560926032,-0.0005847438634375424,-0.01973034887123959
pure_group_representative,student_B,42,J_CoDistill_RF_CL,E_KD_from_RF,0.9239478541562265,0.9212907262265417,0.002657127929684755,0.007959792207878236,-0.0009337012749374152,0.006794523281192455,-4.046904205079471e-05,-0.0004945055236584839
pure_group_representative,student_B,123,J_CoDistill_RF_CL,E_KD_from_RF,0.9293010820994502,0.9361181302925049,-0.006817048193054731,-0.012822066336737326,-0.0009337012749374152,-0.012649988717931326,-0.0002922626274530771,-0.007387222008214733
pure_group_representative,student_B,456,J_CoDistill_RF_CL,E_KD_from_RF,0.9279789842686611,0.9411788791177461,-0.013199894849085014,-0.03315484104710087,-0.0009337012749374152,-0.02634229586071901,-0.000151377136502151,-0.0054172589261652915
pure_group_representative,student_B,789,J_CoDistill_RF_CL,E_KD_from_RF,0.9207015438129309,0.9201803884011343,0.0005211554117966477,0.011608731974864783,0.0,0.0012446371598714423,-0.00039278395769604124,-0.009854808118056724
pure_group_representative,student_B,1001,J_CoDistill_RF_CL,E_KD_from_RF,0.9222421615482211,0.9391416119984983,-0.016899450450277187,-0.03794451839370239,-0.0009337012749374152,-0.03942028781404705,-0.00029203528754317976,-0.005906709481156014
pure_group_representative,student_B,2024,J_CoDistill_RF_CL,E_KD_from_RF,0.9225737188316693,0.9381626481727532,-0.015588929341083912,-0.0378930819977743,-0.0009337012749374152,-0.03294511638334696,-0.00027210356582829665,-0.005900643483532253
pure_group_representative,student_B,3141,J_CoDistill_RF_CL,E_KD_from_RF,0.9461922873699834,0.9480509805713476,-0.0018586932013642254,0.0019755598239138417,0.0,-0.0015298619213008902,-0.0003626630894930649,-0.009376500819940792
pure_group_representative,student_B,5678,J_CoDistill_RF_CL,E_KD_from_RF,0.9254894515834995,0.9242500051437815,0.0012394464397179616,0.009484594871106866,-0.0009337012749374152,0.005260320074893521,-0.00021154745897744576,-0.00740243401349594
pure_group_representative,student_B,8192,J_CoDistill_RF_CL,E_KD_from_RF,0.9279428672375722,0.9305326474480135,-0.002589780210441206,-0.0005153453665767138,-0.0009337012749374152,-0.005254668129327511,-0.00033240144376667224,-0.00591278483759794
pure_group_representative,student_B,9999,J_CoDistill_RF_CL,E_KD_from_RF,0.9215909746361517,0.9188266587014106,0.002764315934741135,0.014255954611988586,-0.0009337012749374152,0.0058035714285714635,-0.0003224719964616263,-0.004981773095455444
pure_group_representative,student_B,42,J_CoDistill_RF_CL,E2_KD_from_MLP,0.9239478541562265,0.919162175008901,0.004785679147325528,-0.002332499794931664,0.0018618448041907154,0.009712374286486747,0.0005642911434614595,0.01412238529742027
pure_group_representative,student_B,123,J_CoDistill_RF_CL,E2_KD_from_MLP,0.9293010820994502,0.9200426541399918,0.009258427959458415,0.013485219326061726,0.0018618448041907154,0.019980784471922197,0.0003326760882069735,0.01063161510691113
pure_group_representative,student_B,456,J_CoDistill_RF_CL,E2_KD_from_MLP,0.9279789842686611,0.9227852254925452,0.005193758776115942,-0.0003172358930674246,0.005563457201455235,0.008511281454910868,0.0005443044809295694,0.01166698663635135
pure_group_representative,student_B,789,J_CoDistill_RF_CL,E2_KD_from_MLP,0.9207015438129309,0.9237633925295834,-0.0030618487166524933,-0.021481200791545585,0.0009318468533386914,-0.0052757090919528515,0.00038297208158255547,0.010132847365314723
pure_group_representative,student_B,1001,J_CoDistill_RF_CL,E2_KD_from_MLP,0.9222421615482211,0.9266515789588075,-0.004409417410586314,-0.019729693262211745,0.0,-0.012385297971280185,0.0003831371137570372,0.0096847670668041
pure_group_representative,student_B,2024,J_CoDistill_RF_CL,E2_KD_from_MLP,0.9225737188316693,0.9177528357379124,0.004820883093756834,0.0011105442805072752,0.0009318468533386914,0.007593570844926956,0.00044341043270978986,0.014025043057301123
pure_group_representative,student_B,3141,J_CoDistill_RF_CL,E2_KD_from_MLP,0.9461922873699834,0.9206261993572248,0.025566088012758614,0.05541580932895518,0.005563457201455235,0.051262928550165676,0.0006752905541345111,0.014912954429083358
pure_group_representative,student_B,5678,J_CoDistill_RF_CL,E2_KD_from_MLP,0.9254894515834995,0.9227714584177658,0.002717993165733734,-0.004559713244700392,0.0018618448041907154,0.0021773811551073496,0.0005340269295041056,0.013576426184566892
pure_group_representative,student_B,8192,J_CoDistill_RF_CL,E2_KD_from_MLP,0.9279428672375722,0.9182268722380991,0.009715994999473176,0.015387859654780955,0.0018618448041907154,0.01776680766042471,0.00046367184378537374,0.013099791034183683
pure_group_representative,student_B,9999,J_CoDistill_RF_CL,E2_KD_from_MLP,0.9215909746361517,0.92405309399196,-0.002462119355808312,-0.015847765168939043,0.0,-0.008351435680714059,0.00023173667112974528,0.011656867399481463
pure_group_representative,student_B,42,J_CoDistill_RF_CL,F_KD_from_CL_MLP_fair,0.9239478541562265,0.9121190701845642,0.011828783971662316,0.013015894693388597,0.0009318468533386914,0.028985440536839935,0.0005945832906494308,0.01561615448409559
pure_group_representative,student_B,123,J_CoDistill_RF_CL,F_KD_from_CL_MLP_fair,0.9293010820994502,0.919071420122644,0.010229661976806192,0.016232150281019875,0.0018618448041907154,0.022558058769166944,0.0003427551417664043,0.01015350088788658
pure_group_representative,student_B,456,J_CoDistill_RF_CL,F_KD_from_CL_MLP_fair,0.9279789842686611,0.9218917072068262,0.006087277061834873,0.005712303844913502,0.002789999349788297,0.010740900513674823,0.0004838210392363873,0.010709360561561465
pure_group_representative,student_B,789,J_CoDistill_RF_CL,F_KD_from_CL_MLP_fair,0.9207015438129309,0.913622440252601,0.007079103560329925,0.003498429304880979,0.002789999349788297,0.014616159147414765,0.0005543736098283514,0.013936556389736787
pure_group_representative,student_B,1001,J_CoDistill_RF_CL,F_KD_from_CL_MLP_fair,0.9222421615482211,0.9273877822216734,-0.005145620673452256,-0.025647175624622598,0.002789999349788297,-0.015410047393136228,0.00046377845970191345,0.01207534184100767
pure_group_representative,student_B,2024,J_CoDistill_RF_CL,F_KD_from_CL_MLP_fair,0.9225737188316693,0.9196888446600224,0.002884874171646845,-0.006746404686684748,0.0037163159655925204,0.00720957812440981,0.0005139207738893425,0.009730960681026968
pure_group_representative,student_B,3141,J_CoDistill_RF_CL,F_KD_from_CL_MLP_fair,0.9461922873699834,0.9216277439593414,0.02456454341064196,0.05858026080022272,0.0018618448041907154,0.050717066700894264,0.0005542993432416932,0.011109245404661294
pure_group_representative,student_B,5678,J_CoDistill_RF_CL,F_KD_from_CL_MLP_fair,0.9254894515834995,0.9152266168277728,0.010262834755726646,0.016989779124431448,0.005563457201455235,0.01695784952950452,0.0006146715184854878,0.011188416404756318
pure_group_representative,student_B,8192,J_CoDistill_RF_CL,F_KD_from_CL_MLP_fair,0.9279428672375722,0.9185681313637757,0.009374735873796558,0.01683662170854905,0.0,0.016015478727685717,0.0005039389461023447,0.013517639986646013
pure_group_representative,student_B,9999,J_CoDistill_RF_CL,F_KD_from_CL_MLP_fair,0.9215909746361517,0.9255005510295244,-0.003909576393372749,-0.0222868182493684,-0.0009337012749374152,-0.007947576077190543,0.0004433755215773605,0.011176838113054588
