view,seed,category,student,route,prediction_source,prediction_source_sha256,max_within_exact_group_probability_delta,within_exact_group_probability_tolerance,represented_group_count,excluded_mixed_group_count,excluded_mixed_row_count,row_count,effective_weight,accuracy,macro_precision,macro_recall,macro_f1,confusion_matrix_json
row_level,42,teacher,,A_RF_500_uncalibrated,results/wsnds/evidence_completion_20260811/fgds_controlled_full_routes_10seed_v2/seed_42/teacher_A_RF_500_uncalibrated_test_predictions.npz,94d92494d11ffa9e01496059c68fbff5f2aeedb56a44f2b093f04322c8d780f8,0.0,2e-06,54174,0,0,56301,56301.0,0.9967673753574536,0.9777585573019314,0.9821763375604646,0.9795306178675837,"[[1584.0,0.0,6.0,0.0,0.0],[0.0,493.0,0.0,2.0,0.0],[25.0,0.0,2100.0,24.0,0.0],[0.0,41.0,24.0,51002.0,3.0],[0.0,0.0,0.0,57.0,940.0]]"
inverse_test_group_size,42,teacher,,A_RF_500_uncalibrated,results/wsnds/evidence_completion_20260811/fgds_controlled_full_routes_10seed_v2/seed_42/teacher_A_RF_500_uncalibrated_test_predictions.npz,94d92494d11ffa9e01496059c68fbff5f2aeedb56a44f2b093f04322c8d780f8,0.0,2e-06,54174,0,0,56301,54174.0,0.996806586185255,0.9763511808749696,0.9819295323739468,0.9786799509151999,"[[1008.9999999999998,0.0,6.0,0.0,0.0],[0.0,472.0,0.0,2.0,0.0],[17.999999999999996,0.0,1850.0,22.0,0.0],[0.0,41.0,24.0,49739.00000000006,3.0],[0.0,0.0,0.0,57.0,931.0]]"
pure_group_representative,42,teacher,,A_RF_500_uncalibrated,results/wsnds/evidence_completion_20260811/fgds_controlled_full_routes_10seed_v2/seed_42/teacher_A_RF_500_uncalibrated_test_predictions.npz,94d92494d11ffa9e01496059c68fbff5f2aeedb56a44f2b093f04322c8d780f8,0.0,2e-06,54174,0,0,54174,54174.0,0.996806586185255,0.9763511808749696,0.9819295323739468,0.9786799509151999,"[[1009.0,0.0,6.0,0.0,0.0],[0.0,472.0,0.0,2.0,0.0],[18.0,0.0,1850.0,22.0,0.0],[0.0,41.0,24.0,49739.0,3.0],[0.0,0.0,0.0,57.0,931.0]]"
row_level,42,teacher,,A_calibrated_RF_KD_teacher,results/wsnds/confirmation_runs_v2/local_feature_group_10seed_20260811/feature_group_10seed/seed_42/RF_teacher_test_predictions.csv,25cbfc52c5bad6b4d9a710f20c2b7659d609b19d8eb4dd9a7a2a9c0cc92eae31,0.0,2e-06,54174,0,0,56301,56301.0,0.9966608053142928,0.9778221848014071,0.9807830826221375,0.9789215588747504,"[[1574.0,0.0,16.0,0.0,0.0],[0.0,492.0,0.0,3.0,0.0],[23.0,0.0,2105.0,21.0,0.0],[0.0,38.0,26.0,51003.0,3.0],[0.0,0.0,1.0,57.0,939.0]]"
inverse_test_group_size,42,teacher,,A_calibrated_RF_KD_teacher,results/wsnds/confirmation_runs_v2/local_feature_group_10seed_20260811/feature_group_10seed/seed_42/RF_teacher_test_predictions.csv,25cbfc52c5bad6b4d9a710f20c2b7659d609b19d8eb4dd9a7a2a9c0cc92eae31,0.0,2e-06,54174,0,0,56301,54174.0,0.996714290988297,0.976630833177872,0.9801561035391858,0.9779907814517464,"[[1000.9999999999999,0.0,14.0,0.0,0.0],[0.0,471.0,0.0,3.0,0.0],[15.999999999999996,0.0,1854.0,20.0,0.0],[0.0,38.0,26.0,49740.00000000006,3.0],[0.0,0.0,1.0,57.0,930.0]]"
pure_group_representative,42,teacher,,A_calibrated_RF_KD_teacher,results/wsnds/confirmation_runs_v2/local_feature_group_10seed_20260811/feature_group_10seed/seed_42/RF_teacher_test_predictions.csv,25cbfc52c5bad6b4d9a710f20c2b7659d609b19d8eb4dd9a7a2a9c0cc92eae31,0.0,2e-06,54174,0,0,54174,54174.0,0.996714290988297,0.976630833177872,0.9801561035391859,0.9779907814517464,"[[1001.0,0.0,14.0,0.0,0.0],[0.0,471.0,0.0,3.0,0.0],[16.0,0.0,1854.0,20.0,0.0],[0.0,38.0,26.0,49740.0,3.0],[0.0,0.0,1.0,57.0,930.0]]"
row_level,42,teacher,,B_Full_MLP,results/wsnds/evidence_completion_20260811/fgds_controlled_full_routes_10seed_v2/seed_42/teacher_B_Full_MLP_test_predictions.npz,ad6f73156eb51eaab2d580707fd69b0f840fb18500e2d08f0bb711b0fc19c203,2.682209014892578e-07,2e-06,54174,0,0,56301,56301.0,0.9867142679526119,0.905701466127848,0.938742480864404,0.9201107998138525,"[[1485.0,0.0,105.0,0.0,0.0],[0.0,493.0,0.0,2.0,0.0],[375.0,0.0,1773.0,1.0,0.0],[0.0,68.0,95.0,50862.0,45.0],[0.0,0.0,1.0,56.0,940.0]]"
inverse_test_group_size,42,teacher,,B_Full_MLP,results/wsnds/evidence_completion_20260811/fgds_controlled_full_routes_10seed_v2/seed_42/teacher_B_Full_MLP_test_predictions.npz,ad6f73156eb51eaab2d580707fd69b0f840fb18500e2d08f0bb711b0fc19c203,2.682209014892578e-07,2e-06,54174,0,0,56301,54174.0,0.9887769040499133,0.9024873842692873,0.9439643451896567,0.9206774954437066,"[[949.0000000000001,0.0,66.00000000000006,0.0,0.0],[0.0,472.0,0.0,2.0,0.0],[281.00000000000017,0.0,1607.9999999999995,1.0,0.0],[0.0,67.0,91.0,49606.00000000006,43.0],[0.0,0.0,1.0,56.0,931.0]]"
pure_group_representative,42,teacher,,B_Full_MLP,results/wsnds/evidence_completion_20260811/fgds_controlled_full_routes_10seed_v2/seed_42/teacher_B_Full_MLP_test_predictions.npz,ad6f73156eb51eaab2d580707fd69b0f840fb18500e2d08f0bb711b0fc19c203,2.682209014892578e-07,2e-06,54174,0,0,54174,54174.0,0.9887769040499133,0.9024873842692871,0.9439643451896567,0.9206774954437064,"[[949.0,0.0,66.0,0.0,0.0],[0.0,472.0,0.0,2.0,0.0],[281.0,0.0,1608.0,1.0,0.0],[0.0,67.0,91.0,49606.0,43.0],[0.0,0.0,1.0,56.0,931.0]]"
row_level,42,teacher,,C_CL_MLP_loss_fair,results/wsnds/evidence_completion_20260811/fgds_controlled_full_routes_10seed_v2/seed_42/teacher_C_CL_MLP_loss_fair_test_predictions.npz,5679ab2d433810ec43badf5da426e6efad46811cf134a10c481ea89acdbbf016,1.1920928955078125e-07,2e-06,54174,0,0,56301,56301.0,0.9859682776504858,0.9047578256947594,0.9368005456529792,0.9161054276603824,"[[1550.0,0.0,40.0,0.0,0.0],[0.0,493.0,0.0,2.0,0.0],[486.0,0.0,1662.0,1.0,0.0],[2.0,64.0,93.0,50865.0,46.0],[0.0,0.0,0.0,56.0,941.0]]"
inverse_test_group_size,42,teacher,,C_CL_MLP_loss_fair,results/wsnds/evidence_completion_20260811/fgds_controlled_full_routes_10seed_v2/seed_42/teacher_C_CL_MLP_loss_fair_test_predictions.npz,5679ab2d433810ec43badf5da426e6efad46811cf134a10c481ea89acdbbf016,1.1920928955078125e-07,2e-06,54174,0,0,56301,54174.0,0.9877801159227674,0.896997938292199,0.9406867573468786,0.9139783864497154,"[[977.9999999999997,0.0,37.0,0.0,0.0],[0.0,472.0,0.0,2.0,0.0],[368.00000000000006,0.0,1520.9999999999993,1.0,0.0],[2.0,63.0,89.0,49609.00000000006,44.0],[0.0,0.0,0.0,56.0,932.0]]"
pure_group_representative,42,teacher,,C_CL_MLP_loss_fair,results/wsnds/evidence_completion_20260811/fgds_controlled_full_routes_10seed_v2/seed_42/teacher_C_CL_MLP_loss_fair_test_predictions.npz,5679ab2d433810ec43badf5da426e6efad46811cf134a10c481ea89acdbbf016,1.1920928955078125e-07,2e-06,54174,0,0,54174,54174.0,0.9877801159227674,0.8969979382921988,0.9406867573468787,0.9139783864497153,"[[978.0,0.0,37.0,0.0,0.0],[0.0,472.0,0.0,2.0,0.0],[368.0,0.0,1521.0,1.0,0.0],[2.0,63.0,89.0,49609.0,44.0],[0.0,0.0,0.0,56.0,932.0]]"
row_level,42,teacher,,C_CL_MLP_loss_ext,results/wsnds/evidence_completion_20260811/fgds_controlled_full_routes_10seed_v2/seed_42/teacher_C_CL_MLP_loss_ext_test_predictions.npz,e7285364b1f6d58ada331debc7e9dcba03da6e72a2334ccc0ee3b70563f1ed35,1.4901161193847656e-07,2e-06,54174,0,0,56301,56301.0,0.9860393243459263,0.902785992462466,0.9361809120069386,0.9169231952339929,"[[1493.0,0.0,97.0,0.0,0.0],[0.0,493.0,0.0,2.0,0.0],[414.0,0.0,1735.0,0.0,0.0],[1.0,65.0,104.0,50854.0,46.0],[0.0,0.0,1.0,56.0,940.0]]"
inverse_test_group_size,42,teacher,,C_CL_MLP_loss_ext,results/wsnds/evidence_completion_20260811/fgds_controlled_full_routes_10seed_v2/seed_42/teacher_C_CL_MLP_loss_ext_test_predictions.npz,e7285364b1f6d58ada331debc7e9dcba03da6e72a2334ccc0ee3b70563f1ed35,1.4901161193847656e-07,2e-06,54174,0,0,56301,54174.0,0.988112378631816,0.8984435254732845,0.941425379373835,0.9168028967827595,"[[953.9999999999998,0.0,61.00000000000002,0.0,0.0],[0.0,472.0,0.0,2.0,0.0],[315.0000000000001,0.0,1574.999999999999,0.0,0.0],[1.0,64.0,100.0,49598.00000000006,44.0],[0.0,0.0,1.0,56.0,931.0]]"
pure_group_representative,42,teacher,,C_CL_MLP_loss_ext,results/wsnds/evidence_completion_20260811/fgds_controlled_full_routes_10seed_v2/seed_42/teacher_C_CL_MLP_loss_ext_test_predictions.npz,e7285364b1f6d58ada331debc7e9dcba03da6e72a2334ccc0ee3b70563f1ed35,1.4901161193847656e-07,2e-06,54174,0,0,54174,54174.0,0.988112378631816,0.8984435254732844,0.9414253793738352,0.9168028967827594,"[[954.0,0.0,61.0,0.0,0.0],[0.0,472.0,0.0,2.0,0.0],[315.0,0.0,1575.0,0.0,0.0],[1.0,64.0,100.0,49598.0,44.0],[0.0,0.0,1.0,56.0,931.0]]"
row_level,42,teacher,,C2_CL_MLP_domain,results/wsnds/evidence_completion_20260811/fgds_controlled_full_routes_10seed_v2/seed_42/teacher_C2_CL_MLP_domain_test_predictions.npz,698c38fab6561a98a9add24c774229cb5cb031b4acaa6fbb936951fe0e925808,1.1920928955078125e-07,2e-06,54174,0,0,56301,56301.0,0.9853999040869612,0.898836499383588,0.9323093821849161,0.9136163058261969,"[[1458.0,0.0,131.0,0.0,1.0],[0.0,493.0,0.0,2.0,0.0],[408.0,0.0,1741.0,0.0,0.0],[0.0,61.0,109.0,50847.0,53.0],[0.0,0.0,1.0,56.0,940.0]]"
inverse_test_group_size,42,teacher,,C2_CL_MLP_domain,results/wsnds/evidence_completion_20260811/fgds_controlled_full_routes_10seed_v2/seed_42/teacher_C2_CL_MLP_domain_test_predictions.npz,698c38fab6561a98a9add24c774229cb5cb031b4acaa6fbb936951fe0e925808,1.1920928955078125e-07,2e-06,54174,0,0,56301,54174.0,0.9875216893712851,0.8942834200428889,0.9375764336273441,0.9130010586913544,"[[939.9999999999998,0.0,74.00000000000004,0.0,1.0],[0.0,472.0,0.0,2.0,0.0],[324.99999999999994,0.0,1565.0000000000002,0.0,0.0],[0.0,61.0,105.0,49590.00000000006,51.0],[0.0,0.0,1.0,56.0,931.0]]"
pure_group_representative,42,teacher,,C2_CL_MLP_domain,results/wsnds/evidence_completion_20260811/fgds_controlled_full_routes_10seed_v2/seed_42/teacher_C2_CL_MLP_domain_test_predictions.npz,698c38fab6561a98a9add24c774229cb5cb031b4acaa6fbb936951fe0e925808,1.1920928955078125e-07,2e-06,54174,0,0,54174,54174.0,0.9875216893712851,0.8942834200428887,0.9375764336273441,0.9130010586913542,"[[940.0,0.0,74.0,0.0,1.0],[0.0,472.0,0.0,2.0,0.0],[325.0,0.0,1565.0,0.0,0.0],[0.0,61.0,105.0,49590.0,51.0],[0.0,0.0,1.0,56.0,931.0]]"
row_level,42,teacher,,G_random_pacing_teacher,results/wsnds/evidence_completion_20260811/fgds_controlled_full_routes_10seed_v2/seed_42/teacher_G_random_pacing_teacher_test_predictions.npz,5876502cbeb69483877a186aa20bef33fefc8eb84b245a416e20750eced36ce3,2.384185791015625e-07,2e-06,54174,0,0,56301,56301.0,0.9865899362355909,0.9045452203883719,0.9387490898054445,0.9186372079664926,"[[1510.0,0.0,80.0,0.0,0.0],[0.0,493.0,0.0,2.0,0.0],[411.0,0.0,1737.0,1.0,0.0],[1.0,72.0,85.0,50865.0,47.0],[0.0,0.0,0.0,56.0,941.0]]"
inverse_test_group_size,42,teacher,,G_random_pacing_teacher,results/wsnds/evidence_completion_20260811/fgds_controlled_full_routes_10seed_v2/seed_42/teacher_G_random_pacing_teacher_test_predictions.npz,5876502cbeb69483877a186aa20bef33fefc8eb84b245a416e20750eced36ce3,2.384185791015625e-07,2e-06,54174,0,0,56301,54174.0,0.988518477498431,0.899676574950696,0.9436424223715092,0.9180840664489989,"[[963.9999999999995,0.0,51.00000000000001,0.0,0.0],[0.0,472.0,0.0,2.0,0.0],[314.0000000000001,0.0,1574.9999999999995,1.0,0.0],[1.0,71.0,81.0,49609.00000000006,45.0],[0.0,0.0,0.0,56.0,932.0]]"
pure_group_representative,42,teacher,,G_random_pacing_teacher,results/wsnds/evidence_completion_20260811/fgds_controlled_full_routes_10seed_v2/seed_42/teacher_G_random_pacing_teacher_test_predictions.npz,5876502cbeb69483877a186aa20bef33fefc8eb84b245a416e20750eced36ce3,2.384185791015625e-07,2e-06,54174,0,0,54174,54174.0,0.988518477498431,0.8996765749506958,0.9436424223715092,0.9180840664489989,"[[964.0,0.0,51.0,0.0,0.0],[0.0,472.0,0.0,2.0,0.0],[314.0,0.0,1575.0,1.0,0.0],[1.0,71.0,81.0,49609.0,45.0],[0.0,0.0,0.0,56.0,932.0]]"
row_level,42,teacher,,I_SMOTE_MLP_teacher,results/wsnds/evidence_completion_20260811/fgds_controlled_full_routes_10seed_v2/seed_42/teacher_I_SMOTE_MLP_teacher_test_predictions.npz,7676cb8aaeeb441f1a78223012a773fcdb1a11e99d220d4e6154824231de12ba,3.2782554626464844e-07,2e-06,54174,0,0,56301,56301.0,0.9928420454343617,0.9432876504187522,0.9735992540993881,0.9577402346726076,"[[1563.0,0.0,27.0,0.0,0.0],[0.0,493.0,0.0,2.0,0.0],[108.0,0.0,2040.0,1.0,0.0],[1.0,60.0,97.0,50861.0,51.0],[0.0,0.0,0.0,56.0,941.0]]"
inverse_test_group_size,42,teacher,,I_SMOTE_MLP_teacher,results/wsnds/evidence_completion_20260811/fgds_controlled_full_routes_10seed_v2/seed_42/teacher_I_SMOTE_MLP_teacher_test_predictions.npz,7676cb8aaeeb441f1a78223012a773fcdb1a11e99d220d4e6154824231de12ba,3.2782554626464844e-07,2e-06,54174,0,0,56301,54174.0,0.9931886144645032,0.9393545712469216,0.973478210590297,0.9556083916322411,"[[991.9999999999998,0.0,22.999999999999996,0.0,0.0],[0.0,472.0,0.0,2.0,0.0],[84.00000000000003,0.0,1804.9999999999998,1.0,0.0],[1.0,60.0,93.0,49604.00000000006,49.0],[0.0,0.0,0.0,56.0,932.0]]"
pure_group_representative,42,teacher,,I_SMOTE_MLP_teacher,results/wsnds/evidence_completion_20260811/fgds_controlled_full_routes_10seed_v2/seed_42/teacher_I_SMOTE_MLP_teacher_test_predictions.npz,7676cb8aaeeb441f1a78223012a773fcdb1a11e99d220d4e6154824231de12ba,3.2782554626464844e-07,2e-06,54174,0,0,54174,54174.0,0.9931886144645032,0.9393545712469212,0.9734782105902973,0.9556083916322409,"[[992.0,0.0,23.0,0.0,0.0],[0.0,472.0,0.0,2.0,0.0],[84.0,0.0,1805.0,1.0,0.0],[1.0,60.0,93.0,49604.0,49.0],[0.0,0.0,0.0,56.0,932.0]]"
row_level,42,student,student_A,D_Small_MLP,results/wsnds/confirmation_runs_v2/local_feature_group_10seed_20260811/feature_group_10seed/seed_42/student_A_Small_MLP_scratch_test_predictions.csv,e1bad0a144299e101a3e6648223500cbe44c154980059352bae97c92d849c202,3.0000000006413785e-07,2e-06,54174,0,0,56301,56301.0,0.9814035274684286,0.8805521931841456,0.9441407794220392,0.9102878179701264,"[[1510.0,0.0,80.0,0.0,0.0],[1.0,492.0,0.0,2.0,0.0],[331.0,0.0,1817.0,1.0,0.0],[1.0,73.0,436.0,50495.0,65.0],[0.0,0.0,1.0,56.0,940.0]]"
inverse_test_group_size,42,student,student_A,D_Small_MLP,results/wsnds/confirmation_runs_v2/local_feature_group_10seed_20260811/feature_group_10seed/seed_42/student_A_Small_MLP_scratch_test_predictions.csv,e1bad0a144299e101a3e6648223500cbe44c154980059352bae97c92d849c202,3.0000000006413785e-07,2e-06,54174,0,0,56301,54174.0,0.982574666814339,0.8722652401436164,0.9455356030625814,0.9061902239085473,"[[951.0,0.0,64.00000000000003,0.0,0.0],[1.0,471.0,0.0,2.0,0.0],[251.99999999999991,0.0,1636.9999999999995,1.0,0.0],[1.0,71.0,433.0,49240.00000000006,62.0],[0.0,0.0,1.0,56.0,931.0]]"
pure_group_representative,42,student,student_A,D_Small_MLP,results/wsnds/confirmation_runs_v2/local_feature_group_10seed_20260811/feature_group_10seed/seed_42/student_A_Small_MLP_scratch_test_predictions.csv,e1bad0a144299e101a3e6648223500cbe44c154980059352bae97c92d849c202,3.0000000006413785e-07,2e-06,54174,0,0,54174,54174.0,0.982574666814339,0.8722652401436161,0.9455356030625814,0.9061902239085471,"[[951.0,0.0,64.0,0.0,0.0],[1.0,471.0,0.0,2.0,0.0],[252.0,0.0,1637.0,1.0,0.0],[1.0,71.0,433.0,49240.0,62.0],[0.0,0.0,1.0,56.0,931.0]]"
row_level,42,student,student_A,E_KD_from_RF,results/wsnds/confirmation_runs_v2/local_feature_group_10seed_20260811/feature_group_10seed/seed_42/student_A_KD_from_RF_test_predictions.csv,e374fb674ce60c65d1bff2be2d4a5843f6ab5532ab87cf7ec0e9e77b4bd648c7,5.899999999670058e-07,2e-06,54174,0,0,56301,56301.0,0.9860393243459263,0.9066396684625758,0.9266403229615575,0.9146237916726868,"[[1427.0,0.0,163.0,0.0,0.0],[0.0,493.0,0.0,2.0,0.0],[418.0,0.0,1716.0,14.0,1.0],[0.0,59.0,56.0,50938.0,17.0],[0.0,0.0,0.0,56.0,941.0]]"
inverse_test_group_size,42,student,student_A,E_KD_from_RF,results/wsnds/confirmation_runs_v2/local_feature_group_10seed_20260811/feature_group_10seed/seed_42/student_A_KD_from_RF_test_predictions.csv,e374fb674ce60c65d1bff2be2d4a5843f6ab5532ab87cf7ec0e9e77b4bd648c7,5.899999999670058e-07,2e-06,54174,0,0,56301,54174.0,0.9883892642226898,0.9028979699071691,0.9312247281304872,0.9143069962222571,"[[912.9999999999997,0.0,101.99999999999999,0.0,0.0],[0.0,472.0,0.0,2.0,0.0],[325.9999999999999,0.0,1550.0,13.0,1.0],[0.0,59.0,53.0,49678.00000000006,17.0],[0.0,0.0,0.0,56.0,932.0]]"
pure_group_representative,42,student,student_A,E_KD_from_RF,results/wsnds/confirmation_runs_v2/local_feature_group_10seed_20260811/feature_group_10seed/seed_42/student_A_KD_from_RF_test_predictions.csv,e374fb674ce60c65d1bff2be2d4a5843f6ab5532ab87cf7ec0e9e77b4bd648c7,5.899999999670058e-07,2e-06,54174,0,0,54174,54174.0,0.9883892642226898,0.9028979699071688,0.9312247281304872,0.9143069962222569,"[[913.0,0.0,102.0,0.0,0.0],[0.0,472.0,0.0,2.0,0.0],[326.0,0.0,1550.0,13.0,1.0],[0.0,59.0,53.0,49678.0,17.0],[0.0,0.0,0.0,56.0,932.0]]"
row_level,42,student,student_A,E2_KD_from_MLP,results/wsnds/evidence_completion_20260811/fgds_controlled_full_routes_10seed_v2/seed_42/student_A_E2_KD_from_MLP_test_predictions.npz,0471becc96ce3970a631b56826fe9aa61a67ee972d257ba4c04d1dfd2eb221aa,8.940696716308594e-07,2e-06,54174,0,0,56301,56301.0,0.9858439459334648,0.8998741418152296,0.9339255904886012,0.9155699431976462,"[[1433.0,0.0,157.0,0.0,0.0],[0.0,493.0,0.0,2.0,0.0],[359.0,0.0,1790.0,0.0,0.0],[0.0,62.0,98.0,50847.0,63.0],[0.0,0.0,0.0,56.0,941.0]]"
inverse_test_group_size,42,student,student_A,E2_KD_from_MLP,results/wsnds/evidence_completion_20260811/fgds_controlled_full_routes_10seed_v2/seed_42/student_A_E2_KD_from_MLP_test_predictions.npz,0471becc96ce3970a631b56826fe9aa61a67ee972d257ba4c04d1dfd2eb221aa,8.940696716308594e-07,2e-06,54174,0,0,56301,54174.0,0.9881862147893824,0.8979669337815738,0.9403878757309823,0.9171429472713133,"[[927.9999999999998,0.0,87.00000000000007,0.0,0.0],[0.0,472.0,0.0,2.0,0.0],[278.0,0.0,1611.9999999999998,0.0,0.0],[0.0,62.0,94.0,49590.00000000006,61.0],[0.0,0.0,0.0,56.0,932.0]]"
pure_group_representative,42,student,student_A,E2_KD_from_MLP,results/wsnds/evidence_completion_20260811/fgds_controlled_full_routes_10seed_v2/seed_42/student_A_E2_KD_from_MLP_test_predictions.npz,0471becc96ce3970a631b56826fe9aa61a67ee972d257ba4c04d1dfd2eb221aa,8.940696716308594e-07,2e-06,54174,0,0,54174,54174.0,0.9881862147893824,0.8979669337815736,0.9403878757309823,0.9171429472713131,"[[928.0,0.0,87.0,0.0,0.0],[0.0,472.0,0.0,2.0,0.0],[278.0,0.0,1612.0,0.0,0.0],[0.0,62.0,94.0,49590.0,61.0],[0.0,0.0,0.0,56.0,932.0]]"
row_level,42,student,student_A,F_KD_from_CL_MLP_fair,results/wsnds/evidence_completion_20260811/fgds_controlled_full_routes_10seed_v2/seed_42/student_A_F_KD_from_CL_MLP_fair_test_predictions.npz,96b0ecebe011bfa7db2cd90bba8d2581c9b5b80eca1aed6a135dc738334618d5,8.940696716308594e-07,2e-06,54174,0,0,56301,56301.0,0.9864478428447097,0.9066919267400676,0.9402993223363911,0.9197734863731227,"[[1548.0,0.0,42.0,0.0,0.0],[0.0,493.0,0.0,2.0,0.0],[443.0,0.0,1705.0,1.0,0.0],[0.0,59.0,101.0,50852.0,58.0],[0.0,0.0,1.0,56.0,940.0]]"
inverse_test_group_size,42,student,student_A,F_KD_from_CL_MLP_fair,results/wsnds/evidence_completion_20260811/fgds_controlled_full_routes_10seed_v2/seed_42/student_A_F_KD_from_CL_MLP_fair_test_predictions.npz,96b0ecebe011bfa7db2cd90bba8d2581c9b5b80eca1aed6a135dc738334618d5,8.940696716308594e-07,2e-06,54174,0,0,56301,54174.0,0.9881492967105991,0.899634314362985,0.9448616087364161,0.9179644351778252,"[[985.9999999999995,0.0,29.000000000000004,0.0,0.0],[0.0,472.0,0.0,2.0,0.0],[340.9999999999999,0.0,1547.9999999999998,1.0,0.0],[0.0,59.0,97.0,49595.00000000006,56.0],[0.0,0.0,1.0,56.0,931.0]]"
pure_group_representative,42,student,student_A,F_KD_from_CL_MLP_fair,results/wsnds/evidence_completion_20260811/fgds_controlled_full_routes_10seed_v2/seed_42/student_A_F_KD_from_CL_MLP_fair_test_predictions.npz,96b0ecebe011bfa7db2cd90bba8d2581c9b5b80eca1aed6a135dc738334618d5,8.940696716308594e-07,2e-06,54174,0,0,54174,54174.0,0.9881492967105991,0.8996343143629847,0.9448616087364161,0.9179644351778251,"[[986.0,0.0,29.0,0.0,0.0],[0.0,472.0,0.0,2.0,0.0],[341.0,0.0,1548.0,1.0,0.0],[0.0,59.0,97.0,49595.0,56.0],[0.0,0.0,1.0,56.0,931.0]]"
row_level,42,student,student_A,F_KD_from_CL_MLP_ext,results/wsnds/evidence_completion_20260811/fgds_controlled_full_routes_10seed_v2/seed_42/student_A_F_KD_from_CL_MLP_ext_test_predictions.npz,60eadfb67d812cfeedba074b320c36ed9e66bda43ea03a6a602739a734cba897,7.748603820800781e-07,2e-06,54174,0,0,56301,56301.0,0.9855952824994227,0.9001580728610985,0.933776118366683,0.9144837222170551,"[[1483.0,0.0,107.0,0.0,0.0],[0.0,493.0,0.0,2.0,0.0],[424.0,0.0,1725.0,0.0,0.0],[1.0,61.0,102.0,50850.0,56.0],[1.0,0.0,1.0,56.0,939.0]]"
inverse_test_group_size,42,student,student_A,F_KD_from_CL_MLP_ext,results/wsnds/evidence_completion_20260811/fgds_controlled_full_routes_10seed_v2/seed_42/student_A_F_KD_from_CL_MLP_ext_test_predictions.npz,60eadfb67d812cfeedba074b320c36ed9e66bda43ea03a6a602739a734cba897,7.748603820800781e-07,2e-06,54174,0,0,56301,54174.0,0.9879277882379001,0.8970152595867755,0.9405059196141448,0.9157184948992783,"[[950.9999999999999,0.0,64.00000000000006,0.0,0.0],[0.0,472.0,0.0,2.0,0.0],[316.0000000000002,0.0,1573.9999999999998,0.0,0.0],[1.0,61.0,98.0,49593.00000000006,54.0],[1.0,0.0,1.0,56.0,930.0]]"
pure_group_representative,42,student,student_A,F_KD_from_CL_MLP_ext,results/wsnds/evidence_completion_20260811/fgds_controlled_full_routes_10seed_v2/seed_42/student_A_F_KD_from_CL_MLP_ext_test_predictions.npz,60eadfb67d812cfeedba074b320c36ed9e66bda43ea03a6a602739a734cba897,7.748603820800781e-07,2e-06,54174,0,0,54174,54174.0,0.9879277882379001,0.8970152595867752,0.9405059196141448,0.915718494899278,"[[951.0,0.0,64.0,0.0,0.0],[0.0,472.0,0.0,2.0,0.0],[316.0,0.0,1574.0,0.0,0.0],[1.0,61.0,98.0,49593.0,54.0],[1.0,0.0,1.0,56.0,930.0]]"
row_level,42,student,student_A,G_KD_random_pacing,results/wsnds/evidence_completion_20260811/fgds_controlled_full_routes_10seed_v2/seed_42/student_A_G_KD_random_pacing_test_predictions.npz,50fddc81b186df60b6c33c928543805bec26f68168d9be54ebea6b7b5577c835,9.5367431640625e-07,2e-06,54174,0,0,56301,56301.0,0.9870517397559546,0.9085878751087971,0.9432055101366933,0.9225676307517174,"[[1545.0,0.0,45.0,0.0,0.0],[0.0,493.0,0.0,2.0,0.0],[411.0,0.0,1738.0,0.0,0.0],[0.0,65.0,96.0,50855.0,54.0],[0.0,0.0,0.0,56.0,941.0]]"
inverse_test_group_size,42,student,student_A,G_KD_random_pacing,results/wsnds/evidence_completion_20260811/fgds_controlled_full_routes_10seed_v2/seed_42/student_A_G_KD_random_pacing_test_predictions.npz,50fddc81b186df60b6c33c928543805bec26f68168d9be54ebea6b7b5577c835,9.5367431640625e-07,2e-06,54174,0,0,56301,54174.0,0.9886292317347806,0.9017653319071777,0.9468462009619769,0.9205417072860602,"[[981.0,0.0,34.0,0.0,0.0],[0.0,472.0,0.0,2.0,0.0],[316.0000000000001,0.0,1573.9999999999995,0.0,0.0],[0.0,64.0,92.0,49599.00000000006,52.0],[0.0,0.0,0.0,56.0,932.0]]"
pure_group_representative,42,student,student_A,G_KD_random_pacing,results/wsnds/evidence_completion_20260811/fgds_controlled_full_routes_10seed_v2/seed_42/student_A_G_KD_random_pacing_test_predictions.npz,50fddc81b186df60b6c33c928543805bec26f68168d9be54ebea6b7b5577c835,9.5367431640625e-07,2e-06,54174,0,0,54174,54174.0,0.9886292317347806,0.9017653319071772,0.946846200961977,0.92054170728606,"[[981.0,0.0,34.0,0.0,0.0],[0.0,472.0,0.0,2.0,0.0],[316.0,0.0,1574.0,0.0,0.0],[0.0,64.0,92.0,49599.0,52.0],[0.0,0.0,0.0,56.0,932.0]]"
row_level,42,student,student_A,I_KD_from_SMOTE_MLP,results/wsnds/evidence_completion_20260811/fgds_controlled_full_routes_10seed_v2/seed_42/student_A_I_KD_from_SMOTE_MLP_test_predictions.npz,eb0ac6ad573f39f0dce12ced4a46929d2a846b802a27687d2080ff255a891313,5.960464477539062e-07,2e-06,54174,0,0,56301,56301.0,0.9860748476936466,0.9017177044703255,0.9338899293157917,0.9160048951186475,"[[1456.0,0.0,134.0,0.0,0.0],[0.0,493.0,0.0,2.0,0.0],[384.0,0.0,1762.0,3.0,0.0],[0.0,60.0,78.0,50867.0,65.0],[1.0,0.0,1.0,56.0,939.0]]"
inverse_test_group_size,42,student,student_A,I_KD_from_SMOTE_MLP,results/wsnds/evidence_completion_20260811/fgds_controlled_full_routes_10seed_v2/seed_42/student_A_I_KD_from_SMOTE_MLP_test_predictions.npz,eb0ac6ad573f39f0dce12ced4a46929d2a846b802a27687d2080ff255a891313,5.960464477539062e-07,2e-06,54174,0,0,56301,54174.0,0.9883338871045151,0.8989645420429255,0.9397349202030151,0.9168986829657635,"[[935.9999999999998,0.0,79.0,0.0,0.0],[0.0,472.0,0.0,2.0,0.0],[294.0,0.0,1593.9999999999998,2.0,0.0],[0.0,60.0,74.0,49610.00000000006,63.0],[1.0,0.0,1.0,56.0,930.0]]"
pure_group_representative,42,student,student_A,I_KD_from_SMOTE_MLP,results/wsnds/evidence_completion_20260811/fgds_controlled_full_routes_10seed_v2/seed_42/student_A_I_KD_from_SMOTE_MLP_test_predictions.npz,eb0ac6ad573f39f0dce12ced4a46929d2a846b802a27687d2080ff255a891313,5.960464477539062e-07,2e-06,54174,0,0,54174,54174.0,0.9883338871045151,0.8989645420429252,0.9397349202030151,0.9168986829657634,"[[936.0,0.0,79.0,0.0,0.0],[0.0,472.0,0.0,2.0,0.0],[294.0,0.0,1594.0,2.0,0.0],[0.0,60.0,74.0,49610.0,63.0],[1.0,0.0,1.0,56.0,930.0]]"
row_level,42,student,student_A,J_CoDistill_RF_CL,results/wsnds/evidence_completion_20260811/fgds_controlled_full_routes_10seed_v2/seed_42/student_A_J_CoDistill_RF_CL_test_predictions.npz,fabf04648aa9b80f2757fb3c0fda1641b84b06b15d39f5e1de07859f268661b8,8.940696716308594e-07,2e-06,54174,0,0,56301,56301.0,0.9863767961492691,0.9062563356696224,0.9324834125768472,0.9175375306183167,"[[1448.0,0.0,142.0,0.0,0.0],[0.0,493.0,0.0,2.0,0.0],[393.0,0.0,1752.0,4.0,0.0],[0.0,60.0,76.0,50900.0,34.0],[0.0,0.0,0.0,56.0,941.0]]"
inverse_test_group_size,42,student,student_A,J_CoDistill_RF_CL,results/wsnds/evidence_completion_20260811/fgds_controlled_full_routes_10seed_v2/seed_42/student_A_J_CoDistill_RF_CL_test_predictions.npz,fabf04648aa9b80f2757fb3c0fda1641b84b06b15d39f5e1de07859f268661b8,8.940696716308594e-07,2e-06,54174,0,0,56301,54174.0,0.9883338871045151,0.9007081708590142,0.9359617578196943,0.9156981595068263,"[[925.9999999999995,0.0,89.0,0.0,0.0],[0.0,472.0,0.0,2.0,0.0],[314.99999999999983,0.0,1572.0,3.0,0.0],[0.0,60.0,73.0,49640.00000000006,34.0],[0.0,0.0,0.0,56.0,932.0]]"
pure_group_representative,42,student,student_A,J_CoDistill_RF_CL,results/wsnds/evidence_completion_20260811/fgds_controlled_full_routes_10seed_v2/seed_42/student_A_J_CoDistill_RF_CL_test_predictions.npz,fabf04648aa9b80f2757fb3c0fda1641b84b06b15d39f5e1de07859f268661b8,8.940696716308594e-07,2e-06,54174,0,0,54174,54174.0,0.9883338871045151,0.9007081708590139,0.9359617578196945,0.9156981595068261,"[[926.0,0.0,89.0,0.0,0.0],[0.0,472.0,0.0,2.0,0.0],[315.0,0.0,1572.0,3.0,0.0],[0.0,60.0,73.0,49640.0,34.0],[0.0,0.0,0.0,56.0,932.0]]"
row_level,42,student,student_B,D_Small_MLP,results/wsnds/confirmation_runs_v2/local_feature_group_10seed_20260811/feature_group_10seed/seed_42/student_B_Small_MLP_scratch_test_predictions.csv,5683d29faa91d8c748f71d9e37f9ebd9763123a7a1c8aa1c4a5265e36fe332d2,0.0,2e-06,54174,0,0,56301,56301.0,0.9884726736647662,0.9142187119805276,0.947784764635502,0.9292986132349995,"[[1501.0,0.0,89.0,0.0,0.0],[0.0,493.0,0.0,2.0,0.0],[303.0,0.0,1846.0,0.0,0.0],[1.0,71.0,76.0,50871.0,51.0],[0.0,0.0,0.0,56.0,941.0]]"
inverse_test_group_size,42,student,student_B,D_Small_MLP,results/wsnds/confirmation_runs_v2/local_feature_group_10seed_20260811/feature_group_10seed/seed_42/student_B_Small_MLP_scratch_test_predictions.csv,5683d29faa91d8c748f71d9e37f9ebd9763123a7a1c8aa1c4a5265e36fe332d2,0.0,2e-06,54174,0,0,56301,54174.0,0.9902905452800236,0.9120860049908341,0.9530991006651395,0.9305117622700159,"[[962.9999999999998,0.0,52.00000000000002,0.0,0.0],[0.0,472.0,0.0,2.0,0.0],[223.99999999999994,0.0,1665.9999999999993,0.0,0.0],[1.0,71.0,72.0,49615.00000000006,48.0],[0.0,0.0,0.0,56.0,932.0]]"
pure_group_representative,42,student,student_B,D_Small_MLP,results/wsnds/confirmation_runs_v2/local_feature_group_10seed_20260811/feature_group_10seed/seed_42/student_B_Small_MLP_scratch_test_predictions.csv,5683d29faa91d8c748f71d9e37f9ebd9763123a7a1c8aa1c4a5265e36fe332d2,0.0,2e-06,54174,0,0,54174,54174.0,0.9902905452800236,0.9120860049908339,0.9530991006651396,0.9305117622700158,"[[963.0,0.0,52.0,0.0,0.0],[0.0,472.0,0.0,2.0,0.0],[224.0,0.0,1666.0,0.0,0.0],[1.0,71.0,72.0,49615.0,48.0],[0.0,0.0,0.0,56.0,932.0]]"
row_level,42,student,student_B,E_KD_from_RF,results/wsnds/confirmation_runs_v2/local_feature_group_10seed_20260811/feature_group_10seed/seed_42/student_B_KD_from_RF_test_predictions.csv,a038824ce129b848595d4d55322db365d34b6a7fb5574fde612895fcb0173329,0.0,2e-06,54174,0,0,56301,56301.0,0.987229356494556,0.912564432675422,0.9327833165312489,0.9214806336793948,"[[1416.0,0.0,174.0,0.0,0.0],[0.0,493.0,0.0,2.0,0.0],[341.0,0.0,1797.0,11.0,0.0],[0.0,59.0,55.0,50935.0,21.0],[0.0,0.0,0.0,56.0,941.0]]"
inverse_test_group_size,42,student,student_B,E_KD_from_RF,results/wsnds/confirmation_runs_v2/local_feature_group_10seed_20260811/feature_group_10seed/seed_42/student_B_KD_from_RF_test_predictions.csv,a038824ce129b848595d4d55322db365d34b6a7fb5574fde612895fcb0173329,0.0,2e-06,54174,0,0,56301,54174.0,0.9893491342710525,0.9093034631466497,0.9373064601385709,0.921290726226542,"[[916.0000000000001,0.0,98.99999999999997,0.0,0.0],[0.0,472.0,0.0,2.0,0.0],[277.99999999999994,0.0,1601.9999999999998,10.0,0.0],[0.0,59.0,52.0,49675.00000000006,21.0],[0.0,0.0,0.0,56.0,932.0]]"
pure_group_representative,42,student,student_B,E_KD_from_RF,results/wsnds/confirmation_runs_v2/local_feature_group_10seed_20260811/feature_group_10seed/seed_42/student_B_KD_from_RF_test_predictions.csv,a038824ce129b848595d4d55322db365d34b6a7fb5574fde612895fcb0173329,0.0,2e-06,54174,0,0,54174,54174.0,0.9893491342710525,0.9093034631466492,0.9373064601385709,0.9212907262265417,"[[916.0,0.0,99.0,0.0,0.0],[0.0,472.0,0.0,2.0,0.0],[278.0,0.0,1602.0,10.0,0.0],[0.0,59.0,52.0,49675.0,21.0],[0.0,0.0,0.0,56.0,932.0]]"
row_level,42,student,student_B,E2_KD_from_MLP,results/wsnds/evidence_completion_20260811/fgds_controlled_full_routes_10seed_v2/seed_42/student_B_E2_KD_from_MLP_test_predictions.npz,88f9541812ab8e6c08502d2c53d2e048d3f93340958a4e58d22d5146d74fd423,0.0,2e-06,54174,0,0,56301,56301.0,0.9862879877799684,0.9037746928411157,0.9362000725468128,0.9179290773489953,"[[1475.0,0.0,115.0,0.0,0.0],[0.0,493.0,0.0,2.0,0.0],[391.0,0.0,1757.0,1.0,0.0],[0.0,62.0,92.0,50863.0,53.0],[0.0,0.0,0.0,56.0,941.0]]"
inverse_test_group_size,42,student,student_B,E2_KD_from_MLP,results/wsnds/evidence_completion_20260811/fgds_controlled_full_routes_10seed_v2/seed_42/student_B_E2_KD_from_MLP_test_predictions.npz,88f9541812ab8e6c08502d2c53d2e048d3f93340958a4e58d22d5146d74fd423,0.0,2e-06,54174,0,0,56301,54174.0,0.9885369365378226,0.9010822127403619,0.9423203959413515,0.9191621750089013,"[[944.9999999999997,0.0,70.00000000000001,0.0,0.0],[0.0,472.0,0.0,2.0,0.0],[291.0000000000001,0.0,1597.9999999999993,1.0,0.0],[0.0,62.0,88.0,49606.00000000006,51.0],[0.0,0.0,0.0,56.0,932.0]]"
pure_group_representative,42,student,student_B,E2_KD_from_MLP,results/wsnds/evidence_completion_20260811/fgds_controlled_full_routes_10seed_v2/seed_42/student_B_E2_KD_from_MLP_test_predictions.npz,88f9541812ab8e6c08502d2c53d2e048d3f93340958a4e58d22d5146d74fd423,0.0,2e-06,54174,0,0,54174,54174.0,0.9885369365378226,0.9010822127403617,0.9423203959413515,0.919162175008901,"[[945.0,0.0,70.0,0.0,0.0],[0.0,472.0,0.0,2.0,0.0],[291.0,0.0,1598.0,1.0,0.0],[0.0,62.0,88.0,49606.0,51.0],[0.0,0.0,0.0,56.0,932.0]]"
row_level,42,student,student_B,F_KD_from_CL_MLP_fair,results/wsnds/evidence_completion_20260811/fgds_controlled_full_routes_10seed_v2/seed_42/student_B_F_KD_from_CL_MLP_fair_test_predictions.npz,bdf674f85a985490aae3d93d1fc441b6da6d3b9dd0cb0234d12f9789bee3f82b,0.0,2e-06,54174,0,0,56301,56301.0,0.9856840908687234,0.901638334563053,0.9345936610705593,0.9146174424788155,"[[1515.0,0.0,75.0,0.0,0.0],[0.0,493.0,0.0,2.0,0.0],[461.0,0.0,1688.0,0.0,0.0],[0.0,61.0,95.0,50859.0,55.0],[0.0,0.0,1.0,56.0,940.0]]"
inverse_test_group_size,42,student,student_B,F_KD_from_CL_MLP_fair,results/wsnds/evidence_completion_20260811/fgds_controlled_full_routes_10seed_v2/seed_42/student_B_F_KD_from_CL_MLP_fair_test_predictions.npz,bdf674f85a985490aae3d93d1fc441b6da6d3b9dd0cb0234d12f9789bee3f82b,0.0,2e-06,54174,0,0,56301,54174.0,0.9874847712925019,0.8944969278082121,0.9389710892476278,0.9121190701845643,"[[970.9999999999994,0.0,44.00000000000001,0.0,0.0],[0.0,472.0,0.0,2.0,0.0],[369.9999999999998,0.0,1519.9999999999998,0.0,0.0],[0.0,61.0,91.0,49602.00000000006,53.0],[0.0,0.0,1.0,56.0,931.0]]"
pure_group_representative,42,student,student_B,F_KD_from_CL_MLP_fair,results/wsnds/evidence_completion_20260811/fgds_controlled_full_routes_10seed_v2/seed_42/student_B_F_KD_from_CL_MLP_fair_test_predictions.npz,bdf674f85a985490aae3d93d1fc441b6da6d3b9dd0cb0234d12f9789bee3f82b,0.0,2e-06,54174,0,0,54174,54174.0,0.9874847712925019,0.8944969278082118,0.9389710892476281,0.9121190701845642,"[[971.0,0.0,44.0,0.0,0.0],[0.0,472.0,0.0,2.0,0.0],[370.0,0.0,1520.0,0.0,0.0],[0.0,61.0,91.0,49602.0,53.0],[0.0,0.0,1.0,56.0,931.0]]"
row_level,42,student,student_B,F_KD_from_CL_MLP_ext,results/wsnds/evidence_completion_20260811/fgds_controlled_full_routes_10seed_v2/seed_42/student_B_F_KD_from_CL_MLP_ext_test_predictions.npz,fcb47d03ecd7c3c0d598f6c47012f48ba5604f6265ee8499d580d81e052f0d37,0.0,2e-06,54174,0,0,56301,56301.0,0.9872115948206959,0.9090135361415413,0.9422521704953933,0.923686058582722,"[[1499.0,0.0,91.0,0.0,0.0],[0.0,493.0,0.0,2.0,0.0],[357.0,0.0,1792.0,0.0,0.0],[0.0,62.0,97.0,50857.0,54.0],[0.0,0.0,1.0,56.0,940.0]]"
inverse_test_group_size,42,student,student_B,F_KD_from_CL_MLP_ext,results/wsnds/evidence_completion_20260811/fgds_controlled_full_routes_10seed_v2/seed_42/student_B_F_KD_from_CL_MLP_ext_test_predictions.npz,fcb47d03ecd7c3c0d598f6c47012f48ba5604f6265ee8499d580d81e052f0d37,0.0,2e-06,54174,0,0,56301,54174.0,0.9888138221286964,0.9031420197629505,0.9448780372663966,0.9216612619171091,"[[949.9999999999998,0.0,65.00000000000004,0.0,0.0],[0.0,472.0,0.0,2.0,0.0],[275.0,0.0,1614.9999999999995,0.0,0.0],[0.0,62.0,93.0,49600.00000000006,52.0],[0.0,0.0,1.0,56.0,931.0]]"
pure_group_representative,42,student,student_B,F_KD_from_CL_MLP_ext,results/wsnds/evidence_completion_20260811/fgds_controlled_full_routes_10seed_v2/seed_42/student_B_F_KD_from_CL_MLP_ext_test_predictions.npz,fcb47d03ecd7c3c0d598f6c47012f48ba5604f6265ee8499d580d81e052f0d37,0.0,2e-06,54174,0,0,54174,54174.0,0.9888138221286964,0.90314201976295,0.9448780372663966,0.921661261917109,"[[950.0,0.0,65.0,0.0,0.0],[0.0,472.0,0.0,2.0,0.0],[275.0,0.0,1615.0,0.0,0.0],[0.0,62.0,93.0,49600.0,52.0],[0.0,0.0,1.0,56.0,931.0]]"
row_level,42,student,student_B,G_KD_random_pacing,results/wsnds/evidence_completion_20260811/fgds_controlled_full_routes_10seed_v2/seed_42/student_B_G_KD_random_pacing_test_predictions.npz,1667cfd743f5ac11b29ec01c95e7afc7224017401608c455782ea10539542d1c,0.0,2e-06,54174,0,0,56301,56301.0,0.9862879877799684,0.9030217315127673,0.9359653411204031,0.9172896925937917,"[[1476.0,0.0,114.0,0.0,0.0],[0.0,493.0,0.0,2.0,0.0],[396.0,0.0,1753.0,0.0,0.0],[0.0,65.0,86.0,50866.0,53.0],[0.0,0.0,0.0,56.0,941.0]]"
inverse_test_group_size,42,student,student_B,G_KD_random_pacing,results/wsnds/evidence_completion_20260811/fgds_controlled_full_routes_10seed_v2/seed_42/student_B_G_KD_random_pacing_test_predictions.npz,1667cfd743f5ac11b29ec01c95e7afc7224017401608c455782ea10539542d1c,0.0,2e-06,54174,0,0,56301,54174.0,0.9884077232620815,0.8994464877395443,0.9409899883183371,0.9174889373974423,"[[942.9999999999998,0.0,72.00000000000003,0.0,0.0],[0.0,472.0,0.0,2.0,0.0],[301.00000000000017,0.0,1588.9999999999993,0.0,0.0],[0.0,64.0,82.0,49610.00000000006,51.0],[0.0,0.0,0.0,56.0,932.0]]"
pure_group_representative,42,student,student_B,G_KD_random_pacing,results/wsnds/evidence_completion_20260811/fgds_controlled_full_routes_10seed_v2/seed_42/student_B_G_KD_random_pacing_test_predictions.npz,1667cfd743f5ac11b29ec01c95e7afc7224017401608c455782ea10539542d1c,0.0,2e-06,54174,0,0,54174,54174.0,0.9884077232620815,0.899446487739544,0.9409899883183372,0.9174889373974422,"[[943.0,0.0,72.0,0.0,0.0],[0.0,472.0,0.0,2.0,0.0],[301.0,0.0,1589.0,0.0,0.0],[0.0,64.0,82.0,49610.0,51.0],[0.0,0.0,0.0,56.0,932.0]]"
row_level,42,student,student_B,I_KD_from_SMOTE_MLP,results/wsnds/evidence_completion_20260811/fgds_controlled_full_routes_10seed_v2/seed_42/student_B_I_KD_from_SMOTE_MLP_test_predictions.npz,c0cd4ac2ac0fc1c916a0d8aca3854a84b008b57b6148079ef174e962db2e322e,0.0,2e-06,54174,0,0,56301,56301.0,0.9873536882115771,0.909594654770706,0.9387768065222561,0.923523130393564,"[[1400.0,0.0,190.0,0.0,0.0],[0.0,493.0,0.0,2.0,0.0],[261.0,0.0,1888.0,0.0,0.0],[0.0,60.0,84.0,50868.0,58.0],[0.0,0.0,1.0,56.0,940.0]]"
inverse_test_group_size,42,student,student_B,I_KD_from_SMOTE_MLP,results/wsnds/evidence_completion_20260811/fgds_controlled_full_routes_10seed_v2/seed_42/student_B_I_KD_from_SMOTE_MLP_test_predictions.npz,c0cd4ac2ac0fc1c916a0d8aca3854a84b008b57b6148079ef174e962db2e322e,0.0,2e-06,54174,0,0,56301,54174.0,0.9893675933104441,0.9077364933686072,0.9427470556107949,0.9242658346299848,"[[903.0,0.0,111.99999999999997,0.0,0.0],[0.0,472.0,0.0,2.0,0.0],[207.99999999999991,0.0,1681.9999999999998,0.0,0.0],[0.0,60.0,81.0,49610.00000000006,56.0],[0.0,0.0,1.0,56.0,931.0]]"
pure_group_representative,42,student,student_B,I_KD_from_SMOTE_MLP,results/wsnds/evidence_completion_20260811/fgds_controlled_full_routes_10seed_v2/seed_42/student_B_I_KD_from_SMOTE_MLP_test_predictions.npz,c0cd4ac2ac0fc1c916a0d8aca3854a84b008b57b6148079ef174e962db2e322e,0.0,2e-06,54174,0,0,54174,54174.0,0.9893675933104441,0.9077364933686072,0.9427470556107949,0.9242658346299845,"[[903.0,0.0,112.0,0.0,0.0],[0.0,472.0,0.0,2.0,0.0],[208.0,0.0,1682.0,0.0,0.0],[0.0,60.0,81.0,49610.0,56.0],[0.0,0.0,1.0,56.0,931.0]]"
row_level,42,student,student_B,J_CoDistill_RF_CL,results/wsnds/evidence_completion_20260811/fgds_controlled_full_routes_10seed_v2/seed_42/student_B_J_CoDistill_RF_CL_test_predictions.npz,b4197306c0230b9787132b5f7e8f5f6eccbc209bf88b5e326ebc2608042e2a7d,0.0,2e-06,54174,0,0,56301,56301.0,0.987602351645619,0.9141092425896022,0.9356382259302798,0.9238105329292277,"[[1419.0,0.0,171.0,0.0,0.0],[0.0,493.0,0.0,2.0,0.0],[319.0,0.0,1824.0,6.0,0.0],[1.0,60.0,61.0,50926.0,22.0],[0.0,0.0,0.0,56.0,941.0]]"
inverse_test_group_size,42,student,student_B,J_CoDistill_RF_CL,results/wsnds/evidence_completion_20260811/fgds_controlled_full_routes_10seed_v2/seed_42/student_B_J_CoDistill_RF_CL_test_predictions.npz,b4197306c0230b9787132b5f7e8f5f6eccbc209bf88b5e326ebc2608042e2a7d,0.0,2e-06,54174,0,0,56301,54174.0,0.9896813969801012,0.9111776225629733,0.9401274634972496,0.9239478541562267,"[[916.0,0.0,98.99999999999999,0.0,0.0],[0.0,472.0,0.0,2.0,0.0],[255.99999999999991,0.0,1628.9999999999998,5.0,0.0],[1.0,60.0,58.0,49666.00000000006,22.0],[0.0,0.0,0.0,56.0,932.0]]"
pure_group_representative,42,student,student_B,J_CoDistill_RF_CL,results/wsnds/evidence_completion_20260811/fgds_controlled_full_routes_10seed_v2/seed_42/student_B_J_CoDistill_RF_CL_test_predictions.npz,b4197306c0230b9787132b5f7e8f5f6eccbc209bf88b5e326ebc2608042e2a7d,0.0,2e-06,54174,0,0,54174,54174.0,0.9896813969801012,0.9111776225629729,0.9401274634972496,0.9239478541562265,"[[916.0,0.0,99.0,0.0,0.0],[0.0,472.0,0.0,2.0,0.0],[256.0,0.0,1629.0,5.0,0.0],[1.0,60.0,58.0,49666.0,22.0],[0.0,0.0,0.0,56.0,932.0]]"
row_level,123,teacher,,A_RF_500_uncalibrated,results/wsnds/evidence_completion_20260811/fgds_controlled_full_routes_10seed_v2/seed_123/teacher_A_RF_500_uncalibrated_test_predictions.npz,4d36918fe562edcde511b7883d4f45850962d9200b142c08c9ef9146028041db,0.0,2e-06,54174,0,0,56301,56301.0,0.9968739454006146,0.9784829892479706,0.9824108550404045,0.9800212163415367,"[[1585.0,0.0,5.0,0.0,0.0],[0.0,493.0,0.0,2.0,0.0],[25.0,0.0,2101.0,23.0,0.0],[0.0,40.0,21.0,51006.0,3.0],[0.0,0.0,0.0,57.0,940.0]]"
inverse_test_group_size,123,teacher,,A_RF_500_uncalibrated,results/wsnds/evidence_completion_20260811/fgds_controlled_full_routes_10seed_v2/seed_123/teacher_A_RF_500_uncalibrated_test_predictions.npz,4d36918fe562edcde511b7883d4f45850962d9200b142c08c9ef9146028041db,0.0,2e-06,54174,0,0,56301,54174.0,0.9969173404216045,0.9771391411002261,0.9822484588140596,0.9792455514765063,"[[1009.9999999999998,0.0,5.0,0.0,0.0],[0.0,472.0,0.0,2.0,0.0],[17.999999999999996,0.0,1851.0,21.0,0.0],[0.0,40.0,21.0,49743.00000000006,3.0],[0.0,0.0,0.0,57.0,931.0]]"
pure_group_representative,123,teacher,,A_RF_500_uncalibrated,results/wsnds/evidence_completion_20260811/fgds_controlled_full_routes_10seed_v2/seed_123/teacher_A_RF_500_uncalibrated_test_predictions.npz,4d36918fe562edcde511b7883d4f45850962d9200b142c08c9ef9146028041db,0.0,2e-06,54174,0,0,54174,54174.0,0.9969173404216045,0.9771391411002261,0.9822484588140596,0.9792455514765063,"[[1010.0,0.0,5.0,0.0,0.0],[0.0,472.0,0.0,2.0,0.0],[18.0,0.0,1851.0,21.0,0.0],[0.0,40.0,21.0,49743.0,3.0],[0.0,0.0,0.0,57.0,931.0]]"
row_level,123,teacher,,A_calibrated_RF_KD_teacher,results/wsnds/confirmation_runs_v2/local_feature_group_10seed_20260811/feature_group_10seed/seed_123/RF_teacher_test_predictions.csv,a7f34cfc18293affbffa469403e4f689c138aefc8aa52fede06ce71c64b01327,0.0,2e-06,54174,0,0,56301,56301.0,0.9967673753574536,0.9780032373144198,0.9818634760582476,0.979514651725023,"[[1575.0,0.0,15.0,0.0,0.0],[0.0,493.0,0.0,2.0,0.0],[17.0,0.0,2111.0,21.0,0.0],[0.0,40.0,26.0,51001.0,3.0],[0.0,0.0,1.0,57.0,939.0]]"
inverse_test_group_size,123,teacher,,A_calibrated_RF_KD_teacher,results/wsnds/confirmation_runs_v2/local_feature_group_10seed_20260811/feature_group_10seed/seed_123/RF_teacher_test_predictions.csv,a7f34cfc18293affbffa469403e4f689c138aefc8aa52fede06ce71c64b01327,0.0,2e-06,54174,0,0,56301,54174.0,0.9967881271458633,0.9766422213086923,0.981190338226053,0.9784717040137039,"[[1001.9999999999999,0.0,13.0,0.0,0.0],[0.0,472.0,0.0,2.0,0.0],[12.999999999999996,0.0,1857.9999999999998,19.0,0.0],[0.0,40.0,26.0,49738.00000000006,3.0],[0.0,0.0,1.0,57.0,930.0]]"
pure_group_representative,123,teacher,,A_calibrated_RF_KD_teacher,results/wsnds/confirmation_runs_v2/local_feature_group_10seed_20260811/feature_group_10seed/seed_123/RF_teacher_test_predictions.csv,a7f34cfc18293affbffa469403e4f689c138aefc8aa52fede06ce71c64b01327,0.0,2e-06,54174,0,0,54174,54174.0,0.9967881271458633,0.9766422213086923,0.981190338226053,0.9784717040137039,"[[1002.0,0.0,13.0,0.0,0.0],[0.0,472.0,0.0,2.0,0.0],[13.0,0.0,1858.0,19.0,0.0],[0.0,40.0,26.0,49738.0,3.0],[0.0,0.0,1.0,57.0,930.0]]"
row_level,123,teacher,,B_Full_MLP,results/wsnds/evidence_completion_20260811/fgds_controlled_full_routes_10seed_v2/seed_123/teacher_B_Full_MLP_test_predictions.npz,65cd040bc7f0451d639778fac2356fc412b6cc7885550904be54190ad36bd943,2.2351741790771484e-07,2e-06,54174,0,0,56301,56301.0,0.9868385996696328,0.9074578024671339,0.9411515805995686,0.9203650549751139,"[[1545.0,0.0,45.0,0.0,0.0],[0.0,494.0,0.0,1.0,0.0],[437.0,0.0,1711.0,1.0,0.0],[1.0,69.0,83.0,50869.0,48.0],[0.0,0.0,0.0,56.0,941.0]]"
inverse_test_group_size,123,teacher,,B_Full_MLP,results/wsnds/evidence_completion_20260811/fgds_controlled_full_routes_10seed_v2/seed_123/teacher_B_Full_MLP_test_predictions.npz,65cd040bc7f0451d639778fac2356fc412b6cc7885550904be54190ad36bd943,2.2351741790771484e-07,2e-06,54174,0,0,56301,54174.0,0.9886292317347806,0.9012468147161522,0.945737057300556,0.9192202189382603,"[[980.9999999999999,0.0,34.00000000000002,0.0,0.0],[0.0,473.0,0.0,1.0,0.0],[330.00000000000017,0.0,1558.9999999999993,1.0,0.0],[1.0,68.0,79.0,49613.00000000006,46.0],[0.0,0.0,0.0,56.0,932.0]]"
pure_group_representative,123,teacher,,B_Full_MLP,results/wsnds/evidence_completion_20260811/fgds_controlled_full_routes_10seed_v2/seed_123/teacher_B_Full_MLP_test_predictions.npz,65cd040bc7f0451d639778fac2356fc412b6cc7885550904be54190ad36bd943,2.2351741790771484e-07,2e-06,54174,0,0,54174,54174.0,0.9886292317347806,0.9012468147161519,0.9457370573005562,0.9192202189382602,"[[981.0,0.0,34.0,0.0,0.0],[0.0,473.0,0.0,1.0,0.0],[330.0,0.0,1559.0,1.0,0.0],[1.0,68.0,79.0,49613.0,46.0],[0.0,0.0,0.0,56.0,932.0]]"
row_level,123,teacher,,C_CL_MLP_loss_fair,results/wsnds/evidence_completion_20260811/fgds_controlled_full_routes_10seed_v2/seed_123/teacher_C_CL_MLP_loss_fair_test_predictions.npz,6cf2780aeb7bf8861685ece2443bf04c7cc492f191e9b248c545d347a57fbdc2,2.384185791015625e-07,2e-06,54174,0,0,56301,56301.0,0.9861103710413669,0.9036452832363615,0.9366583337942002,0.9170251114028218,"[[1512.0,0.0,78.0,0.0,0.0],[0.0,493.0,0.0,2.0,0.0],[436.0,0.0,1712.0,1.0,0.0],[0.0,62.0,93.0,50861.0,54.0],[0.0,0.0,0.0,56.0,941.0]]"
inverse_test_group_size,123,teacher,,C_CL_MLP_loss_fair,results/wsnds/evidence_completion_20260811/fgds_controlled_full_routes_10seed_v2/seed_123/teacher_C_CL_MLP_loss_fair_test_predictions.npz,6cf2780aeb7bf8861685ece2443bf04c7cc492f191e9b248c545d347a57fbdc2,2.384185791015625e-07,2e-06,54174,0,0,56301,54174.0,0.9880570015136412,0.8979658698029128,0.9414147185268049,0.9160180114247835,"[[962.9999999999998,0.0,52.000000000000036,0.0,0.0],[0.0,472.0,0.0,2.0,0.0],[333.0000000000001,0.0,1555.999999999999,1.0,0.0],[0.0,62.0,89.0,49604.00000000006,52.0],[0.0,0.0,0.0,56.0,932.0]]"
pure_group_representative,123,teacher,,C_CL_MLP_loss_fair,results/wsnds/evidence_completion_20260811/fgds_controlled_full_routes_10seed_v2/seed_123/teacher_C_CL_MLP_loss_fair_test_predictions.npz,6cf2780aeb7bf8861685ece2443bf04c7cc492f191e9b248c545d347a57fbdc2,2.384185791015625e-07,2e-06,54174,0,0,54174,54174.0,0.9880570015136412,0.8979658698029127,0.9414147185268051,0.9160180114247833,"[[963.0,0.0,52.0,0.0,0.0],[0.0,472.0,0.0,2.0,0.0],[333.0,0.0,1556.0,1.0,0.0],[0.0,62.0,89.0,49604.0,52.0],[0.0,0.0,0.0,56.0,932.0]]"
row_level,123,teacher,,C_CL_MLP_loss_ext,results/wsnds/evidence_completion_20260811/fgds_controlled_full_routes_10seed_v2/seed_123/teacher_C_CL_MLP_loss_ext_test_predictions.npz,f83ad0f4f9f5bb339b16e5203ff1c7666f982fee1226abe09c9b8f985203e543,2.086162567138672e-07,2e-06,54174,0,0,56301,56301.0,0.9869629313866539,0.9067608101871387,0.9388090636187381,0.9211525003497517,"[[1463.0,0.0,127.0,0.0,0.0],[0.0,493.0,0.0,2.0,0.0],[348.0,0.0,1801.0,0.0,0.0],[1.0,67.0,87.0,50869.0,46.0],[0.0,0.0,0.0,56.0,941.0]]"
inverse_test_group_size,123,teacher,,C_CL_MLP_loss_ext,results/wsnds/evidence_completion_20260811/fgds_controlled_full_routes_10seed_v2/seed_123/teacher_C_CL_MLP_loss_ext_test_predictions.npz,f83ad0f4f9f5bb339b16e5203ff1c7666f982fee1226abe09c9b8f985203e543,2.086162567138672e-07,2e-06,54174,0,0,56301,54174.0,0.988832281168088,0.9025864209615675,0.9428447642467617,0.9203541519066682,"[[940.0000000000001,0.0,75.0,0.0,0.0],[0.0,472.0,0.0,2.0,0.0],[278.0,0.0,1611.9999999999995,0.0,0.0],[1.0,66.0,83.0,49613.00000000006,44.0],[0.0,0.0,0.0,56.0,932.0]]"
pure_group_representative,123,teacher,,C_CL_MLP_loss_ext,results/wsnds/evidence_completion_20260811/fgds_controlled_full_routes_10seed_v2/seed_123/teacher_C_CL_MLP_loss_ext_test_predictions.npz,f83ad0f4f9f5bb339b16e5203ff1c7666f982fee1226abe09c9b8f985203e543,2.086162567138672e-07,2e-06,54174,0,0,54174,54174.0,0.988832281168088,0.9025864209615673,0.9428447642467616,0.920354151906668,"[[940.0,0.0,75.0,0.0,0.0],[0.0,472.0,0.0,2.0,0.0],[278.0,0.0,1612.0,0.0,0.0],[1.0,66.0,83.0,49613.0,44.0],[0.0,0.0,0.0,56.0,932.0]]"
row_level,123,teacher,,C2_CL_MLP_domain,results/wsnds/evidence_completion_20260811/fgds_controlled_full_routes_10seed_v2/seed_123/teacher_C2_CL_MLP_domain_test_predictions.npz,67fffc665d94ace67ec24c589d1dfff8d6e82dda61f0adc9322a3c5373b65f2b,1.7881393432617188e-07,2e-06,54174,0,0,56301,56301.0,0.9865188895401502,0.904045453395747,0.9365796241290975,0.9190810383966118,"[[1436.0,0.0,154.0,0.0,0.0],[0.0,493.0,0.0,2.0,0.0],[335.0,0.0,1814.0,0.0,0.0],[1.0,64.0,93.0,50858.0,54.0],[0.0,0.0,0.0,56.0,941.0]]"
inverse_test_group_size,123,teacher,,C2_CL_MLP_domain,results/wsnds/evidence_completion_20260811/fgds_controlled_full_routes_10seed_v2/seed_123/teacher_C2_CL_MLP_domain_test_predictions.npz,67fffc665d94ace67ec24c589d1dfff8d6e82dda61f0adc9322a3c5373b65f2b,1.7881393432617188e-07,2e-06,54174,0,0,56301,54174.0,0.988518477498431,0.9005642937137944,0.9409797581346998,0.9188052725667568,"[[926.9999999999998,0.0,87.99999999999999,0.0,0.0],[0.0,472.0,0.0,2.0,0.0],[271.0,0.0,1619.0,0.0,0.0],[1.0,63.0,89.0,49602.00000000006,52.0],[0.0,0.0,0.0,56.0,932.0]]"
pure_group_representative,123,teacher,,C2_CL_MLP_domain,results/wsnds/evidence_completion_20260811/fgds_controlled_full_routes_10seed_v2/seed_123/teacher_C2_CL_MLP_domain_test_predictions.npz,67fffc665d94ace67ec24c589d1dfff8d6e82dda61f0adc9322a3c5373b65f2b,1.7881393432617188e-07,2e-06,54174,0,0,54174,54174.0,0.988518477498431,0.9005642937137942,0.9409797581346998,0.9188052725667566,"[[927.0,0.0,88.0,0.0,0.0],[0.0,472.0,0.0,2.0,0.0],[271.0,0.0,1619.0,0.0,0.0],[1.0,63.0,89.0,49602.0,52.0],[0.0,0.0,0.0,56.0,932.0]]"
row_level,123,teacher,,G_random_pacing_teacher,results/wsnds/evidence_completion_20260811/fgds_controlled_full_routes_10seed_v2/seed_123/teacher_G_random_pacing_teacher_test_predictions.npz,2434f4b9e6d4e38c02d9cea54ce27d810502b3c2a3465f392b4b257b32c229bb,2.682209014892578e-07,2e-06,54174,0,0,56301,56301.0,0.9857196142164437,0.9012389280837156,0.9349527686604416,0.914463415695384,"[[1517.0,0.0,72.0,0.0,1.0],[0.0,493.0,0.0,2.0,0.0],[462.0,0.0,1687.0,0.0,0.0],[0.0,64.0,93.0,50859.0,54.0],[0.0,0.0,0.0,56.0,941.0]]"
inverse_test_group_size,123,teacher,,G_random_pacing_teacher,results/wsnds/evidence_completion_20260811/fgds_controlled_full_routes_10seed_v2/seed_123/teacher_G_random_pacing_teacher_test_predictions.npz,2434f4b9e6d4e38c02d9cea54ce27d810502b3c2a3465f392b4b257b32c229bb,2.682209014892578e-07,2e-06,54174,0,0,56301,54174.0,0.9878539520803338,0.8964029427798064,0.9409910715728615,0.9144601365394978,"[[969.9999999999999,0.0,44.00000000000002,0.0,1.0],[0.0,472.0,0.0,2.0,0.0],[351.0000000000001,0.0,1538.9999999999993,0.0,0.0],[0.0,63.0,89.0,49603.00000000006,52.0],[0.0,0.0,0.0,56.0,932.0]]"
pure_group_representative,123,teacher,,G_random_pacing_teacher,results/wsnds/evidence_completion_20260811/fgds_controlled_full_routes_10seed_v2/seed_123/teacher_G_random_pacing_teacher_test_predictions.npz,2434f4b9e6d4e38c02d9cea54ce27d810502b3c2a3465f392b4b257b32c229bb,2.682209014892578e-07,2e-06,54174,0,0,54174,54174.0,0.9878539520803338,0.8964029427798061,0.9409910715728615,0.9144601365394978,"[[970.0,0.0,44.0,0.0,1.0],[0.0,472.0,0.0,2.0,0.0],[351.0,0.0,1539.0,0.0,0.0],[0.0,63.0,89.0,49603.0,52.0],[0.0,0.0,0.0,56.0,932.0]]"
row_level,123,teacher,,I_SMOTE_MLP_teacher,results/wsnds/evidence_completion_20260811/fgds_controlled_full_routes_10seed_v2/seed_123/teacher_I_SMOTE_MLP_teacher_test_predictions.npz,df254a29eac43f38facd6f04572c7aadecc98e334a493bec1b0794d11b1b5285,2.980232238769531e-07,2e-06,54174,0,0,56301,56301.0,0.990675121223424,0.9285870137191642,0.9594966877455772,0.943411945971411,"[[1479.0,0.0,111.0,0.0,0.0],[0.0,493.0,0.0,2.0,0.0],[146.0,0.0,2002.0,1.0,0.0],[1.0,60.0,75.0,50861.0,73.0],[0.0,0.0,0.0,56.0,941.0]]"
inverse_test_group_size,123,teacher,,I_SMOTE_MLP_teacher,results/wsnds/evidence_completion_20260811/fgds_controlled_full_routes_10seed_v2/seed_123/teacher_I_SMOTE_MLP_teacher_test_predictions.npz,df254a29eac43f38facd6f04572c7aadecc98e334a493bec1b0794d11b1b5285,2.980232238769531e-07,2e-06,54174,0,0,56301,54174.0,0.9919703178646583,0.9287212309773641,0.9619222917715714,0.9446242349125598,"[[943.0000000000002,0.0,71.99999999999997,0.0,0.0],[0.0,472.0,0.0,2.0,0.0],[101.99999999999999,0.0,1786.9999999999995,1.0,0.0],[1.0,60.0,71.0,49605.00000000006,70.0],[0.0,0.0,0.0,56.0,932.0]]"
pure_group_representative,123,teacher,,I_SMOTE_MLP_teacher,results/wsnds/evidence_completion_20260811/fgds_controlled_full_routes_10seed_v2/seed_123/teacher_I_SMOTE_MLP_teacher_test_predictions.npz,df254a29eac43f38facd6f04572c7aadecc98e334a493bec1b0794d11b1b5285,2.980232238769531e-07,2e-06,54174,0,0,54174,54174.0,0.9919703178646583,0.9287212309773636,0.9619222917715714,0.9446242349125594,"[[943.0,0.0,72.0,0.0,0.0],[0.0,472.0,0.0,2.0,0.0],[102.0,0.0,1787.0,1.0,0.0],[1.0,60.0,71.0,49605.0,70.0],[0.0,0.0,0.0,56.0,932.0]]"
row_level,123,student,student_A,D_Small_MLP,results/wsnds/confirmation_runs_v2/local_feature_group_10seed_20260811/feature_group_10seed/seed_123/student_A_Small_MLP_scratch_test_predictions.csv,035512e5b72a72ccb727003652cf5d2cc2b8328c1c78e757680111df7c6fd3cf,5.200000000038507e-07,2e-06,54174,0,0,56301,56301.0,0.9852045256744996,0.8947080488346787,0.9366098830848355,0.9127184098496748,"[[1503.0,0.0,86.0,0.0,1.0],[0.0,493.0,0.0,2.0,0.0],[420.0,0.0,1726.0,3.0,0.0],[0.0,78.0,128.0,50805.0,59.0],[0.0,0.0,0.0,56.0,941.0]]"
inverse_test_group_size,123,student,student_A,D_Small_MLP,results/wsnds/confirmation_runs_v2/local_feature_group_10seed_20260811/feature_group_10seed/seed_123/student_A_Small_MLP_scratch_test_predictions.csv,035512e5b72a72ccb727003652cf5d2cc2b8328c1c78e757680111df7c6fd3cf,5.200000000038507e-07,2e-06,54174,0,0,56301,54174.0,0.9873555580167608,0.8910065973431041,0.942606750164841,0.9133840501216884,"[[960.9999999999999,0.0,53.00000000000004,0.0,1.0],[0.0,472.0,0.0,2.0,0.0],[314.00000000000017,0.0,1572.9999999999993,3.0,0.0],[0.0,76.0,124.0,49551.00000000006,56.0],[0.0,0.0,0.0,56.0,932.0]]"
pure_group_representative,123,student,student_A,D_Small_MLP,results/wsnds/confirmation_runs_v2/local_feature_group_10seed_20260811/feature_group_10seed/seed_123/student_A_Small_MLP_scratch_test_predictions.csv,035512e5b72a72ccb727003652cf5d2cc2b8328c1c78e757680111df7c6fd3cf,5.200000000038507e-07,2e-06,54174,0,0,54174,54174.0,0.9873555580167608,0.8910065973431036,0.942606750164841,0.9133840501216884,"[[961.0,0.0,53.0,0.0,1.0],[0.0,472.0,0.0,2.0,0.0],[314.0,0.0,1573.0,3.0,0.0],[0.0,76.0,124.0,49551.0,56.0],[0.0,0.0,0.0,56.0,932.0]]"
row_level,123,student,student_A,E_KD_from_RF,results/wsnds/confirmation_runs_v2/local_feature_group_10seed_20260811/feature_group_10seed/seed_123/student_A_KD_from_RF_test_predictions.csv,c6911d823e6978791a5259a02a202df191aee2cb2415bf8f1fef980abcaab184,7.699999999832841e-07,2e-06,54174,0,0,56301,56301.0,0.9856840908687234,0.9034881346999137,0.9242541755005774,0.9125468419852775,"[[1387.0,0.0,203.0,0.0,0.0],[0.0,493.0,0.0,2.0,0.0],[392.0,0.0,1747.0,10.0,0.0],[0.0,59.0,62.0,50928.0,21.0],[0.0,0.0,1.0,56.0,940.0]]"
inverse_test_group_size,123,student,student_A,E_KD_from_RF,results/wsnds/confirmation_runs_v2/local_feature_group_10seed_20260811/feature_group_10seed/seed_123/student_A_KD_from_RF_test_predictions.csv,c6911d823e6978791a5259a02a202df191aee2cb2415bf8f1fef980abcaab184,7.699999999832841e-07,2e-06,54174,0,0,56301,54174.0,0.9882785099863403,0.901345741196284,0.9297779841575468,0.9135071717210461,"[[893.9999999999999,0.0,120.99999999999996,0.0,0.0],[0.0,472.0,0.0,2.0,0.0],[307.00000000000006,0.0,1574.0000000000002,9.0,0.0],[0.0,59.0,59.0,49668.00000000006,21.0],[0.0,0.0,1.0,56.0,931.0]]"
pure_group_representative,123,student,student_A,E_KD_from_RF,results/wsnds/confirmation_runs_v2/local_feature_group_10seed_20260811/feature_group_10seed/seed_123/student_A_KD_from_RF_test_predictions.csv,c6911d823e6978791a5259a02a202df191aee2cb2415bf8f1fef980abcaab184,7.699999999832841e-07,2e-06,54174,0,0,54174,54174.0,0.9882785099863403,0.9013457411962836,0.9297779841575468,0.9135071717210458,"[[894.0,0.0,121.0,0.0,0.0],[0.0,472.0,0.0,2.0,0.0],[307.0,0.0,1574.0,9.0,0.0],[0.0,59.0,59.0,49668.0,21.0],[0.0,0.0,1.0,56.0,931.0]]"
row_level,123,student,student_A,E2_KD_from_MLP,results/wsnds/evidence_completion_20260811/fgds_controlled_full_routes_10seed_v2/seed_123/student_A_E2_KD_from_MLP_test_predictions.npz,2151907459eb0315d25e582ddec8dcd5ca30fe26088d645cf0adcefb9c505d25,7.152557373046875e-07,2e-06,54174,0,0,56301,56301.0,0.9861458943890872,0.9030408014191099,0.9341833563250159,0.9159765678416825,"[[1483.0,0.0,107.0,0.0,0.0],[0.0,493.0,0.0,2.0,0.0],[423.0,0.0,1726.0,0.0,0.0],[0.0,64.0,78.0,50879.0,49.0],[0.0,0.0,1.0,56.0,940.0]]"
inverse_test_group_size,123,student,student_A,E2_KD_from_MLP,results/wsnds/evidence_completion_20260811/fgds_controlled_full_routes_10seed_v2/seed_123/student_A_E2_KD_from_MLP_test_predictions.npz,2151907459eb0315d25e582ddec8dcd5ca30fe26088d645cf0adcefb9c505d25,7.152557373046875e-07,2e-06,54174,0,0,56301,54174.0,0.9883708051832982,0.8995812830834836,0.9399968487889264,0.9165252110763891,"[[950.0000000000001,0.0,65.00000000000006,0.0,0.0],[0.0,472.0,0.0,2.0,0.0],[322.00000000000006,0.0,1567.9999999999995,0.0,0.0],[0.0,63.0,74.0,49623.00000000006,47.0],[0.0,0.0,1.0,56.0,931.0]]"
pure_group_representative,123,student,student_A,E2_KD_from_MLP,results/wsnds/evidence_completion_20260811/fgds_controlled_full_routes_10seed_v2/seed_123/student_A_E2_KD_from_MLP_test_predictions.npz,2151907459eb0315d25e582ddec8dcd5ca30fe26088d645cf0adcefb9c505d25,7.152557373046875e-07,2e-06,54174,0,0,54174,54174.0,0.9883708051832982,0.8995812830834833,0.9399968487889264,0.916525211076389,"[[950.0,0.0,65.0,0.0,0.0],[0.0,472.0,0.0,2.0,0.0],[322.0,0.0,1568.0,0.0,0.0],[0.0,63.0,74.0,49623.0,47.0],[0.0,0.0,1.0,56.0,931.0]]"
row_level,123,student,student_A,F_KD_from_CL_MLP_fair,results/wsnds/evidence_completion_20260811/fgds_controlled_full_routes_10seed_v2/seed_123/student_A_F_KD_from_CL_MLP_fair_test_predictions.npz,36c5b19772325fa1fcc09aa4e80ff0e9007da922a2af650f28ec5612549ec508,8.046627044677734e-07,2e-06,54174,0,0,56301,56301.0,0.9863945578231292,0.9039990263314219,0.9384363980642888,0.9181436144013666,"[[1520.0,0.0,70.0,0.0,0.0],[0.0,492.0,1.0,2.0,0.0],[422.0,0.0,1727.0,0.0,0.0],[0.0,63.0,87.0,50856.0,64.0],[0.0,0.0,1.0,56.0,940.0]]"
inverse_test_group_size,123,student,student_A,F_KD_from_CL_MLP_fair,results/wsnds/evidence_completion_20260811/fgds_controlled_full_routes_10seed_v2/seed_123/student_A_F_KD_from_CL_MLP_fair_test_predictions.npz,36c5b19772325fa1fcc09aa4e80ff0e9007da922a2af650f28ec5612549ec508,8.046627044677734e-07,2e-06,54174,0,0,56301,54174.0,0.9882600509469487,0.8983804408053964,0.942471423642371,0.9170350071442591,"[[962.9999999999999,0.0,52.000000000000036,0.0,0.0],[0.0,471.0,1.0,2.0,0.0],[318.00000000000006,0.0,1571.9999999999995,0.0,0.0],[0.0,63.0,83.0,49601.00000000006,60.0],[0.0,0.0,1.0,56.0,931.0]]"
pure_group_representative,123,student,student_A,F_KD_from_CL_MLP_fair,results/wsnds/evidence_completion_20260811/fgds_controlled_full_routes_10seed_v2/seed_123/student_A_F_KD_from_CL_MLP_fair_test_predictions.npz,36c5b19772325fa1fcc09aa4e80ff0e9007da922a2af650f28ec5612549ec508,8.046627044677734e-07,2e-06,54174,0,0,54174,54174.0,0.9882600509469487,0.8983804408053959,0.9424714236423712,0.917035007144259,"[[963.0,0.0,52.0,0.0,0.0],[0.0,471.0,1.0,2.0,0.0],[318.0,0.0,1572.0,0.0,0.0],[0.0,63.0,83.0,49601.0,60.0],[0.0,0.0,1.0,56.0,931.0]]"
row_level,123,student,student_A,F_KD_from_CL_MLP_ext,results/wsnds/evidence_completion_20260811/fgds_controlled_full_routes_10seed_v2/seed_123/student_A_F_KD_from_CL_MLP_ext_test_predictions.npz,636dfc638f85ff8b8386596a14696bc5e51764e75dc01848e415b7e96897a1a4,5.960464477539062e-07,2e-06,54174,0,0,56301,56301.0,0.9857018525425836,0.8996206228231107,0.9317064945750465,0.9137514971899302,"[[1449.0,0.0,141.0,0.0,0.0],[0.0,493.0,0.0,2.0,0.0],[401.0,0.0,1748.0,0.0,0.0],[0.0,63.0,85.0,50867.0,55.0],[1.0,0.0,1.0,56.0,939.0]]"
inverse_test_group_size,123,student,student_A,F_KD_from_CL_MLP_ext,results/wsnds/evidence_completion_20260811/fgds_controlled_full_routes_10seed_v2/seed_123/student_A_F_KD_from_CL_MLP_ext_test_predictions.npz,636dfc638f85ff8b8386596a14696bc5e51764e75dc01848e415b7e96897a1a4,5.960464477539062e-07,2e-06,54174,0,0,56301,54174.0,0.9880570015136412,0.8970511327188093,0.9374984686347911,0.9147322210233355,"[[930.0,0.0,84.99999999999997,0.0,0.0],[0.0,472.0,0.0,2.0,0.0],[306.0000000000001,0.0,1583.9999999999995,0.0,0.0],[0.0,62.0,81.0,49611.00000000006,53.0],[1.0,0.0,1.0,56.0,930.0]]"
pure_group_representative,123,student,student_A,F_KD_from_CL_MLP_ext,results/wsnds/evidence_completion_20260811/fgds_controlled_full_routes_10seed_v2/seed_123/student_A_F_KD_from_CL_MLP_ext_test_predictions.npz,636dfc638f85ff8b8386596a14696bc5e51764e75dc01848e415b7e96897a1a4,5.960464477539062e-07,2e-06,54174,0,0,54174,54174.0,0.9880570015136412,0.8970511327188092,0.9374984686347911,0.9147322210233353,"[[930.0,0.0,85.0,0.0,0.0],[0.0,472.0,0.0,2.0,0.0],[306.0,0.0,1584.0,0.0,0.0],[0.0,62.0,81.0,49611.0,53.0],[1.0,0.0,1.0,56.0,930.0]]"
row_level,123,student,student_A,G_KD_random_pacing,results/wsnds/evidence_completion_20260811/fgds_controlled_full_routes_10seed_v2/seed_123/student_A_G_KD_random_pacing_test_predictions.npz,289c0d3ee0765b10fd0b5709fe129eac336f4b5cd4c19946e175fc4aa5060c53,1.7881393432617188e-06,2e-06,54174,0,0,56301,56301.0,0.9854531891085416,0.8988000854552413,0.9313584939524265,0.9127353627742144,"[[1464.0,0.0,126.0,0.0,0.0],[0.0,493.0,0.0,2.0,0.0],[427.0,0.0,1722.0,0.0,0.0],[0.0,63.0,91.0,50863.0,53.0],[0.0,0.0,1.0,56.0,940.0]]"
inverse_test_group_size,123,student,student_A,G_KD_random_pacing,results/wsnds/evidence_completion_20260811/fgds_controlled_full_routes_10seed_v2/seed_123/student_A_G_KD_random_pacing_test_predictions.npz,289c0d3ee0765b10fd0b5709fe129eac336f4b5cd4c19946e175fc4aa5060c53,1.7881393432617188e-06,2e-06,54174,0,0,56301,54174.0,0.9879277882379001,0.8965693592933277,0.9382650218826987,0.9144458941908342,"[[940.9999999999997,0.0,74.00000000000001,0.0,0.0],[0.0,472.0,0.0,2.0,0.0],[321.00000000000017,0.0,1568.9999999999995,0.0,0.0],[0.0,62.0,87.0,49607.00000000006,51.0],[0.0,0.0,1.0,56.0,931.0]]"
pure_group_representative,123,student,student_A,G_KD_random_pacing,results/wsnds/evidence_completion_20260811/fgds_controlled_full_routes_10seed_v2/seed_123/student_A_G_KD_random_pacing_test_predictions.npz,289c0d3ee0765b10fd0b5709fe129eac336f4b5cd4c19946e175fc4aa5060c53,1.7881393432617188e-06,2e-06,54174,0,0,54174,54174.0,0.9879277882379001,0.8965693592933276,0.9382650218826989,0.9144458941908342,"[[941.0,0.0,74.0,0.0,0.0],[0.0,472.0,0.0,2.0,0.0],[321.0,0.0,1569.0,0.0,0.0],[0.0,62.0,87.0,49607.0,51.0],[0.0,0.0,1.0,56.0,931.0]]"
row_level,123,student,student_A,I_KD_from_SMOTE_MLP,results/wsnds/evidence_completion_20260811/fgds_controlled_full_routes_10seed_v2/seed_123/student_A_I_KD_from_SMOTE_MLP_test_predictions.npz,e629be78a550379a171e7ea3eed2bd0356bd04c80f022500f88566148e819fa9,6.556510925292969e-07,2e-06,54174,0,0,56301,56301.0,0.9860748476936466,0.8997011169562047,0.9353992242692637,0.9164177099399936,"[[1428.0,0.0,162.0,0.0,0.0],[0.0,493.0,0.0,2.0,0.0],[332.0,0.0,1815.0,2.0,0.0],[0.0,60.0,83.0,50841.0,86.0],[0.0,0.0,1.0,56.0,940.0]]"
inverse_test_group_size,123,student,student_A,I_KD_from_SMOTE_MLP,results/wsnds/evidence_completion_20260811/fgds_controlled_full_routes_10seed_v2/seed_123/student_A_I_KD_from_SMOTE_MLP_test_predictions.npz,e629be78a550379a171e7ea3eed2bd0356bd04c80f022500f88566148e819fa9,6.556510925292969e-07,2e-06,54174,0,0,56301,54174.0,0.9882231328681655,0.8975089024915406,0.9396818888362477,0.9168546424241388,"[[918.9999999999999,0.0,95.99999999999997,0.0,0.0],[0.0,472.0,0.0,2.0,0.0],[265.0,0.0,1623.9999999999998,1.0,0.0],[0.0,60.0,80.0,49590.00000000006,77.0],[0.0,0.0,1.0,56.0,931.0]]"
pure_group_representative,123,student,student_A,I_KD_from_SMOTE_MLP,results/wsnds/evidence_completion_20260811/fgds_controlled_full_routes_10seed_v2/seed_123/student_A_I_KD_from_SMOTE_MLP_test_predictions.npz,e629be78a550379a171e7ea3eed2bd0356bd04c80f022500f88566148e819fa9,6.556510925292969e-07,2e-06,54174,0,0,54174,54174.0,0.9882231328681655,0.8975089024915406,0.9396818888362477,0.9168546424241388,"[[919.0,0.0,96.0,0.0,0.0],[0.0,472.0,0.0,2.0,0.0],[265.0,0.0,1624.0,1.0,0.0],[0.0,60.0,80.0,49590.0,77.0],[0.0,0.0,1.0,56.0,931.0]]"
row_level,123,student,student_A,J_CoDistill_RF_CL,results/wsnds/evidence_completion_20260811/fgds_controlled_full_routes_10seed_v2/seed_123/student_A_J_CoDistill_RF_CL_test_predictions.npz,bafbe4d60ca8d4748e94d03600ef5642d1de4eb006f2e071dc8c3ac2420b7818,1.1324882507324219e-06,2e-06,54174,0,0,56301,56301.0,0.9863767961492691,0.906897400249365,0.9310803502118976,0.9168748509634277,"[[1452.0,0.0,138.0,0.0,0.0],[0.0,493.0,0.0,2.0,0.0],[411.0,0.0,1733.0,5.0,0.0],[0.0,59.0,64.0,50916.0,31.0],[0.0,0.0,1.0,56.0,940.0]]"
inverse_test_group_size,123,student,student_A,J_CoDistill_RF_CL,results/wsnds/evidence_completion_20260811/fgds_controlled_full_routes_10seed_v2/seed_123/student_A_J_CoDistill_RF_CL_test_predictions.npz,bafbe4d60ca8d4748e94d03600ef5642d1de4eb006f2e071dc8c3ac2420b7818,1.1324882507324219e-06,2e-06,54174,0,0,56301,54174.0,0.9887953630893048,0.9044370406255245,0.9380676927043858,0.91827545078026,"[[939.0,0.0,76.00000000000001,0.0,0.0],[0.0,472.0,0.0,2.0,0.0],[317.0000000000001,0.0,1569.0,4.0,0.0],[0.0,59.0,61.0,49656.00000000006,31.0],[0.0,0.0,1.0,56.0,931.0]]"
pure_group_representative,123,student,student_A,J_CoDistill_RF_CL,results/wsnds/evidence_completion_20260811/fgds_controlled_full_routes_10seed_v2/seed_123/student_A_J_CoDistill_RF_CL_test_predictions.npz,bafbe4d60ca8d4748e94d03600ef5642d1de4eb006f2e071dc8c3ac2420b7818,1.1324882507324219e-06,2e-06,54174,0,0,54174,54174.0,0.9887953630893048,0.9044370406255243,0.9380676927043858,0.9182754507802595,"[[939.0,0.0,76.0,0.0,0.0],[0.0,472.0,0.0,2.0,0.0],[317.0,0.0,1569.0,4.0,0.0],[0.0,59.0,61.0,49656.0,31.0],[0.0,0.0,1.0,56.0,931.0]]"
row_level,123,student,student_B,D_Small_MLP,results/wsnds/confirmation_runs_v2/local_feature_group_10seed_20260811/feature_group_10seed/seed_123/student_B_Small_MLP_scratch_test_predictions.csv,e163a2e3452f220195bd4077134d3aa6ce4f9ed8866f8e6a76c14b0ecd3d2090,0.0,2e-06,54174,0,0,56301,56301.0,0.9876556366671995,0.9086048154468397,0.94145044128313,0.9240639331723862,"[[1411.0,0.0,179.0,0.0,0.0],[0.0,493.0,0.0,2.0,0.0],[249.0,0.0,1900.0,0.0,0.0],[1.0,75.0,80.0,50861.0,53.0],[0.0,0.0,0.0,56.0,941.0]]"
inverse_test_group_size,123,student,student_B,D_Small_MLP,results/wsnds/confirmation_runs_v2/local_feature_group_10seed_20260811/feature_group_10seed/seed_123/student_B_Small_MLP_scratch_test_predictions.csv,e163a2e3452f220195bd4077134d3aa6ce4f9ed8866f8e6a76c14b0ecd3d2090,0.0,2e-06,54174,0,0,56301,54174.0,0.9895706427437516,0.9070182765885659,0.945134117699163,0.924792992332392,"[[912.0,0.0,102.99999999999994,0.0,0.0],[0.0,472.0,0.0,2.0,0.0],[203.99999999999997,0.0,1686.0,0.0,0.0],[1.0,72.0,76.0,49607.00000000006,51.0],[0.0,0.0,0.0,56.0,932.0]]"
pure_group_representative,123,student,student_B,D_Small_MLP,results/wsnds/confirmation_runs_v2/local_feature_group_10seed_20260811/feature_group_10seed/seed_123/student_B_Small_MLP_scratch_test_predictions.csv,e163a2e3452f220195bd4077134d3aa6ce4f9ed8866f8e6a76c14b0ecd3d2090,0.0,2e-06,54174,0,0,54174,54174.0,0.9895706427437516,0.9070182765885658,0.945134117699163,0.9247929923323918,"[[912.0,0.0,103.0,0.0,0.0],[0.0,472.0,0.0,2.0,0.0],[204.0,0.0,1686.0,0.0,0.0],[1.0,72.0,76.0,49607.0,51.0],[0.0,0.0,0.0,56.0,932.0]]"
row_level,123,student,student_B,E_KD_from_RF,results/wsnds/confirmation_runs_v2/local_feature_group_10seed_20260811/feature_group_10seed/seed_123/student_B_KD_from_RF_test_predictions.csv,3f320244734e702ed9feb68bd4f2fb37176add806ac3b41544ef136a2e55b478,0.0,2e-06,54174,0,0,56301,56301.0,0.9896627058133959,0.9281605758089745,0.9444185861064401,0.9356459288940758,"[[1401.0,0.0,189.0,0.0,0.0],[0.0,493.0,0.0,2.0,0.0],[195.0,0.0,1942.0,12.0,0.0],[0.0,59.0,51.0,50942.0,18.0],[0.0,0.0,0.0,56.0,941.0]]"
inverse_test_group_size,123,student,student_B,E_KD_from_RF,results/wsnds/confirmation_runs_v2/local_feature_group_10seed_20260811/feature_group_10seed/seed_123/student_B_KD_from_RF_test_predictions.csv,3f320244734e702ed9feb68bd4f2fb37176add806ac3b41544ef136a2e55b478,0.0,2e-06,54174,0,0,56301,54174.0,0.991398087643519,0.9268295918389302,0.9468908523530185,0.936118130292505,"[[898.9999999999998,0.0,116.0,0.0,0.0],[0.0,472.0,0.0,2.0,0.0],[154.9999999999999,0.0,1723.9999999999998,11.0,0.0],[0.0,59.0,49.0,49681.00000000006,18.0],[0.0,0.0,0.0,56.0,932.0]]"
pure_group_representative,123,student,student_B,E_KD_from_RF,results/wsnds/confirmation_runs_v2/local_feature_group_10seed_20260811/feature_group_10seed/seed_123/student_B_KD_from_RF_test_predictions.csv,3f320244734e702ed9feb68bd4f2fb37176add806ac3b41544ef136a2e55b478,0.0,2e-06,54174,0,0,54174,54174.0,0.991398087643519,0.9268295918389299,0.9468908523530185,0.9361181302925049,"[[899.0,0.0,116.0,0.0,0.0],[0.0,472.0,0.0,2.0,0.0],[155.0,0.0,1724.0,11.0,0.0],[0.0,59.0,49.0,49681.0,18.0],[0.0,0.0,0.0,56.0,932.0]]"
row_level,123,student,student_B,E2_KD_from_MLP,results/wsnds/evidence_completion_20260811/fgds_controlled_full_routes_10seed_v2/seed_123/student_B_E2_KD_from_MLP_test_predictions.npz,534077fe69b5f86bf265ebc1fe71a9446ec764f3b99b923b6e20ff702940c941,0.0,2e-06,54174,0,0,56301,56301.0,0.9866432212571713,0.9055280062567641,0.938439336256185,0.9196949027673499,"[[1492.0,0.0,98.0,0.0,0.0],[0.0,493.0,0.0,2.0,0.0],[391.0,0.0,1758.0,0.0,0.0],[0.0,62.0,86.0,50865.0,57.0],[0.0,0.0,0.0,56.0,941.0]]"
inverse_test_group_size,123,student,student_B,E2_KD_from_MLP,results/wsnds/evidence_completion_20260811/fgds_controlled_full_routes_10seed_v2/seed_123/student_B_E2_KD_from_MLP_test_predictions.npz,534077fe69b5f86bf265ebc1fe71a9446ec764f3b99b923b6e20ff702940c941,0.0,2e-06,54174,0,0,56301,54174.0,0.9887030678923469,0.9018071548129603,0.9436165130566826,0.9200426541399918,"[[950.9999999999998,0.0,64.00000000000003,0.0,0.0],[0.0,472.0,0.0,2.0,0.0],[291.00000000000017,0.0,1598.9999999999995,0.0,0.0],[0.0,62.0,82.0,49608.00000000006,55.0],[0.0,0.0,0.0,56.0,932.0]]"
pure_group_representative,123,student,student_B,E2_KD_from_MLP,results/wsnds/evidence_completion_20260811/fgds_controlled_full_routes_10seed_v2/seed_123/student_B_E2_KD_from_MLP_test_predictions.npz,534077fe69b5f86bf265ebc1fe71a9446ec764f3b99b923b6e20ff702940c941,0.0,2e-06,54174,0,0,54174,54174.0,0.9887030678923469,0.9018071548129601,0.9436165130566826,0.9200426541399918,"[[951.0,0.0,64.0,0.0,0.0],[0.0,472.0,0.0,2.0,0.0],[291.0,0.0,1599.0,0.0,0.0],[0.0,62.0,82.0,49608.0,55.0],[0.0,0.0,0.0,56.0,932.0]]"
row_level,123,student,student_B,F_KD_from_CL_MLP_fair,results/wsnds/evidence_completion_20260811/fgds_controlled_full_routes_10seed_v2/seed_123/student_B_F_KD_from_CL_MLP_fair_test_predictions.npz,cf6f96554f9bec5d6b3b13e8e6e0698e27fc9b74555fda3214086c061e1002a4,0.0,2e-06,54174,0,0,56301,56301.0,0.9865188895401502,0.9046367871750096,0.9378025730516549,0.9189843307481647,"[[1487.0,0.0,103.0,0.0,0.0],[0.0,493.0,0.0,2.0,0.0],[391.0,0.0,1758.0,0.0,0.0],[0.0,63.0,88.0,50863.0,56.0],[0.0,0.0,0.0,56.0,941.0]]"
inverse_test_group_size,123,student,student_B,F_KD_from_CL_MLP_fair,results/wsnds/evidence_completion_20260811/fgds_controlled_full_routes_10seed_v2/seed_123/student_B_F_KD_from_CL_MLP_fair_test_predictions.npz,cf6f96554f9bec5d6b3b13e8e6e0698e27fc9b74555fda3214086c061e1002a4,0.0,2e-06,54174,0,0,56301,54174.0,0.9885553955772142,0.9008510182796288,0.9427805325869573,0.9190714201226442,"[[950.0000000000001,0.0,65.00000000000006,0.0,0.0],[0.0,472.0,0.0,2.0,0.0],[297.00000000000006,0.0,1592.9999999999995,0.0,0.0],[0.0,62.0,84.0,49607.00000000006,54.0],[0.0,0.0,0.0,56.0,932.0]]"
pure_group_representative,123,student,student_B,F_KD_from_CL_MLP_fair,results/wsnds/evidence_completion_20260811/fgds_controlled_full_routes_10seed_v2/seed_123/student_B_F_KD_from_CL_MLP_fair_test_predictions.npz,cf6f96554f9bec5d6b3b13e8e6e0698e27fc9b74555fda3214086c061e1002a4,0.0,2e-06,54174,0,0,54174,54174.0,0.9885553955772142,0.9008510182796284,0.9427805325869573,0.919071420122644,"[[950.0,0.0,65.0,0.0,0.0],[0.0,472.0,0.0,2.0,0.0],[297.0,0.0,1593.0,0.0,0.0],[0.0,62.0,84.0,49607.0,54.0],[0.0,0.0,0.0,56.0,932.0]]"
row_level,123,student,student_B,F_KD_from_CL_MLP_ext,results/wsnds/evidence_completion_20260811/fgds_controlled_full_routes_10seed_v2/seed_123/student_B_F_KD_from_CL_MLP_ext_test_predictions.npz,410c5d95915b9ea67a8422745ccedcd4e65c6728f6c6e0c834171b4985bba5bb,0.0,2e-06,54174,0,0,56301,56301.0,0.9865544128878706,0.9056457291799992,0.9362260958277682,0.9188645145442577,"[[1474.0,0.0,116.0,0.0,0.0],[0.0,493.0,0.0,2.0,0.0],[389.0,0.0,1758.0,2.0,0.0],[1.0,61.0,79.0,50878.0,51.0],[0.0,0.0,0.0,56.0,941.0]]"
inverse_test_group_size,123,student,student_B,F_KD_from_CL_MLP_ext,results/wsnds/evidence_completion_20260811/fgds_controlled_full_routes_10seed_v2/seed_123/student_B_F_KD_from_CL_MLP_ext_test_predictions.npz,410c5d95915b9ea67a8422745ccedcd4e65c6728f6c6e0c834171b4985bba5bb,0.0,2e-06,54174,0,0,56301,54174.0,0.9886846088529553,0.9021202780972535,0.9417311119272063,0.9191860120395259,"[[946.0,0.0,69.00000000000004,0.0,0.0],[0.0,472.0,0.0,2.0,0.0],[299.0000000000001,0.0,1589.9999999999998,1.0,0.0],[1.0,61.0,75.0,49621.00000000006,49.0],[0.0,0.0,0.0,56.0,932.0]]"
pure_group_representative,123,student,student_B,F_KD_from_CL_MLP_ext,results/wsnds/evidence_completion_20260811/fgds_controlled_full_routes_10seed_v2/seed_123/student_B_F_KD_from_CL_MLP_ext_test_predictions.npz,410c5d95915b9ea67a8422745ccedcd4e65c6728f6c6e0c834171b4985bba5bb,0.0,2e-06,54174,0,0,54174,54174.0,0.9886846088529553,0.9021202780972531,0.9417311119272063,0.9191860120395257,"[[946.0,0.0,69.0,0.0,0.0],[0.0,472.0,0.0,2.0,0.0],[299.0,0.0,1590.0,1.0,0.0],[1.0,61.0,75.0,49621.0,49.0],[0.0,0.0,0.0,56.0,932.0]]"
row_level,123,student,student_B,G_KD_random_pacing,results/wsnds/evidence_completion_20260811/fgds_controlled_full_routes_10seed_v2/seed_123/student_B_G_KD_random_pacing_test_predictions.npz,7ad2587b31750c56ca633913b27fb189dbb24684da1856b445ccce3dc5e65fc7,0.0,2e-06,54174,0,0,56301,56301.0,0.9863945578231292,0.9035424847171445,0.9355307635879457,0.9176437232242485,"[[1462.0,0.0,128.0,0.0,0.0],[0.0,493.0,0.0,2.0,0.0],[382.0,0.0,1767.0,0.0,0.0],[0.0,64.0,81.0,50872.0,53.0],[0.0,0.0,0.0,56.0,941.0]]"
inverse_test_group_size,123,student,student_B,G_KD_random_pacing,results/wsnds/evidence_completion_20260811/fgds_controlled_full_routes_10seed_v2/seed_123/student_B_G_KD_random_pacing_test_predictions.npz,7ad2587b31750c56ca633913b27fb189dbb24684da1856b445ccce3dc5e65fc7,0.0,2e-06,54174,0,0,56301,54174.0,0.9884077232620815,0.8994727093236135,0.9401054879949268,0.9170654383259578,"[[939.9999999999998,0.0,75.00000000000004,0.0,0.0],[0.0,472.0,0.0,2.0,0.0],[304.00000000000006,0.0,1585.9999999999998,0.0,0.0],[0.0,63.0,77.0,49616.00000000006,51.0],[0.0,0.0,0.0,56.0,932.0]]"
pure_group_representative,123,student,student_B,G_KD_random_pacing,results/wsnds/evidence_completion_20260811/fgds_controlled_full_routes_10seed_v2/seed_123/student_B_G_KD_random_pacing_test_predictions.npz,7ad2587b31750c56ca633913b27fb189dbb24684da1856b445ccce3dc5e65fc7,0.0,2e-06,54174,0,0,54174,54174.0,0.9884077232620815,0.8994727093236131,0.9401054879949268,0.9170654383259578,"[[940.0,0.0,75.0,0.0,0.0],[0.0,472.0,0.0,2.0,0.0],[304.0,0.0,1586.0,0.0,0.0],[0.0,63.0,77.0,49616.0,51.0],[0.0,0.0,0.0,56.0,932.0]]"
row_level,123,student,student_B,I_KD_from_SMOTE_MLP,results/wsnds/evidence_completion_20260811/fgds_controlled_full_routes_10seed_v2/seed_123/student_B_I_KD_from_SMOTE_MLP_test_predictions.npz,b0119fe95685629e88aeb067a4ec730031b24af95c3f8c8e1d31e9126107925e,0.0,2e-06,54174,0,0,56301,56301.0,0.987602351645619,0.9097190689083272,0.9404613532963653,0.9243100079104479,"[[1422.0,0.0,168.0,0.0,0.0],[0.0,493.0,0.0,2.0,0.0],[273.0,0.0,1874.0,2.0,0.0],[0.0,60.0,67.0,50873.0,70.0],[0.0,0.0,0.0,56.0,941.0]]"
inverse_test_group_size,123,student,student_B,I_KD_from_SMOTE_MLP,results/wsnds/evidence_completion_20260811/fgds_controlled_full_routes_10seed_v2/seed_123/student_B_I_KD_from_SMOTE_MLP_test_predictions.npz,b0119fe95685629e88aeb067a4ec730031b24af95c3f8c8e1d31e9126107925e,0.0,2e-06,54174,0,0,56301,54174.0,0.9894414294680105,0.9068994826607174,0.9441157051085922,0.9242072081262049,"[[919.0,0.0,95.99999999999996,0.0,0.0],[0.0,472.0,0.0,2.0,0.0],[224.99999999999994,0.0,1662.9999999999998,2.0,0.0],[0.0,60.0,64.0,49616.00000000006,67.0],[0.0,0.0,0.0,56.0,932.0]]"
pure_group_representative,123,student,student_B,I_KD_from_SMOTE_MLP,results/wsnds/evidence_completion_20260811/fgds_controlled_full_routes_10seed_v2/seed_123/student_B_I_KD_from_SMOTE_MLP_test_predictions.npz,b0119fe95685629e88aeb067a4ec730031b24af95c3f8c8e1d31e9126107925e,0.0,2e-06,54174,0,0,54174,54174.0,0.9894414294680105,0.9068994826607171,0.9441157051085922,0.9242072081262048,"[[919.0,0.0,96.0,0.0,0.0],[0.0,472.0,0.0,2.0,0.0],[225.0,0.0,1663.0,2.0,0.0],[0.0,60.0,64.0,49616.0,67.0],[0.0,0.0,0.0,56.0,932.0]]"
row_level,123,student,student_B,J_CoDistill_RF_CL,results/wsnds/evidence_completion_20260811/fgds_controlled_full_routes_10seed_v2/seed_123/student_B_J_CoDistill_RF_CL_test_predictions.npz,5542dff92fab088c7a604f297b0bc4fe712779fcd325f5428e57387b6cb5d3cb,0.0,2e-06,54174,0,0,56301,56301.0,0.9883128186000248,0.9175860143846688,0.9407986813788881,0.9285369505911362,"[[1403.0,0.0,187.0,0.0,0.0],[0.0,493.0,0.0,2.0,0.0],[243.0,0.0,1902.0,4.0,0.0],[0.0,60.0,72.0,50904.0,34.0],[0.0,0.0,0.0,56.0,941.0]]"
inverse_test_group_size,123,student,student_B,J_CoDistill_RF_CL,results/wsnds/evidence_completion_20260811/fgds_controlled_full_routes_10seed_v2/seed_123/student_B_J_CoDistill_RF_CL_test_predictions.npz,5542dff92fab088c7a604f297b0bc4fe712779fcd325f5428e57387b6cb5d3cb,0.0,2e-06,54174,0,0,56301,54174.0,0.9902536272012404,0.915915793512392,0.9445423169827711,0.9293010820994502,"[[905.0,0.0,109.99999999999994,0.0,0.0],[0.0,472.0,0.0,2.0,0.0],[193.99999999999986,0.0,1691.9999999999995,4.0,0.0],[0.0,60.0,69.0,49645.00000000006,33.0],[0.0,0.0,0.0,56.0,932.0]]"
pure_group_representative,123,student,student_B,J_CoDistill_RF_CL,results/wsnds/evidence_completion_20260811/fgds_controlled_full_routes_10seed_v2/seed_123/student_B_J_CoDistill_RF_CL_test_predictions.npz,5542dff92fab088c7a604f297b0bc4fe712779fcd325f5428e57387b6cb5d3cb,0.0,2e-06,54174,0,0,54174,54174.0,0.9902536272012404,0.9159157935123918,0.9445423169827711,0.9293010820994502,"[[905.0,0.0,110.0,0.0,0.0],[0.0,472.0,0.0,2.0,0.0],[194.0,0.0,1692.0,4.0,0.0],[0.0,60.0,69.0,49645.0,33.0],[0.0,0.0,0.0,56.0,932.0]]"
row_level,456,teacher,,A_RF_500_uncalibrated,results/wsnds/evidence_completion_20260811/fgds_controlled_full_routes_10seed_v2/seed_456/teacher_A_RF_500_uncalibrated_test_predictions.npz,a404e1cf66a89c09135086c87cc154d4ea1ea66c2fb5fa95c472d9a8f37f3275,0.0,2e-06,54174,0,0,56301,56301.0,0.9966785669881529,0.9771964564942083,0.9815236956356248,0.9789228441110559,"[[1581.0,0.0,9.0,0.0,0.0],[0.0,493.0,0.0,2.0,0.0],[28.0,0.0,2097.0,24.0,0.0],[0.0,41.0,23.0,51003.0,3.0],[0.0,0.0,0.0,57.0,940.0]]"
inverse_test_group_size,456,teacher,,A_RF_500_uncalibrated,results/wsnds/evidence_completion_20260811/fgds_controlled_full_routes_10seed_v2/seed_456/teacher_A_RF_500_uncalibrated_test_predictions.npz,a404e1cf66a89c09135086c87cc154d4ea1ea66c2fb5fa95c472d9a8f37f3275,0.0,2e-06,54174,0,0,56301,54174.0,0.996714290988297,0.9755523838058231,0.9810249545513896,0.9778279945789434,"[[1005.9999999999998,0.0,9.0,0.0,0.0],[0.0,472.0,0.0,2.0,0.0],[20.999999999999996,0.0,1847.0,22.0,0.0],[0.0,41.0,23.0,49740.00000000006,3.0],[0.0,0.0,0.0,57.0,931.0]]"
pure_group_representative,456,teacher,,A_RF_500_uncalibrated,results/wsnds/evidence_completion_20260811/fgds_controlled_full_routes_10seed_v2/seed_456/teacher_A_RF_500_uncalibrated_test_predictions.npz,a404e1cf66a89c09135086c87cc154d4ea1ea66c2fb5fa95c472d9a8f37f3275,0.0,2e-06,54174,0,0,54174,54174.0,0.996714290988297,0.9755523838058231,0.9810249545513896,0.9778279945789434,"[[1006.0,0.0,9.0,0.0,0.0],[0.0,472.0,0.0,2.0,0.0],[21.0,0.0,1847.0,22.0,0.0],[0.0,41.0,23.0,49740.0,3.0],[0.0,0.0,0.0,57.0,931.0]]"
row_level,456,teacher,,A_calibrated_RF_KD_teacher,results/wsnds/confirmation_runs_v2/local_feature_group_10seed_20260811/feature_group_10seed/seed_456/RF_teacher_test_predictions.csv,5abfd11a876723ac4bd0e3405a849791ee1fe4566517c5a3e5bea8ee49d96212,0.0,2e-06,54174,0,0,56301,56301.0,0.9969094687483349,0.9789579161081401,0.9824153729934115,0.980310841500579,"[[1574.0,0.0,16.0,0.0,0.0],[0.0,493.0,0.0,2.0,0.0],[18.0,0.0,2116.0,15.0,0.0],[0.0,37.0,26.0,51004.0,3.0],[0.0,0.0,0.0,57.0,940.0]]"
inverse_test_group_size,456,teacher,,A_calibrated_RF_KD_teacher,results/wsnds/confirmation_runs_v2/local_feature_group_10seed_20260811/feature_group_10seed/seed_456/RF_teacher_test_predictions.csv,5abfd11a876723ac4bd0e3405a849791ee1fe4566517c5a3e5bea8ee49d96212,0.0,2e-06,54174,0,0,56301,54174.0,0.9968988813822128,0.9775552599284996,0.9815252298578236,0.9791417268775131,"[[1000.9999999999999,0.0,14.0,0.0,0.0],[0.0,472.0,0.0,2.0,0.0],[13.999999999999996,0.0,1860.9999999999998,15.0,0.0],[0.0,37.0,26.0,49741.00000000006,3.0],[0.0,0.0,0.0,57.0,931.0]]"
pure_group_representative,456,teacher,,A_calibrated_RF_KD_teacher,results/wsnds/confirmation_runs_v2/local_feature_group_10seed_20260811/feature_group_10seed/seed_456/RF_teacher_test_predictions.csv,5abfd11a876723ac4bd0e3405a849791ee1fe4566517c5a3e5bea8ee49d96212,0.0,2e-06,54174,0,0,54174,54174.0,0.9968988813822128,0.9775552599284996,0.9815252298578236,0.9791417268775131,"[[1001.0,0.0,14.0,0.0,0.0],[0.0,472.0,0.0,2.0,0.0],[14.0,0.0,1861.0,15.0,0.0],[0.0,37.0,26.0,49741.0,3.0],[0.0,0.0,0.0,57.0,931.0]]"
row_level,456,teacher,,B_Full_MLP,results/wsnds/evidence_completion_20260811/fgds_controlled_full_routes_10seed_v2/seed_456/teacher_B_Full_MLP_test_predictions.npz,8d88dc3774c373bfe6ca814dd6897128f7ebf538fac44c50fe387d055218e15b,2.384185791015625e-07,2e-06,54174,0,0,56301,56301.0,0.9868741230173531,0.9033944168366916,0.9402437736698946,0.9205338797123531,"[[1438.0,0.0,152.0,0.0,0.0],[0.0,494.0,0.0,1.0,0.0],[302.0,0.0,1847.0,0.0,0.0],[0.0,75.0,94.0,50842.0,59.0],[0.0,0.0,0.0,56.0,941.0]]"
inverse_test_group_size,456,teacher,,B_Full_MLP,results/wsnds/evidence_completion_20260811/fgds_controlled_full_routes_10seed_v2/seed_456/teacher_B_Full_MLP_test_predictions.npz,8d88dc3774c373bfe6ca814dd6897128f7ebf538fac44c50fe387d055218e15b,2.384185791015625e-07,2e-06,54174,0,0,56301,54174.0,0.9887584450105217,0.9003363158560174,0.9442792532749923,0.9203926605193598,"[[928.9999999999998,0.0,85.99999999999999,0.0,0.0],[0.0,473.0,0.0,1.0,0.0],[247.00000000000003,0.0,1643.0,0.0,0.0],[0.0,73.0,90.0,49588.00000000006,56.0],[0.0,0.0,0.0,56.0,932.0]]"
pure_group_representative,456,teacher,,B_Full_MLP,results/wsnds/evidence_completion_20260811/fgds_controlled_full_routes_10seed_v2/seed_456/teacher_B_Full_MLP_test_predictions.npz,8d88dc3774c373bfe6ca814dd6897128f7ebf538fac44c50fe387d055218e15b,2.384185791015625e-07,2e-06,54174,0,0,54174,54174.0,0.9887584450105217,0.9003363158560169,0.9442792532749923,0.9203926605193595,"[[929.0,0.0,86.0,0.0,0.0],[0.0,473.0,0.0,1.0,0.0],[247.0,0.0,1643.0,0.0,0.0],[0.0,73.0,90.0,49588.0,56.0],[0.0,0.0,0.0,56.0,932.0]]"
row_level,456,teacher,,C_CL_MLP_loss_fair,results/wsnds/evidence_completion_20260811/fgds_controlled_full_routes_10seed_v2/seed_456/teacher_C_CL_MLP_loss_fair_test_predictions.npz,c5fb4be59f7fbe36e599618a18f1fcbe2d5ccec71466af2c3487e5965ae2a2b8,1.7881393432617188e-07,2e-06,54174,0,0,56301,56301.0,0.9851512406529191,0.8989349447823167,0.9317636189787674,0.911215295668106,"[[1516.0,0.0,74.0,0.0,0.0],[0.0,493.0,0.0,2.0,0.0],[494.0,0.0,1654.0,1.0,0.0],[1.0,64.0,93.0,50861.0,51.0],[0.0,0.0,0.0,56.0,941.0]]"
inverse_test_group_size,456,teacher,,C_CL_MLP_loss_fair,results/wsnds/evidence_completion_20260811/fgds_controlled_full_routes_10seed_v2/seed_456/teacher_C_CL_MLP_loss_fair_test_predictions.npz,c5fb4be59f7fbe36e599618a18f1fcbe2d5ccec71466af2c3487e5965ae2a2b8,1.7881393432617188e-07,2e-06,54174,0,0,56301,54174.0,0.9873740170561524,0.8936668702465473,0.9378536911512466,0.9110024241325538,"[[967.9999999999999,0.0,47.00000000000003,0.0,0.0],[0.0,472.0,0.0,2.0,0.0],[376.00000000000006,0.0,1512.9999999999993,1.0,0.0],[1.0,63.0,89.0,49605.00000000006,49.0],[0.0,0.0,0.0,56.0,932.0]]"
pure_group_representative,456,teacher,,C_CL_MLP_loss_fair,results/wsnds/evidence_completion_20260811/fgds_controlled_full_routes_10seed_v2/seed_456/teacher_C_CL_MLP_loss_fair_test_predictions.npz,c5fb4be59f7fbe36e599618a18f1fcbe2d5ccec71466af2c3487e5965ae2a2b8,1.7881393432617188e-07,2e-06,54174,0,0,54174,54174.0,0.9873740170561524,0.893666870246547,0.9378536911512467,0.9110024241325536,"[[968.0,0.0,47.0,0.0,0.0],[0.0,472.0,0.0,2.0,0.0],[376.0,0.0,1513.0,1.0,0.0],[1.0,63.0,89.0,49605.0,49.0],[0.0,0.0,0.0,56.0,932.0]]"
row_level,456,teacher,,C_CL_MLP_loss_ext,results/wsnds/evidence_completion_20260811/fgds_controlled_full_routes_10seed_v2/seed_456/teacher_C_CL_MLP_loss_ext_test_predictions.npz,8f46a30d4d01b09769fdddea78949f9dfc8319ed7a437f18556c9450c1847321,1.7881393432617188e-07,2e-06,54174,0,0,56301,56301.0,0.9865366512140105,0.9038920989350601,0.9391167189407421,0.919649098425694,"[[1478.0,0.0,112.0,0.0,0.0],[0.0,493.0,0.0,2.0,0.0],[364.0,0.0,1785.0,0.0,0.0],[0.0,66.0,101.0,50846.0,57.0],[0.0,0.0,0.0,56.0,941.0]]"
inverse_test_group_size,456,teacher,,C_CL_MLP_loss_ext,results/wsnds/evidence_completion_20260811/fgds_controlled_full_routes_10seed_v2/seed_456/teacher_C_CL_MLP_loss_ext_test_predictions.npz,8f46a30d4d01b09769fdddea78949f9dfc8319ed7a437f18556c9450c1847321,1.7881393432617188e-07,2e-06,54174,0,0,56301,54174.0,0.9882785099863403,0.8985472488492954,0.9424677881557223,0.9179591121908744,"[[944.9999999999998,0.0,70.00000000000003,0.0,0.0],[0.0,472.0,0.0,2.0,0.0],[290.00000000000017,0.0,1599.9999999999998,0.0,0.0],[0.0,65.0,97.0,49590.00000000006,55.0],[0.0,0.0,0.0,56.0,932.0]]"
pure_group_representative,456,teacher,,C_CL_MLP_loss_ext,results/wsnds/evidence_completion_20260811/fgds_controlled_full_routes_10seed_v2/seed_456/teacher_C_CL_MLP_loss_ext_test_predictions.npz,8f46a30d4d01b09769fdddea78949f9dfc8319ed7a437f18556c9450c1847321,1.7881393432617188e-07,2e-06,54174,0,0,54174,54174.0,0.9882785099863403,0.8985472488492953,0.9424677881557223,0.9179591121908743,"[[945.0,0.0,70.0,0.0,0.0],[0.0,472.0,0.0,2.0,0.0],[290.0,0.0,1600.0,0.0,0.0],[0.0,65.0,97.0,49590.0,55.0],[0.0,0.0,0.0,56.0,932.0]]"
row_level,456,teacher,,C2_CL_MLP_domain,results/wsnds/evidence_completion_20260811/fgds_controlled_full_routes_10seed_v2/seed_456/teacher_C2_CL_MLP_domain_test_predictions.npz,e6e7d3ee35bf7bce80cae73c727abebd949428b248acce837b8397911c6df58e,2.682209014892578e-07,2e-06,54174,0,0,56301,56301.0,0.9855597591517025,0.8974340711730442,0.9315089882613174,0.9130746487337891,"[[1421.0,0.0,169.0,0.0,0.0],[0.0,493.0,0.0,2.0,0.0],[368.0,0.0,1780.0,1.0,0.0],[0.0,66.0,90.0,50853.0,61.0],[0.0,0.0,0.0,56.0,941.0]]"
inverse_test_group_size,456,teacher,,C2_CL_MLP_domain,results/wsnds/evidence_completion_20260811/fgds_controlled_full_routes_10seed_v2/seed_456/teacher_C2_CL_MLP_domain_test_predictions.npz,e6e7d3ee35bf7bce80cae73c727abebd949428b248acce837b8397911c6df58e,2.682209014892578e-07,2e-06,54174,0,0,56301,54174.0,0.9878539520803338,0.8948243585549829,0.9369494635218878,0.9136937717945666,"[[919.0000000000001,0.0,95.99999999999996,0.0,0.0],[0.0,472.0,0.0,2.0,0.0],[293.0,0.0,1596.0000000000002,1.0,0.0],[0.0,65.0,86.0,49597.00000000006,59.0],[0.0,0.0,0.0,56.0,932.0]]"
pure_group_representative,456,teacher,,C2_CL_MLP_domain,results/wsnds/evidence_completion_20260811/fgds_controlled_full_routes_10seed_v2/seed_456/teacher_C2_CL_MLP_domain_test_predictions.npz,e6e7d3ee35bf7bce80cae73c727abebd949428b248acce837b8397911c6df58e,2.682209014892578e-07,2e-06,54174,0,0,54174,54174.0,0.9878539520803338,0.8948243585549827,0.9369494635218878,0.9136937717945661,"[[919.0,0.0,96.0,0.0,0.0],[0.0,472.0,0.0,2.0,0.0],[293.0,0.0,1596.0,1.0,0.0],[0.0,65.0,86.0,49597.0,59.0],[0.0,0.0,0.0,56.0,932.0]]"
row_level,456,teacher,,G_random_pacing_teacher,results/wsnds/evidence_completion_20260811/fgds_controlled_full_routes_10seed_v2/seed_456/teacher_G_random_pacing_teacher_test_predictions.npz,0988ee56cbbccfbab752ad9b76915cff5a8c825fb1f8f0b009c739900208f17c,2.682209014892578e-07,2e-06,54174,0,0,56301,56301.0,0.9869806930605141,0.9095752540795401,0.9419123352881703,0.9217702420253552,"[[1555.0,0.0,35.0,0.0,0.0],[0.0,493.0,0.0,2.0,0.0],[438.0,0.0,1710.0,1.0,0.0],[1.0,63.0,86.0,50869.0,51.0],[0.0,0.0,0.0,56.0,941.0]]"
inverse_test_group_size,456,teacher,,G_random_pacing_teacher,results/wsnds/evidence_completion_20260811/fgds_controlled_full_routes_10seed_v2/seed_456/teacher_G_random_pacing_teacher_test_predictions.npz,0988ee56cbbccfbab752ad9b76915cff5a8c825fb1f8f0b009c739900208f17c,2.682209014892578e-07,2e-06,54174,0,0,56301,54174.0,0.9887399859711301,0.9031123049753186,0.9468874555522596,0.9206780976802704,"[[989.0,0.0,25.999999999999996,0.0,0.0],[0.0,472.0,0.0,2.0,0.0],[330.00000000000006,0.0,1558.9999999999993,1.0,0.0],[1.0,63.0,82.0,49612.00000000006,49.0],[0.0,0.0,0.0,56.0,932.0]]"
pure_group_representative,456,teacher,,G_random_pacing_teacher,results/wsnds/evidence_completion_20260811/fgds_controlled_full_routes_10seed_v2/seed_456/teacher_G_random_pacing_teacher_test_predictions.npz,0988ee56cbbccfbab752ad9b76915cff5a8c825fb1f8f0b009c739900208f17c,2.682209014892578e-07,2e-06,54174,0,0,54174,54174.0,0.9887399859711301,0.9031123049753182,0.9468874555522596,0.9206780976802701,"[[989.0,0.0,26.0,0.0,0.0],[0.0,472.0,0.0,2.0,0.0],[330.0,0.0,1559.0,1.0,0.0],[1.0,63.0,82.0,49612.0,49.0],[0.0,0.0,0.0,56.0,932.0]]"
row_level,456,teacher,,I_SMOTE_MLP_teacher,results/wsnds/evidence_completion_20260811/fgds_controlled_full_routes_10seed_v2/seed_456/teacher_I_SMOTE_MLP_teacher_test_predictions.npz,4a4a6f6c046a3c4cd65b42d53fe9110914218084a9daf234c9b78fde30836a1d,2.980232238769531e-07,2e-06,54174,0,0,56301,56301.0,0.9920250084367951,0.9355644338761999,0.9720340638627087,0.952937545944095,"[[1573.0,0.0,17.0,0.0,0.0],[0.0,493.0,0.0,2.0,0.0],[135.0,0.0,2013.0,1.0,0.0],[1.0,60.0,94.0,50833.0,82.0],[0.0,0.0,1.0,56.0,940.0]]"
inverse_test_group_size,456,teacher,,I_SMOTE_MLP_teacher,results/wsnds/evidence_completion_20260811/fgds_controlled_full_routes_10seed_v2/seed_456/teacher_I_SMOTE_MLP_teacher_test_predictions.npz,4a4a6f6c046a3c4cd65b42d53fe9110914218084a9daf234c9b78fde30836a1d,2.980232238769531e-07,2e-06,54174,0,0,56301,54174.0,0.9924317938494481,0.9311772091712909,0.9725214954026882,0.9508524615392343,"[[999.9999999999999,0.0,15.0,0.0,0.0],[0.0,472.0,0.0,2.0,0.0],[105.00000000000003,0.0,1783.9999999999998,1.0,0.0],[1.0,60.0,90.0,49577.00000000006,79.0],[0.0,0.0,1.0,56.0,931.0]]"
pure_group_representative,456,teacher,,I_SMOTE_MLP_teacher,results/wsnds/evidence_completion_20260811/fgds_controlled_full_routes_10seed_v2/seed_456/teacher_I_SMOTE_MLP_teacher_test_predictions.npz,4a4a6f6c046a3c4cd65b42d53fe9110914218084a9daf234c9b78fde30836a1d,2.980232238769531e-07,2e-06,54174,0,0,54174,54174.0,0.9924317938494481,0.9311772091712905,0.9725214954026882,0.9508524615392341,"[[1000.0,0.0,15.0,0.0,0.0],[0.0,472.0,0.0,2.0,0.0],[105.0,0.0,1784.0,1.0,0.0],[1.0,60.0,90.0,49577.0,79.0],[0.0,0.0,1.0,56.0,931.0]]"
row_level,456,student,student_A,D_Small_MLP,results/wsnds/confirmation_runs_v2/local_feature_group_10seed_20260811/feature_group_10seed/seed_456/student_A_Small_MLP_scratch_test_predictions.csv,0087df4f9befcbb96f7684a3ba130605e8fc1422b639687460604863caed0ed4,3.400000000430836e-07,2e-06,54174,0,0,56301,56301.0,0.9845651054155343,0.8944474889589544,0.9373186754767987,0.9136135634364955,"[[1499.0,0.0,91.0,0.0,0.0],[0.0,493.0,1.0,1.0,0.0],[407.0,0.0,1741.0,1.0,0.0],[0.0,67.0,193.0,50758.0,52.0],[0.0,0.0,1.0,55.0,941.0]]"
inverse_test_group_size,456,student,student_A,D_Small_MLP,results/wsnds/confirmation_runs_v2/local_feature_group_10seed_20260811/feature_group_10seed/seed_456/student_A_Small_MLP_scratch_test_predictions.csv,0087df4f9befcbb96f7684a3ba130605e8fc1422b639687460604863caed0ed4,3.400000000430836e-07,2e-06,54174,0,0,56301,54174.0,0.9866356554804888,0.8898732148023605,0.9428084613736466,0.913591551108952,"[[956.0,0.0,59.00000000000006,0.0,0.0],[0.0,472.0,1.0,1.0,0.0],[303.00000000000017,0.0,1585.9999999999995,1.0,0.0],[0.0,66.0,187.0,49504.00000000006,50.0],[0.0,0.0,1.0,55.0,932.0]]"
pure_group_representative,456,student,student_A,D_Small_MLP,results/wsnds/confirmation_runs_v2/local_feature_group_10seed_20260811/feature_group_10seed/seed_456/student_A_Small_MLP_scratch_test_predictions.csv,0087df4f9befcbb96f7684a3ba130605e8fc1422b639687460604863caed0ed4,3.400000000430836e-07,2e-06,54174,0,0,54174,54174.0,0.9866356554804888,0.8898732148023603,0.9428084613736466,0.913591551108952,"[[956.0,0.0,59.0,0.0,0.0],[0.0,472.0,1.0,1.0,0.0],[303.0,0.0,1586.0,1.0,0.0],[0.0,66.0,187.0,49504.0,50.0],[0.0,0.0,1.0,55.0,932.0]]"
row_level,456,student,student_A,E_KD_from_RF,results/wsnds/confirmation_runs_v2/local_feature_group_10seed_20260811/feature_group_10seed/seed_456/student_A_KD_from_RF_test_predictions.csv,3dc09ff7412a6c32dd66bafe9ebab1c734885b15e30d4cb2cd79a43205ef2cf8,7.399999999990747e-07,2e-06,54174,0,0,56301,56301.0,0.9852222873483597,0.9013149158351723,0.9219396010105007,0.9096287225595748,"[[1406.0,0.0,183.0,0.0,1.0],[0.0,493.0,0.0,2.0,0.0],[439.0,0.0,1694.0,16.0,0.0],[0.0,59.0,53.0,50935.0,23.0],[0.0,0.0,0.0,56.0,941.0]]"
inverse_test_group_size,456,student,student_A,E_KD_from_RF,results/wsnds/confirmation_runs_v2/local_feature_group_10seed_20260811/feature_group_10seed/seed_456/student_A_KD_from_RF_test_predictions.csv,3dc09ff7412a6c32dd66bafe9ebab1c734885b15e30d4cb2cd79a43205ef2cf8,7.399999999990747e-07,2e-06,54174,0,0,56301,54174.0,0.9885369365378226,0.9038736286516691,0.933481973921719,0.9157387506101674,"[[923.9999999999999,0.0,90.00000000000009,0.0,1.0],[0.0,472.0,0.0,2.0,0.0],[324.0000000000001,0.0,1551.0000000000002,15.0,0.0],[0.0,59.0,51.0,49674.00000000006,23.0],[0.0,0.0,0.0,56.0,932.0]]"
pure_group_representative,456,student,student_A,E_KD_from_RF,results/wsnds/confirmation_runs_v2/local_feature_group_10seed_20260811/feature_group_10seed/seed_456/student_A_KD_from_RF_test_predictions.csv,3dc09ff7412a6c32dd66bafe9ebab1c734885b15e30d4cb2cd79a43205ef2cf8,7.399999999990747e-07,2e-06,54174,0,0,54174,54174.0,0.9885369365378226,0.9038736286516688,0.933481973921719,0.9157387506101673,"[[924.0,0.0,90.0,0.0,1.0],[0.0,472.0,0.0,2.0,0.0],[324.0,0.0,1551.0,15.0,0.0],[0.0,59.0,51.0,49674.0,23.0],[0.0,0.0,0.0,56.0,932.0]]"
row_level,456,student,student_A,E2_KD_from_MLP,results/wsnds/evidence_completion_20260811/fgds_controlled_full_routes_10seed_v2/seed_456/student_A_E2_KD_from_MLP_test_predictions.npz,5cbb4536778ec13ddc2f4e2d6abedc1e7836ed52962bbac9ddda5c8995a9c7c1,5.960464477539062e-07,2e-06,54174,0,0,56301,56301.0,0.9860393243459263,0.9004121513016272,0.9351555834843616,0.9155420090058104,"[[1472.0,0.0,118.0,0.0,0.0],[0.0,493.0,0.0,2.0,0.0],[399.0,0.0,1750.0,0.0,0.0],[0.0,67.0,83.0,50859.0,61.0],[0.0,0.0,0.0,56.0,941.0]]"
inverse_test_group_size,456,student,student_A,E2_KD_from_MLP,results/wsnds/evidence_completion_20260811/fgds_controlled_full_routes_10seed_v2/seed_456/student_A_E2_KD_from_MLP_test_predictions.npz,5cbb4536778ec13ddc2f4e2d6abedc1e7836ed52962bbac9ddda5c8995a9c7c1,5.960464477539062e-07,2e-06,54174,0,0,56301,54174.0,0.9879831653560749,0.8954108562523034,0.9388126369806338,0.9142358304619019,"[[938.0,0.0,77.00000000000001,0.0,0.0],[0.0,472.0,0.0,2.0,0.0],[311.99999999999994,0.0,1577.9999999999998,0.0,0.0],[0.0,66.0,79.0,49603.00000000006,59.0],[0.0,0.0,0.0,56.0,932.0]]"
pure_group_representative,456,student,student_A,E2_KD_from_MLP,results/wsnds/evidence_completion_20260811/fgds_controlled_full_routes_10seed_v2/seed_456/student_A_E2_KD_from_MLP_test_predictions.npz,5cbb4536778ec13ddc2f4e2d6abedc1e7836ed52962bbac9ddda5c8995a9c7c1,5.960464477539062e-07,2e-06,54174,0,0,54174,54174.0,0.9879831653560749,0.8954108562523031,0.9388126369806338,0.9142358304619016,"[[938.0,0.0,77.0,0.0,0.0],[0.0,472.0,0.0,2.0,0.0],[312.0,0.0,1578.0,0.0,0.0],[0.0,66.0,79.0,49603.0,59.0],[0.0,0.0,0.0,56.0,932.0]]"
row_level,456,student,student_A,F_KD_from_CL_MLP_fair,results/wsnds/evidence_completion_20260811/fgds_controlled_full_routes_10seed_v2/seed_456/student_A_F_KD_from_CL_MLP_fair_test_predictions.npz,06d7103d19e77e86361bd61bbfac6cae5f91b8038a4b99cd5057133a7df9a323,1.1324882507324219e-06,2e-06,54174,0,0,56301,56301.0,0.9857373758903039,0.9013397336409857,0.9336218092630204,0.9143222658720245,"[[1498.0,0.0,92.0,0.0,0.0],[0.0,493.0,0.0,2.0,0.0],[449.0,0.0,1698.0,2.0,0.0],[0.0,63.0,86.0,50868.0,53.0],[0.0,0.0,0.0,56.0,941.0]]"
inverse_test_group_size,456,student,student_A,F_KD_from_CL_MLP_fair,results/wsnds/evidence_completion_20260811/fgds_controlled_full_routes_10seed_v2/seed_456/student_A_F_KD_from_CL_MLP_fair_test_predictions.npz,06d7103d19e77e86361bd61bbfac6cae5f91b8038a4b99cd5057133a7df9a323,1.1324882507324219e-06,2e-06,54174,0,0,56301,54174.0,0.9880385424742496,0.8976301424514403,0.9398558919689721,0.9151508842580857,"[[956.0000000000001,0.0,59.00000000000005,0.0,0.0],[0.0,472.0,0.0,2.0,0.0],[335.0000000000001,0.0,1553.9999999999998,1.0,0.0],[0.0,62.0,82.0,49612.00000000006,51.0],[0.0,0.0,0.0,56.0,932.0]]"
pure_group_representative,456,student,student_A,F_KD_from_CL_MLP_fair,results/wsnds/evidence_completion_20260811/fgds_controlled_full_routes_10seed_v2/seed_456/student_A_F_KD_from_CL_MLP_fair_test_predictions.npz,06d7103d19e77e86361bd61bbfac6cae5f91b8038a4b99cd5057133a7df9a323,1.1324882507324219e-06,2e-06,54174,0,0,54174,54174.0,0.9880385424742496,0.8976301424514401,0.9398558919689721,0.9151508842580857,"[[956.0,0.0,59.0,0.0,0.0],[0.0,472.0,0.0,2.0,0.0],[335.0,0.0,1554.0,1.0,0.0],[0.0,62.0,82.0,49612.0,51.0],[0.0,0.0,0.0,56.0,932.0]]"
row_level,456,student,student_A,F_KD_from_CL_MLP_ext,results/wsnds/evidence_completion_20260811/fgds_controlled_full_routes_10seed_v2/seed_456/student_A_F_KD_from_CL_MLP_ext_test_predictions.npz,7b946734dc277c6ff99d4a2e6eb4ae480587a3e97547918479cd651b2a43f2e0,9.834766387939453e-07,2e-06,54174,0,0,56301,56301.0,0.9848137688495764,0.8952891685006034,0.9311453006946062,0.9090930748632292,"[[1513.0,0.0,77.0,0.0,0.0],[0.0,493.0,0.0,2.0,0.0],[496.0,0.0,1652.0,0.0,1.0],[0.0,64.0,91.0,50847.0,68.0],[0.0,0.0,0.0,56.0,941.0]]"
inverse_test_group_size,456,student,student_A,F_KD_from_CL_MLP_ext,results/wsnds/evidence_completion_20260811/fgds_controlled_full_routes_10seed_v2/seed_456/student_A_F_KD_from_CL_MLP_ext_test_predictions.npz,7b946734dc277c6ff99d4a2e6eb4ae480587a3e97547918479cd651b2a43f2e0,9.834766387939453e-07,2e-06,54174,0,0,56301,54174.0,0.9870971314652786,0.8902498119379908,0.9371443086728842,0.9092073122936695,"[[961.9999999999998,0.0,53.00000000000003,0.0,0.0],[0.0,472.0,0.0,2.0,0.0],[371.00000000000006,0.0,1517.9999999999993,0.0,1.0],[0.0,63.0,87.0,49591.00000000006,66.0],[0.0,0.0,0.0,56.0,932.0]]"
pure_group_representative,456,student,student_A,F_KD_from_CL_MLP_ext,results/wsnds/evidence_completion_20260811/fgds_controlled_full_routes_10seed_v2/seed_456/student_A_F_KD_from_CL_MLP_ext_test_predictions.npz,7b946734dc277c6ff99d4a2e6eb4ae480587a3e97547918479cd651b2a43f2e0,9.834766387939453e-07,2e-06,54174,0,0,54174,54174.0,0.9870971314652786,0.8902498119379907,0.9371443086728843,0.9092073122936692,"[[962.0,0.0,53.0,0.0,0.0],[0.0,472.0,0.0,2.0,0.0],[371.0,0.0,1518.0,0.0,1.0],[0.0,63.0,87.0,49591.0,66.0],[0.0,0.0,0.0,56.0,932.0]]"
row_level,456,student,student_A,G_KD_random_pacing,results/wsnds/evidence_completion_20260811/fgds_controlled_full_routes_10seed_v2/seed_456/student_A_G_KD_random_pacing_test_predictions.npz,696f4062dc50d21a8b045bb956a899a3b58e4627884ee671e84b09b7b574f5c4,6.556510925292969e-07,2e-06,54174,0,0,56301,56301.0,0.9854176657608213,0.8988425813312022,0.9320888781399965,0.9125017737218013,"[[1486.0,0.0,104.0,0.0,0.0],[0.0,493.0,0.0,2.0,0.0],[448.0,0.0,1698.0,3.0,0.0],[0.0,63.0,86.0,50862.0,59.0],[0.0,0.0,0.0,56.0,941.0]]"
inverse_test_group_size,456,student,student_A,G_KD_random_pacing,results/wsnds/evidence_completion_20260811/fgds_controlled_full_routes_10seed_v2/seed_456/student_A_G_KD_random_pacing_test_predictions.npz,696f4062dc50d21a8b045bb956a899a3b58e4627884ee671e84b09b7b574f5c4,6.556510925292969e-07,2e-06,54174,0,0,56301,54174.0,0.9876324436076347,0.89424649027487,0.9367703138395452,0.9122439286050404,"[[940.9999999999997,0.0,74.00000000000001,0.0,0.0],[0.0,472.0,0.0,2.0,0.0],[335.00000000000006,0.0,1552.9999999999993,2.0,0.0],[0.0,62.0,82.0,49606.00000000006,57.0],[0.0,0.0,0.0,56.0,932.0]]"
pure_group_representative,456,student,student_A,G_KD_random_pacing,results/wsnds/evidence_completion_20260811/fgds_controlled_full_routes_10seed_v2/seed_456/student_A_G_KD_random_pacing_test_predictions.npz,696f4062dc50d21a8b045bb956a899a3b58e4627884ee671e84b09b7b574f5c4,6.556510925292969e-07,2e-06,54174,0,0,54174,54174.0,0.9876324436076347,0.8942464902748698,0.9367703138395453,0.9122439286050404,"[[941.0,0.0,74.0,0.0,0.0],[0.0,472.0,0.0,2.0,0.0],[335.0,0.0,1553.0,2.0,0.0],[0.0,62.0,82.0,49606.0,57.0],[0.0,0.0,0.0,56.0,932.0]]"
row_level,456,student,student_A,I_KD_from_SMOTE_MLP,results/wsnds/evidence_completion_20260811/fgds_controlled_full_routes_10seed_v2/seed_456/student_A_I_KD_from_SMOTE_MLP_test_predictions.npz,734eb1f79d4f884dbbdf9ed6020a8bc715fe81fd57de42c84d11a4a9bfca3c0f,1.3113021850585938e-06,2e-06,54174,0,0,56301,56301.0,0.9849736239143176,0.8953186164793057,0.9313579123459574,0.91042222192083,"[[1483.0,0.0,107.0,0.0,0.0],[0.0,493.0,0.0,2.0,0.0],[453.0,0.0,1695.0,1.0,0.0],[0.0,60.0,90.0,50843.0,77.0],[0.0,0.0,0.0,56.0,941.0]]"
inverse_test_group_size,456,student,student_A,I_KD_from_SMOTE_MLP,results/wsnds/evidence_completion_20260811/fgds_controlled_full_routes_10seed_v2/seed_456/student_A_I_KD_from_SMOTE_MLP_test_predictions.npz,734eb1f79d4f884dbbdf9ed6020a8bc715fe81fd57de42c84d11a4a9bfca3c0f,1.3113021850585938e-06,2e-06,54174,0,0,56301,54174.0,0.9874109351349356,0.8924168951189859,0.9391891811911496,0.9120362283917623,"[[957.9999999999999,0.0,57.00000000000005,0.0,0.0],[0.0,472.0,0.0,2.0,0.0],[344.0,0.0,1545.0,1.0,0.0],[0.0,60.0,87.0,49585.00000000006,75.0],[0.0,0.0,0.0,56.0,932.0]]"
pure_group_representative,456,student,student_A,I_KD_from_SMOTE_MLP,results/wsnds/evidence_completion_20260811/fgds_controlled_full_routes_10seed_v2/seed_456/student_A_I_KD_from_SMOTE_MLP_test_predictions.npz,734eb1f79d4f884dbbdf9ed6020a8bc715fe81fd57de42c84d11a4a9bfca3c0f,1.3113021850585938e-06,2e-06,54174,0,0,54174,54174.0,0.9874109351349356,0.8924168951189856,0.9391891811911496,0.9120362283917623,"[[958.0,0.0,57.0,0.0,0.0],[0.0,472.0,0.0,2.0,0.0],[344.0,0.0,1545.0,1.0,0.0],[0.0,60.0,87.0,49585.0,75.0],[0.0,0.0,0.0,56.0,932.0]]"
row_level,456,student,student_A,J_CoDistill_RF_CL,results/wsnds/evidence_completion_20260811/fgds_controlled_full_routes_10seed_v2/seed_456/student_A_J_CoDistill_RF_CL_test_predictions.npz,adc69d2dd932a0460d6fe813f89112b41151c6e37f7aa2c105e3a65203572e4f,7.450580596923828e-07,2e-06,54174,0,0,56301,56301.0,0.9855775208255626,0.9010130254038572,0.9263298612583071,0.9121366106786862,"[[1407.0,0.0,183.0,0.0,0.0],[0.0,493.0,0.0,2.0,0.0],[402.0,0.0,1741.0,6.0,0.0],[0.0,60.0,66.0,50907.0,37.0],[0.0,0.0,0.0,56.0,941.0]]"
inverse_test_group_size,456,student,student_A,J_CoDistill_RF_CL,results/wsnds/evidence_completion_20260811/fgds_controlled_full_routes_10seed_v2/seed_456/student_A_J_CoDistill_RF_CL_test_predictions.npz,adc69d2dd932a0460d6fe813f89112b41151c6e37f7aa2c105e3a65203572e4f,7.450580596923828e-07,2e-06,54174,0,0,56301,54174.0,0.9882969690257319,0.9001103921208016,0.9332830642584977,0.9144462297030447,"[[908.9999999999995,0.0,106.0,0.0,0.0],[0.0,472.0,0.0,2.0,0.0],[307.0000000000001,0.0,1578.0000000000002,5.0,0.0],[0.0,60.0,63.0,49649.00000000006,35.0],[0.0,0.0,0.0,56.0,932.0]]"
pure_group_representative,456,student,student_A,J_CoDistill_RF_CL,results/wsnds/evidence_completion_20260811/fgds_controlled_full_routes_10seed_v2/seed_456/student_A_J_CoDistill_RF_CL_test_predictions.npz,adc69d2dd932a0460d6fe813f89112b41151c6e37f7aa2c105e3a65203572e4f,7.450580596923828e-07,2e-06,54174,0,0,54174,54174.0,0.9882969690257319,0.9001103921208014,0.9332830642584978,0.9144462297030446,"[[909.0,0.0,106.0,0.0,0.0],[0.0,472.0,0.0,2.0,0.0],[307.0,0.0,1578.0,5.0,0.0],[0.0,60.0,63.0,49649.0,35.0],[0.0,0.0,0.0,56.0,932.0]]"
row_level,456,student,student_B,D_Small_MLP,results/wsnds/confirmation_runs_v2/local_feature_group_10seed_20260811/feature_group_10seed/seed_456/student_B_Small_MLP_scratch_test_predictions.csv,83d1eb331a2115ddc1b93d42b03e4166cafab7c005a3bff5c9d9db18712cb011,0.0,2e-06,54174,0,0,56301,56301.0,0.989804799204277,0.9228458366091992,0.9537693988950341,0.9370623905452933,"[[1506.0,0.0,84.0,0.0,0.0],[0.0,493.0,0.0,2.0,0.0],[244.0,0.0,1903.0,2.0,0.0],[1.0,68.0,68.0,50884.0,49.0],[0.0,0.0,0.0,56.0,941.0]]"
inverse_test_group_size,456,student,student_B,D_Small_MLP,results/wsnds/confirmation_runs_v2/local_feature_group_10seed_20260811/feature_group_10seed/seed_456/student_B_Small_MLP_scratch_test_predictions.csv,83d1eb331a2115ddc1b93d42b03e4166cafab7c005a3bff5c9d9db18712cb011,0.0,2e-06,54174,0,0,56301,54174.0,0.9909181526193377,0.9179359150771014,0.9542087701597957,0.9347031061655338,"[[948.0,0.0,67.00000000000004,0.0,0.0],[0.0,472.0,0.0,2.0,0.0],[183.99999999999991,0.0,1703.9999999999995,2.0,0.0],[1.0,68.0,65.0,49626.00000000006,47.0],[0.0,0.0,0.0,56.0,932.0]]"
pure_group_representative,456,student,student_B,D_Small_MLP,results/wsnds/confirmation_runs_v2/local_feature_group_10seed_20260811/feature_group_10seed/seed_456/student_B_Small_MLP_scratch_test_predictions.csv,83d1eb331a2115ddc1b93d42b03e4166cafab7c005a3bff5c9d9db18712cb011,0.0,2e-06,54174,0,0,54174,54174.0,0.9909181526193377,0.9179359150771009,0.9542087701597957,0.9347031061655336,"[[948.0,0.0,67.0,0.0,0.0],[0.0,472.0,0.0,2.0,0.0],[184.0,0.0,1704.0,2.0,0.0],[1.0,68.0,65.0,49626.0,47.0],[0.0,0.0,0.0,56.0,932.0]]"
row_level,456,student,student_B,E_KD_from_RF,results/wsnds/confirmation_runs_v2/local_feature_group_10seed_20260811/feature_group_10seed/seed_456/student_B_KD_from_RF_test_predictions.csv,2cc4fa8bb8c6ce6a18b4926dfdab8182b25b47cb19603a59fbc959b74870f2af,0.0,2e-06,54174,0,0,56301,56301.0,0.9907994529404451,0.9347239749125814,0.9522635743324702,0.9428272336495136,"[[1456.0,0.0,133.0,0.0,1.0],[0.0,493.0,0.0,2.0,0.0],[182.0,0.0,1952.0,15.0,0.0],[0.0,59.0,51.0,50941.0,19.0],[0.0,0.0,0.0,56.0,941.0]]"
inverse_test_group_size,456,student,student_B,E_KD_from_RF,results/wsnds/confirmation_runs_v2/local_feature_group_10seed_20260811/feature_group_10seed/seed_456/student_B_KD_from_RF_test_predictions.csv,2cc4fa8bb8c6ce6a18b4926dfdab8182b25b47cb19603a59fbc959b74870f2af,0.0,2e-06,54174,0,0,56301,54174.0,0.9919703178646583,0.9311166722660152,0.952918582884935,0.9411788791177461,"[[927.9999999999995,0.0,86.00000000000003,0.0,1.0],[0.0,472.0,0.0,2.0,0.0],[148.99999999999997,0.0,1726.9999999999995,14.0,0.0],[0.0,59.0,49.0,49680.00000000006,19.0],[0.0,0.0,0.0,56.0,932.0]]"
pure_group_representative,456,student,student_B,E_KD_from_RF,results/wsnds/confirmation_runs_v2/local_feature_group_10seed_20260811/feature_group_10seed/seed_456/student_B_KD_from_RF_test_predictions.csv,2cc4fa8bb8c6ce6a18b4926dfdab8182b25b47cb19603a59fbc959b74870f2af,0.0,2e-06,54174,0,0,54174,54174.0,0.9919703178646583,0.9311166722660149,0.9529185828849351,0.9411788791177461,"[[928.0,0.0,86.0,0.0,1.0],[0.0,472.0,0.0,2.0,0.0],[149.0,0.0,1727.0,14.0,0.0],[0.0,59.0,49.0,49680.0,19.0],[0.0,0.0,0.0,56.0,932.0]]"
row_level,456,student,student_B,E2_KD_from_MLP,results/wsnds/evidence_completion_20260811/fgds_controlled_full_routes_10seed_v2/seed_456/student_B_E2_KD_from_MLP_test_predictions.npz,20d9cbb361292ec78396a9e18c0d0da7c85e95cfd0aa5d958e9fa3d299627b4c,0.0,2e-06,54174,0,0,56301,56301.0,0.9876378749933393,0.9104442571952168,0.9456603594373376,0.9257195687462711,"[[1524.0,0.0,66.0,0.0,0.0],[0.0,493.0,0.0,2.0,0.0],[354.0,0.0,1795.0,0.0,0.0],[1.0,67.0,93.0,50853.0,56.0],[0.0,0.0,1.0,56.0,940.0]]"
inverse_test_group_size,456,student,student_B,E2_KD_from_MLP,results/wsnds/evidence_completion_20260811/fgds_controlled_full_routes_10seed_v2/seed_456/student_B_E2_KD_from_MLP_test_predictions.npz,20d9cbb361292ec78396a9e18c0d0da7c85e95cfd0aa5d958e9fa3d299627b4c,0.0,2e-06,54174,0,0,56301,54174.0,0.9889984125226123,0.9035449578298425,0.9473363428924332,0.9227852254925454,"[[961.9999999999999,0.0,53.000000000000036,0.0,0.0],[0.0,472.0,0.0,2.0,0.0],[274.00000000000006,0.0,1615.9999999999995,0.0,0.0],[1.0,66.0,89.0,49597.00000000006,54.0],[0.0,0.0,1.0,56.0,931.0]]"
pure_group_representative,456,student,student_B,E2_KD_from_MLP,results/wsnds/evidence_completion_20260811/fgds_controlled_full_routes_10seed_v2/seed_456/student_B_E2_KD_from_MLP_test_predictions.npz,20d9cbb361292ec78396a9e18c0d0da7c85e95cfd0aa5d958e9fa3d299627b4c,0.0,2e-06,54174,0,0,54174,54174.0,0.9889984125226123,0.9035449578298422,0.9473363428924332,0.9227852254925452,"[[962.0,0.0,53.0,0.0,0.0],[0.0,472.0,0.0,2.0,0.0],[274.0,0.0,1616.0,0.0,0.0],[1.0,66.0,89.0,49597.0,54.0],[0.0,0.0,1.0,56.0,931.0]]"
row_level,456,student,student_B,F_KD_from_CL_MLP_fair,results/wsnds/evidence_completion_20260811/fgds_controlled_full_routes_10seed_v2/seed_456/student_B_F_KD_from_CL_MLP_fair_test_predictions.npz,913275f76bf9b4816ee42d7bce2d7003e9841910b0e442c7631e99014bfc69fd,0.0,2e-06,54174,0,0,56301,56301.0,0.9872648798422763,0.9088342598569147,0.941707685519724,0.9236280675674176,"[[1482.0,0.0,107.0,0.0,1.0],[0.0,493.0,0.0,2.0,0.0],[340.0,0.0,1809.0,0.0,0.0],[1.0,63.0,93.0,50860.0,53.0],[0.0,0.0,1.0,56.0,940.0]]"
inverse_test_group_size,456,student,student_B,F_KD_from_CL_MLP_fair,results/wsnds/evidence_completion_20260811/fgds_controlled_full_routes_10seed_v2/seed_456/student_B_F_KD_from_CL_MLP_fair_test_predictions.npz,913275f76bf9b4816ee42d7bce2d7003e9841910b0e442c7631e99014bfc69fd,0.0,2e-06,54174,0,0,56301,54174.0,0.9889061173256544,0.9034675281313737,0.9449192755192144,0.9218917072068263,"[[948.0,0.0,66.00000000000006,0.0,1.0],[0.0,472.0,0.0,2.0,0.0],[270.99999999999994,0.0,1618.9999999999998,0.0,0.0],[1.0,63.0,89.0,49603.00000000006,51.0],[0.0,0.0,1.0,56.0,931.0]]"
pure_group_representative,456,student,student_B,F_KD_from_CL_MLP_fair,results/wsnds/evidence_completion_20260811/fgds_controlled_full_routes_10seed_v2/seed_456/student_B_F_KD_from_CL_MLP_fair_test_predictions.npz,913275f76bf9b4816ee42d7bce2d7003e9841910b0e442c7631e99014bfc69fd,0.0,2e-06,54174,0,0,54174,54174.0,0.9889061173256544,0.9034675281313735,0.9449192755192144,0.9218917072068262,"[[948.0,0.0,66.0,0.0,1.0],[0.0,472.0,0.0,2.0,0.0],[271.0,0.0,1619.0,0.0,0.0],[1.0,63.0,89.0,49603.0,51.0],[0.0,0.0,1.0,56.0,931.0]]"
row_level,456,student,student_B,F_KD_from_CL_MLP_ext,results/wsnds/evidence_completion_20260811/fgds_controlled_full_routes_10seed_v2/seed_456/student_B_F_KD_from_CL_MLP_ext_test_predictions.npz,c2244446371701163b470982348b0632606fda47e0e43c02eb7c773a157282ac,0.0,2e-06,54174,0,0,56301,56301.0,0.9871405481252553,0.907290224024454,0.9418115185355724,0.922884984788744,"[[1480.0,0.0,110.0,0.0,0.0],[0.0,493.0,0.0,2.0,0.0],[338.0,0.0,1811.0,0.0,0.0],[0.0,67.0,97.0,50852.0,54.0],[0.0,0.0,0.0,56.0,941.0]]"
inverse_test_group_size,456,student,student_B,F_KD_from_CL_MLP_ext,results/wsnds/evidence_completion_20260811/fgds_controlled_full_routes_10seed_v2/seed_456/student_B_F_KD_from_CL_MLP_ext_test_predictions.npz,c2244446371701163b470982348b0632606fda47e0e43c02eb7c773a157282ac,0.0,2e-06,54174,0,0,56301,54174.0,0.9886846088529553,0.9013862605133152,0.9434552090145779,0.9203302916905087,"[[936.9999999999998,0.0,78.00000000000003,0.0,0.0],[0.0,472.0,0.0,2.0,0.0],[265.99999999999994,0.0,1623.9999999999998,0.0,0.0],[0.0,66.0,93.0,49596.00000000006,52.0],[0.0,0.0,0.0,56.0,932.0]]"
pure_group_representative,456,student,student_B,F_KD_from_CL_MLP_ext,results/wsnds/evidence_completion_20260811/fgds_controlled_full_routes_10seed_v2/seed_456/student_B_F_KD_from_CL_MLP_ext_test_predictions.npz,c2244446371701163b470982348b0632606fda47e0e43c02eb7c773a157282ac,0.0,2e-06,54174,0,0,54174,54174.0,0.9886846088529553,0.9013862605133148,0.9434552090145779,0.9203302916905087,"[[937.0,0.0,78.0,0.0,0.0],[0.0,472.0,0.0,2.0,0.0],[266.0,0.0,1624.0,0.0,0.0],[0.0,66.0,93.0,49596.0,52.0],[0.0,0.0,0.0,56.0,932.0]]"
row_level,456,student,student_B,G_KD_random_pacing,results/wsnds/evidence_completion_20260811/fgds_controlled_full_routes_10seed_v2/seed_456/student_B_G_KD_random_pacing_test_predictions.npz,fad54e98413aad2381c588b8de128c839b18eaba5f503616b82f6530ef053139,0.0,2e-06,54174,0,0,56301,56301.0,0.987335926537717,0.9095955124892816,0.941408844918042,0.9238774381287593,"[[1480.0,0.0,110.0,0.0,0.0],[0.0,493.0,0.0,2.0,0.0],[343.0,0.0,1806.0,0.0,0.0],[0.0,61.0,87.0,50868.0,54.0],[0.0,0.0,0.0,56.0,941.0]]"
inverse_test_group_size,456,student,student_B,G_KD_random_pacing,results/wsnds/evidence_completion_20260811/fgds_controlled_full_routes_10seed_v2/seed_456/student_B_G_KD_random_pacing_test_predictions.npz,fad54e98413aad2381c588b8de128c839b18eaba5f503616b82f6530ef053139,0.0,2e-06,54174,0,0,56301,54174.0,0.9893122161922694,0.9066973318293808,0.9461645931266869,0.9244777576929268,"[[944.0000000000001,0.0,71.00000000000001,0.0,0.0],[0.0,472.0,0.0,2.0,0.0],[253.99999999999991,0.0,1635.9999999999993,0.0,0.0],[0.0,61.0,83.0,49611.00000000006,52.0],[0.0,0.0,0.0,56.0,932.0]]"
pure_group_representative,456,student,student_B,G_KD_random_pacing,results/wsnds/evidence_completion_20260811/fgds_controlled_full_routes_10seed_v2/seed_456/student_B_G_KD_random_pacing_test_predictions.npz,fad54e98413aad2381c588b8de128c839b18eaba5f503616b82f6530ef053139,0.0,2e-06,54174,0,0,54174,54174.0,0.9893122161922694,0.9066973318293806,0.9461645931266869,0.9244777576929266,"[[944.0,0.0,71.0,0.0,0.0],[0.0,472.0,0.0,2.0,0.0],[254.0,0.0,1636.0,0.0,0.0],[0.0,61.0,83.0,49611.0,52.0],[0.0,0.0,0.0,56.0,932.0]]"
row_level,456,student,student_B,I_KD_from_SMOTE_MLP,results/wsnds/evidence_completion_20260811/fgds_controlled_full_routes_10seed_v2/seed_456/student_B_I_KD_from_SMOTE_MLP_test_predictions.npz,056e983b48133ff466dc068929743bff08ff334b27218a9980353bc633eb3356,0.0,2e-06,54174,0,0,56301,56301.0,0.9857906609118844,0.8999499703381983,0.9329640381128191,0.9157740737346727,"[[1374.0,0.0,216.0,0.0,0.0],[0.0,493.0,0.0,2.0,0.0],[288.0,0.0,1860.0,1.0,0.0],[1.0,60.0,106.0,50833.0,70.0],[0.0,0.0,0.0,56.0,941.0]]"
inverse_test_group_size,456,student,student_B,I_KD_from_SMOTE_MLP,results/wsnds/evidence_completion_20260811/fgds_controlled_full_routes_10seed_v2/seed_456/student_B_I_KD_from_SMOTE_MLP_test_predictions.npz,056e983b48133ff466dc068929743bff08ff334b27218a9980353bc633eb3356,0.0,2e-06,54174,0,0,56301,54174.0,0.9879647063166833,0.8973368524316712,0.9367118813204905,0.9159884523250412,"[[885.9999999999998,0.0,128.99999999999991,0.0,0.0],[0.0,472.0,0.0,2.0,0.0],[232.9999999999999,0.0,1655.9999999999995,1.0,0.0],[1.0,60.0,102.0,49576.00000000006,68.0],[0.0,0.0,0.0,56.0,932.0]]"
pure_group_representative,456,student,student_B,I_KD_from_SMOTE_MLP,results/wsnds/evidence_completion_20260811/fgds_controlled_full_routes_10seed_v2/seed_456/student_B_I_KD_from_SMOTE_MLP_test_predictions.npz,056e983b48133ff466dc068929743bff08ff334b27218a9980353bc633eb3356,0.0,2e-06,54174,0,0,54174,54174.0,0.9879647063166833,0.8973368524316709,0.9367118813204908,0.915988452325041,"[[886.0,0.0,129.0,0.0,0.0],[0.0,472.0,0.0,2.0,0.0],[233.0,0.0,1656.0,1.0,0.0],[1.0,60.0,102.0,49576.0,68.0],[0.0,0.0,0.0,56.0,932.0]]"
row_level,456,student,student_B,J_CoDistill_RF_CL,results/wsnds/evidence_completion_20260811/fgds_controlled_full_routes_10seed_v2/seed_456/student_B_J_CoDistill_RF_CL_test_predictions.npz,1ba461831efbbf05ee6de34458a853fd6e4d492fc8118f28325bf2589702e7ac,0.0,2e-06,54174,0,0,56301,56301.0,0.9888456688158292,0.9208168952768112,0.9455220700799506,0.9316156272368339,"[[1492.0,0.0,98.0,0.0,0.0],[0.0,493.0,0.0,2.0,0.0],[311.0,0.0,1832.0,6.0,0.0],[0.0,60.0,63.0,50915.0,32.0],[0.0,0.0,0.0,56.0,941.0]]"
inverse_test_group_size,456,student,student_B,J_CoDistill_RF_CL,results/wsnds/evidence_completion_20260811/fgds_controlled_full_routes_10seed_v2/seed_456/student_B_J_CoDistill_RF_CL_test_predictions.npz,1ba461831efbbf05ee6de34458a853fd6e4d492fc8118f28325bf2589702e7ac,0.0,2e-06,54174,0,0,56301,54174.0,0.9901059548861078,0.913901624925221,0.9459512019490566,0.9279789842686613,"[[942.0,0.0,73.0,0.0,0.0],[0.0,472.0,0.0,2.0,0.0],[248.99999999999994,0.0,1635.9999999999998,5.0,0.0],[0.0,60.0,60.0,49656.00000000006,31.0],[0.0,0.0,0.0,56.0,932.0]]"
pure_group_representative,456,student,student_B,J_CoDistill_RF_CL,results/wsnds/evidence_completion_20260811/fgds_controlled_full_routes_10seed_v2/seed_456/student_B_J_CoDistill_RF_CL_test_predictions.npz,1ba461831efbbf05ee6de34458a853fd6e4d492fc8118f28325bf2589702e7ac,0.0,2e-06,54174,0,0,54174,54174.0,0.9901059548861078,0.9139016249252204,0.9459512019490566,0.9279789842686611,"[[942.0,0.0,73.0,0.0,0.0],[0.0,472.0,0.0,2.0,0.0],[249.0,0.0,1636.0,5.0,0.0],[0.0,60.0,60.0,49656.0,31.0],[0.0,0.0,0.0,56.0,932.0]]"
row_level,789,teacher,,A_RF_500_uncalibrated,results/wsnds/evidence_completion_20260811/fgds_controlled_full_routes_10seed_v2/seed_789/teacher_A_RF_500_uncalibrated_test_predictions.npz,d95f75914bd9a6ac118acf2fe89a1a571852880a0f7341fa089ca07d83e5a55b,0.0,2e-06,54174,0,0,56301,56301.0,0.9968206603790342,0.9774361762416228,0.9825536960510307,0.9795377300875343,"[[1587.0,0.0,3.0,0.0,0.0],[0.0,493.0,0.0,2.0,0.0],[28.0,0.0,2100.0,21.0,0.0],[0.0,42.0,23.0,51002.0,3.0],[0.0,0.0,0.0,57.0,940.0]]"
inverse_test_group_size,789,teacher,,A_RF_500_uncalibrated,results/wsnds/evidence_completion_20260811/fgds_controlled_full_routes_10seed_v2/seed_789/teacher_A_RF_500_uncalibrated_test_predictions.npz,d95f75914bd9a6ac118acf2fe89a1a571852880a0f7341fa089ca07d83e5a55b,0.0,2e-06,54174,0,0,56301,54174.0,0.9968435042640381,0.975858873799847,0.9824148452730528,0.9786516674554582,"[[1011.9999999999998,0.0,3.0,0.0,0.0],[0.0,472.0,0.0,2.0,0.0],[20.999999999999996,0.0,1849.0,20.0,0.0],[0.0,42.0,23.0,49739.00000000006,3.0],[0.0,0.0,0.0,57.0,931.0]]"
pure_group_representative,789,teacher,,A_RF_500_uncalibrated,results/wsnds/evidence_completion_20260811/fgds_controlled_full_routes_10seed_v2/seed_789/teacher_A_RF_500_uncalibrated_test_predictions.npz,d95f75914bd9a6ac118acf2fe89a1a571852880a0f7341fa089ca07d83e5a55b,0.0,2e-06,54174,0,0,54174,54174.0,0.9968435042640381,0.9758588737998469,0.9824148452730528,0.978651667455458,"[[1012.0,0.0,3.0,0.0,0.0],[0.0,472.0,0.0,2.0,0.0],[21.0,0.0,1849.0,20.0,0.0],[0.0,42.0,23.0,49739.0,3.0],[0.0,0.0,0.0,57.0,931.0]]"
row_level,789,teacher,,A_calibrated_RF_KD_teacher,results/wsnds/confirmation_runs_v2/local_feature_group_10seed_20260811/feature_group_10seed/seed_789/RF_teacher_test_predictions.csv,ceef70bb2ae2a57653d44cc4023c0ab81d5d8a8beb5b2ba81cb5d4135010f243,0.0,2e-06,54174,0,0,56301,56301.0,0.9966963286620131,0.978278473975938,0.9808800653581754,0.9791988340176052,"[[1574.0,0.0,16.0,0.0,0.0],[0.0,492.0,0.0,3.0,0.0],[20.0,0.0,2106.0,23.0,0.0],[0.0,38.0,25.0,51004.0,3.0],[0.0,0.0,1.0,57.0,939.0]]"
inverse_test_group_size,789,teacher,,A_calibrated_RF_KD_teacher,results/wsnds/confirmation_runs_v2/local_feature_group_10seed_20260811/feature_group_10seed/seed_789/RF_teacher_test_predictions.csv,ceef70bb2ae2a57653d44cc4023c0ab81d5d8a8beb5b2ba81cb5d4135010f243,0.0,2e-06,54174,0,0,56301,54174.0,0.9967512090670801,0.9771202613277812,0.9802659391448353,0.9782906029086366,"[[1000.9999999999999,0.0,14.0,0.0,0.0],[0.0,471.0,0.0,3.0,0.0],[13.999999999999996,0.0,1855.0,21.0,0.0],[0.0,38.0,25.0,49741.00000000006,3.0],[0.0,0.0,1.0,57.0,930.0]]"
pure_group_representative,789,teacher,,A_calibrated_RF_KD_teacher,results/wsnds/confirmation_runs_v2/local_feature_group_10seed_20260811/feature_group_10seed/seed_789/RF_teacher_test_predictions.csv,ceef70bb2ae2a57653d44cc4023c0ab81d5d8a8beb5b2ba81cb5d4135010f243,0.0,2e-06,54174,0,0,54174,54174.0,0.9967512090670801,0.9771202613277812,0.9802659391448353,0.9782906029086366,"[[1001.0,0.0,14.0,0.0,0.0],[0.0,471.0,0.0,3.0,0.0],[14.0,0.0,1855.0,21.0,0.0],[0.0,38.0,25.0,49741.0,3.0],[0.0,0.0,1.0,57.0,930.0]]"
row_level,789,teacher,,B_Full_MLP,results/wsnds/evidence_completion_20260811/fgds_controlled_full_routes_10seed_v2/seed_789/teacher_B_Full_MLP_test_predictions.npz,424ddd555b2e326866a9825a0e94159dafc112d00e23e51d3aaebcedf0ca4a9b,2.980232238769531e-07,2e-06,54174,0,0,56301,56301.0,0.9868918846912133,0.9063826315094332,0.9399803137125989,0.9207113060969737,"[[1502.0,0.0,88.0,0.0,0.0],[0.0,493.0,0.0,2.0,0.0],[387.0,0.0,1761.0,1.0,0.0],[1.0,65.0,80.0,50866.0,58.0],[0.0,0.0,0.0,56.0,941.0]]"
inverse_test_group_size,789,teacher,,B_Full_MLP,results/wsnds/evidence_completion_20260811/fgds_controlled_full_routes_10seed_v2/seed_789/teacher_B_Full_MLP_test_predictions.npz,424ddd555b2e326866a9825a0e94159dafc112d00e23e51d3aaebcedf0ca4a9b,2.980232238769531e-07,2e-06,54174,0,0,56301,54174.0,0.9887953630893048,0.9019934439049221,0.9440332286029568,0.9202930226918022,"[[951.9999999999997,0.0,63.00000000000004,0.0,0.0],[0.0,472.0,0.0,2.0,0.0],[288.0000000000001,0.0,1600.999999999999,1.0,0.0],[1.0,64.0,76.0,49610.00000000006,56.0],[0.0,0.0,0.0,56.0,932.0]]"
pure_group_representative,789,teacher,,B_Full_MLP,results/wsnds/evidence_completion_20260811/fgds_controlled_full_routes_10seed_v2/seed_789/teacher_B_Full_MLP_test_predictions.npz,424ddd555b2e326866a9825a0e94159dafc112d00e23e51d3aaebcedf0ca4a9b,2.980232238769531e-07,2e-06,54174,0,0,54174,54174.0,0.9887953630893048,0.901993443904922,0.9440332286029568,0.920293022691802,"[[952.0,0.0,63.0,0.0,0.0],[0.0,472.0,0.0,2.0,0.0],[288.0,0.0,1601.0,1.0,0.0],[1.0,64.0,76.0,49610.0,56.0],[0.0,0.0,0.0,56.0,932.0]]"
row_level,789,teacher,,C_CL_MLP_loss_fair,results/wsnds/evidence_completion_20260811/fgds_controlled_full_routes_10seed_v2/seed_789/teacher_C_CL_MLP_loss_fair_test_predictions.npz,6541acdc8d6d78d902550365d5f1a51a0881f8c19c03d0c4c1129b65afa080eb,1.4901161193847656e-07,2e-06,54174,0,0,56301,56301.0,0.9853466190653807,0.8981054474555679,0.9332060771515721,0.9120716613883417,"[[1507.0,0.0,83.0,0.0,0.0],[0.0,493.0,0.0,2.0,0.0],[467.0,0.0,1682.0,0.0,0.0],[0.0,66.0,91.0,50853.0,60.0],[0.0,0.0,0.0,56.0,941.0]]"
inverse_test_group_size,789,teacher,,C_CL_MLP_loss_fair,results/wsnds/evidence_completion_20260811/fgds_controlled_full_routes_10seed_v2/seed_789/teacher_C_CL_MLP_loss_fair_test_predictions.npz,6541acdc8d6d78d902550365d5f1a51a0881f8c19c03d0c4c1129b65afa080eb,1.4901161193847656e-07,2e-06,54174,0,0,56301,54174.0,0.9874847712925019,0.8929132518337803,0.9385732548008512,0.9116204146462408,"[[959.9999999999999,0.0,55.000000000000036,0.0,0.0],[0.0,472.0,0.0,2.0,0.0],[354.99999999999994,0.0,1534.9999999999995,0.0,0.0],[0.0,65.0,87.0,49597.00000000006,58.0],[0.0,0.0,0.0,56.0,932.0]]"
pure_group_representative,789,teacher,,C_CL_MLP_loss_fair,results/wsnds/evidence_completion_20260811/fgds_controlled_full_routes_10seed_v2/seed_789/teacher_C_CL_MLP_loss_fair_test_predictions.npz,6541acdc8d6d78d902550365d5f1a51a0881f8c19c03d0c4c1129b65afa080eb,1.4901161193847656e-07,2e-06,54174,0,0,54174,54174.0,0.9874847712925019,0.8929132518337802,0.9385732548008514,0.9116204146462407,"[[960.0,0.0,55.0,0.0,0.0],[0.0,472.0,0.0,2.0,0.0],[355.0,0.0,1535.0,0.0,0.0],[0.0,65.0,87.0,49597.0,58.0],[0.0,0.0,0.0,56.0,932.0]]"
row_level,789,teacher,,C_CL_MLP_loss_ext,results/wsnds/evidence_completion_20260811/fgds_controlled_full_routes_10seed_v2/seed_789/teacher_C_CL_MLP_loss_ext_test_predictions.npz,3b29f47286201a451de133209d069826441a482852c25cb61cd96337a3cbbaac,1.4901161193847656e-07,2e-06,54174,0,0,56301,56301.0,0.985755137564164,0.9000097319844546,0.934228446438965,0.9145758478206074,"[[1481.0,0.0,109.0,0.0,0.0],[0.0,493.0,0.0,2.0,0.0],[421.0,0.0,1728.0,0.0,0.0],[0.0,66.0,94.0,50856.0,54.0],[0.0,0.0,0.0,56.0,941.0]]"
inverse_test_group_size,789,teacher,,C_CL_MLP_loss_ext,results/wsnds/evidence_completion_20260811/fgds_controlled_full_routes_10seed_v2/seed_789/teacher_C_CL_MLP_loss_ext_test_predictions.npz,3b29f47286201a451de133209d069826441a482852c25cb61cd96337a3cbbaac,1.4901161193847656e-07,2e-06,54174,0,0,56301,54174.0,0.9880754605530329,0.8971543354874635,0.940833066306725,0.9158387806757172,"[[951.0,0.0,64.00000000000004,0.0,0.0],[0.0,472.0,0.0,2.0,0.0],[317.00000000000017,0.0,1572.9999999999993,0.0,0.0],[0.0,65.0,90.0,49600.00000000006,52.0],[0.0,0.0,0.0,56.0,932.0]]"
pure_group_representative,789,teacher,,C_CL_MLP_loss_ext,results/wsnds/evidence_completion_20260811/fgds_controlled_full_routes_10seed_v2/seed_789/teacher_C_CL_MLP_loss_ext_test_predictions.npz,3b29f47286201a451de133209d069826441a482852c25cb61cd96337a3cbbaac,1.4901161193847656e-07,2e-06,54174,0,0,54174,54174.0,0.9880754605530329,0.8971543354874634,0.940833066306725,0.9158387806757171,"[[951.0,0.0,64.0,0.0,0.0],[0.0,472.0,0.0,2.0,0.0],[317.0,0.0,1573.0,0.0,0.0],[0.0,65.0,90.0,49600.0,52.0],[0.0,0.0,0.0,56.0,932.0]]"
row_level,789,teacher,,C2_CL_MLP_domain,results/wsnds/evidence_completion_20260811/fgds_controlled_full_routes_10seed_v2/seed_789/teacher_C2_CL_MLP_domain_test_predictions.npz,88521b3642d526692d86198a6ad6a09c8cda14a147c79bf603198e3b75e42afc,1.341104507446289e-07,2e-06,54174,0,0,56301,56301.0,0.9860215626720662,0.9019385128791623,0.9327460527225803,0.9160598919315266,"[[1423.0,0.0,167.0,0.0,0.0],[0.0,493.0,0.0,2.0,0.0],[359.0,0.0,1790.0,0.0,0.0],[0.0,63.0,93.0,50867.0,47.0],[0.0,0.0,0.0,56.0,941.0]]"
inverse_test_group_size,789,teacher,,C2_CL_MLP_domain,results/wsnds/evidence_completion_20260811/fgds_controlled_full_routes_10seed_v2/seed_789/teacher_C2_CL_MLP_domain_test_predictions.npz,88521b3642d526692d86198a6ad6a09c8cda14a147c79bf603198e3b75e42afc,1.341104507446289e-07,2e-06,54174,0,0,56301,54174.0,0.988204673828774,0.8985745799817526,0.9375453614254345,0.9160152628422455,"[[917.9999999999998,0.0,97.00000000000001,0.0,0.0],[0.0,472.0,0.0,2.0,0.0],[286.99999999999994,0.0,1603.0,0.0,0.0],[0.0,63.0,89.0,49610.00000000006,45.0],[0.0,0.0,0.0,56.0,932.0]]"
pure_group_representative,789,teacher,,C2_CL_MLP_domain,results/wsnds/evidence_completion_20260811/fgds_controlled_full_routes_10seed_v2/seed_789/teacher_C2_CL_MLP_domain_test_predictions.npz,88521b3642d526692d86198a6ad6a09c8cda14a147c79bf603198e3b75e42afc,1.341104507446289e-07,2e-06,54174,0,0,54174,54174.0,0.988204673828774,0.8985745799817522,0.9375453614254345,0.9160152628422453,"[[918.0,0.0,97.0,0.0,0.0],[0.0,472.0,0.0,2.0,0.0],[287.0,0.0,1603.0,0.0,0.0],[0.0,63.0,89.0,49610.0,45.0],[0.0,0.0,0.0,56.0,932.0]]"
row_level,789,teacher,,G_random_pacing_teacher,results/wsnds/evidence_completion_20260811/fgds_controlled_full_routes_10seed_v2/seed_789/teacher_G_random_pacing_teacher_test_predictions.npz,ef7e4028cb2325f0287c7b290ce6dee18d4dea4235921e7f62dca14896c0d31a,2.384185791015625e-07,2e-06,54174,0,0,56301,56301.0,0.9873004031899967,0.9085599516700229,0.940776025299272,0.9235075926764764,"[[1450.0,0.0,140.0,0.0,0.0],[0.0,493.0,0.0,2.0,0.0],[308.0,0.0,1840.0,1.0,0.0],[1.0,64.0,88.0,50862.0,55.0],[0.0,0.0,0.0,56.0,941.0]]"
inverse_test_group_size,789,teacher,,G_random_pacing_teacher,results/wsnds/evidence_completion_20260811/fgds_controlled_full_routes_10seed_v2/seed_789/teacher_G_random_pacing_teacher_test_predictions.npz,ef7e4028cb2325f0287c7b290ce6dee18d4dea4235921e7f62dca14896c0d31a,2.384185791015625e-07,2e-06,54174,0,0,56301,54174.0,0.9890907077195703,0.9048009908443575,0.9444003083660915,0.9228239288331468,"[[932.9999999999995,0.0,81.99999999999996,0.0,0.0],[0.0,472.0,0.0,2.0,0.0],[248.99999999999997,0.0,1639.9999999999998,1.0,0.0],[1.0,63.0,84.0,49606.00000000006,53.0],[0.0,0.0,0.0,56.0,932.0]]"
pure_group_representative,789,teacher,,G_random_pacing_teacher,results/wsnds/evidence_completion_20260811/fgds_controlled_full_routes_10seed_v2/seed_789/teacher_G_random_pacing_teacher_test_predictions.npz,ef7e4028cb2325f0287c7b290ce6dee18d4dea4235921e7f62dca14896c0d31a,2.384185791015625e-07,2e-06,54174,0,0,54174,54174.0,0.9890907077195703,0.9048009908443573,0.9444003083660915,0.9228239288331468,"[[933.0,0.0,82.0,0.0,0.0],[0.0,472.0,0.0,2.0,0.0],[249.0,0.0,1640.0,1.0,0.0],[1.0,63.0,84.0,49606.0,53.0],[0.0,0.0,0.0,56.0,932.0]]"
row_level,789,teacher,,I_SMOTE_MLP_teacher,results/wsnds/evidence_completion_20260811/fgds_controlled_full_routes_10seed_v2/seed_789/teacher_I_SMOTE_MLP_teacher_test_predictions.npz,283c6e5f928a2a27c76518def76a550c8b705dd663769d3906da96443e66cedb,2.384185791015625e-07,2e-06,54174,0,0,56301,56301.0,0.9925400969787392,0.9373027238851444,0.9758031656731767,0.9557742679938576,"[[1567.0,0.0,23.0,0.0,0.0],[0.0,493.0,0.0,2.0,0.0],[88.0,0.0,2060.0,1.0,0.0],[1.0,61.0,85.0,50820.0,103.0],[0.0,0.0,0.0,56.0,941.0]]"
inverse_test_group_size,789,teacher,,I_SMOTE_MLP_teacher,results/wsnds/evidence_completion_20260811/fgds_controlled_full_routes_10seed_v2/seed_789/teacher_I_SMOTE_MLP_teacher_test_predictions.npz,283c6e5f928a2a27c76518def76a550c8b705dd663769d3906da96443e66cedb,2.384185791015625e-07,2e-06,54174,0,0,56301,54174.0,0.9927640565584966,0.933651397414434,0.9753902050835311,0.953659913119043,"[[994.9999999999999,0.0,20.0,0.0,0.0],[0.0,472.0,0.0,2.0,0.0],[70.00000000000003,0.0,1818.9999999999998,1.0,0.0],[1.0,61.0,81.0,49564.00000000006,100.0],[0.0,0.0,0.0,56.0,932.0]]"
pure_group_representative,789,teacher,,I_SMOTE_MLP_teacher,results/wsnds/evidence_completion_20260811/fgds_controlled_full_routes_10seed_v2/seed_789/teacher_I_SMOTE_MLP_teacher_test_predictions.npz,283c6e5f928a2a27c76518def76a550c8b705dd663769d3906da96443e66cedb,2.384185791015625e-07,2e-06,54174,0,0,54174,54174.0,0.9927640565584966,0.9336513974144337,0.9753902050835311,0.9536599131190429,"[[995.0,0.0,20.0,0.0,0.0],[0.0,472.0,0.0,2.0,0.0],[70.0,0.0,1819.0,1.0,0.0],[1.0,61.0,81.0,49564.0,100.0],[0.0,0.0,0.0,56.0,932.0]]"
row_level,789,student,student_A,D_Small_MLP,results/wsnds/confirmation_runs_v2/local_feature_group_10seed_20260811/feature_group_10seed/seed_789/student_A_Small_MLP_scratch_test_predictions.csv,9e5e0e893227f89d9934c92cfc5e4015f5459e2364505ae8de2c047fc95aae0d,4.799999999693938e-07,2e-06,54174,0,0,56301,56301.0,0.9838013534395481,0.8915484251493766,0.9390727484196868,0.9140663271131283,"[[1397.0,0.0,192.0,0.0,1.0],[0.0,493.0,0.0,2.0,0.0],[244.0,0.0,1902.0,2.0,1.0],[4.0,71.0,272.0,50656.0,67.0],[0.0,0.0,0.0,56.0,941.0]]"
inverse_test_group_size,789,student,student_A,D_Small_MLP,results/wsnds/confirmation_runs_v2/local_feature_group_10seed_20260811/feature_group_10seed/seed_789/student_A_Small_MLP_scratch_test_predictions.csv,9e5e0e893227f89d9934c92cfc5e4015f5459e2364505ae8de2c047fc95aae0d,4.799999999693938e-07,2e-06,54174,0,0,56301,54174.0,0.985768080629084,0.8885580497562315,0.9434753262950858,0.9145246717807705,"[[904.0000000000001,0.0,109.99999999999991,0.0,1.0],[0.0,472.0,0.0,2.0,0.0],[193.99999999999997,0.0,1693.0,2.0,1.0],[4.0,70.0,269.0,49402.00000000006,62.0],[0.0,0.0,0.0,56.0,932.0]]"
pure_group_representative,789,student,student_A,D_Small_MLP,results/wsnds/confirmation_runs_v2/local_feature_group_10seed_20260811/feature_group_10seed/seed_789/student_A_Small_MLP_scratch_test_predictions.csv,9e5e0e893227f89d9934c92cfc5e4015f5459e2364505ae8de2c047fc95aae0d,4.799999999693938e-07,2e-06,54174,0,0,54174,54174.0,0.985768080629084,0.8885580497562312,0.9434753262950858,0.9145246717807703,"[[904.0,0.0,110.0,0.0,1.0],[0.0,472.0,0.0,2.0,0.0],[194.0,0.0,1693.0,2.0,1.0],[4.0,70.0,269.0,49402.0,62.0],[0.0,0.0,0.0,56.0,932.0]]"
row_level,789,student,student_A,E_KD_from_RF,results/wsnds/confirmation_runs_v2/local_feature_group_10seed_20260811/feature_group_10seed/seed_789/student_A_KD_from_RF_test_predictions.csv,9903bab51aeaab6ed70df711443d08c6429dca9a9a336a19833cefd0672cdb28,5.899999999670058e-07,2e-06,54174,0,0,56301,56301.0,0.9841388252428909,0.8946927536359695,0.9152743244170983,0.9035214827826703,"[[1354.0,0.0,235.0,0.0,1.0],[0.0,493.0,0.0,2.0,0.0],[444.0,0.0,1693.0,12.0,0.0],[0.0,59.0,65.0,50927.0,19.0],[0.0,0.0,0.0,56.0,941.0]]"
inverse_test_group_size,789,student,student_A,E_KD_from_RF,results/wsnds/confirmation_runs_v2/local_feature_group_10seed_20260811/feature_group_10seed/seed_789/student_A_KD_from_RF_test_predictions.csv,9903bab51aeaab6ed70df711443d08c6429dca9a9a336a19833cefd0672cdb28,5.899999999670058e-07,2e-06,54174,0,0,56301,54174.0,0.9877616568833758,0.8984082120267944,0.9289291436568128,0.9104325653099549,"[[915.0000000000003,0.0,98.99999999999989,0.0,1.0],[0.0,472.0,0.0,2.0,0.0],[353.9999999999997,0.0,1525.0000000000005,11.0,0.0],[0.0,59.0,62.0,49667.00000000006,19.0],[0.0,0.0,0.0,56.0,932.0]]"
pure_group_representative,789,student,student_A,E_KD_from_RF,results/wsnds/confirmation_runs_v2/local_feature_group_10seed_20260811/feature_group_10seed/seed_789/student_A_KD_from_RF_test_predictions.csv,9903bab51aeaab6ed70df711443d08c6429dca9a9a336a19833cefd0672cdb28,5.899999999670058e-07,2e-06,54174,0,0,54174,54174.0,0.9877616568833758,0.8984082120267939,0.9289291436568126,0.9104325653099545,"[[915.0,0.0,99.0,0.0,1.0],[0.0,472.0,0.0,2.0,0.0],[354.0,0.0,1525.0,11.0,0.0],[0.0,59.0,62.0,49667.0,19.0],[0.0,0.0,0.0,56.0,932.0]]"
row_level,789,student,student_A,E2_KD_from_MLP,results/wsnds/evidence_completion_20260811/fgds_controlled_full_routes_10seed_v2/seed_789/student_A_E2_KD_from_MLP_test_predictions.npz,7ef6a1b7e9ef87fe40ad329271c8319959b1d8649e9247089086b1c7541d781f,1.0132789611816406e-06,2e-06,54174,0,0,56301,56301.0,0.9854354274346815,0.8985581608218667,0.9323095087324379,0.9127223431097191,"[[1479.0,0.0,111.0,0.0,0.0],[0.0,493.0,0.0,2.0,0.0],[439.0,0.0,1710.0,0.0,0.0],[0.0,64.0,92.0,50858.0,56.0],[0.0,0.0,0.0,56.0,941.0]]"
inverse_test_group_size,789,student,student_A,E2_KD_from_MLP,results/wsnds/evidence_completion_20260811/fgds_controlled_full_routes_10seed_v2/seed_789/student_A_E2_KD_from_MLP_test_predictions.npz,7ef6a1b7e9ef87fe40ad329271c8319959b1d8649e9247089086b1c7541d781f,1.0132789611816406e-06,2e-06,54174,0,0,56301,54174.0,0.9877616568833758,0.895184495416245,0.9386480668374914,0.9135182624270095,"[[949.0,0.0,66.00000000000006,0.0,0.0],[0.0,472.0,0.0,2.0,0.0],[333.99999999999994,0.0,1555.9999999999995,0.0,0.0],[0.0,63.0,88.0,49602.00000000006,54.0],[0.0,0.0,0.0,56.0,932.0]]"
pure_group_representative,789,student,student_A,E2_KD_from_MLP,results/wsnds/evidence_completion_20260811/fgds_controlled_full_routes_10seed_v2/seed_789/student_A_E2_KD_from_MLP_test_predictions.npz,7ef6a1b7e9ef87fe40ad329271c8319959b1d8649e9247089086b1c7541d781f,1.0132789611816406e-06,2e-06,54174,0,0,54174,54174.0,0.9877616568833758,0.8951844954162448,0.9386480668374911,0.9135182624270094,"[[949.0,0.0,66.0,0.0,0.0],[0.0,472.0,0.0,2.0,0.0],[334.0,0.0,1556.0,0.0,0.0],[0.0,63.0,88.0,49602.0,54.0],[0.0,0.0,0.0,56.0,932.0]]"
row_level,789,student,student_A,F_KD_from_CL_MLP_fair,results/wsnds/evidence_completion_20260811/fgds_controlled_full_routes_10seed_v2/seed_789/student_A_F_KD_from_CL_MLP_fair_test_predictions.npz,70229c7129511e1cea60b65fb446a53114a28c5d7bbf7c145c54795b845d0b06,1.0728836059570312e-06,2e-06,54174,0,0,56301,56301.0,0.9854709507824018,0.8981625009888093,0.9337760984398977,0.9133321327460472,"[[1486.0,0.0,104.0,0.0,0.0],[0.0,493.0,0.0,2.0,0.0],[430.0,0.0,1719.0,0.0,0.0],[0.0,61.0,93.0,50845.0,71.0],[0.0,0.0,1.0,56.0,940.0]]"
inverse_test_group_size,789,student,student_A,F_KD_from_CL_MLP_fair,results/wsnds/evidence_completion_20260811/fgds_controlled_full_routes_10seed_v2/seed_789/student_A_F_KD_from_CL_MLP_fair_test_predictions.npz,70229c7129511e1cea60b65fb446a53114a28c5d7bbf7c145c54795b845d0b06,1.0728836059570312e-06,2e-06,54174,0,0,56301,54174.0,0.9875401484106767,0.8932463152451702,0.9383208233372511,0.9125316459803037,"[[946.9999999999997,0.0,68.00000000000004,0.0,0.0],[0.0,472.0,0.0,2.0,0.0],[330.99999999999994,0.0,1558.9999999999995,0.0,0.0],[0.0,61.0,89.0,49590.00000000006,67.0],[0.0,0.0,1.0,56.0,931.0]]"
pure_group_representative,789,student,student_A,F_KD_from_CL_MLP_fair,results/wsnds/evidence_completion_20260811/fgds_controlled_full_routes_10seed_v2/seed_789/student_A_F_KD_from_CL_MLP_fair_test_predictions.npz,70229c7129511e1cea60b65fb446a53114a28c5d7bbf7c145c54795b845d0b06,1.0728836059570312e-06,2e-06,54174,0,0,54174,54174.0,0.9875401484106767,0.89324631524517,0.9383208233372512,0.9125316459803035,"[[947.0,0.0,68.0,0.0,0.0],[0.0,472.0,0.0,2.0,0.0],[331.0,0.0,1559.0,0.0,0.0],[0.0,61.0,89.0,49590.0,67.0],[0.0,0.0,1.0,56.0,931.0]]"
row_level,789,student,student_A,F_KD_from_CL_MLP_ext,results/wsnds/evidence_completion_20260811/fgds_controlled_full_routes_10seed_v2/seed_789/student_A_F_KD_from_CL_MLP_ext_test_predictions.npz,257c285d3ae1c65b4869418dc8e2e16e3452371a322fb864071c6c8782a108f1,9.238719940185547e-07,2e-06,54174,0,0,56301,56301.0,0.9851512406529191,0.8977145641826455,0.9335229148538973,0.911799957511343,"[[1518.0,0.0,72.0,0.0,0.0],[0.0,493.0,0.0,2.0,0.0],[478.0,0.0,1671.0,0.0,0.0],[0.0,63.0,101.0,50842.0,64.0],[0.0,0.0,0.0,56.0,941.0]]"
inverse_test_group_size,789,student,student_A,F_KD_from_CL_MLP_ext,results/wsnds/evidence_completion_20260811/fgds_controlled_full_routes_10seed_v2/seed_789/student_A_F_KD_from_CL_MLP_ext_test_predictions.npz,257c285d3ae1c65b4869418dc8e2e16e3452371a322fb864071c6c8782a108f1,9.238719940185547e-07,2e-06,54174,0,0,56301,54174.0,0.987392476095544,0.8931007207286038,0.939223488036298,0.9120442269193717,"[[964.0,0.0,51.00000000000002,0.0,0.0],[0.0,472.0,0.0,2.0,0.0],[356.00000000000006,0.0,1533.9999999999993,0.0,0.0],[0.0,62.0,97.0,49589.00000000006,59.0],[0.0,0.0,0.0,56.0,932.0]]"
pure_group_representative,789,student,student_A,F_KD_from_CL_MLP_ext,results/wsnds/evidence_completion_20260811/fgds_controlled_full_routes_10seed_v2/seed_789/student_A_F_KD_from_CL_MLP_ext_test_predictions.npz,257c285d3ae1c65b4869418dc8e2e16e3452371a322fb864071c6c8782a108f1,9.238719940185547e-07,2e-06,54174,0,0,54174,54174.0,0.987392476095544,0.8931007207286035,0.939223488036298,0.9120442269193715,"[[964.0,0.0,51.0,0.0,0.0],[0.0,472.0,0.0,2.0,0.0],[356.0,0.0,1534.0,0.0,0.0],[0.0,62.0,97.0,49589.0,59.0],[0.0,0.0,0.0,56.0,932.0]]"
row_level,789,student,student_A,G_KD_random_pacing,results/wsnds/evidence_completion_20260811/fgds_controlled_full_routes_10seed_v2/seed_789/student_A_G_KD_random_pacing_test_predictions.npz,e94757fb252e4040fc3739d9fc297cbafdc626e90db40fabfa7f83103b93ba8b,5.960464477539062e-07,2e-06,54174,0,0,56301,56301.0,0.9858261842596047,0.9010002506385293,0.9358914804196111,0.9150434568878942,"[[1515.0,0.0,75.0,0.0,0.0],[0.0,493.0,0.0,2.0,0.0],[448.0,0.0,1700.0,1.0,0.0],[0.0,62.0,86.0,50854.0,68.0],[0.0,0.0,0.0,56.0,941.0]]"
inverse_test_group_size,789,student,student_A,G_KD_random_pacing,results/wsnds/evidence_completion_20260811/fgds_controlled_full_routes_10seed_v2/seed_789/student_A_G_KD_random_pacing_test_predictions.npz,e94757fb252e4040fc3739d9fc297cbafdc626e90db40fabfa7f83103b93ba8b,5.960464477539062e-07,2e-06,54174,0,0,56301,54174.0,0.9878908701591169,0.8958492095102149,0.940606463687757,0.9146052047586831,"[[959.0000000000001,0.0,56.00000000000006,0.0,0.0],[0.0,472.0,0.0,2.0,0.0],[333.0000000000001,0.0,1555.9999999999998,1.0,0.0],[0.0,62.0,82.0,49599.00000000006,64.0],[0.0,0.0,0.0,56.0,932.0]]"
pure_group_representative,789,student,student_A,G_KD_random_pacing,results/wsnds/evidence_completion_20260811/fgds_controlled_full_routes_10seed_v2/seed_789/student_A_G_KD_random_pacing_test_predictions.npz,e94757fb252e4040fc3739d9fc297cbafdc626e90db40fabfa7f83103b93ba8b,5.960464477539062e-07,2e-06,54174,0,0,54174,54174.0,0.9878908701591169,0.8958492095102146,0.940606463687757,0.914605204758683,"[[959.0,0.0,56.0,0.0,0.0],[0.0,472.0,0.0,2.0,0.0],[333.0,0.0,1556.0,1.0,0.0],[0.0,62.0,82.0,49599.0,64.0],[0.0,0.0,0.0,56.0,932.0]]"
row_level,789,student,student_A,I_KD_from_SMOTE_MLP,results/wsnds/evidence_completion_20260811/fgds_controlled_full_routes_10seed_v2/seed_789/student_A_I_KD_from_SMOTE_MLP_test_predictions.npz,30b2123ae0a816f3ee9207124d1abb39d59af8953e85433c82b66c1881a38577,7.748603820800781e-07,2e-06,54174,0,0,56301,56301.0,0.9865721745617307,0.9018018833620779,0.939400076100706,0.9193195739807978,"[[1451.0,0.0,139.0,0.0,0.0],[0.0,493.0,0.0,2.0,0.0],[320.0,0.0,1825.0,4.0,0.0],[0.0,60.0,76.0,50835.0,99.0],[0.0,0.0,0.0,56.0,941.0]]"
inverse_test_group_size,789,student,student_A,I_KD_from_SMOTE_MLP,results/wsnds/evidence_completion_20260811/fgds_controlled_full_routes_10seed_v2/seed_789/student_A_I_KD_from_SMOTE_MLP_test_predictions.npz,30b2123ae0a816f3ee9207124d1abb39d59af8953e85433c82b66c1881a38577,7.748603820800781e-07,2e-06,54174,0,0,56301,54174.0,0.9886107726953889,0.8997478067943943,0.9437697207492681,0.9202038832216468,"[[924.9999999999999,0.0,89.99999999999999,0.0,0.0],[0.0,472.0,0.0,2.0,0.0],[237.0,0.0,1649.9999999999998,3.0,0.0],[0.0,60.0,73.0,49578.00000000006,96.0],[0.0,0.0,0.0,56.0,932.0]]"
pure_group_representative,789,student,student_A,I_KD_from_SMOTE_MLP,results/wsnds/evidence_completion_20260811/fgds_controlled_full_routes_10seed_v2/seed_789/student_A_I_KD_from_SMOTE_MLP_test_predictions.npz,30b2123ae0a816f3ee9207124d1abb39d59af8953e85433c82b66c1881a38577,7.748603820800781e-07,2e-06,54174,0,0,54174,54174.0,0.9886107726953889,0.8997478067943941,0.9437697207492681,0.9202038832216466,"[[925.0,0.0,90.0,0.0,0.0],[0.0,472.0,0.0,2.0,0.0],[237.0,0.0,1650.0,3.0,0.0],[0.0,60.0,73.0,49578.0,96.0],[0.0,0.0,0.0,56.0,932.0]]"
row_level,789,student,student_A,J_CoDistill_RF_CL,results/wsnds/evidence_completion_20260811/fgds_controlled_full_routes_10seed_v2/seed_789/student_A_J_CoDistill_RF_CL_test_predictions.npz,58c8706735995d8fd582048788dc658a3630107327d45d6e5b2d41ed229254ad,9.5367431640625e-07,2e-06,54174,0,0,56301,56301.0,0.9854531891085416,0.9005963385584019,0.9251842867121877,0.9117950846167531,"[[1381.0,0.0,209.0,0.0,0.0],[0.0,493.0,0.0,2.0,0.0],[376.0,0.0,1764.0,9.0,0.0],[0.0,59.0,71.0,50903.0,37.0],[0.0,0.0,0.0,56.0,941.0]]"
inverse_test_group_size,789,student,student_A,J_CoDistill_RF_CL,results/wsnds/evidence_completion_20260811/fgds_controlled_full_routes_10seed_v2/seed_789/student_A_J_CoDistill_RF_CL_test_predictions.npz,58c8706735995d8fd582048788dc658a3630107327d45d6e5b2d41ed229254ad,9.5367431640625e-07,2e-06,54174,0,0,56301,54174.0,0.9880016243954665,0.8986438727662506,0.9302639006353892,0.9126819192234896,"[[889.9999999999999,0.0,124.99999999999994,0.0,0.0],[0.0,472.0,0.0,2.0,0.0],[295.99999999999994,0.0,1585.0000000000002,9.0,0.0],[0.0,59.0,68.0,49645.00000000006,35.0],[0.0,0.0,0.0,56.0,932.0]]"
pure_group_representative,789,student,student_A,J_CoDistill_RF_CL,results/wsnds/evidence_completion_20260811/fgds_controlled_full_routes_10seed_v2/seed_789/student_A_J_CoDistill_RF_CL_test_predictions.npz,58c8706735995d8fd582048788dc658a3630107327d45d6e5b2d41ed229254ad,9.5367431640625e-07,2e-06,54174,0,0,54174,54174.0,0.9880016243954665,0.8986438727662502,0.9302639006353892,0.9126819192234894,"[[890.0,0.0,125.0,0.0,0.0],[0.0,472.0,0.0,2.0,0.0],[296.0,0.0,1585.0,9.0,0.0],[0.0,59.0,68.0,49645.0,35.0],[0.0,0.0,0.0,56.0,932.0]]"
row_level,789,student,student_B,D_Small_MLP,results/wsnds/confirmation_runs_v2/local_feature_group_10seed_20260811/feature_group_10seed/seed_789/student_B_Small_MLP_scratch_test_predictions.csv,44c72af71d95ebc76c86cb7a4c4b16cfe274808c18834b156ab3caafecaca8fe,0.0,2e-06,54174,0,0,56301,56301.0,0.9883128186000248,0.9147422332719284,0.9481871969142622,0.9292374140319193,"[[1528.0,0.0,62.0,0.0,0.0],[0.0,493.0,0.0,2.0,0.0],[331.0,0.0,1814.0,4.0,0.0],[3.0,68.0,81.0,50867.0,51.0],[0.0,0.0,0.0,56.0,941.0]]"
inverse_test_group_size,789,student,student_B,D_Small_MLP,results/wsnds/confirmation_runs_v2/local_feature_group_10seed_20260811/feature_group_10seed/seed_789/student_B_Small_MLP_scratch_test_predictions.csv,44c72af71d95ebc76c86cb7a4c4b16cfe274808c18834b156ab3caafecaca8fe,0.0,2e-06,54174,0,0,56301,54174.0,0.9898659873740171,0.9101981721471786,0.9516198020301717,0.9284877541936932,"[[969.0,0.0,46.00000000000003,0.0,0.0],[0.0,472.0,0.0,2.0,0.0],[245.00000000000003,0.0,1640.9999999999995,4.0,0.0],[3.0,67.0,77.0,49611.00000000006,49.0],[0.0,0.0,0.0,56.0,932.0]]"
pure_group_representative,789,student,student_B,D_Small_MLP,results/wsnds/confirmation_runs_v2/local_feature_group_10seed_20260811/feature_group_10seed/seed_789/student_B_Small_MLP_scratch_test_predictions.csv,44c72af71d95ebc76c86cb7a4c4b16cfe274808c18834b156ab3caafecaca8fe,0.0,2e-06,54174,0,0,54174,54174.0,0.9898659873740171,0.910198172147178,0.9516198020301717,0.9284877541936932,"[[969.0,0.0,46.0,0.0,0.0],[0.0,472.0,0.0,2.0,0.0],[245.0,0.0,1641.0,4.0,0.0],[3.0,67.0,77.0,49611.0,49.0],[0.0,0.0,0.0,56.0,932.0]]"
row_level,789,student,student_B,E_KD_from_RF,results/wsnds/confirmation_runs_v2/local_feature_group_10seed_20260811/feature_group_10seed/seed_789/student_B_KD_from_RF_test_predictions.csv,cdeb32976df267a9e972c7e056da6a543839b8bdccbcc99657ad571c0691be5a,0.0,2e-06,54174,0,0,56301,56301.0,0.987105024777535,0.9117912246495343,0.9283866012822235,0.9189570630322853,"[[1386.0,0.0,204.0,0.0,0.0],[0.0,493.0,0.0,2.0,0.0],[347.0,0.0,1789.0,13.0,0.0],[0.0,60.0,29.0,50966.0,15.0],[0.0,0.0,0.0,56.0,941.0]]"
inverse_test_group_size,789,student,student_B,E_KD_from_RF,results/wsnds/confirmation_runs_v2/local_feature_group_10seed_20260811/feature_group_10seed/seed_789/student_B_KD_from_RF_test_predictions.csv,cdeb32976df267a9e972c7e056da6a543839b8bdccbcc99657ad571c0691be5a,0.0,2e-06,54174,0,0,56301,54174.0,0.9895337246649685,0.9102618493911872,0.9336896476459252,0.9201803884011344,"[[895.9999999999995,0.0,118.99999999999996,0.0,0.0],[0.0,472.0,0.0,2.0,0.0],[273.99999999999994,0.0,1604.0000000000002,12.0,0.0],[0.0,60.0,29.0,49703.00000000006,15.0],[0.0,0.0,0.0,56.0,932.0]]"
pure_group_representative,789,student,student_B,E_KD_from_RF,results/wsnds/confirmation_runs_v2/local_feature_group_10seed_20260811/feature_group_10seed/seed_789/student_B_KD_from_RF_test_predictions.csv,cdeb32976df267a9e972c7e056da6a543839b8bdccbcc99657ad571c0691be5a,0.0,2e-06,54174,0,0,54174,54174.0,0.9895337246649685,0.9102618493911867,0.9336896476459252,0.9201803884011343,"[[896.0,0.0,119.0,0.0,0.0],[0.0,472.0,0.0,2.0,0.0],[274.0,0.0,1604.0,12.0,0.0],[0.0,60.0,29.0,49703.0,15.0],[0.0,0.0,0.0,56.0,932.0]]"
row_level,789,student,student_B,E2_KD_from_MLP,results/wsnds/evidence_completion_20260811/fgds_controlled_full_routes_10seed_v2/seed_789/student_B_E2_KD_from_MLP_test_predictions.npz,af13e2e67f14d44196c0f184d3f26804af7aa0121484e19940a58e484801787c,0.0,2e-06,54174,0,0,56301,56301.0,0.9876733983410597,0.911679385495221,0.9441857233964877,0.9255829292054372,"[[1519.0,0.0,71.0,0.0,0.0],[0.0,493.0,0.0,2.0,0.0],[365.0,0.0,1783.0,1.0,0.0],[0.0,61.0,79.0,50871.0,59.0],[0.0,0.0,0.0,56.0,941.0]]"
inverse_test_group_size,789,student,student_B,E2_KD_from_MLP,results/wsnds/evidence_completion_20260811/fgds_controlled_full_routes_10seed_v2/seed_789/student_B_E2_KD_from_MLP_test_predictions.npz,af13e2e67f14d44196c0f184d3f26804af7aa0121484e19940a58e484801787c,0.0,2e-06,54174,0,0,56301,54174.0,0.989238380034703,0.9058743843218984,0.9472498030917039,0.9237633925295835,"[[964.9999999999997,0.0,50.000000000000036,0.0,0.0],[0.0,472.0,0.0,2.0,0.0],[282.0,0.0,1606.9999999999995,1.0,0.0],[0.0,61.0,75.0,49615.00000000006,56.0],[0.0,0.0,0.0,56.0,932.0]]"
pure_group_representative,789,student,student_B,E2_KD_from_MLP,results/wsnds/evidence_completion_20260811/fgds_controlled_full_routes_10seed_v2/seed_789/student_B_E2_KD_from_MLP_test_predictions.npz,af13e2e67f14d44196c0f184d3f26804af7aa0121484e19940a58e484801787c,0.0,2e-06,54174,0,0,54174,54174.0,0.989238380034703,0.905874384321898,0.9472498030917041,0.9237633925295834,"[[965.0,0.0,50.0,0.0,0.0],[0.0,472.0,0.0,2.0,0.0],[282.0,0.0,1607.0,1.0,0.0],[0.0,61.0,75.0,49615.0,56.0],[0.0,0.0,0.0,56.0,932.0]]"
row_level,789,student,student_B,F_KD_from_CL_MLP_fair,results/wsnds/evidence_completion_20260811/fgds_controlled_full_routes_10seed_v2/seed_789/student_B_F_KD_from_CL_MLP_fair_test_predictions.npz,6cea8f15ca14c47b9050b5081c6aebfc2d614e58e24f122ff5a69a6008c5c308,0.0,2e-06,54174,0,0,56301,56301.0,0.9855597591517025,0.8983541980990252,0.9335376047598496,0.9132491481637549,"[[1483.0,0.0,107.0,0.0,0.0],[0.0,493.0,0.0,2.0,0.0],[431.0,0.0,1718.0,0.0,0.0],[0.0,64.0,87.0,50853.0,66.0],[0.0,0.0,0.0,56.0,941.0]]"
inverse_test_group_size,789,student,student_B,F_KD_from_CL_MLP_fair,results/wsnds/evidence_completion_20260811/fgds_controlled_full_routes_10seed_v2/seed_789/student_B_F_KD_from_CL_MLP_fair_test_predictions.npz,6cea8f15ca14c47b9050b5081c6aebfc2d614e58e24f122ff5a69a6008c5c308,0.0,2e-06,54174,0,0,56301,54174.0,0.9877801159227674,0.894597067836358,0.9393541342024203,0.9136224402526011,"[[950.0000000000001,0.0,65.00000000000006,0.0,0.0],[0.0,472.0,0.0,2.0,0.0],[328.99999999999994,0.0,1560.9999999999995,0.0,0.0],[0.0,63.0,83.0,49597.00000000006,64.0],[0.0,0.0,0.0,56.0,932.0]]"
pure_group_representative,789,student,student_B,F_KD_from_CL_MLP_fair,results/wsnds/evidence_completion_20260811/fgds_controlled_full_routes_10seed_v2/seed_789/student_B_F_KD_from_CL_MLP_fair_test_predictions.npz,6cea8f15ca14c47b9050b5081c6aebfc2d614e58e24f122ff5a69a6008c5c308,0.0,2e-06,54174,0,0,54174,54174.0,0.9877801159227674,0.8945970678363576,0.9393541342024203,0.913622440252601,"[[950.0,0.0,65.0,0.0,0.0],[0.0,472.0,0.0,2.0,0.0],[329.0,0.0,1561.0,0.0,0.0],[0.0,63.0,83.0,49597.0,64.0],[0.0,0.0,0.0,56.0,932.0]]"
row_level,789,student,student_B,F_KD_from_CL_MLP_ext,results/wsnds/evidence_completion_20260811/fgds_controlled_full_routes_10seed_v2/seed_789/student_B_F_KD_from_CL_MLP_ext_test_predictions.npz,487e48aab40b53590f358deea152dae99a304991bbc8c48249d223cc6eaf981d,0.0,2e-06,54174,0,0,56301,56301.0,0.9869096463650734,0.9065013233422196,0.9417995886230708,0.9218604881256593,"[[1509.0,0.0,81.0,0.0,0.0],[0.0,493.0,0.0,2.0,0.0],[375.0,0.0,1774.0,0.0,0.0],[0.0,63.0,96.0,50848.0,63.0],[0.0,0.0,1.0,56.0,940.0]]"
inverse_test_group_size,789,student,student_B,F_KD_from_CL_MLP_ext,results/wsnds/evidence_completion_20260811/fgds_controlled_full_routes_10seed_v2/seed_789/student_B_F_KD_from_CL_MLP_ext_test_predictions.npz,487e48aab40b53590f358deea152dae99a304991bbc8c48249d223cc6eaf981d,0.0,2e-06,54174,0,0,56301,54174.0,0.9887030678923469,0.9018611153473053,0.9461522442292652,0.9212735423331118,"[[962.0000000000002,0.0,53.000000000000064,0.0,0.0],[0.0,472.0,0.0,2.0,0.0],[285.00000000000006,0.0,1604.9999999999993,0.0,0.0],[0.0,62.0,92.0,49592.00000000006,61.0],[0.0,0.0,1.0,56.0,931.0]]"
pure_group_representative,789,student,student_B,F_KD_from_CL_MLP_ext,results/wsnds/evidence_completion_20260811/fgds_controlled_full_routes_10seed_v2/seed_789/student_B_F_KD_from_CL_MLP_ext_test_predictions.npz,487e48aab40b53590f358deea152dae99a304991bbc8c48249d223cc6eaf981d,0.0,2e-06,54174,0,0,54174,54174.0,0.9887030678923469,0.9018611153473047,0.9461522442292652,0.9212735423331114,"[[962.0,0.0,53.0,0.0,0.0],[0.0,472.0,0.0,2.0,0.0],[285.0,0.0,1605.0,0.0,0.0],[0.0,62.0,92.0,49592.0,61.0],[0.0,0.0,1.0,56.0,931.0]]"
row_level,789,student,student_B,G_KD_random_pacing,results/wsnds/evidence_completion_20260811/fgds_controlled_full_routes_10seed_v2/seed_789/student_B_G_KD_random_pacing_test_predictions.npz,64fe07dcc8d1cc481094976c9ee6d8e1563c761ae1651978bd4b20646a554dcb,0.0,2e-06,54174,0,0,56301,56301.0,0.9875313049501785,0.9111490095953927,0.9435887838927528,0.9254097641173618,"[[1505.0,0.0,85.0,0.0,0.0],[0.0,493.0,0.0,2.0,0.0],[351.0,0.0,1798.0,0.0,0.0],[1.0,61.0,92.0,50863.0,53.0],[0.0,0.0,1.0,56.0,940.0]]"
inverse_test_group_size,789,student,student_B,G_KD_random_pacing,results/wsnds/evidence_completion_20260811/fgds_controlled_full_routes_10seed_v2/seed_789/student_B_G_KD_random_pacing_test_predictions.npz,64fe07dcc8d1cc481094976c9ee6d8e1563c761ae1651978bd4b20646a554dcb,0.0,2e-06,54174,0,0,56301,54174.0,0.989146084837745,0.9057045137754347,0.9463544199935244,0.9237918934895077,"[[951.9999999999999,0.0,63.00000000000004,0.0,0.0],[0.0,472.0,0.0,2.0,0.0],[265.00000000000006,0.0,1624.9999999999995,0.0,0.0],[1.0,61.0,88.0,49606.00000000006,51.0],[0.0,0.0,1.0,56.0,931.0]]"
pure_group_representative,789,student,student_B,G_KD_random_pacing,results/wsnds/evidence_completion_20260811/fgds_controlled_full_routes_10seed_v2/seed_789/student_B_G_KD_random_pacing_test_predictions.npz,64fe07dcc8d1cc481094976c9ee6d8e1563c761ae1651978bd4b20646a554dcb,0.0,2e-06,54174,0,0,54174,54174.0,0.989146084837745,0.9057045137754344,0.9463544199935244,0.9237918934895075,"[[952.0,0.0,63.0,0.0,0.0],[0.0,472.0,0.0,2.0,0.0],[265.0,0.0,1625.0,0.0,0.0],[1.0,61.0,88.0,49606.0,51.0],[0.0,0.0,1.0,56.0,931.0]]"
row_level,789,student,student_B,I_KD_from_SMOTE_MLP,results/wsnds/evidence_completion_20260811/fgds_controlled_full_routes_10seed_v2/seed_789/student_B_I_KD_from_SMOTE_MLP_test_predictions.npz,434c4ab20e15229a0ef8dd7a225fe2c2b5f1fe43223efd768cbb2d2b38f4d30e,0.0,2e-06,54174,0,0,56301,56301.0,0.9861814177368076,0.9005856169721312,0.9352741938051107,0.9169932223028472,"[[1412.0,0.0,178.0,0.0,0.0],[0.0,493.0,0.0,2.0,0.0],[313.0,0.0,1833.0,3.0,0.0],[0.0,61.0,84.0,50844.0,81.0],[0.0,0.0,0.0,56.0,941.0]]"
inverse_test_group_size,789,student,student_B,I_KD_from_SMOTE_MLP,results/wsnds/evidence_completion_20260811/fgds_controlled_full_routes_10seed_v2/seed_789/student_B_I_KD_from_SMOTE_MLP_test_predictions.npz,434c4ab20e15229a0ef8dd7a225fe2c2b5f1fe43223efd768cbb2d2b38f4d30e,0.0,2e-06,54174,0,0,56301,54174.0,0.9882785099863403,0.8978521537463491,0.9394891297241053,0.9172177912123829,"[[909.0000000000005,0.0,105.99999999999997,0.0,0.0],[0.0,472.0,0.0,2.0,0.0],[248.99999999999994,0.0,1639.0,2.0,0.0],[0.0,61.0,80.0,49587.00000000006,79.0],[0.0,0.0,0.0,56.0,932.0]]"
pure_group_representative,789,student,student_B,I_KD_from_SMOTE_MLP,results/wsnds/evidence_completion_20260811/fgds_controlled_full_routes_10seed_v2/seed_789/student_B_I_KD_from_SMOTE_MLP_test_predictions.npz,434c4ab20e15229a0ef8dd7a225fe2c2b5f1fe43223efd768cbb2d2b38f4d30e,0.0,2e-06,54174,0,0,54174,54174.0,0.9882785099863403,0.8978521537463487,0.939489129724105,0.9172177912123827,"[[909.0,0.0,106.0,0.0,0.0],[0.0,472.0,0.0,2.0,0.0],[249.0,0.0,1639.0,2.0,0.0],[0.0,61.0,80.0,49587.0,79.0],[0.0,0.0,0.0,56.0,932.0]]"
row_level,789,student,student_B,J_CoDistill_RF_CL,results/wsnds/evidence_completion_20260811/fgds_controlled_full_routes_10seed_v2/seed_789/student_B_J_CoDistill_RF_CL_test_predictions.npz,a1a28fc283998a6c60b9455110eab50369e50251579ca97ef60159706b7cfec2,0.0,2e-06,54174,0,0,56301,56301.0,0.9870162164082343,0.9092546326471165,0.933842160454002,0.9202382108790002,"[[1428.0,0.0,162.0,0.0,0.0],[0.0,493.0,0.0,2.0,0.0],[350.0,0.0,1793.0,6.0,0.0],[0.0,60.0,58.0,50915.0,37.0],[0.0,0.0,0.0,56.0,941.0]]"
inverse_test_group_size,789,student,student_B,J_CoDistill_RF_CL,results/wsnds/evidence_completion_20260811/fgds_controlled_full_routes_10seed_v2/seed_789/student_B_J_CoDistill_RF_CL_test_predictions.npz,a1a28fc283998a6c60b9455110eab50369e50251579ca97ef60159706b7cfec2,0.0,2e-06,54174,0,0,56301,54174.0,0.9892199209953114,0.9067318433088257,0.938489426534819,0.9207015438129309,"[[916.9999999999997,0.0,97.99999999999999,0.0,0.0],[0.0,472.0,0.0,2.0,0.0],[273.0,0.0,1611.9999999999995,5.0,0.0],[0.0,60.0,55.0,49657.00000000006,35.0],[0.0,0.0,0.0,56.0,932.0]]"
pure_group_representative,789,student,student_B,J_CoDistill_RF_CL,results/wsnds/evidence_completion_20260811/fgds_controlled_full_routes_10seed_v2/seed_789/student_B_J_CoDistill_RF_CL_test_predictions.npz,a1a28fc283998a6c60b9455110eab50369e50251579ca97ef60159706b7cfec2,0.0,2e-06,54174,0,0,54174,54174.0,0.9892199209953114,0.9067318433088254,0.938489426534819,0.9207015438129309,"[[917.0,0.0,98.0,0.0,0.0],[0.0,472.0,0.0,2.0,0.0],[273.0,0.0,1612.0,5.0,0.0],[0.0,60.0,55.0,49657.0,35.0],[0.0,0.0,0.0,56.0,932.0]]"
row_level,1001,teacher,,A_RF_500_uncalibrated,results/wsnds/evidence_completion_20260811/fgds_controlled_full_routes_10seed_v2/seed_1001/teacher_A_RF_500_uncalibrated_test_predictions.npz,af7442b1fbf7d8bae4c24b173c171edeb72aba77d0d8035bd46057226570d01f,0.0,2e-06,54174,0,0,56301,56301.0,0.9968384220528943,0.9776570839786387,0.9823048637906522,0.9795463243908415,"[[1582.0,0.0,8.0,0.0,0.0],[0.0,493.0,0.0,2.0,0.0],[26.0,0.0,2104.0,19.0,0.0],[0.0,41.0,22.0,51004.0,3.0],[0.0,0.0,0.0,57.0,940.0]]"
inverse_test_group_size,1001,teacher,,A_RF_500_uncalibrated,results/wsnds/evidence_completion_20260811/fgds_controlled_full_routes_10seed_v2/seed_1001/teacher_A_RF_500_uncalibrated_test_predictions.npz,af7442b1fbf7d8bae4c24b173c171edeb72aba77d0d8035bd46057226570d01f,0.0,2e-06,54174,0,0,56301,54174.0,0.9968619633034297,0.9761739626620898,0.9818609350211149,0.9785588421902093,"[[1006.9999999999998,0.0,8.0,0.0,0.0],[0.0,472.0,0.0,2.0,0.0],[18.999999999999996,0.0,1853.0,18.0,0.0],[0.0,41.0,22.0,49741.00000000006,3.0],[0.0,0.0,0.0,57.0,931.0]]"
pure_group_representative,1001,teacher,,A_RF_500_uncalibrated,results/wsnds/evidence_completion_20260811/fgds_controlled_full_routes_10seed_v2/seed_1001/teacher_A_RF_500_uncalibrated_test_predictions.npz,af7442b1fbf7d8bae4c24b173c171edeb72aba77d0d8035bd46057226570d01f,0.0,2e-06,54174,0,0,54174,54174.0,0.9968619633034297,0.9761739626620898,0.9818609350211152,0.9785588421902093,"[[1007.0,0.0,8.0,0.0,0.0],[0.0,472.0,0.0,2.0,0.0],[19.0,0.0,1853.0,18.0,0.0],[0.0,41.0,22.0,49741.0,3.0],[0.0,0.0,0.0,57.0,931.0]]"
row_level,1001,teacher,,A_calibrated_RF_KD_teacher,results/wsnds/confirmation_runs_v2/local_feature_group_10seed_20260811/feature_group_10seed/seed_1001/RF_teacher_test_predictions.csv,62e2c64031651445aa048dc66ccb4d13421dba384025acfc6ef7089d5471a43f,0.0,2e-06,54174,0,0,56301,56301.0,0.996802898705174,0.9793707572082291,0.9814805606345931,0.9800853246421936,"[[1572.0,0.0,18.0,0.0,0.0],[0.0,492.0,0.0,3.0,0.0],[17.0,0.0,2113.0,19.0,0.0],[0.0,35.0,28.0,51004.0,3.0],[0.0,0.0,0.0,57.0,940.0]]"
inverse_test_group_size,1001,teacher,,A_calibrated_RF_KD_teacher,results/wsnds/confirmation_runs_v2/local_feature_group_10seed_20260811/feature_group_10seed/seed_1001/RF_teacher_test_predictions.csv,62e2c64031651445aa048dc66ccb4d13421dba384025acfc6ef7089d5471a43f,0.0,2e-06,54174,0,0,56301,54174.0,0.996806586185255,0.9780170286576515,0.9804975600479626,0.9788962956439917,"[[998.9999999999999,0.0,16.0,0.0,0.0],[0.0,471.0,0.0,3.0,0.0],[12.999999999999996,0.0,1858.9999999999998,18.0,0.0],[0.0,35.0,28.0,49741.00000000006,3.0],[0.0,0.0,0.0,57.0,931.0]]"
pure_group_representative,1001,teacher,,A_calibrated_RF_KD_teacher,results/wsnds/confirmation_runs_v2/local_feature_group_10seed_20260811/feature_group_10seed/seed_1001/RF_teacher_test_predictions.csv,62e2c64031651445aa048dc66ccb4d13421dba384025acfc6ef7089d5471a43f,0.0,2e-06,54174,0,0,54174,54174.0,0.996806586185255,0.9780170286576515,0.9804975600479626,0.9788962956439917,"[[999.0,0.0,16.0,0.0,0.0],[0.0,471.0,0.0,3.0,0.0],[13.0,0.0,1859.0,18.0,0.0],[0.0,35.0,28.0,49741.0,3.0],[0.0,0.0,0.0,57.0,931.0]]"
row_level,1001,teacher,,B_Full_MLP,results/wsnds/evidence_completion_20260811/fgds_controlled_full_routes_10seed_v2/seed_1001/teacher_B_Full_MLP_test_predictions.npz,95b4a158e8967c46b73bcb96ec835a85a2b0b3e1d7718d8e5c0fa81a63c8bfbb,2.384185791015625e-07,2e-06,54174,0,0,56301,56301.0,0.9870695014298148,0.907694017763809,0.9424748920758681,0.9221916295812832,"[[1528.0,0.0,61.0,0.0,1.0],[0.0,493.0,0.0,2.0,0.0],[396.0,0.0,1753.0,0.0,0.0],[0.0,64.0,87.0,50858.0,61.0],[0.0,0.0,0.0,56.0,941.0]]"
inverse_test_group_size,1001,teacher,,B_Full_MLP,results/wsnds/evidence_completion_20260811/fgds_controlled_full_routes_10seed_v2/seed_1001/teacher_B_Full_MLP_test_predictions.npz,95b4a158e8967c46b73bcb96ec835a85a2b0b3e1d7718d8e5c0fa81a63c8bfbb,2.384185791015625e-07,2e-06,54174,0,0,56301,54174.0,0.9889061173256544,0.9030471330697802,0.9470228176046076,0.9219124992620321,"[[970.0000000000001,0.0,44.00000000000005,0.0,1.0],[0.0,472.0,0.0,2.0,0.0],[294.00000000000017,0.0,1595.9999999999993,0.0,0.0],[0.0,63.0,83.0,49603.00000000006,58.0],[0.0,0.0,0.0,56.0,932.0]]"
pure_group_representative,1001,teacher,,B_Full_MLP,results/wsnds/evidence_completion_20260811/fgds_controlled_full_routes_10seed_v2/seed_1001/teacher_B_Full_MLP_test_predictions.npz,95b4a158e8967c46b73bcb96ec835a85a2b0b3e1d7718d8e5c0fa81a63c8bfbb,2.384185791015625e-07,2e-06,54174,0,0,54174,54174.0,0.9889061173256544,0.9030471330697798,0.9470228176046076,0.9219124992620319,"[[970.0,0.0,44.0,0.0,1.0],[0.0,472.0,0.0,2.0,0.0],[294.0,0.0,1596.0,0.0,0.0],[0.0,63.0,83.0,49603.0,58.0],[0.0,0.0,0.0,56.0,932.0]]"
row_level,1001,teacher,,C_CL_MLP_loss_fair,results/wsnds/evidence_completion_20260811/fgds_controlled_full_routes_10seed_v2/seed_1001/teacher_C_CL_MLP_loss_fair_test_predictions.npz,f8659e773ec6d9268d7736d51674134774811790423461e6272751bbd2ce1715,2.384185791015625e-07,2e-06,54174,0,0,56301,56301.0,0.9859860393243459,0.8987687230964034,0.9349660262108799,0.9151102050030537,"[[1444.0,0.0,146.0,0.0,0.0],[0.0,494.0,0.0,1.0,0.0],[365.0,0.0,1784.0,0.0,0.0],[1.0,74.0,90.0,50850.0,55.0],[0.0,0.0,1.0,56.0,940.0]]"
inverse_test_group_size,1001,teacher,,C_CL_MLP_loss_fair,results/wsnds/evidence_completion_20260811/fgds_controlled_full_routes_10seed_v2/seed_1001/teacher_C_CL_MLP_loss_fair_test_predictions.npz,f8659e773ec6d9268d7736d51674134774811790423461e6272751bbd2ce1715,2.384185791015625e-07,2e-06,54174,0,0,56301,54174.0,0.9879462472772917,0.8944099698137429,0.9388139273329947,0.9140088255635124,"[[928.9999999999995,0.0,85.99999999999994,0.0,0.0],[0.0,473.0,0.0,1.0,0.0],[296.99999999999994,0.0,1592.9999999999998,0.0,0.0],[1.0,72.0,86.0,49595.00000000006,53.0],[0.0,0.0,1.0,56.0,931.0]]"
pure_group_representative,1001,teacher,,C_CL_MLP_loss_fair,results/wsnds/evidence_completion_20260811/fgds_controlled_full_routes_10seed_v2/seed_1001/teacher_C_CL_MLP_loss_fair_test_predictions.npz,f8659e773ec6d9268d7736d51674134774811790423461e6272751bbd2ce1715,2.384185791015625e-07,2e-06,54174,0,0,54174,54174.0,0.9879462472772917,0.8944099698137424,0.938813927332995,0.9140088255635123,"[[929.0,0.0,86.0,0.0,0.0],[0.0,473.0,0.0,1.0,0.0],[297.0,0.0,1593.0,0.0,0.0],[1.0,72.0,86.0,49595.0,53.0],[0.0,0.0,1.0,56.0,931.0]]"
row_level,1001,teacher,,C_CL_MLP_loss_ext,results/wsnds/evidence_completion_20260811/fgds_controlled_full_routes_10seed_v2/seed_1001/teacher_C_CL_MLP_loss_ext_test_predictions.npz,c1c18cfee11d0435d85040e0ca4575473ace65091e8e74412e70ab0af515851a,2.384185791015625e-07,2e-06,54174,0,0,56301,56301.0,0.9873714498854372,0.909919042289021,0.9444853249195869,0.9234225467545321,"[[1558.0,0.0,32.0,0.0,0.0],[0.0,493.0,0.0,2.0,0.0],[412.0,0.0,1736.0,1.0,0.0],[1.0,72.0,87.0,50863.0,47.0],[0.0,0.0,1.0,56.0,940.0]]"
inverse_test_group_size,1001,teacher,,C_CL_MLP_loss_ext,results/wsnds/evidence_completion_20260811/fgds_controlled_full_routes_10seed_v2/seed_1001/teacher_C_CL_MLP_loss_ext_test_predictions.npz,c1c18cfee11d0435d85040e0ca4575473ace65091e8e74412e70ab0af515851a,2.384185791015625e-07,2e-06,54174,0,0,56301,54174.0,0.9889799534832208,0.9035222572856167,0.9483000536204409,0.9219716300808664,"[[985.9999999999997,0.0,28.999999999999996,0.0,0.0],[0.0,472.0,0.0,2.0,0.0],[309.0000000000002,0.0,1579.9999999999995,1.0,0.0],[1.0,70.0,83.0,49608.00000000006,45.0],[0.0,0.0,1.0,56.0,931.0]]"
pure_group_representative,1001,teacher,,C_CL_MLP_loss_ext,results/wsnds/evidence_completion_20260811/fgds_controlled_full_routes_10seed_v2/seed_1001/teacher_C_CL_MLP_loss_ext_test_predictions.npz,c1c18cfee11d0435d85040e0ca4575473ace65091e8e74412e70ab0af515851a,2.384185791015625e-07,2e-06,54174,0,0,54174,54174.0,0.9889799534832208,0.9035222572856163,0.9483000536204409,0.9219716300808661,"[[986.0,0.0,29.0,0.0,0.0],[0.0,472.0,0.0,2.0,0.0],[309.0,0.0,1580.0,1.0,0.0],[1.0,70.0,83.0,49608.0,45.0],[0.0,0.0,1.0,56.0,931.0]]"
row_level,1001,teacher,,C2_CL_MLP_domain,results/wsnds/evidence_completion_20260811/fgds_controlled_full_routes_10seed_v2/seed_1001/teacher_C2_CL_MLP_domain_test_predictions.npz,949650db1750ff244ca09eb3a291547b001a2ff0e7069cd6ae19500770bfc2cc,1.7881393432617188e-07,2e-06,54174,0,0,56301,56301.0,0.9864123194969894,0.9038335742224313,0.9369757879608093,0.918834095071259,"[[1457.0,0.0,132.0,0.0,1.0],[0.0,493.0,0.0,2.0,0.0],[359.0,0.0,1790.0,0.0,0.0],[0.0,64.0,100.0,50855.0,51.0],[0.0,0.0,0.0,56.0,941.0]]"
inverse_test_group_size,1001,teacher,,C2_CL_MLP_domain,results/wsnds/evidence_completion_20260811/fgds_controlled_full_routes_10seed_v2/seed_1001/teacher_C2_CL_MLP_domain_test_predictions.npz,949650db1750ff244ca09eb3a291547b001a2ff0e7069cd6ae19500770bfc2cc,1.7881393432617188e-07,2e-06,54174,0,0,56301,54174.0,0.9882785099863403,0.899091909748582,0.9403656317227871,0.9174976281196973,"[[931.9999999999995,0.0,81.99999999999994,0.0,1.0],[0.0,472.0,0.0,2.0,0.0],[286.0,0.0,1603.9999999999995,0.0,0.0],[0.0,63.0,96.0,49599.00000000006,49.0],[0.0,0.0,0.0,56.0,932.0]]"
pure_group_representative,1001,teacher,,C2_CL_MLP_domain,results/wsnds/evidence_completion_20260811/fgds_controlled_full_routes_10seed_v2/seed_1001/teacher_C2_CL_MLP_domain_test_predictions.npz,949650db1750ff244ca09eb3a291547b001a2ff0e7069cd6ae19500770bfc2cc,1.7881393432617188e-07,2e-06,54174,0,0,54174,54174.0,0.9882785099863403,0.8990919097485819,0.9403656317227871,0.917497628119697,"[[932.0,0.0,82.0,0.0,1.0],[0.0,472.0,0.0,2.0,0.0],[286.0,0.0,1604.0,0.0,0.0],[0.0,63.0,96.0,49599.0,49.0],[0.0,0.0,0.0,56.0,932.0]]"
row_level,1001,teacher,,G_random_pacing_teacher,results/wsnds/evidence_completion_20260811/fgds_controlled_full_routes_10seed_v2/seed_1001/teacher_G_random_pacing_teacher_test_predictions.npz,2e6497060ddad6838a45e7edbd53f0c556152f4740f81c042545db77e95f063e,2.384185791015625e-07,2e-06,54174,0,0,56301,56301.0,0.9873714498854372,0.9088729897192078,0.9441332657347458,0.9235128257111891,"[[1529.0,0.0,61.0,0.0,0.0],[0.0,494.0,0.0,1.0,0.0],[383.0,0.0,1765.0,1.0,0.0],[2.0,75.0,90.0,50861.0,42.0],[0.0,0.0,0.0,56.0,941.0]]"
inverse_test_group_size,1001,teacher,,G_random_pacing_teacher,results/wsnds/evidence_completion_20260811/fgds_controlled_full_routes_10seed_v2/seed_1001/teacher_G_random_pacing_teacher_test_predictions.npz,2e6497060ddad6838a45e7edbd53f0c556152f4740f81c042545db77e95f063e,2.384185791015625e-07,2e-06,54174,0,0,56301,54174.0,0.9889430354044375,0.9027551995905518,0.9474276132790358,0.9216023046154505,"[[971.9999999999998,0.0,43.00000000000003,0.0,0.0],[0.0,473.0,0.0,1.0,0.0],[297.00000000000006,0.0,1591.9999999999995,1.0,0.0],[2.0,73.0,86.0,49606.00000000006,40.0],[0.0,0.0,0.0,56.0,932.0]]"
pure_group_representative,1001,teacher,,G_random_pacing_teacher,results/wsnds/evidence_completion_20260811/fgds_controlled_full_routes_10seed_v2/seed_1001/teacher_G_random_pacing_teacher_test_predictions.npz,2e6497060ddad6838a45e7edbd53f0c556152f4740f81c042545db77e95f063e,2.384185791015625e-07,2e-06,54174,0,0,54174,54174.0,0.9889430354044375,0.9027551995905515,0.947427613279036,0.9216023046154502,"[[972.0,0.0,43.0,0.0,0.0],[0.0,473.0,0.0,1.0,0.0],[297.0,0.0,1592.0,1.0,0.0],[2.0,73.0,86.0,49606.0,40.0],[0.0,0.0,0.0,56.0,932.0]]"
row_level,1001,teacher,,I_SMOTE_MLP_teacher,results/wsnds/evidence_completion_20260811/fgds_controlled_full_routes_10seed_v2/seed_1001/teacher_I_SMOTE_MLP_teacher_test_predictions.npz,9d2048ce2f512b45240ba1f1ee4e8e5d26925a72848581bf324027fb7aa65be4,3.5762786865234375e-07,2e-06,54174,0,0,56301,56301.0,0.9917408216550327,0.9354742360287599,0.9679770891827362,0.9510018055612666,"[[1543.0,0.0,47.0,0.0,0.0],[0.0,493.0,0.0,2.0,0.0],[141.0,0.0,2007.0,1.0,0.0],[1.0,59.0,92.0,50852.0,66.0],[0.0,0.0,0.0,56.0,941.0]]"
inverse_test_group_size,1001,teacher,,I_SMOTE_MLP_teacher,results/wsnds/evidence_completion_20260811/fgds_controlled_full_routes_10seed_v2/seed_1001/teacher_I_SMOTE_MLP_teacher_test_predictions.npz,9d2048ce2f512b45240ba1f1ee4e8e5d26925a72848581bf324027fb7aa65be4,3.5762786865234375e-07,2e-06,54174,0,0,56301,54174.0,0.9924871709676228,0.9330941324900047,0.9689943442088854,0.9502530134654549,"[[977.9999999999998,0.0,37.0,0.0,0.0],[0.0,472.0,0.0,2.0,0.0],[100.00000000000004,0.0,1788.9999999999995,1.0,0.0],[1.0,59.0,88.0,49596.00000000006,63.0],[0.0,0.0,0.0,56.0,932.0]]"
pure_group_representative,1001,teacher,,I_SMOTE_MLP_teacher,results/wsnds/evidence_completion_20260811/fgds_controlled_full_routes_10seed_v2/seed_1001/teacher_I_SMOTE_MLP_teacher_test_predictions.npz,9d2048ce2f512b45240ba1f1ee4e8e5d26925a72848581bf324027fb7aa65be4,3.5762786865234375e-07,2e-06,54174,0,0,54174,54174.0,0.9924871709676228,0.9330941324900046,0.9689943442088855,0.9502530134654548,"[[978.0,0.0,37.0,0.0,0.0],[0.0,472.0,0.0,2.0,0.0],[100.0,0.0,1789.0,1.0,0.0],[1.0,59.0,88.0,49596.0,63.0],[0.0,0.0,0.0,56.0,932.0]]"
row_level,1001,student,student_A,D_Small_MLP,results/wsnds/confirmation_runs_v2/local_feature_group_10seed_20260811/feature_group_10seed/seed_1001/student_A_Small_MLP_scratch_test_predictions.csv,417fa055d97ac4cd1b0f83675c34b16b6f5cf0c1eec0b289b05d0a7299a6731d,6.500000000464468e-07,2e-06,54174,0,0,56301,56301.0,0.9868385996696328,0.9014794076197484,0.9430749846492589,0.9205760057747921,"[[1473.0,0.0,117.0,0.0,0.0],[0.0,494.0,0.0,1.0,0.0],[316.0,0.0,1831.0,2.0,0.0],[0.0,78.0,96.0,50821.0,75.0],[0.0,0.0,1.0,55.0,941.0]]"
inverse_test_group_size,1001,student,student_A,D_Small_MLP,results/wsnds/confirmation_runs_v2/local_feature_group_10seed_20260811/feature_group_10seed/seed_1001/student_A_Small_MLP_scratch_test_predictions.csv,417fa055d97ac4cd1b0f83675c34b16b6f5cf0c1eec0b289b05d0a7299a6731d,6.500000000464468e-07,2e-06,54174,0,0,56301,54174.0,0.9882600509469487,0.8952992941204142,0.9434476221608292,0.9172472539773684,"[[929.9999999999997,0.0,85.00000000000003,0.0,0.0],[0.0,473.0,0.0,1.0,0.0],[254.99999999999991,0.0,1633.9999999999998,1.0,0.0],[0.0,77.0,92.0,49569.00000000006,69.0],[0.0,0.0,1.0,55.0,932.0]]"
pure_group_representative,1001,student,student_A,D_Small_MLP,results/wsnds/confirmation_runs_v2/local_feature_group_10seed_20260811/feature_group_10seed/seed_1001/student_A_Small_MLP_scratch_test_predictions.csv,417fa055d97ac4cd1b0f83675c34b16b6f5cf0c1eec0b289b05d0a7299a6731d,6.500000000464468e-07,2e-06,54174,0,0,54174,54174.0,0.9882600509469487,0.8952992941204136,0.9434476221608292,0.9172472539773683,"[[930.0,0.0,85.0,0.0,0.0],[0.0,473.0,0.0,1.0,0.0],[255.0,0.0,1634.0,1.0,0.0],[0.0,77.0,92.0,49569.0,69.0],[0.0,0.0,1.0,55.0,932.0]]"
row_level,1001,student,student_A,E_KD_from_RF,results/wsnds/confirmation_runs_v2/local_feature_group_10seed_20260811/feature_group_10seed/seed_1001/student_A_KD_from_RF_test_predictions.csv,ee4ef97e7ac1233db1a428584bb26488daa13fa5be8693ce6ca2c7e82ba286fc,8.800000000364072e-07,2e-06,54174,0,0,56301,56301.0,0.9865899362355909,0.9091939201499709,0.9282708691061428,0.9175728594370384,"[[1396.0,0.0,193.0,0.0,1.0],[0.0,492.0,0.0,3.0,0.0],[358.0,0.0,1782.0,9.0,0.0],[0.0,59.0,60.0,50936.0,15.0],[1.0,0.0,0.0,56.0,940.0]]"
inverse_test_group_size,1001,student,student_A,E_KD_from_RF,results/wsnds/confirmation_runs_v2/local_feature_group_10seed_20260811/feature_group_10seed/seed_1001/student_A_KD_from_RF_test_predictions.csv,ee4ef97e7ac1233db1a428584bb26488daa13fa5be8693ce6ca2c7e82ba286fc,8.800000000364072e-07,2e-06,54174,0,0,56301,54174.0,0.9888876582862628,0.9061091558758223,0.9328692838124765,0.9175301574784838,"[[901.9999999999997,0.0,111.99999999999996,0.0,1.0],[0.0,471.0,0.0,3.0,0.0],[289.99999999999994,0.0,1592.0000000000002,8.0,0.0],[0.0,59.0,57.0,49676.00000000006,15.0],[1.0,0.0,0.0,56.0,931.0]]"
pure_group_representative,1001,student,student_A,E_KD_from_RF,results/wsnds/confirmation_runs_v2/local_feature_group_10seed_20260811/feature_group_10seed/seed_1001/student_A_KD_from_RF_test_predictions.csv,ee4ef97e7ac1233db1a428584bb26488daa13fa5be8693ce6ca2c7e82ba286fc,8.800000000364072e-07,2e-06,54174,0,0,54174,54174.0,0.9888876582862628,0.9061091558758221,0.9328692838124765,0.9175301574784835,"[[902.0,0.0,112.0,0.0,1.0],[0.0,471.0,0.0,3.0,0.0],[290.0,0.0,1592.0,8.0,0.0],[0.0,59.0,57.0,49676.0,15.0],[1.0,0.0,0.0,56.0,931.0]]"
row_level,1001,student,student_A,E2_KD_from_MLP,results/wsnds/evidence_completion_20260811/fgds_controlled_full_routes_10seed_v2/seed_1001/student_A_E2_KD_from_MLP_test_predictions.npz,6f55ab5bae3fe7f5e7c4978961fd4ac65cff16a27ea88a476424cffbee3e1fba,5.960464477539062e-07,2e-06,54174,0,0,56301,56301.0,0.9868918846912133,0.9055959035024822,0.939583429039333,0.9213863760258987,"[[1449.0,0.0,141.0,0.0,0.0],[0.0,493.0,0.0,2.0,0.0],[320.0,0.0,1829.0,0.0,0.0],[0.0,63.0,92.0,50851.0,64.0],[0.0,0.0,0.0,56.0,941.0]]"
inverse_test_group_size,1001,student,student_A,E2_KD_from_MLP,results/wsnds/evidence_completion_20260811/fgds_controlled_full_routes_10seed_v2/seed_1001/student_A_E2_KD_from_MLP_test_predictions.npz,6f55ab5bae3fe7f5e7c4978961fd4ac65cff16a27ea88a476424cffbee3e1fba,5.960464477539062e-07,2e-06,54174,0,0,56301,54174.0,0.9884815594196478,0.8998056860092148,0.9405790882502778,0.9185982544129547,"[[915.9999999999999,0.0,99.00000000000001,0.0,0.0],[0.0,472.0,0.0,2.0,0.0],[253.99999999999991,0.0,1635.9999999999998,0.0,0.0],[0.0,63.0,88.0,49594.00000000006,62.0],[0.0,0.0,0.0,56.0,932.0]]"
pure_group_representative,1001,student,student_A,E2_KD_from_MLP,results/wsnds/evidence_completion_20260811/fgds_controlled_full_routes_10seed_v2/seed_1001/student_A_E2_KD_from_MLP_test_predictions.npz,6f55ab5bae3fe7f5e7c4978961fd4ac65cff16a27ea88a476424cffbee3e1fba,5.960464477539062e-07,2e-06,54174,0,0,54174,54174.0,0.9884815594196478,0.8998056860092145,0.9405790882502778,0.9185982544129546,"[[916.0,0.0,99.0,0.0,0.0],[0.0,472.0,0.0,2.0,0.0],[254.0,0.0,1636.0,0.0,0.0],[0.0,63.0,88.0,49594.0,62.0],[0.0,0.0,0.0,56.0,932.0]]"
row_level,1001,student,student_A,F_KD_from_CL_MLP_fair,results/wsnds/evidence_completion_20260811/fgds_controlled_full_routes_10seed_v2/seed_1001/student_A_F_KD_from_CL_MLP_fair_test_predictions.npz,b90bb4d96db6341411278d100f8184efa7c51c333716d227c38e718b639a634f,6.556510925292969e-07,2e-06,54174,0,0,56301,56301.0,0.9857728992380241,0.8990129143011696,0.9315309688012909,0.914253605467421,"[[1399.0,0.0,191.0,0.0,0.0],[0.0,493.0,0.0,2.0,0.0],[337.0,0.0,1812.0,0.0,0.0],[1.0,64.0,89.0,50856.0,60.0],[1.0,0.0,0.0,56.0,940.0]]"
inverse_test_group_size,1001,student,student_A,F_KD_from_CL_MLP_fair,results/wsnds/evidence_completion_20260811/fgds_controlled_full_routes_10seed_v2/seed_1001/student_A_F_KD_from_CL_MLP_fair_test_predictions.npz,b90bb4d96db6341411278d100f8184efa7c51c333716d227c38e718b639a634f,6.556510925292969e-07,2e-06,54174,0,0,56301,54174.0,0.988020083434858,0.8963664945451516,0.9359490097166795,0.9145307192288223,"[[901.9999999999999,0.0,112.99999999999993,0.0,0.0],[0.0,472.0,0.0,2.0,0.0],[269.99999999999994,0.0,1620.0,0.0,0.0],[1.0,63.0,85.0,49600.00000000006,58.0],[1.0,0.0,0.0,56.0,931.0]]"
pure_group_representative,1001,student,student_A,F_KD_from_CL_MLP_fair,results/wsnds/evidence_completion_20260811/fgds_controlled_full_routes_10seed_v2/seed_1001/student_A_F_KD_from_CL_MLP_fair_test_predictions.npz,b90bb4d96db6341411278d100f8184efa7c51c333716d227c38e718b639a634f,6.556510925292969e-07,2e-06,54174,0,0,54174,54174.0,0.988020083434858,0.8963664945451514,0.9359490097166795,0.9145307192288221,"[[902.0,0.0,113.0,0.0,0.0],[0.0,472.0,0.0,2.0,0.0],[270.0,0.0,1620.0,0.0,0.0],[1.0,63.0,85.0,49600.0,58.0],[1.0,0.0,0.0,56.0,931.0]]"
row_level,1001,student,student_A,F_KD_from_CL_MLP_ext,results/wsnds/evidence_completion_20260811/fgds_controlled_full_routes_10seed_v2/seed_1001/student_A_F_KD_from_CL_MLP_ext_test_predictions.npz,ad85d6c9bed8f0e437bfcf4acff6b3528b24ad58c38fcfd045d6679bced3caaf,8.642673492431641e-07,2e-06,54174,0,0,56301,56301.0,0.9852222873483597,0.8983960281618725,0.9295806392969694,0.9112527214303612,"[[1469.0,0.0,121.0,0.0,0.0],[0.0,493.0,0.0,2.0,0.0],[451.0,0.0,1698.0,0.0,0.0],[0.0,64.0,92.0,50870.0,44.0],[1.0,0.0,1.0,56.0,939.0]]"
inverse_test_group_size,1001,student,student_A,F_KD_from_CL_MLP_ext,results/wsnds/evidence_completion_20260811/fgds_controlled_full_routes_10seed_v2/seed_1001/student_A_F_KD_from_CL_MLP_ext_test_predictions.npz,ad85d6c9bed8f0e437bfcf4acff6b3528b24ad58c38fcfd045d6679bced3caaf,8.642673492431641e-07,2e-06,54174,0,0,56301,54174.0,0.9876324436076347,0.8949457789884908,0.935671434674509,0.9119322827431515,"[[939.9999999999997,0.0,75.00000000000001,0.0,0.0],[0.0,472.0,0.0,2.0,0.0],[342.00000000000006,0.0,1547.9999999999993,0.0,0.0],[0.0,63.0,88.0,49614.00000000006,42.0],[1.0,0.0,1.0,56.0,930.0]]"
pure_group_representative,1001,student,student_A,F_KD_from_CL_MLP_ext,results/wsnds/evidence_completion_20260811/fgds_controlled_full_routes_10seed_v2/seed_1001/student_A_F_KD_from_CL_MLP_ext_test_predictions.npz,ad85d6c9bed8f0e437bfcf4acff6b3528b24ad58c38fcfd045d6679bced3caaf,8.642673492431641e-07,2e-06,54174,0,0,54174,54174.0,0.9876324436076347,0.8949457789884907,0.9356714346745092,0.9119322827431515,"[[940.0,0.0,75.0,0.0,0.0],[0.0,472.0,0.0,2.0,0.0],[342.0,0.0,1548.0,0.0,0.0],[0.0,63.0,88.0,49614.0,42.0],[1.0,0.0,1.0,56.0,930.0]]"
row_level,1001,student,student_A,G_KD_random_pacing,results/wsnds/evidence_completion_20260811/fgds_controlled_full_routes_10seed_v2/seed_1001/student_A_G_KD_random_pacing_test_predictions.npz,ed5c561e4e322f5eac06c34e5e4aa364fcd8709f4048db51f537557429336eb4,7.450580596923828e-07,2e-06,54174,0,0,56301,56301.0,0.9865366512140105,0.904676818803711,0.9372910490356998,0.9196924280107094,"[[1444.0,0.0,146.0,0.0,0.0],[0.0,493.0,0.0,2.0,0.0],[338.0,0.0,1811.0,0.0,0.0],[0.0,64.0,102.0,50854.0,50.0],[0.0,0.0,0.0,56.0,941.0]]"
inverse_test_group_size,1001,student,student_A,G_KD_random_pacing,results/wsnds/evidence_completion_20260811/fgds_controlled_full_routes_10seed_v2/seed_1001/student_A_G_KD_random_pacing_test_predictions.npz,ed5c561e4e322f5eac06c34e5e4aa364fcd8709f4048db51f537557429336eb4,7.450580596923828e-07,2e-06,54174,0,0,56301,54174.0,0.9886661498135637,0.9022623538436638,0.9423247616343791,0.9204858786011713,"[[928.0000000000001,0.0,86.99999999999997,0.0,0.0],[0.0,472.0,0.0,2.0,0.0],[259.99999999999994,0.0,1629.9999999999995,0.0,0.0],[0.0,63.0,98.0,49598.00000000006,48.0],[0.0,0.0,0.0,56.0,932.0]]"
pure_group_representative,1001,student,student_A,G_KD_random_pacing,results/wsnds/evidence_completion_20260811/fgds_controlled_full_routes_10seed_v2/seed_1001/student_A_G_KD_random_pacing_test_predictions.npz,ed5c561e4e322f5eac06c34e5e4aa364fcd8709f4048db51f537557429336eb4,7.450580596923828e-07,2e-06,54174,0,0,54174,54174.0,0.9886661498135637,0.9022623538436635,0.9423247616343791,0.920485878601171,"[[928.0,0.0,87.0,0.0,0.0],[0.0,472.0,0.0,2.0,0.0],[260.0,0.0,1630.0,0.0,0.0],[0.0,63.0,98.0,49598.0,48.0],[0.0,0.0,0.0,56.0,932.0]]"
row_level,1001,student,student_A,I_KD_from_SMOTE_MLP,results/wsnds/evidence_completion_20260811/fgds_controlled_full_routes_10seed_v2/seed_1001/student_A_I_KD_from_SMOTE_MLP_test_predictions.npz,711a0d8b8eb87717f72e44fc415adbbfaab37cb7b2809161c2a5e0244818e236,9.08970832824707e-07,2e-06,54174,0,0,56301,56301.0,0.9855597591517025,0.8980902809560618,0.9297360667642444,0.9130870769676058,"[[1381.0,0.0,208.0,0.0,1.0],[0.0,493.0,0.0,2.0,0.0],[332.0,0.0,1817.0,0.0,0.0],[0.0,60.0,88.0,50857.0,65.0],[0.0,0.0,1.0,56.0,940.0]]"
inverse_test_group_size,1001,student,student_A,I_KD_from_SMOTE_MLP,results/wsnds/evidence_completion_20260811/fgds_controlled_full_routes_10seed_v2/seed_1001/student_A_I_KD_from_SMOTE_MLP_test_predictions.npz,711a0d8b8eb87717f72e44fc415adbbfaab37cb7b2809161c2a5e0244818e236,9.08970832824707e-07,2e-06,54174,0,0,56301,54174.0,0.9880939195924244,0.897316577615408,0.9357932036345218,0.9150878521755139,"[[899.0000000000003,0.0,114.99999999999991,0.0,1.0],[0.0,472.0,0.0,2.0,0.0],[265.9999999999999,0.0,1623.9999999999998,0.0,0.0],[0.0,60.0,84.0,49603.00000000006,60.0],[0.0,0.0,1.0,56.0,931.0]]"
pure_group_representative,1001,student,student_A,I_KD_from_SMOTE_MLP,results/wsnds/evidence_completion_20260811/fgds_controlled_full_routes_10seed_v2/seed_1001/student_A_I_KD_from_SMOTE_MLP_test_predictions.npz,711a0d8b8eb87717f72e44fc415adbbfaab37cb7b2809161c2a5e0244818e236,9.08970832824707e-07,2e-06,54174,0,0,54174,54174.0,0.9880939195924244,0.8973165776154076,0.9357932036345218,0.9150878521755137,"[[899.0,0.0,115.0,0.0,1.0],[0.0,472.0,0.0,2.0,0.0],[266.0,0.0,1624.0,0.0,0.0],[0.0,60.0,84.0,49603.0,60.0],[0.0,0.0,1.0,56.0,931.0]]"
row_level,1001,student,student_A,J_CoDistill_RF_CL,results/wsnds/evidence_completion_20260811/fgds_controlled_full_routes_10seed_v2/seed_1001/student_A_J_CoDistill_RF_CL_test_predictions.npz,2992bdaaa2522a39b07ecc01e4a17eb9126d6b6bf4dcd92a0246b50fa263294f,9.5367431640625e-07,2e-06,54174,0,0,56301,56301.0,0.9871405481252553,0.910600829342979,0.9349303694839234,0.921634630856689,"[[1425.0,0.0,165.0,0.0,0.0],[0.0,493.0,0.0,2.0,0.0],[334.0,0.0,1809.0,6.0,0.0],[0.0,59.0,68.0,50909.0,34.0],[0.0,0.0,0.0,56.0,941.0]]"
inverse_test_group_size,1001,student,student_A,J_CoDistill_RF_CL,results/wsnds/evidence_completion_20260811/fgds_controlled_full_routes_10seed_v2/seed_1001/student_A_J_CoDistill_RF_CL_test_predictions.npz,2992bdaaa2522a39b07ecc01e4a17eb9126d6b6bf4dcd92a0246b50fa263294f,9.5367431640625e-07,2e-06,54174,0,0,56301,54174.0,0.9890353306013955,0.9060809880010485,0.93712981082101,0.9199637623227659,"[[906.9999999999995,0.0,107.99999999999997,0.0,0.0],[0.0,472.0,0.0,2.0,0.0],[266.9999999999999,0.0,1617.9999999999998,5.0,0.0],[0.0,59.0,65.0,49651.00000000006,32.0],[0.0,0.0,0.0,56.0,932.0]]"
pure_group_representative,1001,student,student_A,J_CoDistill_RF_CL,results/wsnds/evidence_completion_20260811/fgds_controlled_full_routes_10seed_v2/seed_1001/student_A_J_CoDistill_RF_CL_test_predictions.npz,2992bdaaa2522a39b07ecc01e4a17eb9126d6b6bf4dcd92a0246b50fa263294f,9.5367431640625e-07,2e-06,54174,0,0,54174,54174.0,0.9890353306013955,0.9060809880010481,0.93712981082101,0.9199637623227657,"[[907.0,0.0,108.0,0.0,0.0],[0.0,472.0,0.0,2.0,0.0],[267.0,0.0,1618.0,5.0,0.0],[0.0,59.0,65.0,49651.0,32.0],[0.0,0.0,0.0,56.0,932.0]]"
row_level,1001,student,student_B,D_Small_MLP,results/wsnds/confirmation_runs_v2/local_feature_group_10seed_20260811/feature_group_10seed/seed_1001/student_B_Small_MLP_scratch_test_predictions.csv,3c4acb8ebbec07864fb3a967492a94ef209f8e5add0680602f8bb554a741b837,0.0,2e-06,54174,0,0,56301,56301.0,0.9888811921635495,0.9154484746763542,0.9508495182269187,0.9316696247314893,"[[1502.0,0.0,88.0,0.0,0.0],[0.0,493.0,0.0,2.0,0.0],[270.0,0.0,1878.0,1.0,0.0],[0.0,73.0,76.0,50861.0,60.0],[0.0,0.0,0.0,56.0,941.0]]"
inverse_test_group_size,1001,student,student_B,D_Small_MLP,results/wsnds/confirmation_runs_v2/local_feature_group_10seed_20260811/feature_group_10seed/seed_1001/student_B_Small_MLP_scratch_test_predictions.csv,3c4acb8ebbec07864fb3a967492a94ef209f8e5add0680602f8bb554a741b837,0.0,2e-06,54174,0,0,56301,54174.0,0.9901059548861078,0.9102946826773847,0.952157283752129,0.9294569081994458,"[[952.0000000000001,0.0,63.000000000000064,0.0,0.0],[0.0,472.0,0.0,2.0,0.0],[211.0,0.0,1678.0,1.0,0.0],[0.0,72.0,73.0,49604.00000000006,58.0],[0.0,0.0,0.0,56.0,932.0]]"
pure_group_representative,1001,student,student_B,D_Small_MLP,results/wsnds/confirmation_runs_v2/local_feature_group_10seed_20260811/feature_group_10seed/seed_1001/student_B_Small_MLP_scratch_test_predictions.csv,3c4acb8ebbec07864fb3a967492a94ef209f8e5add0680602f8bb554a741b837,0.0,2e-06,54174,0,0,54174,54174.0,0.9901059548861078,0.9102946826773841,0.952157283752129,0.9294569081994455,"[[952.0,0.0,63.0,0.0,0.0],[0.0,472.0,0.0,2.0,0.0],[211.0,0.0,1678.0,1.0,0.0],[0.0,72.0,73.0,49604.0,58.0],[0.0,0.0,0.0,56.0,932.0]]"
row_level,1001,student,student_B,E_KD_from_RF,results/wsnds/confirmation_runs_v2/local_feature_group_10seed_20260811/feature_group_10seed/seed_1001/student_B_KD_from_RF_test_predictions.csv,c79264153cc9381b4309ba3b2ab892f795a55d62afea3ae2ca819dd823061bc1,0.0,2e-06,54174,0,0,56301,56301.0,0.9900001776167386,0.9297078572788007,0.9464068792483153,0.9374181876888121,"[[1405.0,0.0,184.0,0.0,1.0],[0.0,493.0,0.0,2.0,0.0],[182.0,0.0,1958.0,9.0,0.0],[0.0,59.0,50.0,50941.0,20.0],[0.0,0.0,0.0,56.0,941.0]]"
inverse_test_group_size,1001,student,student_B,E_KD_from_RF,results/wsnds/confirmation_runs_v2/local_feature_group_10seed_20260811/feature_group_10seed/seed_1001/student_B_KD_from_RF_test_predictions.csv,c79264153cc9381b4309ba3b2ab892f795a55d62afea3ae2ca819dd823061bc1,0.0,2e-06,54174,0,0,56301,54174.0,0.9918226455495256,0.9297558216280294,0.9499632843909678,0.9391416119984985,"[[906.0,0.0,107.99999999999997,0.0,1.0],[0.0,472.0,0.0,2.0,0.0],[141.9999999999999,0.0,1739.9999999999998,8.0,0.0],[0.0,59.0,48.0,49681.00000000006,19.0],[0.0,0.0,0.0,56.0,932.0]]"
pure_group_representative,1001,student,student_B,E_KD_from_RF,results/wsnds/confirmation_runs_v2/local_feature_group_10seed_20260811/feature_group_10seed/seed_1001/student_B_KD_from_RF_test_predictions.csv,c79264153cc9381b4309ba3b2ab892f795a55d62afea3ae2ca819dd823061bc1,0.0,2e-06,54174,0,0,54174,54174.0,0.9918226455495256,0.9297558216280292,0.9499632843909678,0.9391416119984983,"[[906.0,0.0,108.0,0.0,1.0],[0.0,472.0,0.0,2.0,0.0],[142.0,0.0,1740.0,8.0,0.0],[0.0,59.0,48.0,49681.0,19.0],[0.0,0.0,0.0,56.0,932.0]]"
row_level,1001,student,student_B,E2_KD_from_MLP,results/wsnds/evidence_completion_20260811/fgds_controlled_full_routes_10seed_v2/seed_1001/student_B_E2_KD_from_MLP_test_predictions.npz,8e7a03c4a12488b0c287a84aefbbcb8b52e90750d1e0d764c33eb84579d40726,0.0,2e-06,54174,0,0,56301,56301.0,0.9878510150796611,0.9129933937024985,0.9452733580591618,0.9274360635583548,"[[1502.0,0.0,88.0,0.0,0.0],[0.0,493.0,0.0,2.0,0.0],[331.0,0.0,1818.0,0.0,0.0],[0.0,60.0,93.0,50863.0,54.0],[0.0,0.0,0.0,56.0,941.0]]"
inverse_test_group_size,1001,student,student_B,E2_KD_from_MLP,results/wsnds/evidence_completion_20260811/fgds_controlled_full_routes_10seed_v2/seed_1001/student_B_E2_KD_from_MLP_test_predictions.npz,8e7a03c4a12488b0c287a84aefbbcb8b52e90750d1e0d764c33eb84579d40726,0.0,2e-06,54174,0,0,56301,54174.0,0.9895152656255768,0.9086588008572155,0.9483849826955935,0.9266515789588077,"[[950.0000000000002,0.0,65.00000000000006,0.0,0.0],[0.0,472.0,0.0,2.0,0.0],[243.99999999999997,0.0,1645.9999999999995,0.0,0.0],[0.0,60.0,89.0,49606.00000000006,52.0],[0.0,0.0,0.0,56.0,932.0]]"
pure_group_representative,1001,student,student_B,E2_KD_from_MLP,results/wsnds/evidence_completion_20260811/fgds_controlled_full_routes_10seed_v2/seed_1001/student_B_E2_KD_from_MLP_test_predictions.npz,8e7a03c4a12488b0c287a84aefbbcb8b52e90750d1e0d764c33eb84579d40726,0.0,2e-06,54174,0,0,54174,54174.0,0.9895152656255768,0.9086588008572152,0.9483849826955935,0.9266515789588075,"[[950.0,0.0,65.0,0.0,0.0],[0.0,472.0,0.0,2.0,0.0],[244.0,0.0,1646.0,0.0,0.0],[0.0,60.0,89.0,49606.0,52.0],[0.0,0.0,0.0,56.0,932.0]]"
row_level,1001,student,student_B,F_KD_from_CL_MLP_fair,results/wsnds/evidence_completion_20260811/fgds_controlled_full_routes_10seed_v2/seed_1001/student_B_F_KD_from_CL_MLP_fair_test_predictions.npz,f4079e54471468e9dd82d1e2aef854fe4eaf75d6d0c3e8cee5f98d419688d7c7,0.0,2e-06,54174,0,0,56301,56301.0,0.9884016269693255,0.9148238748514869,0.9491898113677484,0.930467844045032,"[[1509.0,0.0,81.0,0.0,0.0],[0.0,493.0,0.0,2.0,0.0],[298.0,0.0,1851.0,0.0,0.0],[0.0,64.0,93.0,50854.0,59.0],[0.0,0.0,0.0,56.0,941.0]]"
inverse_test_group_size,1001,student,student_B,F_KD_from_CL_MLP_fair,results/wsnds/evidence_completion_20260811/fgds_controlled_full_routes_10seed_v2/seed_1001/student_B_F_KD_from_CL_MLP_fair_test_predictions.npz,f4079e54471468e9dd82d1e2aef854fe4eaf75d6d0c3e8cee5f98d419688d7c7,0.0,2e-06,54174,0,0,56301,54174.0,0.9895891017831432,0.9083505446378612,0.9505349422583528,0.9273877822216736,"[[960.0000000000001,0.0,55.000000000000064,0.0,0.0],[0.0,472.0,0.0,2.0,0.0],[241.99999999999997,0.0,1648.0,0.0,0.0],[0.0,63.0,89.0,49598.00000000006,57.0],[0.0,0.0,0.0,56.0,932.0]]"
pure_group_representative,1001,student,student_B,F_KD_from_CL_MLP_fair,results/wsnds/evidence_completion_20260811/fgds_controlled_full_routes_10seed_v2/seed_1001/student_B_F_KD_from_CL_MLP_fair_test_predictions.npz,f4079e54471468e9dd82d1e2aef854fe4eaf75d6d0c3e8cee5f98d419688d7c7,0.0,2e-06,54174,0,0,54174,54174.0,0.9895891017831432,0.9083505446378609,0.9505349422583527,0.9273877822216734,"[[960.0,0.0,55.0,0.0,0.0],[0.0,472.0,0.0,2.0,0.0],[242.0,0.0,1648.0,0.0,0.0],[0.0,63.0,89.0,49598.0,57.0],[0.0,0.0,0.0,56.0,932.0]]"
row_level,1001,student,student_B,F_KD_from_CL_MLP_ext,results/wsnds/evidence_completion_20260811/fgds_controlled_full_routes_10seed_v2/seed_1001/student_B_F_KD_from_CL_MLP_ext_test_predictions.npz,dc285711b87b341f6a1efaef54bb0fcb4b095769e971c5815ad6368eea3368d7,0.0,2e-06,54174,0,0,56301,56301.0,0.9890055238805705,0.9184070960182471,0.9513971310823305,0.9335399954621403,"[[1507.0,0.0,83.0,0.0,0.0],[0.0,493.0,0.0,2.0,0.0],[272.0,0.0,1877.0,0.0,0.0],[0.0,66.0,88.0,50864.0,52.0],[0.0,0.0,0.0,56.0,941.0]]"
inverse_test_group_size,1001,student,student_B,F_KD_from_CL_MLP_ext,results/wsnds/evidence_completion_20260811/fgds_controlled_full_routes_10seed_v2/seed_1001/student_B_F_KD_from_CL_MLP_ext_test_predictions.npz,dc285711b87b341f6a1efaef54bb0fcb4b095769e971c5815ad6368eea3368d7,0.0,2e-06,54174,0,0,56301,54174.0,0.9900690368073245,0.9119042672792395,0.9518120978039916,0.9301035182282751,"[[955.0000000000002,0.0,60.000000000000064,0.0,0.0],[0.0,472.0,0.0,2.0,0.0],[220.99999999999997,0.0,1669.0,0.0,0.0],[0.0,65.0,84.0,49608.00000000006,50.0],[0.0,0.0,0.0,56.0,932.0]]"
pure_group_representative,1001,student,student_B,F_KD_from_CL_MLP_ext,results/wsnds/evidence_completion_20260811/fgds_controlled_full_routes_10seed_v2/seed_1001/student_B_F_KD_from_CL_MLP_ext_test_predictions.npz,dc285711b87b341f6a1efaef54bb0fcb4b095769e971c5815ad6368eea3368d7,0.0,2e-06,54174,0,0,54174,54174.0,0.9900690368073245,0.9119042672792391,0.9518120978039913,0.9301035182282748,"[[955.0,0.0,60.0,0.0,0.0],[0.0,472.0,0.0,2.0,0.0],[221.0,0.0,1669.0,0.0,0.0],[0.0,65.0,84.0,49608.0,50.0],[0.0,0.0,0.0,56.0,932.0]]"
row_level,1001,student,student_B,G_KD_random_pacing,results/wsnds/evidence_completion_20260811/fgds_controlled_full_routes_10seed_v2/seed_1001/student_B_G_KD_random_pacing_test_predictions.npz,86de5b6108834d3e019162293bc2c9e68f183c4397683abfe9e9ea17fcc4bd14,0.0,2e-06,54174,0,0,56301,56301.0,0.9881174401875633,0.9118096511476402,0.9466059287155396,0.9276782006729022,"[[1487.0,0.0,103.0,0.0,0.0],[0.0,493.0,0.0,2.0,0.0],[294.0,0.0,1855.0,0.0,0.0],[0.0,74.0,90.0,50857.0,49.0],[0.0,0.0,1.0,56.0,940.0]]"
inverse_test_group_size,1001,student,student_B,G_KD_random_pacing,results/wsnds/evidence_completion_20260811/fgds_controlled_full_routes_10seed_v2/seed_1001/student_B_G_KD_random_pacing_test_predictions.npz,86de5b6108834d3e019162293bc2c9e68f183c4397683abfe9e9ea17fcc4bd14,0.0,2e-06,54174,0,0,56301,54174.0,0.9898290692952338,0.9091594930492681,0.9501296369578999,0.9278923113299449,"[[945.9999999999999,0.0,69.00000000000007,0.0,0.0],[0.0,472.0,0.0,2.0,0.0],[217.99999999999991,0.0,1671.9999999999995,0.0,0.0],[0.0,72.0,86.0,49602.00000000006,47.0],[0.0,0.0,1.0,56.0,931.0]]"
pure_group_representative,1001,student,student_B,G_KD_random_pacing,results/wsnds/evidence_completion_20260811/fgds_controlled_full_routes_10seed_v2/seed_1001/student_B_G_KD_random_pacing_test_predictions.npz,86de5b6108834d3e019162293bc2c9e68f183c4397683abfe9e9ea17fcc4bd14,0.0,2e-06,54174,0,0,54174,54174.0,0.9898290692952338,0.9091594930492677,0.9501296369578999,0.9278923113299449,"[[946.0,0.0,69.0,0.0,0.0],[0.0,472.0,0.0,2.0,0.0],[218.0,0.0,1672.0,0.0,0.0],[0.0,72.0,86.0,49602.0,47.0],[0.0,0.0,1.0,56.0,931.0]]"
row_level,1001,student,student_B,I_KD_from_SMOTE_MLP,results/wsnds/evidence_completion_20260811/fgds_controlled_full_routes_10seed_v2/seed_1001/student_B_I_KD_from_SMOTE_MLP_test_predictions.npz,25aa6aa2243d3be19e67e8c09b6ca33664ea44b0a5b22407b21a99fc5440445b,0.0,2e-06,54174,0,0,56301,56301.0,0.987833253405801,0.9121828548072729,0.944876806414373,0.9270369384982289,"[[1490.0,0.0,100.0,0.0,0.0],[0.0,493.0,0.0,2.0,0.0],[319.0,0.0,1830.0,0.0,0.0],[1.0,60.0,87.0,50862.0,60.0],[0.0,0.0,0.0,56.0,941.0]]"
inverse_test_group_size,1001,student,student_B,I_KD_from_SMOTE_MLP,results/wsnds/evidence_completion_20260811/fgds_controlled_full_routes_10seed_v2/seed_1001/student_B_I_KD_from_SMOTE_MLP_test_predictions.npz,25aa6aa2243d3be19e67e8c09b6ca33664ea44b0a5b22407b21a99fc5440445b,0.0,2e-06,54174,0,0,56301,54174.0,0.9892014619559198,0.9057450693781895,0.9463229485860214,0.9240304973673146,"[[946.0,0.0,69.00000000000007,0.0,0.0],[0.0,472.0,0.0,2.0,0.0],[255.99999999999997,0.0,1633.9999999999998,0.0,0.0],[1.0,60.0,83.0,49605.00000000006,58.0],[0.0,0.0,0.0,56.0,932.0]]"
pure_group_representative,1001,student,student_B,I_KD_from_SMOTE_MLP,results/wsnds/evidence_completion_20260811/fgds_controlled_full_routes_10seed_v2/seed_1001/student_B_I_KD_from_SMOTE_MLP_test_predictions.npz,25aa6aa2243d3be19e67e8c09b6ca33664ea44b0a5b22407b21a99fc5440445b,0.0,2e-06,54174,0,0,54174,54174.0,0.9892014619559198,0.905745069378189,0.9463229485860213,0.9240304973673142,"[[946.0,0.0,69.0,0.0,0.0],[0.0,472.0,0.0,2.0,0.0],[256.0,0.0,1634.0,0.0,0.0],[1.0,60.0,83.0,49605.0,58.0],[0.0,0.0,0.0,56.0,932.0]]"
row_level,1001,student,student_B,J_CoDistill_RF_CL,results/wsnds/evidence_completion_20260811/fgds_controlled_full_routes_10seed_v2/seed_1001/student_B_J_CoDistill_RF_CL_test_predictions.npz,93e6ae31d7c6d43effc5b46cc846b9576f5b067c0736c45994a137313533ccfc,0.0,2e-06,54174,0,0,56301,56301.0,0.9873004031899967,0.9126286915710198,0.9381327895888122,0.9227501663799978,"[[1500.0,0.0,90.0,0.0,0.0],[0.0,493.0,0.0,2.0,0.0],[400.0,0.0,1742.0,7.0,0.0],[0.0,60.0,67.0,50910.0,33.0],[0.0,0.0,0.0,56.0,941.0]]"
inverse_test_group_size,1001,student,student_B,J_CoDistill_RF_CL,results/wsnds/evidence_completion_20260811/fgds_controlled_full_routes_10seed_v2/seed_1001/student_B_J_CoDistill_RF_CL_test_predictions.npz,93e6ae31d7c6d43effc5b46cc846b9576f5b067c0736c45994a137313533ccfc,0.0,2e-06,54174,0,0,56301,54174.0,0.989238380034703,0.9078169364980713,0.942591951132164,0.9222421615482214,"[[952.9999999999999,0.0,62.000000000000036,0.0,0.0],[0.0,472.0,0.0,2.0,0.0],[300.00000000000017,0.0,1583.9999999999993,6.0,0.0],[0.0,60.0,65.0,49650.00000000006,32.0],[0.0,0.0,0.0,56.0,932.0]]"
pure_group_representative,1001,student,student_B,J_CoDistill_RF_CL,results/wsnds/evidence_completion_20260811/fgds_controlled_full_routes_10seed_v2/seed_1001/student_B_J_CoDistill_RF_CL_test_predictions.npz,93e6ae31d7c6d43effc5b46cc846b9576f5b067c0736c45994a137313533ccfc,0.0,2e-06,54174,0,0,54174,54174.0,0.989238380034703,0.9078169364980709,0.9425919511321641,0.9222421615482211,"[[953.0,0.0,62.0,0.0,0.0],[0.0,472.0,0.0,2.0,0.0],[300.0,0.0,1584.0,6.0,0.0],[0.0,60.0,65.0,49650.0,32.0],[0.0,0.0,0.0,56.0,932.0]]"
row_level,2024,teacher,,A_RF_500_uncalibrated,results/wsnds/evidence_completion_20260811/fgds_controlled_full_routes_10seed_v2/seed_2024/teacher_A_RF_500_uncalibrated_test_predictions.npz,cb908aeb7595dd661ccaab11db39a9cab08e29252c6a73565320c5654aa1537c,0.0,2e-06,54174,0,0,56301,56301.0,0.9967673753574536,0.9777385986503215,0.9817215773011604,0.9793060616528131,"[[1581.0,0.0,9.0,0.0,0.0],[0.0,493.0,0.0,2.0,0.0],[28.0,0.0,2099.0,22.0,0.0],[0.0,40.0,21.0,51006.0,3.0],[0.0,0.0,0.0,57.0,940.0]]"
inverse_test_group_size,2024,teacher,,A_RF_500_uncalibrated,results/wsnds/evidence_completion_20260811/fgds_controlled_full_routes_10seed_v2/seed_2024/teacher_A_RF_500_uncalibrated_test_predictions.npz,cb908aeb7595dd661ccaab11db39a9cab08e29252c6a73565320c5654aa1537c,0.0,2e-06,54174,0,0,56301,54174.0,0.996806586185255,0.9761327035632391,0.9812486412625179,0.9782442954587369,"[[1005.9999999999998,0.0,9.0,0.0,0.0],[0.0,472.0,0.0,2.0,0.0],[20.999999999999996,0.0,1849.0,20.0,0.0],[0.0,40.0,21.0,49743.00000000006,3.0],[0.0,0.0,0.0,57.0,931.0]]"
pure_group_representative,2024,teacher,,A_RF_500_uncalibrated,results/wsnds/evidence_completion_20260811/fgds_controlled_full_routes_10seed_v2/seed_2024/teacher_A_RF_500_uncalibrated_test_predictions.npz,cb908aeb7595dd661ccaab11db39a9cab08e29252c6a73565320c5654aa1537c,0.0,2e-06,54174,0,0,54174,54174.0,0.996806586185255,0.9761327035632389,0.9812486412625179,0.9782442954587369,"[[1006.0,0.0,9.0,0.0,0.0],[0.0,472.0,0.0,2.0,0.0],[21.0,0.0,1849.0,20.0,0.0],[0.0,40.0,21.0,49743.0,3.0],[0.0,0.0,0.0,57.0,931.0]]"
row_level,2024,teacher,,A_calibrated_RF_KD_teacher,results/wsnds/confirmation_runs_v2/local_feature_group_10seed_20260811/feature_group_10seed/seed_2024/RF_teacher_test_predictions.csv,5cb05c672f2009fd75b8886f7dbdbb3c3fa00e0c8f4f1b8f61b97d68b746bdf0,0.0,2e-06,54174,0,0,56301,56301.0,0.996802898705174,0.9794847570632668,0.981138293945345,0.9799489997230738,"[[1573.0,0.0,17.0,0.0,0.0],[0.0,492.0,0.0,3.0,0.0],[17.0,0.0,2110.0,22.0,0.0],[0.0,36.0,25.0,51007.0,2.0],[0.0,0.0,1.0,57.0,939.0]]"
inverse_test_group_size,2024,teacher,,A_calibrated_RF_KD_teacher,results/wsnds/confirmation_runs_v2/local_feature_group_10seed_20260811/feature_group_10seed/seed_2024/RF_teacher_test_predictions.csv,5cb05c672f2009fd75b8886f7dbdbb3c3fa00e0c8f4f1b8f61b97d68b746bdf0,0.0,2e-06,54174,0,0,56301,54174.0,0.9968250452246465,0.9781615306816022,0.9802925815209882,0.9788434542185005,"[[999.9999999999999,0.0,15.0,0.0,0.0],[0.0,471.0,0.0,3.0,0.0],[12.999999999999996,0.0,1856.9999999999998,20.0,0.0],[0.0,36.0,25.0,49744.00000000006,2.0],[0.0,0.0,1.0,57.0,930.0]]"
pure_group_representative,2024,teacher,,A_calibrated_RF_KD_teacher,results/wsnds/confirmation_runs_v2/local_feature_group_10seed_20260811/feature_group_10seed/seed_2024/RF_teacher_test_predictions.csv,5cb05c672f2009fd75b8886f7dbdbb3c3fa00e0c8f4f1b8f61b97d68b746bdf0,0.0,2e-06,54174,0,0,54174,54174.0,0.9968250452246465,0.9781615306816022,0.9802925815209882,0.9788434542185005,"[[1000.0,0.0,15.0,0.0,0.0],[0.0,471.0,0.0,3.0,0.0],[13.0,0.0,1857.0,20.0,0.0],[0.0,36.0,25.0,49744.0,2.0],[0.0,0.0,1.0,57.0,930.0]]"
row_level,2024,teacher,,B_Full_MLP,results/wsnds/evidence_completion_20260811/fgds_controlled_full_routes_10seed_v2/seed_2024/teacher_B_Full_MLP_test_predictions.npz,0d72647b71b5fc82f5a96c3de68b17425786fd2f081a3a274d491a3e9c913b30,2.384185791015625e-07,2e-06,54174,0,0,56301,56301.0,0.9868741230173531,0.9089883479811413,0.9406848410203057,0.9212799873472985,"[[1540.0,0.0,50.0,0.0,0.0],[0.0,493.0,0.0,2.0,0.0],[432.0,0.0,1717.0,0.0,0.0],[1.0,61.0,87.0,50871.0,50.0],[0.0,0.0,0.0,56.0,941.0]]"
inverse_test_group_size,2024,teacher,,B_Full_MLP,results/wsnds/evidence_completion_20260811/fgds_controlled_full_routes_10seed_v2/seed_2024/teacher_B_Full_MLP_test_predictions.npz,0d72647b71b5fc82f5a96c3de68b17425786fd2f081a3a274d491a3e9c913b30,2.384185791015625e-07,2e-06,54174,0,0,56301,54174.0,0.9886292317347806,0.9024172555507851,0.944863010726339,0.9197789763029436,"[[975.9999999999999,0.0,39.00000000000003,0.0,0.0],[0.0,472.0,0.0,2.0,0.0],[326.00000000000017,0.0,1563.9999999999993,0.0,0.0],[1.0,61.0,83.0,49614.00000000006,48.0],[0.0,0.0,0.0,56.0,932.0]]"
pure_group_representative,2024,teacher,,B_Full_MLP,results/wsnds/evidence_completion_20260811/fgds_controlled_full_routes_10seed_v2/seed_2024/teacher_B_Full_MLP_test_predictions.npz,0d72647b71b5fc82f5a96c3de68b17425786fd2f081a3a274d491a3e9c913b30,2.384185791015625e-07,2e-06,54174,0,0,54174,54174.0,0.9886292317347806,0.9024172555507848,0.9448630107263393,0.9197789763029434,"[[976.0,0.0,39.0,0.0,0.0],[0.0,472.0,0.0,2.0,0.0],[326.0,0.0,1564.0,0.0,0.0],[1.0,61.0,83.0,49614.0,48.0],[0.0,0.0,0.0,56.0,932.0]]"
row_level,2024,teacher,,C_CL_MLP_loss_fair,results/wsnds/evidence_completion_20260811/fgds_controlled_full_routes_10seed_v2/seed_2024/teacher_C_CL_MLP_loss_fair_test_predictions.npz,7393708364516d43784a333c9f677b41429b28cd7d603486d446cfadac7a2789,1.4901161193847656e-07,2e-06,54174,0,0,56301,56301.0,0.9857728992380241,0.9008170540658851,0.9354453682532441,0.9152122601373005,"[[1499.0,0.0,91.0,0.0,0.0],[0.0,493.0,0.0,2.0,0.0],[432.0,0.0,1717.0,0.0,0.0],[1.0,67.0,103.0,50850.0,49.0],[0.0,0.0,0.0,56.0,941.0]]"
inverse_test_group_size,2024,teacher,,C_CL_MLP_loss_fair,results/wsnds/evidence_completion_20260811/fgds_controlled_full_routes_10seed_v2/seed_2024/teacher_C_CL_MLP_loss_fair_test_predictions.npz,7393708364516d43784a333c9f677b41429b28cd7d603486d446cfadac7a2789,1.4901161193847656e-07,2e-06,54174,0,0,56301,54174.0,0.9878170340015505,0.8958802760130311,0.9407834305235856,0.9146661705550599,"[[959.9999999999999,0.0,55.00000000000003,0.0,0.0],[0.0,472.0,0.0,2.0,0.0],[334.00000000000006,0.0,1555.9999999999998,0.0,0.0],[1.0,66.0,99.0,49594.00000000006,47.0],[0.0,0.0,0.0,56.0,932.0]]"
pure_group_representative,2024,teacher,,C_CL_MLP_loss_fair,results/wsnds/evidence_completion_20260811/fgds_controlled_full_routes_10seed_v2/seed_2024/teacher_C_CL_MLP_loss_fair_test_predictions.npz,7393708364516d43784a333c9f677b41429b28cd7d603486d446cfadac7a2789,1.4901161193847656e-07,2e-06,54174,0,0,54174,54174.0,0.9878170340015505,0.8958802760130309,0.9407834305235856,0.9146661705550599,"[[960.0,0.0,55.0,0.0,0.0],[0.0,472.0,0.0,2.0,0.0],[334.0,0.0,1556.0,0.0,0.0],[1.0,66.0,99.0,49594.0,47.0],[0.0,0.0,0.0,56.0,932.0]]"
row_level,2024,teacher,,C_CL_MLP_loss_ext,results/wsnds/evidence_completion_20260811/fgds_controlled_full_routes_10seed_v2/seed_2024/teacher_C_CL_MLP_loss_ext_test_predictions.npz,eea65cd965ee4d326f154f090f0c2230c93619661332a5949f96e6c930871744,1.7881393432617188e-07,2e-06,54174,0,0,56301,56301.0,0.986607697909451,0.9052079984469135,0.9413279127517475,0.9189725583705142,"[[1556.0,0.0,34.0,0.0,0.0],[0.0,493.0,0.0,2.0,0.0],[446.0,0.0,1703.0,0.0,0.0],[1.0,73.0,89.0,50854.0,53.0],[0.0,0.0,0.0,56.0,941.0]]"
inverse_test_group_size,2024,teacher,,C_CL_MLP_loss_ext,results/wsnds/evidence_completion_20260811/fgds_controlled_full_routes_10seed_v2/seed_2024/teacher_C_CL_MLP_loss_ext_test_predictions.npz,eea65cd965ee4d326f154f090f0c2230c93619661332a5949f96e6c930871744,1.7881393432617188e-07,2e-06,54174,0,0,56301,54174.0,0.9883154280651235,0.8983248171814463,0.9453209318505008,0.9173516437269894,"[[983.9999999999997,0.0,30.999999999999996,0.0,0.0],[0.0,472.0,0.0,2.0,0.0],[336.0,0.0,1553.999999999999,0.0,0.0],[1.0,71.0,85.0,49599.00000000006,51.0],[0.0,0.0,0.0,56.0,932.0]]"
pure_group_representative,2024,teacher,,C_CL_MLP_loss_ext,results/wsnds/evidence_completion_20260811/fgds_controlled_full_routes_10seed_v2/seed_2024/teacher_C_CL_MLP_loss_ext_test_predictions.npz,eea65cd965ee4d326f154f090f0c2230c93619661332a5949f96e6c930871744,1.7881393432617188e-07,2e-06,54174,0,0,54174,54174.0,0.9883154280651235,0.8983248171814461,0.945320931850501,0.9173516437269893,"[[984.0,0.0,31.0,0.0,0.0],[0.0,472.0,0.0,2.0,0.0],[336.0,0.0,1554.0,0.0,0.0],[1.0,71.0,85.0,49599.0,51.0],[0.0,0.0,0.0,56.0,932.0]]"
row_level,2024,teacher,,C2_CL_MLP_domain,results/wsnds/evidence_completion_20260811/fgds_controlled_full_routes_10seed_v2/seed_2024/teacher_C2_CL_MLP_domain_test_predictions.npz,17e1dc72e9df9eaf786a891be7a5adacf8ee27e8a1eebbdc9a44504fa9c4049b,1.1920928955078125e-07,2e-06,54174,0,0,56301,56301.0,0.9853288573915205,0.8992011585369795,0.9333600649830311,0.9122023556664555,"[[1520.0,0.0,70.0,0.0,0.0],[0.0,493.0,0.0,2.0,0.0],[482.0,0.0,1666.0,1.0,0.0],[2.0,68.0,96.0,50855.0,49.0],[0.0,0.0,0.0,56.0,941.0]]"
inverse_test_group_size,2024,teacher,,C2_CL_MLP_domain,results/wsnds/evidence_completion_20260811/fgds_controlled_full_routes_10seed_v2/seed_2024/teacher_C2_CL_MLP_domain_test_predictions.npz,17e1dc72e9df9eaf786a891be7a5adacf8ee27e8a1eebbdc9a44504fa9c4049b,1.1920928955078125e-07,2e-06,54174,0,0,56301,54174.0,0.9874478532137188,0.8933238752850434,0.9384316780646953,0.9115014854004378,"[[963.0000000000001,0.0,52.00000000000005,0.0,0.0],[0.0,472.0,0.0,2.0,0.0],[361.0,0.0,1527.999999999999,1.0,0.0],[2.0,67.0,92.0,49599.00000000006,47.0],[0.0,0.0,0.0,56.0,932.0]]"
pure_group_representative,2024,teacher,,C2_CL_MLP_domain,results/wsnds/evidence_completion_20260811/fgds_controlled_full_routes_10seed_v2/seed_2024/teacher_C2_CL_MLP_domain_test_predictions.npz,17e1dc72e9df9eaf786a891be7a5adacf8ee27e8a1eebbdc9a44504fa9c4049b,1.1920928955078125e-07,2e-06,54174,0,0,54174,54174.0,0.9874478532137188,0.893323875285043,0.9384316780646955,0.9115014854004378,"[[963.0,0.0,52.0,0.0,0.0],[0.0,472.0,0.0,2.0,0.0],[361.0,0.0,1528.0,1.0,0.0],[2.0,67.0,92.0,49599.0,47.0],[0.0,0.0,0.0,56.0,932.0]]"
row_level,2024,teacher,,G_random_pacing_teacher,results/wsnds/evidence_completion_20260811/fgds_controlled_full_routes_10seed_v2/seed_2024/teacher_G_random_pacing_teacher_test_predictions.npz,85a3a1c73ce4204bd163b33ada000bc5fb2b1a13bfaec66cfab81e21335d5938,2.682209014892578e-07,2e-06,54174,0,0,56301,56301.0,0.9865366512140105,0.9011837943108615,0.9392745480690629,0.9191157305918265,"[[1427.0,0.0,163.0,0.0,0.0],[0.0,494.0,0.0,1.0,0.0],[297.0,0.0,1852.0,0.0,0.0],[1.0,70.0,95.0,50829.0,75.0],[0.0,0.0,0.0,56.0,941.0]]"
inverse_test_group_size,2024,teacher,,G_random_pacing_teacher,results/wsnds/evidence_completion_20260811/fgds_controlled_full_routes_10seed_v2/seed_2024/teacher_G_random_pacing_teacher_test_predictions.npz,85a3a1c73ce4204bd163b33ada000bc5fb2b1a13bfaec66cfab81e21335d5938,2.682209014892578e-07,2e-06,54174,0,0,56301,54174.0,0.9883892642226898,0.8978294434636739,0.9423003960574515,0.9184699756929365,"[[915.9999999999997,0.0,98.99999999999997,0.0,0.0],[0.0,473.0,0.0,1.0,0.0],[240.9999999999999,0.0,1648.9999999999995,0.0,0.0],[1.0,68.0,91.0,49575.00000000006,72.0],[0.0,0.0,0.0,56.0,932.0]]"
pure_group_representative,2024,teacher,,G_random_pacing_teacher,results/wsnds/evidence_completion_20260811/fgds_controlled_full_routes_10seed_v2/seed_2024/teacher_G_random_pacing_teacher_test_predictions.npz,85a3a1c73ce4204bd163b33ada000bc5fb2b1a13bfaec66cfab81e21335d5938,2.682209014892578e-07,2e-06,54174,0,0,54174,54174.0,0.9883892642226898,0.8978294434636738,0.9423003960574518,0.9184699756929364,"[[916.0,0.0,99.0,0.0,0.0],[0.0,473.0,0.0,1.0,0.0],[241.0,0.0,1649.0,0.0,0.0],[1.0,68.0,91.0,49575.0,72.0],[0.0,0.0,0.0,56.0,932.0]]"
row_level,2024,teacher,,I_SMOTE_MLP_teacher,results/wsnds/evidence_completion_20260811/fgds_controlled_full_routes_10seed_v2/seed_2024/teacher_I_SMOTE_MLP_teacher_test_predictions.npz,dff22ed44213610e3a10500e45a5b945859a2d61fc10369b149f2d96fd9a1fc6,3.8743019104003906e-07,2e-06,54174,0,0,56301,56301.0,0.9873004031899967,0.9095721153598355,0.9436307060470961,0.9245333587373178,"[[1510.0,0.0,80.0,0.0,0.0],[0.0,493.0,0.0,2.0,0.0],[358.0,0.0,1790.0,1.0,0.0],[1.0,60.0,96.0,50852.0,61.0],[0.0,0.0,0.0,56.0,941.0]]"
inverse_test_group_size,2024,teacher,,I_SMOTE_MLP_teacher,results/wsnds/evidence_completion_20260811/fgds_controlled_full_routes_10seed_v2/seed_2024/teacher_I_SMOTE_MLP_teacher_test_predictions.npz,dff22ed44213610e3a10500e45a5b945859a2d61fc10369b149f2d96fd9a1fc6,3.8743019104003906e-07,2e-06,54174,0,0,56301,54174.0,0.9891645438771366,0.9059304176361481,0.9490344828697138,0.9249096664374015,"[[967.9999999999997,0.0,47.00000000000006,0.0,0.0],[0.0,472.0,0.0,2.0,0.0],[270.0000000000002,0.0,1618.9999999999995,1.0,0.0],[1.0,60.0,92.0,49596.00000000006,58.0],[0.0,0.0,0.0,56.0,932.0]]"
pure_group_representative,2024,teacher,,I_SMOTE_MLP_teacher,results/wsnds/evidence_completion_20260811/fgds_controlled_full_routes_10seed_v2/seed_2024/teacher_I_SMOTE_MLP_teacher_test_predictions.npz,dff22ed44213610e3a10500e45a5b945859a2d61fc10369b149f2d96fd9a1fc6,3.8743019104003906e-07,2e-06,54174,0,0,54174,54174.0,0.9891645438771366,0.9059304176361479,0.9490344828697138,0.9249096664374015,"[[968.0,0.0,47.0,0.0,0.0],[0.0,472.0,0.0,2.0,0.0],[270.0,0.0,1619.0,1.0,0.0],[1.0,60.0,92.0,49596.0,58.0],[0.0,0.0,0.0,56.0,932.0]]"
row_level,2024,student,student_A,D_Small_MLP,results/wsnds/confirmation_runs_v2/local_feature_group_10seed_20260811/feature_group_10seed/seed_2024/student_A_Small_MLP_scratch_test_predictions.csv,15242cbcc17839903eb026bc50e69cc1bbfb934efb5407d36ae0f59870f865b5,2.9999999995311555e-07,2e-06,54174,0,0,56301,56301.0,0.9856840908687234,0.8988442912364049,0.9398621722959428,0.9163903428461037,"[[1524.0,0.0,66.0,0.0,0.0],[0.0,493.0,0.0,2.0,0.0],[410.0,0.0,1737.0,2.0,0.0],[1.0,73.0,136.0,50802.0,58.0],[1.0,0.0,1.0,56.0,939.0]]"
inverse_test_group_size,2024,student,student_A,D_Small_MLP,results/wsnds/confirmation_runs_v2/local_feature_group_10seed_20260811/feature_group_10seed/seed_2024/student_A_Small_MLP_scratch_test_predictions.csv,15242cbcc17839903eb026bc50e69cc1bbfb934efb5407d36ae0f59870f865b5,2.9999999995311555e-07,2e-06,54174,0,0,56301,54174.0,0.9874478532137188,0.8923601666111816,0.943827132929397,0.9148362783742531,"[[964.0,0.0,51.00000000000003,0.0,0.0],[0.0,472.0,0.0,2.0,0.0],[306.00000000000017,0.0,1582.9999999999993,1.0,0.0],[1.0,73.0,132.0,49545.00000000006,56.0],[1.0,0.0,1.0,56.0,930.0]]"
pure_group_representative,2024,student,student_A,D_Small_MLP,results/wsnds/confirmation_runs_v2/local_feature_group_10seed_20260811/feature_group_10seed/seed_2024/student_A_Small_MLP_scratch_test_predictions.csv,15242cbcc17839903eb026bc50e69cc1bbfb934efb5407d36ae0f59870f865b5,2.9999999995311555e-07,2e-06,54174,0,0,54174,54174.0,0.9874478532137188,0.8923601666111812,0.943827132929397,0.914836278374253,"[[964.0,0.0,51.0,0.0,0.0],[0.0,472.0,0.0,2.0,0.0],[306.0,0.0,1583.0,1.0,0.0],[1.0,73.0,132.0,49545.0,56.0],[1.0,0.0,1.0,56.0,930.0]]"
row_level,2024,student,student_A,E_KD_from_RF,results/wsnds/confirmation_runs_v2/local_feature_group_10seed_20260811/feature_group_10seed/seed_2024/student_A_KD_from_RF_test_predictions.csv,d8fcf0bc5b01b0a9f243b99facc72198c1bb72a981621cc1cb31760a4bbb84d0,1.0000000000287557e-06,2e-06,54174,0,0,56301,56301.0,0.9860926093675068,0.9070924431161835,0.9248287812827837,0.9148331800245334,"[[1374.0,0.0,215.0,0.0,1.0],[0.0,493.0,0.0,2.0,0.0],[365.0,0.0,1768.0,16.0,0.0],[0.0,60.0,59.0,50942.0,9.0],[0.0,0.0,0.0,56.0,941.0]]"
inverse_test_group_size,2024,student,student_A,E_KD_from_RF,results/wsnds/confirmation_runs_v2/local_feature_group_10seed_20260811/feature_group_10seed/seed_2024/student_A_KD_from_RF_test_predictions.csv,d8fcf0bc5b01b0a9f243b99facc72198c1bb72a981621cc1cb31760a4bbb84d0,1.0000000000287557e-06,2e-06,54174,0,0,56301,54174.0,0.9886476907741721,0.905191148903946,0.9300183854591243,0.9157728872695277,"[[887.9999999999999,0.0,125.99999999999997,0.0,1.0],[0.0,472.0,0.0,2.0,0.0],[290.00000000000006,0.0,1585.0000000000011,15.0,0.0],[0.0,60.0,56.0,49682.00000000006,9.0],[0.0,0.0,0.0,56.0,932.0]]"
pure_group_representative,2024,student,student_A,E_KD_from_RF,results/wsnds/confirmation_runs_v2/local_feature_group_10seed_20260811/feature_group_10seed/seed_2024/student_A_KD_from_RF_test_predictions.csv,d8fcf0bc5b01b0a9f243b99facc72198c1bb72a981621cc1cb31760a4bbb84d0,1.0000000000287557e-06,2e-06,54174,0,0,54174,54174.0,0.9886476907741721,0.9051911489039457,0.9300183854591241,0.9157728872695274,"[[888.0,0.0,126.0,0.0,1.0],[0.0,472.0,0.0,2.0,0.0],[290.0,0.0,1585.0,15.0,0.0],[0.0,60.0,56.0,49682.0,9.0],[0.0,0.0,0.0,56.0,932.0]]"
row_level,2024,student,student_A,E2_KD_from_MLP,results/wsnds/evidence_completion_20260811/fgds_controlled_full_routes_10seed_v2/seed_2024/student_A_E2_KD_from_MLP_test_predictions.npz,0433979af958009767c5d024b7cf98c69161ed08c76c90066a0bb66df3ca6b2e,5.960464477539062e-07,2e-06,54174,0,0,56301,56301.0,0.98525781069608,0.8955300833463531,0.929284787566238,0.9109794161142795,"[[1415.0,0.0,175.0,0.0,0.0],[0.0,493.0,0.0,2.0,0.0],[385.0,0.0,1764.0,0.0,0.0],[2.0,60.0,75.0,50858.0,75.0],[0.0,0.0,0.0,56.0,941.0]]"
inverse_test_group_size,2024,student,student_A,E2_KD_from_MLP,results/wsnds/evidence_completion_20260811/fgds_controlled_full_routes_10seed_v2/seed_2024/student_A_E2_KD_from_MLP_test_predictions.npz,0433979af958009767c5d024b7cf98c69161ed08c76c90066a0bb66df3ca6b2e,5.960464477539062e-07,2e-06,54174,0,0,56301,54174.0,0.9875955255288514,0.8926217141420552,0.9345134182415116,0.9113032968132971,"[[912.9999999999999,0.0,101.99999999999997,0.0,0.0],[0.0,472.0,0.0,2.0,0.0],[305.99999999999994,0.0,1584.0000000000002,0.0,0.0],[2.0,60.0,72.0,49601.00000000006,72.0],[0.0,0.0,0.0,56.0,932.0]]"
pure_group_representative,2024,student,student_A,E2_KD_from_MLP,results/wsnds/evidence_completion_20260811/fgds_controlled_full_routes_10seed_v2/seed_2024/student_A_E2_KD_from_MLP_test_predictions.npz,0433979af958009767c5d024b7cf98c69161ed08c76c90066a0bb66df3ca6b2e,5.960464477539062e-07,2e-06,54174,0,0,54174,54174.0,0.9875955255288514,0.8926217141420547,0.9345134182415116,0.911303296813297,"[[913.0,0.0,102.0,0.0,0.0],[0.0,472.0,0.0,2.0,0.0],[306.0,0.0,1584.0,0.0,0.0],[2.0,60.0,72.0,49601.0,72.0],[0.0,0.0,0.0,56.0,932.0]]"
row_level,2024,student,student_A,F_KD_from_CL_MLP_fair,results/wsnds/evidence_completion_20260811/fgds_controlled_full_routes_10seed_v2/seed_2024/student_A_F_KD_from_CL_MLP_fair_test_predictions.npz,919538caab54c6eeb35a25f570ae38120c2cbe0e2fba8d6214dbd8fa8f1552eb,6.258487701416016e-07,2e-06,54174,0,0,56301,56301.0,0.985382142413101,0.8985764631712099,0.9327828603864177,0.9121671468009154,"[[1502.0,0.0,88.0,0.0,0.0],[0.0,493.0,0.0,2.0,0.0],[465.0,0.0,1684.0,0.0,0.0],[1.0,68.0,92.0,50858.0,51.0],[0.0,0.0,0.0,56.0,941.0]]"
inverse_test_group_size,2024,student,student_A,F_KD_from_CL_MLP_fair,results/wsnds/evidence_completion_20260811/fgds_controlled_full_routes_10seed_v2/seed_2024/student_A_F_KD_from_CL_MLP_fair_test_predictions.npz,919538caab54c6eeb35a25f570ae38120c2cbe0e2fba8d6214dbd8fa8f1552eb,6.258487701416016e-07,2e-06,54174,0,0,56301,54174.0,0.9875586074500683,0.8935612048963234,0.9382138395067121,0.9118256333497022,"[[956.9999999999998,0.0,58.00000000000004,0.0,0.0],[0.0,472.0,0.0,2.0,0.0],[353.0,0.0,1536.9999999999995,0.0,0.0],[1.0,67.0,88.0,49602.00000000006,49.0],[0.0,0.0,0.0,56.0,932.0]]"
pure_group_representative,2024,student,student_A,F_KD_from_CL_MLP_fair,results/wsnds/evidence_completion_20260811/fgds_controlled_full_routes_10seed_v2/seed_2024/student_A_F_KD_from_CL_MLP_fair_test_predictions.npz,919538caab54c6eeb35a25f570ae38120c2cbe0e2fba8d6214dbd8fa8f1552eb,6.258487701416016e-07,2e-06,54174,0,0,54174,54174.0,0.9875586074500683,0.8935612048963233,0.9382138395067121,0.9118256333497022,"[[957.0,0.0,58.0,0.0,0.0],[0.0,472.0,0.0,2.0,0.0],[353.0,0.0,1537.0,0.0,0.0],[1.0,67.0,88.0,49602.0,49.0],[0.0,0.0,0.0,56.0,932.0]]"
row_level,2024,student,student_A,F_KD_from_CL_MLP_ext,results/wsnds/evidence_completion_20260811/fgds_controlled_full_routes_10seed_v2/seed_2024/student_A_F_KD_from_CL_MLP_ext_test_predictions.npz,dcc8518d3d8f362d4718e021525a89ea5c0b4fc3ed9dbf9b2c10cc59ae78e374,8.344650268554688e-07,2e-06,54174,0,0,56301,56301.0,0.9848315305234365,0.8936468379724213,0.9275743365931806,0.9084785798893623,"[[1437.0,0.0,152.0,0.0,1.0],[0.0,493.0,0.0,2.0,0.0],[429.0,0.0,1718.0,2.0,0.0],[0.0,66.0,85.0,50859.0,60.0],[0.0,0.0,1.0,56.0,940.0]]"
inverse_test_group_size,2024,student,student_A,F_KD_from_CL_MLP_ext,results/wsnds/evidence_completion_20260811/fgds_controlled_full_routes_10seed_v2/seed_2024/student_A_F_KD_from_CL_MLP_ext_test_predictions.npz,dcc8518d3d8f362d4718e021525a89ea5c0b4fc3ed9dbf9b2c10cc59ae78e374,8.344650268554688e-07,2e-06,54174,0,0,56301,54174.0,0.9873186399379776,0.8909273557645534,0.9339030376064248,0.9093792105033651,"[[926.9999999999998,0.0,87.00000000000006,0.0,1.0],[0.0,472.0,0.0,2.0,0.0],[335.0,0.0,1554.0,1.0,0.0],[0.0,65.0,81.0,49603.00000000006,58.0],[0.0,0.0,1.0,56.0,931.0]]"
pure_group_representative,2024,student,student_A,F_KD_from_CL_MLP_ext,results/wsnds/evidence_completion_20260811/fgds_controlled_full_routes_10seed_v2/seed_2024/student_A_F_KD_from_CL_MLP_ext_test_predictions.npz,dcc8518d3d8f362d4718e021525a89ea5c0b4fc3ed9dbf9b2c10cc59ae78e374,8.344650268554688e-07,2e-06,54174,0,0,54174,54174.0,0.9873186399379776,0.8909273557645532,0.9339030376064248,0.9093792105033651,"[[927.0,0.0,87.0,0.0,1.0],[0.0,472.0,0.0,2.0,0.0],[335.0,0.0,1554.0,1.0,0.0],[0.0,65.0,81.0,49603.0,58.0],[0.0,0.0,1.0,56.0,931.0]]"
row_level,2024,student,student_A,G_KD_random_pacing,results/wsnds/evidence_completion_20260811/fgds_controlled_full_routes_10seed_v2/seed_2024/student_A_G_KD_random_pacing_test_predictions.npz,91270de985330191f2e9d4b0cf22838384d8ce0e2e33a26d855c99612dc52aa0,7.748603820800781e-07,2e-06,54174,0,0,56301,56301.0,0.9858794692811851,0.8995532829245209,0.9367934298168545,0.9157211419683723,"[[1491.0,0.0,99.0,0.0,0.0],[0.0,493.0,0.0,2.0,0.0],[403.0,0.0,1745.0,1.0,0.0],[2.0,64.0,93.0,50837.0,74.0],[0.0,0.0,1.0,56.0,940.0]]"
inverse_test_group_size,2024,student,student_A,G_KD_random_pacing,results/wsnds/evidence_completion_20260811/fgds_controlled_full_routes_10seed_v2/seed_2024/student_A_G_KD_random_pacing_test_predictions.npz,91270de985330191f2e9d4b0cf22838384d8ce0e2e33a26d855c99612dc52aa0,7.748603820800781e-07,2e-06,54174,0,0,56301,54174.0,0.9879647063166833,0.895771206303683,0.9419340195356607,0.9159496247514678,"[[950.9999999999997,0.0,64.00000000000003,0.0,0.0],[0.0,472.0,0.0,2.0,0.0],[303.0000000000001,0.0,1586.0,1.0,0.0],[2.0,63.0,89.0,49582.00000000006,71.0],[0.0,0.0,1.0,56.0,931.0]]"
pure_group_representative,2024,student,student_A,G_KD_random_pacing,results/wsnds/evidence_completion_20260811/fgds_controlled_full_routes_10seed_v2/seed_2024/student_A_G_KD_random_pacing_test_predictions.npz,91270de985330191f2e9d4b0cf22838384d8ce0e2e33a26d855c99612dc52aa0,7.748603820800781e-07,2e-06,54174,0,0,54174,54174.0,0.9879647063166833,0.8957712063036827,0.9419340195356607,0.9159496247514676,"[[951.0,0.0,64.0,0.0,0.0],[0.0,472.0,0.0,2.0,0.0],[303.0,0.0,1586.0,1.0,0.0],[2.0,63.0,89.0,49582.0,71.0],[0.0,0.0,1.0,56.0,931.0]]"
row_level,2024,student,student_A,I_KD_from_SMOTE_MLP,results/wsnds/evidence_completion_20260811/fgds_controlled_full_routes_10seed_v2/seed_2024/student_A_I_KD_from_SMOTE_MLP_test_predictions.npz,90ad1fabc6f4f10ecdb67541ebfb234cbda7486f1f49e814bdab6a18e2213192,5.364418029785156e-07,2e-06,54174,0,0,56301,56301.0,0.9861458943890872,0.9025287709203283,0.9398528024301619,0.9173593800400848,"[[1544.0,0.0,46.0,0.0,0.0],[0.0,493.0,0.0,2.0,0.0],[443.0,0.0,1704.0,2.0,0.0],[0.0,64.0,93.0,50839.0,74.0],[0.0,0.0,0.0,56.0,941.0]]"
inverse_test_group_size,2024,student,student_A,I_KD_from_SMOTE_MLP,results/wsnds/evidence_completion_20260811/fgds_controlled_full_routes_10seed_v2/seed_2024/student_A_I_KD_from_SMOTE_MLP_test_predictions.npz,90ad1fabc6f4f10ecdb67541ebfb234cbda7486f1f49e814bdab6a18e2213192,5.364418029785156e-07,2e-06,54174,0,0,56301,54174.0,0.9881308376712076,0.8974539670271987,0.9455161271946955,0.9174801603145422,"[[980.9999999999999,0.0,34.000000000000014,0.0,0.0],[0.0,472.0,0.0,2.0,0.0],[327.00000000000017,0.0,1561.9999999999995,1.0,0.0],[0.0,63.0,89.0,49584.00000000006,71.0],[0.0,0.0,0.0,56.0,932.0]]"
pure_group_representative,2024,student,student_A,I_KD_from_SMOTE_MLP,results/wsnds/evidence_completion_20260811/fgds_controlled_full_routes_10seed_v2/seed_2024/student_A_I_KD_from_SMOTE_MLP_test_predictions.npz,90ad1fabc6f4f10ecdb67541ebfb234cbda7486f1f49e814bdab6a18e2213192,5.364418029785156e-07,2e-06,54174,0,0,54174,54174.0,0.9881308376712076,0.8974539670271984,0.9455161271946956,0.917480160314542,"[[981.0,0.0,34.0,0.0,0.0],[0.0,472.0,0.0,2.0,0.0],[327.0,0.0,1562.0,1.0,0.0],[0.0,63.0,89.0,49584.0,71.0],[0.0,0.0,0.0,56.0,932.0]]"
row_level,2024,student,student_A,J_CoDistill_RF_CL,results/wsnds/evidence_completion_20260811/fgds_controlled_full_routes_10seed_v2/seed_2024/student_A_J_CoDistill_RF_CL_test_predictions.npz,71bdc279593e05243e41231c92b7996984e9612f8d18404cbaf0709fde666879,7.152557373046875e-07,2e-06,54174,0,0,56301,56301.0,0.9867142679526119,0.9076107723441803,0.9320931166915438,0.9186914284695291,"[[1412.0,0.0,178.0,0.0,0.0],[0.0,493.0,0.0,2.0,0.0],[349.0,0.0,1796.0,4.0,0.0],[0.0,60.0,65.0,50911.0,34.0],[0.0,0.0,0.0,56.0,941.0]]"
inverse_test_group_size,2024,student,student_A,J_CoDistill_RF_CL,results/wsnds/evidence_completion_20260811/fgds_controlled_full_routes_10seed_v2/seed_2024/student_A_J_CoDistill_RF_CL_test_predictions.npz,71bdc279593e05243e41231c92b7996984e9612f8d18404cbaf0709fde666879,7.152557373046875e-07,2e-06,54174,0,0,56301,54174.0,0.989053789640787,0.9056523056672745,0.9373969186314696,0.9197135875595344,"[[910.9999999999998,0.0,103.99999999999999,0.0,0.0],[0.0,472.0,0.0,2.0,0.0],[273.99999999999994,0.0,1613.0000000000002,3.0,0.0],[0.0,60.0,62.0,49653.00000000006,32.0],[0.0,0.0,0.0,56.0,932.0]]"
pure_group_representative,2024,student,student_A,J_CoDistill_RF_CL,results/wsnds/evidence_completion_20260811/fgds_controlled_full_routes_10seed_v2/seed_2024/student_A_J_CoDistill_RF_CL_test_predictions.npz,71bdc279593e05243e41231c92b7996984e9612f8d18404cbaf0709fde666879,7.152557373046875e-07,2e-06,54174,0,0,54174,54174.0,0.989053789640787,0.9056523056672743,0.9373969186314696,0.9197135875595344,"[[911.0,0.0,104.0,0.0,0.0],[0.0,472.0,0.0,2.0,0.0],[274.0,0.0,1613.0,3.0,0.0],[0.0,60.0,62.0,49653.0,32.0],[0.0,0.0,0.0,56.0,932.0]]"
row_level,2024,student,student_B,D_Small_MLP,results/wsnds/confirmation_runs_v2/local_feature_group_10seed_20260811/feature_group_10seed/seed_2024/student_B_Small_MLP_scratch_test_predictions.csv,2e336bbaeda3aaf2df8981358d13dc176ee782391b9e11ffc63100fb72874d52,0.0,2e-06,54174,0,0,56301,56301.0,0.9898936075735777,0.924418932913271,0.9550945924497322,0.9390274759942322,"[[1462.0,0.0,128.0,0.0,0.0],[0.0,493.0,0.0,2.0,0.0],[168.0,0.0,1980.0,1.0,0.0],[4.0,65.0,88.0,50857.0,56.0],[0.0,0.0,1.0,56.0,940.0]]"
inverse_test_group_size,2024,student,student_B,D_Small_MLP,results/wsnds/confirmation_runs_v2/local_feature_group_10seed_20260811/feature_group_10seed/seed_2024/student_B_Small_MLP_scratch_test_predictions.csv,2e336bbaeda3aaf2df8981358d13dc176ee782391b9e11ffc63100fb72874d52,0.0,2e-06,54174,0,0,56301,54174.0,0.9914534647616938,0.9245444644404317,0.9590663289766127,0.9409418155994604,"[[943.0000000000001,0.0,72.00000000000001,0.0,0.0],[0.0,472.0,0.0,2.0,0.0],[127.00000000000001,0.0,1761.9999999999995,1.0,0.0],[4.0,64.0,84.0,49603.00000000006,52.0],[0.0,0.0,1.0,56.0,931.0]]"
pure_group_representative,2024,student,student_B,D_Small_MLP,results/wsnds/confirmation_runs_v2/local_feature_group_10seed_20260811/feature_group_10seed/seed_2024/student_B_Small_MLP_scratch_test_predictions.csv,2e336bbaeda3aaf2df8981358d13dc176ee782391b9e11ffc63100fb72874d52,0.0,2e-06,54174,0,0,54174,54174.0,0.9914534647616938,0.9245444644404316,0.9590663289766127,0.9409418155994604,"[[943.0,0.0,72.0,0.0,0.0],[0.0,472.0,0.0,2.0,0.0],[127.0,0.0,1762.0,1.0,0.0],[4.0,64.0,84.0,49603.0,52.0],[0.0,0.0,1.0,56.0,931.0]]"
row_level,2024,student,student_B,E_KD_from_RF,results/wsnds/confirmation_runs_v2/local_feature_group_10seed_20260811/feature_group_10seed/seed_2024/student_B_KD_from_RF_test_predictions.csv,356e7023a44d43467383004bda546ca13c8dcc70a2ddb0f835662b3cdcadffb0,0.0,2e-06,54174,0,0,56301,56301.0,0.990408696115522,0.9314939191211785,0.949776052729967,0.9399476866214039,"[[1448.0,0.0,141.0,0.0,1.0],[0.0,493.0,0.0,2.0,0.0],[203.0,0.0,1936.0,10.0,0.0],[0.0,59.0,47.0,50943.0,21.0],[0.0,0.0,0.0,56.0,941.0]]"
inverse_test_group_size,2024,student,student_B,E_KD_from_RF,results/wsnds/confirmation_runs_v2/local_feature_group_10seed_20260811/feature_group_10seed/seed_2024/student_B_KD_from_RF_test_predictions.csv,356e7023a44d43467383004bda546ca13c8dcc70a2ddb0f835662b3cdcadffb0,0.0,2e-06,54174,0,0,56301,54174.0,0.9916934322737845,0.927978749055789,0.9500224009589532,0.9381626481727533,"[[916.9999999999995,0.0,96.99999999999999,0.0,1.0],[0.0,472.0,0.0,2.0,0.0],[160.99999999999994,0.0,1719.9999999999998,9.0,0.0],[0.0,59.0,45.0,49683.00000000006,20.0],[0.0,0.0,0.0,56.0,932.0]]"
pure_group_representative,2024,student,student_B,E_KD_from_RF,results/wsnds/confirmation_runs_v2/local_feature_group_10seed_20260811/feature_group_10seed/seed_2024/student_B_KD_from_RF_test_predictions.csv,356e7023a44d43467383004bda546ca13c8dcc70a2ddb0f835662b3cdcadffb0,0.0,2e-06,54174,0,0,54174,54174.0,0.9916934322737845,0.9279787490557887,0.9500224009589534,0.9381626481727532,"[[917.0,0.0,97.0,0.0,1.0],[0.0,472.0,0.0,2.0,0.0],[161.0,0.0,1720.0,9.0,0.0],[0.0,59.0,45.0,49683.0,20.0],[0.0,0.0,0.0,56.0,932.0]]"
row_level,2024,student,student_B,E2_KD_from_MLP,results/wsnds/evidence_completion_20260811/fgds_controlled_full_routes_10seed_v2/seed_2024/student_B_E2_KD_from_MLP_test_predictions.npz,615cf8e6252fcce1684014b35dbc4757ff6d14e1f5e135db61a95fb4d23a7dcd,0.0,2e-06,54174,0,0,56301,56301.0,0.9861458943890872,0.9020443839472622,0.9356064474769908,0.9167920825047045,"[[1472.0,0.0,118.0,0.0,0.0],[0.0,493.0,0.0,2.0,0.0],[392.0,0.0,1757.0,0.0,0.0],[0.0,61.0,86.0,50859.0,64.0],[0.0,0.0,1.0,56.0,940.0]]"
inverse_test_group_size,2024,student,student_B,E2_KD_from_MLP,results/wsnds/evidence_completion_20260811/fgds_controlled_full_routes_10seed_v2/seed_2024/student_B_E2_KD_from_MLP_test_predictions.npz,615cf8e6252fcce1684014b35dbc4757ff6d14e1f5e135db61a95fb4d23a7dcd,0.0,2e-06,54174,0,0,56301,54174.0,0.9883708051832982,0.89921665060598,0.9414855955338102,0.9177528357379126,"[[944.0,0.0,71.0,0.0,0.0],[0.0,472.0,0.0,2.0,0.0],[296.0000000000001,0.0,1593.9999999999993,0.0,0.0],[0.0,61.0,82.0,49603.00000000006,61.0],[0.0,0.0,1.0,56.0,931.0]]"
pure_group_representative,2024,student,student_B,E2_KD_from_MLP,results/wsnds/evidence_completion_20260811/fgds_controlled_full_routes_10seed_v2/seed_2024/student_B_E2_KD_from_MLP_test_predictions.npz,615cf8e6252fcce1684014b35dbc4757ff6d14e1f5e135db61a95fb4d23a7dcd,0.0,2e-06,54174,0,0,54174,54174.0,0.9883708051832982,0.8992166506059798,0.9414855955338102,0.9177528357379124,"[[944.0,0.0,71.0,0.0,0.0],[0.0,472.0,0.0,2.0,0.0],[296.0,0.0,1594.0,0.0,0.0],[0.0,61.0,82.0,49603.0,61.0],[0.0,0.0,1.0,56.0,931.0]]"
row_level,2024,student,student_B,F_KD_from_CL_MLP_fair,results/wsnds/evidence_completion_20260811/fgds_controlled_full_routes_10seed_v2/seed_2024/student_B_F_KD_from_CL_MLP_fair_test_predictions.npz,d401cea04fc502f8e462a3d86c35fd1f73586fba91940f21df8329522989358f,0.0,2e-06,54174,0,0,56301,56301.0,0.9866965062787517,0.9061898697123688,0.9405642345759861,0.9205929825277972,"[[1519.0,0.0,71.0,0.0,0.0],[0.0,493.0,0.0,2.0,0.0],[400.0,0.0,1747.0,2.0,0.0],[1.0,65.0,97.0,50853.0,54.0],[0.0,0.0,1.0,56.0,940.0]]"
inverse_test_group_size,2024,student,student_B,F_KD_from_CL_MLP_fair,results/wsnds/evidence_completion_20260811/fgds_controlled_full_routes_10seed_v2/seed_2024/student_B_F_KD_from_CL_MLP_fair_test_predictions.npz,d401cea04fc502f8e462a3d86c35fd1f73586fba91940f21df8329522989358f,0.0,2e-06,54174,0,0,56301,54174.0,0.988518477498431,0.9008453570178906,0.9446762443702656,0.9196888446600224,"[[962.9999999999998,0.0,52.000000000000036,0.0,0.0],[0.0,472.0,0.0,2.0,0.0],[300.00000000000017,0.0,1588.9999999999995,1.0,0.0],[1.0,64.0,93.0,49597.00000000006,52.0],[0.0,0.0,1.0,56.0,931.0]]"
pure_group_representative,2024,student,student_B,F_KD_from_CL_MLP_fair,results/wsnds/evidence_completion_20260811/fgds_controlled_full_routes_10seed_v2/seed_2024/student_B_F_KD_from_CL_MLP_fair_test_predictions.npz,d401cea04fc502f8e462a3d86c35fd1f73586fba91940f21df8329522989358f,0.0,2e-06,54174,0,0,54174,54174.0,0.988518477498431,0.9008453570178905,0.9446762443702656,0.9196888446600224,"[[963.0,0.0,52.0,0.0,0.0],[0.0,472.0,0.0,2.0,0.0],[300.0,0.0,1589.0,1.0,0.0],[1.0,64.0,93.0,49597.0,52.0],[0.0,0.0,1.0,56.0,931.0]]"
row_level,2024,student,student_B,F_KD_from_CL_MLP_ext,results/wsnds/evidence_completion_20260811/fgds_controlled_full_routes_10seed_v2/seed_2024/student_B_F_KD_from_CL_MLP_ext_test_predictions.npz,ea1f214cb8dede745e66b8bde898f4047267969f6b129a8a2321701305e6daaf,0.0,2e-06,54174,0,0,56301,56301.0,0.9856663291948633,0.8969247976606971,0.934421897550442,0.9133856059222664,"[[1469.0,0.0,121.0,0.0,0.0],[0.0,493.0,0.0,2.0,0.0],[400.0,0.0,1749.0,0.0,0.0],[0.0,72.0,90.0,50843.0,65.0],[0.0,0.0,1.0,56.0,940.0]]"
inverse_test_group_size,2024,student,student_B,F_KD_from_CL_MLP_ext,results/wsnds/evidence_completion_20260811/fgds_controlled_full_routes_10seed_v2/seed_2024/student_B_F_KD_from_CL_MLP_ext_test_predictions.npz,ea1f214cb8dede745e66b8bde898f4047267969f6b129a8a2321701305e6daaf,0.0,2e-06,54174,0,0,56301,54174.0,0.9878539520803338,0.8935521864002058,0.939969057808389,0.9138339761573008,"[[941.9999999999998,0.0,73.00000000000003,0.0,0.0],[0.0,472.0,0.0,2.0,0.0],[306.00000000000017,0.0,1583.9999999999995,0.0,0.0],[0.0,71.0,86.0,49587.00000000006,63.0],[0.0,0.0,1.0,56.0,931.0]]"
pure_group_representative,2024,student,student_B,F_KD_from_CL_MLP_ext,results/wsnds/evidence_completion_20260811/fgds_controlled_full_routes_10seed_v2/seed_2024/student_B_F_KD_from_CL_MLP_ext_test_predictions.npz,ea1f214cb8dede745e66b8bde898f4047267969f6b129a8a2321701305e6daaf,0.0,2e-06,54174,0,0,54174,54174.0,0.9878539520803338,0.8935521864002057,0.939969057808389,0.9138339761573008,"[[942.0,0.0,73.0,0.0,0.0],[0.0,472.0,0.0,2.0,0.0],[306.0,0.0,1584.0,0.0,0.0],[0.0,71.0,86.0,49587.0,63.0],[0.0,0.0,1.0,56.0,931.0]]"
row_level,2024,student,student_B,G_KD_random_pacing,results/wsnds/evidence_completion_20260811/fgds_controlled_full_routes_10seed_v2/seed_2024/student_B_G_KD_random_pacing_test_predictions.npz,3f0c4e28786e9b377da53680dffb582afa23b7a721be63db0ba20a8c9225d87f,0.0,2e-06,54174,0,0,56301,56301.0,0.9865366512140105,0.9029350809084127,0.941179132031791,0.9199869300180665,"[[1498.0,0.0,92.0,0.0,0.0],[0.0,493.0,0.0,2.0,0.0],[366.0,0.0,1783.0,0.0,0.0],[0.0,64.0,101.0,50829.0,76.0],[0.0,0.0,1.0,56.0,940.0]]"
inverse_test_group_size,2024,student,student_B,G_KD_random_pacing,results/wsnds/evidence_completion_20260811/fgds_controlled_full_routes_10seed_v2/seed_2024/student_B_G_KD_random_pacing_test_predictions.npz,3f0c4e28786e9b377da53680dffb582afa23b7a721be63db0ba20a8c9225d87f,0.0,2e-06,54174,0,0,56301,54174.0,0.9884077232620815,0.8989932505718553,0.9454705873815799,0.9198281937491608,"[[952.9999999999998,0.0,62.00000000000002,0.0,0.0],[0.0,472.0,0.0,2.0,0.0],[274.00000000000017,0.0,1615.9999999999993,0.0,0.0],[0.0,63.0,97.0,49574.00000000006,73.0],[0.0,0.0,1.0,56.0,931.0]]"
pure_group_representative,2024,student,student_B,G_KD_random_pacing,results/wsnds/evidence_completion_20260811/fgds_controlled_full_routes_10seed_v2/seed_2024/student_B_G_KD_random_pacing_test_predictions.npz,3f0c4e28786e9b377da53680dffb582afa23b7a721be63db0ba20a8c9225d87f,0.0,2e-06,54174,0,0,54174,54174.0,0.9884077232620815,0.8989932505718551,0.9454705873815801,0.9198281937491606,"[[953.0,0.0,62.0,0.0,0.0],[0.0,472.0,0.0,2.0,0.0],[274.0,0.0,1616.0,0.0,0.0],[0.0,63.0,97.0,49574.0,73.0],[0.0,0.0,1.0,56.0,931.0]]"
row_level,2024,student,student_B,I_KD_from_SMOTE_MLP,results/wsnds/evidence_completion_20260811/fgds_controlled_full_routes_10seed_v2/seed_2024/student_B_I_KD_from_SMOTE_MLP_test_predictions.npz,2b8948fbc3be7b6471804457f9fbb9b669bb1388e317c0188eb553e6e44371aa,0.0,2e-06,54174,0,0,56301,56301.0,0.9872826415161364,0.9084308787190825,0.9441910971353751,0.9245711834946693,"[[1500.0,0.0,90.0,0.0,0.0],[0.0,493.0,0.0,2.0,0.0],[337.0,0.0,1810.0,2.0,0.0],[0.0,60.0,97.0,50841.0,72.0],[0.0,0.0,0.0,56.0,941.0]]"
inverse_test_group_size,2024,student,student_B,I_KD_from_SMOTE_MLP,results/wsnds/evidence_completion_20260811/fgds_controlled_full_routes_10seed_v2/seed_2024/student_B_I_KD_from_SMOTE_MLP_test_predictions.npz,2b8948fbc3be7b6471804457f9fbb9b669bb1388e317c0188eb553e6e44371aa,0.0,2e-06,54174,0,0,56301,54174.0,0.9890168715620039,0.9042874120500326,0.948121857710033,0.9241163429258356,"[[954.9999999999999,0.0,60.000000000000014,0.0,0.0],[0.0,472.0,0.0,2.0,0.0],[253.99999999999997,0.0,1634.9999999999995,1.0,0.0],[0.0,60.0,93.0,49585.00000000006,69.0],[0.0,0.0,0.0,56.0,932.0]]"
pure_group_representative,2024,student,student_B,I_KD_from_SMOTE_MLP,results/wsnds/evidence_completion_20260811/fgds_controlled_full_routes_10seed_v2/seed_2024/student_B_I_KD_from_SMOTE_MLP_test_predictions.npz,2b8948fbc3be7b6471804457f9fbb9b669bb1388e317c0188eb553e6e44371aa,0.0,2e-06,54174,0,0,54174,54174.0,0.9890168715620039,0.9042874120500324,0.948121857710033,0.9241163429258353,"[[955.0,0.0,60.0,0.0,0.0],[0.0,472.0,0.0,2.0,0.0],[254.0,0.0,1635.0,1.0,0.0],[0.0,60.0,93.0,49585.0,69.0],[0.0,0.0,0.0,56.0,932.0]]"
row_level,2024,student,student_B,J_CoDistill_RF_CL,results/wsnds/evidence_completion_20260811/fgds_controlled_full_routes_10seed_v2/seed_2024/student_B_J_CoDistill_RF_CL_test_predictions.npz,51c2a4de4377503a7a2a53e19a02a5f015555bf8d5ffa77de8ca17160be3bd18,0.0,2e-06,54174,0,0,56301,56301.0,0.98770892168878,0.9136472443202281,0.9394937432452485,0.9249537317555967,"[[1468.0,0.0,122.0,0.0,0.0],[0.0,493.0,0.0,2.0,0.0],[346.0,0.0,1800.0,3.0,0.0],[1.0,60.0,67.0,50907.0,35.0],[0.0,0.0,0.0,56.0,941.0]]"
inverse_test_group_size,2024,student,student_B,J_CoDistill_RF_CL,results/wsnds/evidence_completion_20260811/fgds_controlled_full_routes_10seed_v2/seed_2024/student_B_J_CoDistill_RF_CL_test_predictions.npz,51c2a4de4377503a7a2a53e19a02a5f015555bf8d5ffa77de8ca17160be3bd18,0.0,2e-06,54174,0,0,56301,54174.0,0.9893675933104441,0.907958427066936,0.9414275634374796,0.9225737188316694,"[[930.9999999999998,0.0,84.00000000000003,0.0,0.0],[0.0,472.0,0.0,2.0,0.0],[273.9999999999999,0.0,1613.9999999999998,2.0,0.0],[1.0,60.0,64.0,49649.00000000006,33.0],[0.0,0.0,0.0,56.0,932.0]]"
pure_group_representative,2024,student,student_B,J_CoDistill_RF_CL,results/wsnds/evidence_completion_20260811/fgds_controlled_full_routes_10seed_v2/seed_2024/student_B_J_CoDistill_RF_CL_test_predictions.npz,51c2a4de4377503a7a2a53e19a02a5f015555bf8d5ffa77de8ca17160be3bd18,0.0,2e-06,54174,0,0,54174,54174.0,0.9893675933104441,0.9079584270669356,0.9414275634374798,0.9225737188316693,"[[931.0,0.0,84.0,0.0,0.0],[0.0,472.0,0.0,2.0,0.0],[274.0,0.0,1614.0,2.0,0.0],[1.0,60.0,64.0,49649.0,33.0],[0.0,0.0,0.0,56.0,932.0]]"
row_level,3141,teacher,,A_RF_500_uncalibrated,results/wsnds/evidence_completion_20260811/fgds_controlled_full_routes_10seed_v2/seed_3141/teacher_A_RF_500_uncalibrated_test_predictions.npz,617b75147ddd2cb663fdc787f6563ebbed15008d4ce3717319d56e9fc81569a4,0.0,2e-06,54174,0,0,56301,56301.0,0.9967673753574536,0.9778325338859245,0.9819980368622285,0.9794879863523857,"[[1584.0,0.0,6.0,0.0,0.0],[0.0,493.0,0.0,2.0,0.0],[28.0,0.0,2098.0,23.0,0.0],[0.0,40.0,23.0,51004.0,3.0],[0.0,0.0,0.0,57.0,940.0]]"
inverse_test_group_size,3141,teacher,,A_RF_500_uncalibrated,results/wsnds/evidence_completion_20260811/fgds_controlled_full_routes_10seed_v2/seed_3141/teacher_A_RF_500_uncalibrated_test_predictions.npz,617b75147ddd2cb663fdc787f6563ebbed15008d4ce3717319d56e9fc81569a4,0.0,2e-06,54174,0,0,56301,54174.0,0.996806586185255,0.9762437448006128,0.9817259231619652,0.9785339788587375,"[[1008.9999999999998,0.0,6.0,0.0,0.0],[0.0,472.0,0.0,2.0,0.0],[20.999999999999996,0.0,1848.0,21.0,0.0],[0.0,40.0,23.0,49741.00000000006,3.0],[0.0,0.0,0.0,57.0,931.0]]"
pure_group_representative,3141,teacher,,A_RF_500_uncalibrated,results/wsnds/evidence_completion_20260811/fgds_controlled_full_routes_10seed_v2/seed_3141/teacher_A_RF_500_uncalibrated_test_predictions.npz,617b75147ddd2cb663fdc787f6563ebbed15008d4ce3717319d56e9fc81569a4,0.0,2e-06,54174,0,0,54174,54174.0,0.996806586185255,0.9762437448006127,0.9817259231619652,0.9785339788587375,"[[1009.0,0.0,6.0,0.0,0.0],[0.0,472.0,0.0,2.0,0.0],[21.0,0.0,1848.0,21.0,0.0],[0.0,40.0,23.0,49741.0,3.0],[0.0,0.0,0.0,57.0,931.0]]"
row_level,3141,teacher,,A_calibrated_RF_KD_teacher,results/wsnds/confirmation_runs_v2/local_feature_group_10seed_20260811/feature_group_10seed/seed_3141/RF_teacher_test_predictions.csv,152c56bc29698409dc4f1efce937a1757b06567b5cbe24fca5e27327114dd95e,0.0,2e-06,54174,0,0,56301,56301.0,0.9967140903358732,0.9780023017800106,0.9810044247285392,0.979140705856862,"[[1573.0,0.0,17.0,0.0,0.0],[0.0,491.0,0.0,4.0,0.0],[20.0,0.0,2111.0,18.0,0.0],[0.0,38.0,28.0,51001.0,3.0],[0.0,0.0,0.0,57.0,940.0]]"
inverse_test_group_size,3141,teacher,,A_calibrated_RF_KD_teacher,results/wsnds/confirmation_runs_v2/local_feature_group_10seed_20260811/feature_group_10seed/seed_3141/RF_teacher_test_predictions.csv,152c56bc29698409dc4f1efce937a1757b06567b5cbe24fca5e27327114dd95e,0.0,2e-06,54174,0,0,56301,54174.0,0.9967327500276886,0.9766042195951636,0.9801547968493599,0.9779950149097104,"[[999.9999999999999,0.0,15.0,0.0,0.0],[0.0,470.0,0.0,4.0,0.0],[14.999999999999996,0.0,1857.9999999999998,17.0,0.0],[0.0,38.0,28.0,49738.00000000006,3.0],[0.0,0.0,0.0,57.0,931.0]]"
pure_group_representative,3141,teacher,,A_calibrated_RF_KD_teacher,results/wsnds/confirmation_runs_v2/local_feature_group_10seed_20260811/feature_group_10seed/seed_3141/RF_teacher_test_predictions.csv,152c56bc29698409dc4f1efce937a1757b06567b5cbe24fca5e27327114dd95e,0.0,2e-06,54174,0,0,54174,54174.0,0.9967327500276886,0.9766042195951636,0.9801547968493599,0.9779950149097105,"[[1000.0,0.0,15.0,0.0,0.0],[0.0,470.0,0.0,4.0,0.0],[15.0,0.0,1858.0,17.0,0.0],[0.0,38.0,28.0,49738.0,3.0],[0.0,0.0,0.0,57.0,931.0]]"
row_level,3141,teacher,,B_Full_MLP,results/wsnds/evidence_completion_20260811/fgds_controlled_full_routes_10seed_v2/seed_3141/teacher_B_Full_MLP_test_predictions.npz,411949cea492c57d899eec3a16405e19042f8cb3c26cbfb1b635f79ca2bdb1df,2.086162567138672e-07,2e-06,54174,0,0,56301,56301.0,0.9876556366671995,0.9095595797220419,0.9427943253877256,0.9251947094524192,"[[1433.0,0.0,157.0,0.0,0.0],[0.0,493.0,0.0,2.0,0.0],[263.0,0.0,1885.0,1.0,0.0],[1.0,71.0,91.0,50854.0,53.0],[0.0,0.0,0.0,56.0,941.0]]"
inverse_test_group_size,3141,teacher,,B_Full_MLP,results/wsnds/evidence_completion_20260811/fgds_controlled_full_routes_10seed_v2/seed_3141/teacher_B_Full_MLP_test_predictions.npz,411949cea492c57d899eec3a16405e19042f8cb3c26cbfb1b635f79ca2bdb1df,2.086162567138672e-07,2e-06,54174,0,0,56301,54174.0,0.9894968065861852,0.9072842513401419,0.946984861790293,0.9256802232443715,"[[928.0,0.0,86.99999999999997,0.0,0.0],[0.0,472.0,0.0,2.0,0.0],[214.99999999999997,0.0,1673.9999999999998,1.0,0.0],[1.0,69.0,87.0,49599.00000000006,51.0],[0.0,0.0,0.0,56.0,932.0]]"
pure_group_representative,3141,teacher,,B_Full_MLP,results/wsnds/evidence_completion_20260811/fgds_controlled_full_routes_10seed_v2/seed_3141/teacher_B_Full_MLP_test_predictions.npz,411949cea492c57d899eec3a16405e19042f8cb3c26cbfb1b635f79ca2bdb1df,2.086162567138672e-07,2e-06,54174,0,0,54174,54174.0,0.9894968065861852,0.9072842513401416,0.946984861790293,0.9256802232443713,"[[928.0,0.0,87.0,0.0,0.0],[0.0,472.0,0.0,2.0,0.0],[215.0,0.0,1674.0,1.0,0.0],[1.0,69.0,87.0,49599.0,51.0],[0.0,0.0,0.0,56.0,932.0]]"
row_level,3141,teacher,,C_CL_MLP_loss_fair,results/wsnds/evidence_completion_20260811/fgds_controlled_full_routes_10seed_v2/seed_3141/teacher_C_CL_MLP_loss_fair_test_predictions.npz,86b8bd6e7c2fcf11f32d6ddc85ba4bb236eae63cbefd3efcc1c8de0c305ede13,1.1920928955078125e-07,2e-06,54174,0,0,56301,56301.0,0.9870695014298148,0.9067693918048996,0.9399611753429762,0.9222299396726287,"[[1443.0,0.0,146.0,0.0,1.0],[0.0,493.0,0.0,2.0,0.0],[307.0,0.0,1841.0,1.0,0.0],[0.0,66.0,94.0,50855.0,55.0],[0.0,0.0,0.0,56.0,941.0]]"
inverse_test_group_size,3141,teacher,,C_CL_MLP_loss_fair,results/wsnds/evidence_completion_20260811/fgds_controlled_full_routes_10seed_v2/seed_3141/teacher_C_CL_MLP_loss_fair_test_predictions.npz,86b8bd6e7c2fcf11f32d6ddc85ba4bb236eae63cbefd3efcc1c8de0c305ede13,1.1920928955078125e-07,2e-06,54174,0,0,56301,54174.0,0.9889614944438292,0.903592487256546,0.944280975638131,0.9221662669055952,"[[931.9999999999998,0.0,82.00000000000001,0.0,1.0],[0.0,472.0,0.0,2.0,0.0],[248.00000000000006,0.0,1641.0000000000002,1.0,0.0],[0.0,65.0,90.0,49599.00000000006,53.0],[0.0,0.0,0.0,56.0,932.0]]"
pure_group_representative,3141,teacher,,C_CL_MLP_loss_fair,results/wsnds/evidence_completion_20260811/fgds_controlled_full_routes_10seed_v2/seed_3141/teacher_C_CL_MLP_loss_fair_test_predictions.npz,86b8bd6e7c2fcf11f32d6ddc85ba4bb236eae63cbefd3efcc1c8de0c305ede13,1.1920928955078125e-07,2e-06,54174,0,0,54174,54174.0,0.9889614944438292,0.9035924872565457,0.944280975638131,0.922166266905595,"[[932.0,0.0,82.0,0.0,1.0],[0.0,472.0,0.0,2.0,0.0],[248.0,0.0,1641.0,1.0,0.0],[0.0,65.0,90.0,49599.0,53.0],[0.0,0.0,0.0,56.0,932.0]]"
row_level,3141,teacher,,C_CL_MLP_loss_ext,results/wsnds/evidence_completion_20260811/fgds_controlled_full_routes_10seed_v2/seed_3141/teacher_C_CL_MLP_loss_ext_test_predictions.npz,66f92233c1614614aa658a3fcf35580cd6726cb2d47e31dcd874f62132a5a4da,1.7881393432617188e-07,2e-06,54174,0,0,56301,56301.0,0.9871405481252553,0.910080351096892,0.9418698188397947,0.9225908178633728,"[[1539.0,0.0,51.0,0.0,0.0],[0.0,493.0,0.0,2.0,0.0],[417.0,0.0,1731.0,1.0,0.0],[1.0,64.0,86.0,50873.0,46.0],[0.0,0.0,0.0,56.0,941.0]]"
inverse_test_group_size,3141,teacher,,C_CL_MLP_loss_ext,results/wsnds/evidence_completion_20260811/fgds_controlled_full_routes_10seed_v2/seed_3141/teacher_C_CL_MLP_loss_ext_test_predictions.npz,66f92233c1614614aa658a3fcf35580cd6726cb2d47e31dcd874f62132a5a4da,1.7881393432617188e-07,2e-06,54174,0,0,56301,54174.0,0.9888876582862628,0.9041264171839927,0.9460390783898482,0.9214127662785296,"[[975.9999999999999,0.0,39.00000000000003,0.0,0.0],[0.0,472.0,0.0,2.0,0.0],[314.0000000000001,0.0,1574.999999999999,1.0,0.0],[1.0,63.0,82.0,49617.00000000006,44.0],[0.0,0.0,0.0,56.0,932.0]]"
pure_group_representative,3141,teacher,,C_CL_MLP_loss_ext,results/wsnds/evidence_completion_20260811/fgds_controlled_full_routes_10seed_v2/seed_3141/teacher_C_CL_MLP_loss_ext_test_predictions.npz,66f92233c1614614aa658a3fcf35580cd6726cb2d47e31dcd874f62132a5a4da,1.7881393432617188e-07,2e-06,54174,0,0,54174,54174.0,0.9888876582862628,0.9041264171839923,0.9460390783898485,0.9214127662785294,"[[976.0,0.0,39.0,0.0,0.0],[0.0,472.0,0.0,2.0,0.0],[314.0,0.0,1575.0,1.0,0.0],[1.0,63.0,82.0,49617.0,44.0],[0.0,0.0,0.0,56.0,932.0]]"
row_level,3141,teacher,,C2_CL_MLP_domain,results/wsnds/evidence_completion_20260811/fgds_controlled_full_routes_10seed_v2/seed_3141/teacher_C2_CL_MLP_domain_test_predictions.npz,c8c05c0123adfd3805eae26893e2a86fb3dc28ca052b7ef5b696f82fb6ae7053,1.1920928955078125e-07,2e-06,54174,0,0,56301,56301.0,0.9857728992380241,0.8991398105222116,0.9330094137098672,0.9146475428391149,"[[1430.0,0.0,160.0,0.0,0.0],[0.0,493.0,0.0,2.0,0.0],[364.0,0.0,1784.0,1.0,0.0],[0.0,66.0,95.0,50852.0,57.0],[0.0,0.0,0.0,56.0,941.0]]"
inverse_test_group_size,3141,teacher,,C2_CL_MLP_domain,results/wsnds/evidence_completion_20260811/fgds_controlled_full_routes_10seed_v2/seed_3141/teacher_C2_CL_MLP_domain_test_predictions.npz,c8c05c0123adfd3805eae26893e2a86fb3dc28ca052b7ef5b696f82fb6ae7053,1.1920928955078125e-07,2e-06,54174,0,0,56301,54174.0,0.9879831653560749,0.8963900766488259,0.93823754963756,0.915074744181983,"[[925.0,0.0,89.99999999999997,0.0,0.0],[0.0,472.0,0.0,2.0,0.0],[291.99999999999994,0.0,1597.0,1.0,0.0],[0.0,64.0,91.0,49597.00000000006,55.0],[0.0,0.0,0.0,56.0,932.0]]"
pure_group_representative,3141,teacher,,C2_CL_MLP_domain,results/wsnds/evidence_completion_20260811/fgds_controlled_full_routes_10seed_v2/seed_3141/teacher_C2_CL_MLP_domain_test_predictions.npz,c8c05c0123adfd3805eae26893e2a86fb3dc28ca052b7ef5b696f82fb6ae7053,1.1920928955078125e-07,2e-06,54174,0,0,54174,54174.0,0.9879831653560749,0.8963900766488255,0.93823754963756,0.9150747441819828,"[[925.0,0.0,90.0,0.0,0.0],[0.0,472.0,0.0,2.0,0.0],[292.0,0.0,1597.0,1.0,0.0],[0.0,64.0,91.0,49597.0,55.0],[0.0,0.0,0.0,56.0,932.0]]"
row_level,3141,teacher,,G_random_pacing_teacher,results/wsnds/evidence_completion_20260811/fgds_controlled_full_routes_10seed_v2/seed_3141/teacher_G_random_pacing_teacher_test_predictions.npz,6ae755393a4b5c74b99546a4657d1a4e4af6e23a55486a891706fe1b9d0da604,2.2351741790771484e-07,2e-06,54174,0,0,56301,56301.0,0.9868918846912133,0.9077392004940943,0.9429658729441993,0.9210571092731261,"[[1566.0,0.0,24.0,0.0,0.0],[0.0,493.0,0.0,2.0,0.0],[441.0,0.0,1707.0,1.0,0.0],[0.0,68.0,89.0,50856.0,57.0],[0.0,0.0,0.0,56.0,941.0]]"
inverse_test_group_size,3141,teacher,,G_random_pacing_teacher,results/wsnds/evidence_completion_20260811/fgds_controlled_full_routes_10seed_v2/seed_3141/teacher_G_random_pacing_teacher_test_predictions.npz,6ae755393a4b5c74b99546a4657d1a4e4af6e23a55486a891706fe1b9d0da604,2.2351741790771484e-07,2e-06,54174,0,0,56301,54174.0,0.9884815594196478,0.9002405866320219,0.9468100778009779,0.9190175133254049,"[[990.9999999999998,0.0,24.0,0.0,0.0],[0.0,472.0,0.0,2.0,0.0],[334.00000000000006,0.0,1554.9999999999993,1.0,0.0],[0.0,67.0,85.0,49600.00000000006,55.0],[0.0,0.0,0.0,56.0,932.0]]"
pure_group_representative,3141,teacher,,G_random_pacing_teacher,results/wsnds/evidence_completion_20260811/fgds_controlled_full_routes_10seed_v2/seed_3141/teacher_G_random_pacing_teacher_test_predictions.npz,6ae755393a4b5c74b99546a4657d1a4e4af6e23a55486a891706fe1b9d0da604,2.2351741790771484e-07,2e-06,54174,0,0,54174,54174.0,0.9884815594196478,0.9002405866320217,0.9468100778009779,0.9190175133254048,"[[991.0,0.0,24.0,0.0,0.0],[0.0,472.0,0.0,2.0,0.0],[334.0,0.0,1555.0,1.0,0.0],[0.0,67.0,85.0,49600.0,55.0],[0.0,0.0,0.0,56.0,932.0]]"
row_level,3141,teacher,,I_SMOTE_MLP_teacher,results/wsnds/evidence_completion_20260811/fgds_controlled_full_routes_10seed_v2/seed_3141/teacher_I_SMOTE_MLP_teacher_test_predictions.npz,6e67350d0044130961cd70cb116e057fc654b135edf13fe92723624cfcd16807,4.172325134277344e-07,2e-06,54174,0,0,56301,56301.0,0.993250563933145,0.9423619610001595,0.9793475266780586,0.9601444073917804,"[[1567.0,0.0,23.0,0.0,0.0],[0.0,493.0,0.0,2.0,0.0],[51.0,0.0,2098.0,0.0,0.0],[1.0,59.0,84.0,50822.0,104.0],[0.0,0.0,0.0,56.0,941.0]]"
inverse_test_group_size,3141,teacher,,I_SMOTE_MLP_teacher,results/wsnds/evidence_completion_20260811/fgds_controlled_full_routes_10seed_v2/seed_3141/teacher_I_SMOTE_MLP_teacher_test_predictions.npz,6e67350d0044130961cd70cb116e057fc654b135edf13fe92723624cfcd16807,4.172325134277344e-07,2e-06,54174,0,0,56301,54174.0,0.993336286779636,0.9394222836189687,0.978365214545982,0.9581302645031583,"[[994.9999999999999,0.0,20.0,0.0,0.0],[0.0,472.0,0.0,2.0,0.0],[43.0,0.0,1847.0,0.0,0.0],[1.0,59.0,80.0,49567.00000000006,100.0],[0.0,0.0,0.0,56.0,932.0]]"
pure_group_representative,3141,teacher,,I_SMOTE_MLP_teacher,results/wsnds/evidence_completion_20260811/fgds_controlled_full_routes_10seed_v2/seed_3141/teacher_I_SMOTE_MLP_teacher_test_predictions.npz,6e67350d0044130961cd70cb116e057fc654b135edf13fe92723624cfcd16807,4.172325134277344e-07,2e-06,54174,0,0,54174,54174.0,0.993336286779636,0.9394222836189682,0.978365214545982,0.958130264503158,"[[995.0,0.0,20.0,0.0,0.0],[0.0,472.0,0.0,2.0,0.0],[43.0,0.0,1847.0,0.0,0.0],[1.0,59.0,80.0,49567.0,100.0],[0.0,0.0,0.0,56.0,932.0]]"
row_level,3141,student,student_A,D_Small_MLP,results/wsnds/confirmation_runs_v2/local_feature_group_10seed_20260811/feature_group_10seed/seed_3141/student_A_Small_MLP_scratch_test_predictions.csv,ac2acc7ea9a1acb8d3a859f16bef1b3f3dabe1169c6020d4e877191fb4a61b84,5.00000000069889e-07,2e-06,54174,0,0,56301,56301.0,0.9848137688495764,0.8935186124442887,0.9337089614713946,0.9104557097556591,"[[1502.0,0.0,88.0,0.0,0.0],[0.0,493.0,0.0,2.0,0.0],[449.0,0.0,1698.0,1.0,1.0],[2.0,67.0,114.0,50813.0,74.0],[0.0,0.0,1.0,56.0,940.0]]"
inverse_test_group_size,3141,student,student_A,D_Small_MLP,results/wsnds/confirmation_runs_v2/local_feature_group_10seed_20260811/feature_group_10seed/seed_3141/student_A_Small_MLP_scratch_test_predictions.csv,ac2acc7ea9a1acb8d3a859f16bef1b3f3dabe1169c6020d4e877191fb4a61b84,5.00000000069889e-07,2e-06,54174,0,0,56301,54174.0,0.9872078857016281,0.8905880836682323,0.9406455342143951,0.9119944117850907,"[[960.9999999999998,0.0,54.000000000000036,0.0,0.0],[0.0,472.0,0.0,2.0,0.0],[332.0000000000001,0.0,1555.9999999999998,1.0,1.0],[2.0,66.0,109.0,49561.00000000006,69.0],[0.0,0.0,1.0,56.0,931.0]]"
pure_group_representative,3141,student,student_A,D_Small_MLP,results/wsnds/confirmation_runs_v2/local_feature_group_10seed_20260811/feature_group_10seed/seed_3141/student_A_Small_MLP_scratch_test_predictions.csv,ac2acc7ea9a1acb8d3a859f16bef1b3f3dabe1169c6020d4e877191fb4a61b84,5.00000000069889e-07,2e-06,54174,0,0,54174,54174.0,0.9872078857016281,0.8905880836682322,0.9406455342143951,0.9119944117850907,"[[961.0,0.0,54.0,0.0,0.0],[0.0,472.0,0.0,2.0,0.0],[332.0,0.0,1556.0,1.0,1.0],[2.0,66.0,109.0,49561.0,69.0],[0.0,0.0,1.0,56.0,931.0]]"
row_level,3141,student,student_A,E_KD_from_RF,results/wsnds/confirmation_runs_v2/local_feature_group_10seed_20260811/feature_group_10seed/seed_3141/student_A_KD_from_RF_test_predictions.csv,735a10f880dbb005b2bee5973832437f9452af5f6a963c4c380d5f002e6cba3e,9.499999999995623e-07,2e-06,54174,0,0,56301,56301.0,0.9867675529741923,0.9129463402863391,0.9327532706213102,0.9190117229227657,"[[1510.0,0.0,80.0,0.0,0.0],[1.0,492.0,0.0,2.0,0.0],[462.0,0.0,1676.0,11.0,0.0],[1.0,59.0,57.0,50938.0,15.0],[0.0,0.0,1.0,56.0,940.0]]"
inverse_test_group_size,3141,student,student_A,E_KD_from_RF,results/wsnds/confirmation_runs_v2/local_feature_group_10seed_20260811/feature_group_10seed/seed_3141/student_A_KD_from_RF_test_predictions.csv,735a10f880dbb005b2bee5973832437f9452af5f6a963c4c380d5f002e6cba3e,9.499999999995623e-07,2e-06,54174,0,0,56301,54174.0,0.9887030678923469,0.9062653661818117,0.9368984788332989,0.9171182180120525,"[[960.0,0.0,55.00000000000004,0.0,0.0],[1.0,471.0,0.0,2.0,0.0],[358.0,0.0,1521.9999999999998,10.0,0.0],[1.0,59.0,54.0,49678.00000000006,15.0],[0.0,0.0,1.0,56.0,931.0]]"
pure_group_representative,3141,student,student_A,E_KD_from_RF,results/wsnds/confirmation_runs_v2/local_feature_group_10seed_20260811/feature_group_10seed/seed_3141/student_A_KD_from_RF_test_predictions.csv,735a10f880dbb005b2bee5973832437f9452af5f6a963c4c380d5f002e6cba3e,9.499999999995623e-07,2e-06,54174,0,0,54174,54174.0,0.9887030678923469,0.9062653661818116,0.9368984788332989,0.9171182180120525,"[[960.0,0.0,55.0,0.0,0.0],[1.0,471.0,0.0,2.0,0.0],[358.0,0.0,1522.0,10.0,0.0],[1.0,59.0,54.0,49678.0,15.0],[0.0,0.0,1.0,56.0,931.0]]"
row_level,3141,student,student_A,E2_KD_from_MLP,results/wsnds/evidence_completion_20260811/fgds_controlled_full_routes_10seed_v2/seed_3141/student_A_E2_KD_from_MLP_test_predictions.npz,3e76af54cf7f91abdf7d61aaaade66cba5dd31b6e477105fcd856e4a07670402,7.152557373046875e-07,2e-06,54174,0,0,56301,56301.0,0.9848670538711568,0.8950341747041428,0.9303500790246952,0.9098449797845474,"[[1478.0,0.0,112.0,0.0,0.0],[0.0,493.0,0.0,2.0,0.0],[456.0,0.0,1693.0,0.0,0.0],[0.0,61.0,95.0,50845.0,69.0],[0.0,0.0,1.0,56.0,940.0]]"
inverse_test_group_size,3141,student,student_A,E2_KD_from_MLP,results/wsnds/evidence_completion_20260811/fgds_controlled_full_routes_10seed_v2/seed_3141/student_A_E2_KD_from_MLP_test_predictions.npz,3e76af54cf7f91abdf7d61aaaade66cba5dd31b6e477105fcd856e4a07670402,7.152557373046875e-07,2e-06,54174,0,0,56301,54174.0,0.9874293941743272,0.892570879040693,0.9380719603726227,0.9119225161412204,"[[949.0,0.0,66.00000000000004,0.0,0.0],[0.0,472.0,0.0,2.0,0.0],[337.0000000000001,0.0,1552.9999999999998,0.0,0.0],[0.0,61.0,91.0,49588.00000000006,67.0],[0.0,0.0,1.0,56.0,931.0]]"
pure_group_representative,3141,student,student_A,E2_KD_from_MLP,results/wsnds/evidence_completion_20260811/fgds_controlled_full_routes_10seed_v2/seed_3141/student_A_E2_KD_from_MLP_test_predictions.npz,3e76af54cf7f91abdf7d61aaaade66cba5dd31b6e477105fcd856e4a07670402,7.152557373046875e-07,2e-06,54174,0,0,54174,54174.0,0.9874293941743272,0.892570879040693,0.9380719603726225,0.9119225161412203,"[[949.0,0.0,66.0,0.0,0.0],[0.0,472.0,0.0,2.0,0.0],[337.0,0.0,1553.0,0.0,0.0],[0.0,61.0,91.0,49588.0,67.0],[0.0,0.0,1.0,56.0,931.0]]"
row_level,3141,student,student_A,F_KD_from_CL_MLP_fair,results/wsnds/evidence_completion_20260811/fgds_controlled_full_routes_10seed_v2/seed_3141/student_A_F_KD_from_CL_MLP_fair_test_predictions.npz,6033b5f8b655203378c4a1c2f3657bc7e0ad8698e69f2f1930e2bc72ffb1ee65,7.152557373046875e-07,2e-06,54174,0,0,56301,56301.0,0.9866432212571713,0.9040242732770437,0.940765885960675,0.9201624162944851,"[[1501.0,0.0,89.0,0.0,0.0],[0.0,493.0,0.0,2.0,0.0],[375.0,0.0,1774.0,0.0,0.0],[0.0,65.0,96.0,50841.0,68.0],[0.0,0.0,1.0,56.0,940.0]]"
inverse_test_group_size,3141,student,student_A,F_KD_from_CL_MLP_fair,results/wsnds/evidence_completion_20260811/fgds_controlled_full_routes_10seed_v2/seed_3141/student_A_F_KD_from_CL_MLP_fair_test_predictions.npz,6033b5f8b655203378c4a1c2f3657bc7e0ad8698e69f2f1930e2bc72ffb1ee65,7.152557373046875e-07,2e-06,54174,0,0,56301,54174.0,0.9883523461439067,0.8986969327147065,0.944478817167162,0.918696602784521,"[[959.0000000000001,0.0,56.00000000000005,0.0,0.0],[0.0,472.0,0.0,2.0,0.0],[294.99999999999994,0.0,1594.9999999999995,0.0,0.0],[0.0,64.0,92.0,49586.00000000006,65.0],[0.0,0.0,1.0,56.0,931.0]]"
pure_group_representative,3141,student,student_A,F_KD_from_CL_MLP_fair,results/wsnds/evidence_completion_20260811/fgds_controlled_full_routes_10seed_v2/seed_3141/student_A_F_KD_from_CL_MLP_fair_test_predictions.npz,6033b5f8b655203378c4a1c2f3657bc7e0ad8698e69f2f1930e2bc72ffb1ee65,7.152557373046875e-07,2e-06,54174,0,0,54174,54174.0,0.9883523461439067,0.8986969327147062,0.9444788171671622,0.9186966027845209,"[[959.0,0.0,56.0,0.0,0.0],[0.0,472.0,0.0,2.0,0.0],[295.0,0.0,1595.0,0.0,0.0],[0.0,64.0,92.0,49586.0,65.0],[0.0,0.0,1.0,56.0,931.0]]"
row_level,3141,student,student_A,F_KD_from_CL_MLP_ext,results/wsnds/evidence_completion_20260811/fgds_controlled_full_routes_10seed_v2/seed_3141/student_A_F_KD_from_CL_MLP_ext_test_predictions.npz,d137a52311d28100621558cf64d39aa3be8401091e2a911da93b7365b0042ed5,7.152557373046875e-07,2e-06,54174,0,0,56301,56301.0,0.9849913855881778,0.8956175814322007,0.9293484815361331,0.9102243186127504,"[[1452.0,0.0,138.0,0.0,0.0],[0.0,493.0,0.0,2.0,0.0],[432.0,0.0,1717.0,0.0,0.0],[1.0,64.0,95.0,50854.0,56.0],[0.0,0.0,1.0,56.0,940.0]]"
inverse_test_group_size,3141,student,student_A,F_KD_from_CL_MLP_ext,results/wsnds/evidence_completion_20260811/fgds_controlled_full_routes_10seed_v2/seed_3141/student_A_F_KD_from_CL_MLP_ext_test_predictions.npz,d137a52311d28100621558cf64d39aa3be8401091e2a911da93b7365b0042ed5,7.152557373046875e-07,2e-06,54174,0,0,56301,54174.0,0.9875955255288514,0.8940476353749298,0.9376413983484749,0.9125385982617216,"[[945.0000000000001,0.0,70.00000000000006,0.0,0.0],[0.0,472.0,0.0,2.0,0.0],[334.00000000000006,0.0,1555.9999999999995,0.0,0.0],[1.0,63.0,91.0,49598.00000000006,54.0],[0.0,0.0,1.0,56.0,931.0]]"
pure_group_representative,3141,student,student_A,F_KD_from_CL_MLP_ext,results/wsnds/evidence_completion_20260811/fgds_controlled_full_routes_10seed_v2/seed_3141/student_A_F_KD_from_CL_MLP_ext_test_predictions.npz,d137a52311d28100621558cf64d39aa3be8401091e2a911da93b7365b0042ed5,7.152557373046875e-07,2e-06,54174,0,0,54174,54174.0,0.9875955255288514,0.8940476353749294,0.9376413983484749,0.9125385982617212,"[[945.0,0.0,70.0,0.0,0.0],[0.0,472.0,0.0,2.0,0.0],[334.0,0.0,1556.0,0.0,0.0],[1.0,63.0,91.0,49598.0,54.0],[0.0,0.0,1.0,56.0,931.0]]"
row_level,3141,student,student_A,G_KD_random_pacing,results/wsnds/evidence_completion_20260811/fgds_controlled_full_routes_10seed_v2/seed_3141/student_A_G_KD_random_pacing_test_predictions.npz,011f71e29148f00ab209960ae51666092ea705ca86c6e3bc30aa9627308a04c8,1.0132789611816406e-06,2e-06,54174,0,0,56301,56301.0,0.9857196142164437,0.9000219096357313,0.936251610196466,0.9144294096041706,"[[1524.0,0.0,66.0,0.0,0.0],[0.0,493.0,0.0,2.0,0.0],[457.0,0.0,1692.0,0.0,0.0],[0.0,64.0,89.0,50847.0,70.0],[0.0,0.0,0.0,56.0,941.0]]"
inverse_test_group_size,3141,student,student_A,G_KD_random_pacing,results/wsnds/evidence_completion_20260811/fgds_controlled_full_routes_10seed_v2/seed_3141/student_A_G_KD_random_pacing_test_predictions.npz,011f71e29148f00ab209960ae51666092ea705ca86c6e3bc30aa9627308a04c8,1.0132789611816406e-06,2e-06,54174,0,0,56301,54174.0,0.9879831653560749,0.8963923914746686,0.9429323068318205,0.9156729270617424,"[[972.0,0.0,43.00000000000006,0.0,0.0],[0.0,472.0,0.0,2.0,0.0],[336.0000000000001,0.0,1553.9999999999998,0.0,0.0],[0.0,63.0,85.0,49593.00000000006,66.0],[0.0,0.0,0.0,56.0,932.0]]"
pure_group_representative,3141,student,student_A,G_KD_random_pacing,results/wsnds/evidence_completion_20260811/fgds_controlled_full_routes_10seed_v2/seed_3141/student_A_G_KD_random_pacing_test_predictions.npz,011f71e29148f00ab209960ae51666092ea705ca86c6e3bc30aa9627308a04c8,1.0132789611816406e-06,2e-06,54174,0,0,54174,54174.0,0.9879831653560749,0.8963923914746683,0.9429323068318205,0.9156729270617422,"[[972.0,0.0,43.0,0.0,0.0],[0.0,472.0,0.0,2.0,0.0],[336.0,0.0,1554.0,0.0,0.0],[0.0,63.0,85.0,49593.0,66.0],[0.0,0.0,0.0,56.0,932.0]]"
row_level,3141,student,student_A,I_KD_from_SMOTE_MLP,results/wsnds/evidence_completion_20260811/fgds_controlled_full_routes_10seed_v2/seed_3141/student_A_I_KD_from_SMOTE_MLP_test_predictions.npz,b3eb6a49d4fbacc7ce6afb30ef0f0cd44d058b6e6bb14815dd7a307b9d8c7c01,5.960464477539062e-07,2e-06,54174,0,0,56301,56301.0,0.9846183904371147,0.8908448597160886,0.9262707389401352,0.9077806124881196,"[[1355.0,0.0,235.0,0.0,0.0],[0.0,493.0,0.0,2.0,0.0],[330.0,0.0,1816.0,3.0,0.0],[1.0,60.0,86.0,50831.0,92.0],[0.0,0.0,1.0,56.0,940.0]]"
inverse_test_group_size,3141,student,student_A,I_KD_from_SMOTE_MLP,results/wsnds/evidence_completion_20260811/fgds_controlled_full_routes_10seed_v2/seed_3141/student_A_I_KD_from_SMOTE_MLP_test_predictions.npz,b3eb6a49d4fbacc7ce6afb30ef0f0cd44d058b6e6bb14815dd7a307b9d8c7c01,5.960464477539062e-07,2e-06,54174,0,0,56301,54174.0,0.9873001808985861,0.8903916041488694,0.9329987773021354,0.9103001795520893,"[[886.9999999999998,0.0,127.99999999999996,0.0,0.0],[0.0,472.0,0.0,2.0,0.0],[267.0,0.0,1620.9999999999998,2.0,0.0],[1.0,60.0,83.0,49575.00000000006,88.0],[0.0,0.0,1.0,56.0,931.0]]"
pure_group_representative,3141,student,student_A,I_KD_from_SMOTE_MLP,results/wsnds/evidence_completion_20260811/fgds_controlled_full_routes_10seed_v2/seed_3141/student_A_I_KD_from_SMOTE_MLP_test_predictions.npz,b3eb6a49d4fbacc7ce6afb30ef0f0cd44d058b6e6bb14815dd7a307b9d8c7c01,5.960464477539062e-07,2e-06,54174,0,0,54174,54174.0,0.9873001808985861,0.8903916041488692,0.9329987773021354,0.9103001795520893,"[[887.0,0.0,128.0,0.0,0.0],[0.0,472.0,0.0,2.0,0.0],[267.0,0.0,1621.0,2.0,0.0],[1.0,60.0,83.0,49575.0,88.0],[0.0,0.0,1.0,56.0,931.0]]"
row_level,3141,student,student_A,J_CoDistill_RF_CL,results/wsnds/evidence_completion_20260811/fgds_controlled_full_routes_10seed_v2/seed_3141/student_A_J_CoDistill_RF_CL_test_predictions.npz,93e90984467408e4a10e0c6fc69f9edd92387dec7ac4b29660f8514b67e8a8f3,8.940696716308594e-07,2e-06,54174,0,0,56301,56301.0,0.9860215626720662,0.9048835860375618,0.9285265811270037,0.9147530638563517,"[[1433.0,0.0,156.0,0.0,1.0],[0.0,493.0,0.0,2.0,0.0],[414.0,0.0,1729.0,6.0,0.0],[0.0,60.0,66.0,50918.0,26.0],[0.0,0.0,0.0,56.0,941.0]]"
inverse_test_group_size,3141,student,student_A,J_CoDistill_RF_CL,results/wsnds/evidence_completion_20260811/fgds_controlled_full_routes_10seed_v2/seed_3141/student_A_J_CoDistill_RF_CL_test_predictions.npz,93e90984467408e4a10e0c6fc69f9edd92387dec7ac4b29660f8514b67e8a8f3,8.940696716308594e-07,2e-06,54174,0,0,56301,54174.0,0.9884446413408646,0.901842162000156,0.9342168501718497,0.9153612417586248,"[[919.9999999999999,0.0,93.99999999999996,0.0,1.0],[0.0,472.0,0.0,2.0,0.0],[319.0000000000001,0.0,1565.9999999999998,5.0,0.0],[0.0,60.0,63.0,49658.00000000006,26.0],[0.0,0.0,0.0,56.0,932.0]]"
pure_group_representative,3141,student,student_A,J_CoDistill_RF_CL,results/wsnds/evidence_completion_20260811/fgds_controlled_full_routes_10seed_v2/seed_3141/student_A_J_CoDistill_RF_CL_test_predictions.npz,93e90984467408e4a10e0c6fc69f9edd92387dec7ac4b29660f8514b67e8a8f3,8.940696716308594e-07,2e-06,54174,0,0,54174,54174.0,0.9884446413408646,0.9018421620001555,0.9342168501718497,0.9153612417586245,"[[920.0,0.0,94.0,0.0,1.0],[0.0,472.0,0.0,2.0,0.0],[319.0,0.0,1566.0,5.0,0.0],[0.0,60.0,63.0,49658.0,26.0],[0.0,0.0,0.0,56.0,932.0]]"
row_level,3141,student,student_B,D_Small_MLP,results/wsnds/confirmation_runs_v2/local_feature_group_10seed_20260811/feature_group_10seed/seed_3141/student_B_Small_MLP_scratch_test_predictions.csv,dc2edb678b89cf8c9b430e02047da45d6f5929f3ac202d2702fa28937b19ccf7,0.0,2e-06,54174,0,0,56301,56301.0,0.9889877622067104,0.9175954150883945,0.95211304654964,0.9330696243887049,"[[1529.0,0.0,61.0,0.0,0.0],[0.0,493.0,0.0,2.0,0.0],[293.0,0.0,1855.0,1.0,0.0],[1.0,66.0,78.0,50863.0,62.0],[0.0,0.0,0.0,56.0,941.0]]"
inverse_test_group_size,3141,student,student_B,D_Small_MLP,results/wsnds/confirmation_runs_v2/local_feature_group_10seed_20260811/feature_group_10seed/seed_3141/student_B_Small_MLP_scratch_test_predictions.csv,dc2edb678b89cf8c9b430e02047da45d6f5929f3ac202d2702fa28937b19ccf7,0.0,2e-06,54174,0,0,56301,54174.0,0.9905858899102891,0.9149107877155135,0.956690769579215,0.9337913260429765,"[[976.0,0.0,39.00000000000003,0.0,0.0],[0.0,472.0,0.0,2.0,0.0],[212.99999999999991,0.0,1675.9999999999993,1.0,0.0],[1.0,66.0,74.0,49608.00000000006,58.0],[0.0,0.0,0.0,56.0,932.0]]"
pure_group_representative,3141,student,student_B,D_Small_MLP,results/wsnds/confirmation_runs_v2/local_feature_group_10seed_20260811/feature_group_10seed/seed_3141/student_B_Small_MLP_scratch_test_predictions.csv,dc2edb678b89cf8c9b430e02047da45d6f5929f3ac202d2702fa28937b19ccf7,0.0,2e-06,54174,0,0,54174,54174.0,0.9905858899102891,0.9149107877155132,0.956690769579215,0.9337913260429763,"[[976.0,0.0,39.0,0.0,0.0],[0.0,472.0,0.0,2.0,0.0],[213.0,0.0,1676.0,1.0,0.0],[1.0,66.0,74.0,49608.0,58.0],[0.0,0.0,0.0,56.0,932.0]]"
row_level,3141,student,student_B,E_KD_from_RF,results/wsnds/confirmation_runs_v2/local_feature_group_10seed_20260811/feature_group_10seed/seed_3141/student_B_KD_from_RF_test_predictions.csv,738eac38fcf1d59de86bc06d7e450eb783eaa3ce18d9febd959b0fbaba53c99c,0.0,2e-06,54174,0,0,56301,56301.0,0.9922736718708371,0.9433476884914558,0.9593829967380664,0.9506206918395854,"[[1492.0,0.0,98.0,0.0,0.0],[0.0,493.0,0.0,2.0,0.0],[157.0,0.0,1979.0,12.0,1.0],[1.0,60.0,35.0,50961.0,13.0],[0.0,0.0,0.0,56.0,941.0]]"
inverse_test_group_size,3141,student,student_B,E_KD_from_RF,results/wsnds/confirmation_runs_v2/local_feature_group_10seed_20260811/feature_group_10seed/seed_3141/student_B_KD_from_RF_test_predictions.csv,738eac38fcf1d59de86bc06d7e450eb783eaa3ce18d9febd959b0fbaba53c99c,0.0,2e-06,54174,0,0,56301,54174.0,0.9930594011887621,0.9391758782592874,0.9586066254286614,0.9480509805713477,"[[942.0000000000001,0.0,73.00000000000003,0.0,0.0],[0.0,472.0,0.0,2.0,0.0],[124.00000000000003,0.0,1753.9999999999998,11.0,1.0],[1.0,60.0,35.0,49698.00000000006,13.0],[0.0,0.0,0.0,56.0,932.0]]"
pure_group_representative,3141,student,student_B,E_KD_from_RF,results/wsnds/confirmation_runs_v2/local_feature_group_10seed_20260811/feature_group_10seed/seed_3141/student_B_KD_from_RF_test_predictions.csv,738eac38fcf1d59de86bc06d7e450eb783eaa3ce18d9febd959b0fbaba53c99c,0.0,2e-06,54174,0,0,54174,54174.0,0.9930594011887621,0.939175878259287,0.9586066254286614,0.9480509805713476,"[[942.0,0.0,73.0,0.0,0.0],[0.0,472.0,0.0,2.0,0.0],[124.0,0.0,1754.0,11.0,1.0],[1.0,60.0,35.0,49698.0,13.0],[0.0,0.0,0.0,56.0,932.0]]"
row_level,3141,student,student_B,E2_KD_from_MLP,results/wsnds/evidence_completion_20260811/fgds_controlled_full_routes_10seed_v2/seed_3141/student_B_E2_KD_from_MLP_test_predictions.npz,b86ac47052200c1f2006e9fdcb5993448b7383460b61558391d9dda181524520,0.0,2e-06,54174,0,0,56301,56301.0,0.9871938331468357,0.9069271382396591,0.9449330759635032,0.9234425127512205,"[[1526.0,0.0,64.0,0.0,0.0],[0.0,493.0,0.0,2.0,0.0],[366.0,0.0,1783.0,0.0,0.0],[0.0,67.0,97.0,50837.0,69.0],[0.0,0.0,0.0,56.0,941.0]]"
inverse_test_group_size,3141,student,student_B,E2_KD_from_MLP,results/wsnds/evidence_completion_20260811/fgds_controlled_full_routes_10seed_v2/seed_3141/student_B_E2_KD_from_MLP_test_predictions.npz,b86ac47052200c1f2006e9fdcb5993448b7383460b61558391d9dda181524520,0.0,2e-06,54174,0,0,56301,54174.0,0.9886107726953889,0.9002683223372528,0.9466254138212236,0.920626199357225,"[[962.9999999999999,0.0,52.000000000000036,0.0,0.0],[0.0,472.0,0.0,2.0,0.0],[284.00000000000006,0.0,1605.9999999999995,0.0,0.0],[0.0,66.0,93.0,49584.00000000006,64.0],[0.0,0.0,0.0,56.0,932.0]]"
pure_group_representative,3141,student,student_B,E2_KD_from_MLP,results/wsnds/evidence_completion_20260811/fgds_controlled_full_routes_10seed_v2/seed_3141/student_B_E2_KD_from_MLP_test_predictions.npz,b86ac47052200c1f2006e9fdcb5993448b7383460b61558391d9dda181524520,0.0,2e-06,54174,0,0,54174,54174.0,0.9886107726953889,0.9002683223372525,0.9466254138212236,0.9206261993572248,"[[963.0,0.0,52.0,0.0,0.0],[0.0,472.0,0.0,2.0,0.0],[284.0,0.0,1606.0,0.0,0.0],[0.0,66.0,93.0,49584.0,64.0],[0.0,0.0,0.0,56.0,932.0]]"
row_level,3141,student,student_B,F_KD_from_CL_MLP_fair,results/wsnds/evidence_completion_20260811/fgds_controlled_full_routes_10seed_v2/seed_3141/student_B_F_KD_from_CL_MLP_fair_test_predictions.npz,a4fb23ac0803dd16786e115126d687314d295114c1946dd3c4de6ff52f57fe8a,0.0,2e-06,54174,0,0,56301,56301.0,0.9868741230173531,0.9064203344083914,0.9406772773644558,0.9216609637098451,"[[1488.0,0.0,102.0,0.0,0.0],[0.0,493.0,0.0,2.0,0.0],[361.0,0.0,1788.0,0.0,0.0],[0.0,63.0,97.0,50852.0,58.0],[0.0,0.0,0.0,56.0,941.0]]"
inverse_test_group_size,3141,student,student_B,F_KD_from_CL_MLP_fair,results/wsnds/evidence_completion_20260811/fgds_controlled_full_routes_10seed_v2/seed_3141/student_B_F_KD_from_CL_MLP_fair_test_predictions.npz,a4fb23ac0803dd16786e115126d687314d295114c1946dd3c4de6ff52f57fe8a,0.0,2e-06,54174,0,0,56301,54174.0,0.9887953630893048,0.9027581081530782,0.9448199234827406,0.9216277439593414,"[[944.9999999999999,0.0,70.00000000000006,0.0,0.0],[0.0,472.0,0.0,2.0,0.0],[268.00000000000006,0.0,1621.999999999999,0.0,0.0],[0.0,62.0,93.0,49596.00000000006,56.0],[0.0,0.0,0.0,56.0,932.0]]"
pure_group_representative,3141,student,student_B,F_KD_from_CL_MLP_fair,results/wsnds/evidence_completion_20260811/fgds_controlled_full_routes_10seed_v2/seed_3141/student_B_F_KD_from_CL_MLP_fair_test_predictions.npz,a4fb23ac0803dd16786e115126d687314d295114c1946dd3c4de6ff52f57fe8a,0.0,2e-06,54174,0,0,54174,54174.0,0.9887953630893048,0.902758108153078,0.9448199234827406,0.9216277439593414,"[[945.0,0.0,70.0,0.0,0.0],[0.0,472.0,0.0,2.0,0.0],[268.0,0.0,1622.0,0.0,0.0],[0.0,62.0,93.0,49596.0,56.0],[0.0,0.0,0.0,56.0,932.0]]"
row_level,3141,student,student_B,F_KD_from_CL_MLP_ext,results/wsnds/evidence_completion_20260811/fgds_controlled_full_routes_10seed_v2/seed_3141/student_B_F_KD_from_CL_MLP_ext_test_predictions.npz,9abfbdcb6a0175f0e9cef76aecc14cd5ddd387e931ae7922e0b905afe5c7c224,0.0,2e-06,54174,0,0,56301,56301.0,0.9870695014298148,0.9082247670127265,0.9423767332130358,0.9225185988648106,"[[1525.0,0.0,65.0,0.0,0.0],[0.0,493.0,0.0,2.0,0.0],[393.0,0.0,1756.0,0.0,0.0],[0.0,65.0,94.0,50858.0,53.0],[0.0,0.0,0.0,56.0,941.0]]"
inverse_test_group_size,3141,student,student_B,F_KD_from_CL_MLP_ext,results/wsnds/evidence_completion_20260811/fgds_controlled_full_routes_10seed_v2/seed_3141/student_B_F_KD_from_CL_MLP_ext_test_predictions.npz,9abfbdcb6a0175f0e9cef76aecc14cd5ddd387e931ae7922e0b905afe5c7c224,0.0,2e-06,54174,0,0,56301,54174.0,0.9888507402074797,0.9031319994237915,0.946807161893138,0.9218265402018755,"[[970.0,0.0,45.000000000000036,0.0,0.0],[0.0,472.0,0.0,2.0,0.0],[296.00000000000017,0.0,1593.9999999999993,0.0,0.0],[0.0,64.0,90.0,49602.00000000006,51.0],[0.0,0.0,0.0,56.0,932.0]]"
pure_group_representative,3141,student,student_B,F_KD_from_CL_MLP_ext,results/wsnds/evidence_completion_20260811/fgds_controlled_full_routes_10seed_v2/seed_3141/student_B_F_KD_from_CL_MLP_ext_test_predictions.npz,9abfbdcb6a0175f0e9cef76aecc14cd5ddd387e931ae7922e0b905afe5c7c224,0.0,2e-06,54174,0,0,54174,54174.0,0.9888507402074797,0.9031319994237912,0.9468071618931381,0.9218265402018752,"[[970.0,0.0,45.0,0.0,0.0],[0.0,472.0,0.0,2.0,0.0],[296.0,0.0,1594.0,0.0,0.0],[0.0,64.0,90.0,49602.0,51.0],[0.0,0.0,0.0,56.0,932.0]]"
row_level,3141,student,student_B,G_KD_random_pacing,results/wsnds/evidence_completion_20260811/fgds_controlled_full_routes_10seed_v2/seed_3141/student_B_G_KD_random_pacing_test_predictions.npz,2d810589dfb44330a75b45ec00a2a0583d44f4c40416282527097706cece9403,0.0,2e-06,54174,0,0,56301,56301.0,0.9868741230173531,0.9048006720246138,0.9400318934592887,0.92074327172523,"[[1471.0,0.0,119.0,0.0,0.0],[0.0,493.0,0.0,2.0,0.0],[345.0,0.0,1804.0,0.0,0.0],[0.0,67.0,87.0,50853.0,63.0],[0.0,0.0,0.0,56.0,941.0]]"
inverse_test_group_size,3141,student,student_B,G_KD_random_pacing,results/wsnds/evidence_completion_20260811/fgds_controlled_full_routes_10seed_v2/seed_3141/student_B_G_KD_random_pacing_test_predictions.npz,2d810589dfb44330a75b45ec00a2a0583d44f4c40416282527097706cece9403,0.0,2e-06,54174,0,0,56301,54174.0,0.9889245763650459,0.9023528531418579,0.94527641115918,0.9216882354057772,"[[942.9999999999999,0.0,71.99999999999999,0.0,0.0],[0.0,472.0,0.0,2.0,0.0],[260.0,0.0,1629.999999999999,0.0,0.0],[0.0,66.0,83.0,49597.00000000006,61.0],[0.0,0.0,0.0,56.0,932.0]]"
pure_group_representative,3141,student,student_B,G_KD_random_pacing,results/wsnds/evidence_completion_20260811/fgds_controlled_full_routes_10seed_v2/seed_3141/student_B_G_KD_random_pacing_test_predictions.npz,2d810589dfb44330a75b45ec00a2a0583d44f4c40416282527097706cece9403,0.0,2e-06,54174,0,0,54174,54174.0,0.9889245763650459,0.9023528531418578,0.94527641115918,0.9216882354057769,"[[943.0,0.0,72.0,0.0,0.0],[0.0,472.0,0.0,2.0,0.0],[260.0,0.0,1630.0,0.0,0.0],[0.0,66.0,83.0,49597.0,61.0],[0.0,0.0,0.0,56.0,932.0]]"
row_level,3141,student,student_B,I_KD_from_SMOTE_MLP,results/wsnds/evidence_completion_20260811/fgds_controlled_full_routes_10seed_v2/seed_3141/student_B_I_KD_from_SMOTE_MLP_test_predictions.npz,2e67e427c9554c7a29967e27b33a06fb0a3fcf97039852701477891f674c967f,0.0,2e-06,54174,0,0,56301,56301.0,0.9865899362355909,0.9038375855663219,0.9388520079600537,0.9195692589999303,"[[1475.0,0.0,115.0,0.0,0.0],[0.0,493.0,0.0,2.0,0.0],[361.0,0.0,1786.0,2.0,0.0],[1.0,60.0,82.0,50851.0,76.0],[0.0,0.0,0.0,56.0,941.0]]"
inverse_test_group_size,3141,student,student_B,I_KD_from_SMOTE_MLP,results/wsnds/evidence_completion_20260811/fgds_controlled_full_routes_10seed_v2/seed_3141/student_B_I_KD_from_SMOTE_MLP_test_predictions.npz,2e67e427c9554c7a29967e27b33a06fb0a3fcf97039852701477891f674c967f,0.0,2e-06,54174,0,0,56301,54174.0,0.9887399859711301,0.9017482881898274,0.9435690601200568,0.9206667903490198,"[[937.0,0.0,77.99999999999999,0.0,0.0],[0.0,472.0,0.0,2.0,0.0],[263.0,0.0,1624.9999999999993,2.0,0.0],[1.0,60.0,78.0,49598.00000000006,70.0],[0.0,0.0,0.0,56.0,932.0]]"
pure_group_representative,3141,student,student_B,I_KD_from_SMOTE_MLP,results/wsnds/evidence_completion_20260811/fgds_controlled_full_routes_10seed_v2/seed_3141/student_B_I_KD_from_SMOTE_MLP_test_predictions.npz,2e67e427c9554c7a29967e27b33a06fb0a3fcf97039852701477891f674c967f,0.0,2e-06,54174,0,0,54174,54174.0,0.9887399859711301,0.9017482881898271,0.9435690601200568,0.9206667903490195,"[[937.0,0.0,78.0,0.0,0.0],[0.0,472.0,0.0,2.0,0.0],[263.0,0.0,1625.0,2.0,0.0],[1.0,60.0,78.0,49598.0,70.0],[0.0,0.0,0.0,56.0,932.0]]"
row_level,3141,student,student_B,J_CoDistill_RF_CL,results/wsnds/evidence_completion_20260811/fgds_controlled_full_routes_10seed_v2/seed_3141/student_B_J_CoDistill_RF_CL_test_predictions.npz,dadb73e27f99bf310c2270d07584f19447eefea00b73f49560f1b3dca7cf1e1f,0.0,2e-06,54174,0,0,56301,56301.0,0.9913323031562494,0.9362050565247241,0.957486341143224,0.9462094728700835,"[[1454.0,0.0,136.0,0.0,0.0],[0.0,493.0,0.0,2.0,0.0],[133.0,0.0,2012.0,4.0,0.0],[0.0,60.0,62.0,50913.0,35.0],[0.0,0.0,0.0,56.0,941.0]]"
inverse_test_group_size,3141,student,student_B,J_CoDistill_RF_CL,results/wsnds/evidence_completion_20260811/fgds_controlled_full_routes_10seed_v2/seed_3141/student_B_J_CoDistill_RF_CL_test_predictions.npz,dadb73e27f99bf310c2270d07584f19447eefea00b73f49560f1b3dca7cf1e1f,0.0,2e-06,54174,0,0,56301,54174.0,0.992524089046406,0.9348383983599339,0.9589225542736088,0.9461922873699835,"[[929.9999999999999,0.0,85.00000000000001,0.0,0.0],[0.0,472.0,0.0,2.0,0.0],[106.00000000000003,0.0,1780.9999999999998,3.0,0.0],[0.0,60.0,60.0,49654.00000000006,33.0],[0.0,0.0,0.0,56.0,932.0]]"
pure_group_representative,3141,student,student_B,J_CoDistill_RF_CL,results/wsnds/evidence_completion_20260811/fgds_controlled_full_routes_10seed_v2/seed_3141/student_B_J_CoDistill_RF_CL_test_predictions.npz,dadb73e27f99bf310c2270d07584f19447eefea00b73f49560f1b3dca7cf1e1f,0.0,2e-06,54174,0,0,54174,54174.0,0.992524089046406,0.9348383983599335,0.9589225542736088,0.9461922873699834,"[[930.0,0.0,85.0,0.0,0.0],[0.0,472.0,0.0,2.0,0.0],[106.0,0.0,1781.0,3.0,0.0],[0.0,60.0,60.0,49654.0,33.0],[0.0,0.0,0.0,56.0,932.0]]"
row_level,5678,teacher,,A_RF_500_uncalibrated,results/wsnds/evidence_completion_20260811/fgds_controlled_full_routes_10seed_v2/seed_5678/teacher_A_RF_500_uncalibrated_test_predictions.npz,bda9fe256243094637da13855d3303640c9a22f9ba7b5b1a8bcc84e15f86a306,0.0,2e-06,54174,0,0,56301,56301.0,0.996802898705174,0.9779898328298209,0.9821514503264405,0.9796474242641073,"[[1583.0,0.0,7.0,0.0,0.0],[0.0,493.0,0.0,2.0,0.0],[26.0,0.0,2101.0,22.0,0.0],[0.0,40.0,23.0,51004.0,3.0],[0.0,0.0,0.0,57.0,940.0]]"
inverse_test_group_size,5678,teacher,,A_RF_500_uncalibrated,results/wsnds/evidence_completion_20260811/fgds_controlled_full_routes_10seed_v2/seed_5678/teacher_A_RF_500_uncalibrated_test_predictions.npz,bda9fe256243094637da13855d3303640c9a22f9ba7b5b1a8bcc84e15f86a306,0.0,2e-06,54174,0,0,56301,54174.0,0.9968250452246465,0.9765198652643935,0.9817405190386299,0.9786840927011534,"[[1007.9999999999998,0.0,7.0,0.0,0.0],[0.0,472.0,0.0,2.0,0.0],[18.999999999999996,0.0,1850.0,21.0,0.0],[0.0,40.0,23.0,49741.00000000006,3.0],[0.0,0.0,0.0,57.0,931.0]]"
pure_group_representative,5678,teacher,,A_RF_500_uncalibrated,results/wsnds/evidence_completion_20260811/fgds_controlled_full_routes_10seed_v2/seed_5678/teacher_A_RF_500_uncalibrated_test_predictions.npz,bda9fe256243094637da13855d3303640c9a22f9ba7b5b1a8bcc84e15f86a306,0.0,2e-06,54174,0,0,54174,54174.0,0.9968250452246465,0.9765198652643934,0.9817405190386301,0.9786840927011534,"[[1008.0,0.0,7.0,0.0,0.0],[0.0,472.0,0.0,2.0,0.0],[19.0,0.0,1850.0,21.0,0.0],[0.0,40.0,23.0,49741.0,3.0],[0.0,0.0,0.0,57.0,931.0]]"
row_level,5678,teacher,,A_calibrated_RF_KD_teacher,results/wsnds/confirmation_runs_v2/local_feature_group_10seed_20260811/feature_group_10seed/seed_5678/RF_teacher_test_predictions.csv,d777e8c6b954b0e50469bbf1207f871c532542a832cdf61ca84a366854d74397,0.0,2e-06,54174,0,0,56301,56301.0,0.9967496136835935,0.9780935291917331,0.9806685636330524,0.979041390148201,"[[1572.0,0.0,18.0,0.0,0.0],[0.0,490.0,0.0,5.0,0.0],[22.0,0.0,2113.0,14.0,0.0],[0.0,37.0,27.0,51003.0,3.0],[0.0,0.0,0.0,57.0,940.0]]"
inverse_test_group_size,5678,teacher,,A_calibrated_RF_KD_teacher,results/wsnds/confirmation_runs_v2/local_feature_group_10seed_20260811/feature_group_10seed/seed_5678/RF_teacher_test_predictions.csv,d777e8c6b954b0e50469bbf1207f871c532542a832cdf61ca84a366854d74397,0.0,2e-06,54174,0,0,56301,54174.0,0.996806586185255,0.9769589660847611,0.9799671230090535,0.9781025395370728,"[[998.9999999999999,0.0,16.0,0.0,0.0],[0.0,469.0,0.0,5.0,0.0],[14.999999999999996,0.0,1862.0,13.0,0.0],[0.0,37.0,27.0,49740.00000000006,3.0],[0.0,0.0,0.0,57.0,931.0]]"
pure_group_representative,5678,teacher,,A_calibrated_RF_KD_teacher,results/wsnds/confirmation_runs_v2/local_feature_group_10seed_20260811/feature_group_10seed/seed_5678/RF_teacher_test_predictions.csv,d777e8c6b954b0e50469bbf1207f871c532542a832cdf61ca84a366854d74397,0.0,2e-06,54174,0,0,54174,54174.0,0.996806586185255,0.9769589660847611,0.9799671230090535,0.9781025395370728,"[[999.0,0.0,16.0,0.0,0.0],[0.0,469.0,0.0,5.0,0.0],[15.0,0.0,1862.0,13.0,0.0],[0.0,37.0,27.0,49740.0,3.0],[0.0,0.0,0.0,57.0,931.0]]"
row_level,5678,teacher,,B_Full_MLP,results/wsnds/evidence_completion_20260811/fgds_controlled_full_routes_10seed_v2/seed_5678/teacher_B_Full_MLP_test_predictions.npz,a8fb1965abbf2babb07f8b0d0f6a98d9b532db336d33500b39c7ac9c368c74e1,2.980232238769531e-07,2e-06,54174,0,0,56301,56301.0,0.9868918846912133,0.9075958432152692,0.9422100072285728,0.921910593775514,"[[1532.0,0.0,58.0,0.0,0.0],[0.0,493.0,0.0,2.0,0.0],[403.0,0.0,1745.0,1.0,0.0],[1.0,64.0,98.0,50852.0,55.0],[0.0,0.0,0.0,56.0,941.0]]"
inverse_test_group_size,5678,teacher,,B_Full_MLP,results/wsnds/evidence_completion_20260811/fgds_controlled_full_routes_10seed_v2/seed_5678/teacher_B_Full_MLP_test_predictions.npz,a8fb1965abbf2babb07f8b0d0f6a98d9b532db336d33500b39c7ac9c368c74e1,2.980232238769531e-07,2e-06,54174,0,0,56301,54174.0,0.9885369365378226,0.9010077623695338,0.9456296281069763,0.9200485376057227,"[[969.0000000000001,0.0,46.00000000000003,0.0,0.0],[0.0,472.0,0.0,2.0,0.0],[304.00000000000017,0.0,1584.9999999999993,1.0,0.0],[1.0,64.0,94.0,49595.00000000006,53.0],[0.0,0.0,0.0,56.0,932.0]]"
pure_group_representative,5678,teacher,,B_Full_MLP,results/wsnds/evidence_completion_20260811/fgds_controlled_full_routes_10seed_v2/seed_5678/teacher_B_Full_MLP_test_predictions.npz,a8fb1965abbf2babb07f8b0d0f6a98d9b532db336d33500b39c7ac9c368c74e1,2.980232238769531e-07,2e-06,54174,0,0,54174,54174.0,0.9885369365378226,0.9010077623695334,0.9456296281069763,0.9200485376057224,"[[969.0,0.0,46.0,0.0,0.0],[0.0,472.0,0.0,2.0,0.0],[304.0,0.0,1585.0,1.0,0.0],[1.0,64.0,94.0,49595.0,53.0],[0.0,0.0,0.0,56.0,932.0]]"
row_level,5678,teacher,,C_CL_MLP_loss_fair,results/wsnds/evidence_completion_20260811/fgds_controlled_full_routes_10seed_v2/seed_5678/teacher_C_CL_MLP_loss_fair_test_predictions.npz,452ea25f44580c9cf343785a3fc1565a6c62021b7cd3c207dcbeb23b80ccf494,1.1920928955078125e-07,2e-06,54174,0,0,56301,56301.0,0.9859682776504858,0.9030140287543322,0.936422612795166,0.9156037654201054,"[[1533.0,0.0,56.0,0.0,1.0],[0.0,493.0,0.0,2.0,0.0],[467.0,0.0,1681.0,1.0,0.0],[2.0,67.0,89.0,50863.0,49.0],[0.0,0.0,0.0,56.0,941.0]]"
inverse_test_group_size,5678,teacher,,C_CL_MLP_loss_fair,results/wsnds/evidence_completion_20260811/fgds_controlled_full_routes_10seed_v2/seed_5678/teacher_C_CL_MLP_loss_fair_test_predictions.npz,452ea25f44580c9cf343785a3fc1565a6c62021b7cd3c207dcbeb23b80ccf494,1.1920928955078125e-07,2e-06,54174,0,0,56301,54174.0,0.9878908701591169,0.8964706638463344,0.9407954933605385,0.9142451593687516,"[[969.9999999999999,0.0,44.00000000000003,0.0,1.0],[0.0,472.0,0.0,2.0,0.0],[352.0000000000001,0.0,1536.999999999999,1.0,0.0],[2.0,66.0,85.0,49607.00000000006,47.0],[0.0,0.0,0.0,56.0,932.0]]"
pure_group_representative,5678,teacher,,C_CL_MLP_loss_fair,results/wsnds/evidence_completion_20260811/fgds_controlled_full_routes_10seed_v2/seed_5678/teacher_C_CL_MLP_loss_fair_test_predictions.npz,452ea25f44580c9cf343785a3fc1565a6c62021b7cd3c207dcbeb23b80ccf494,1.1920928955078125e-07,2e-06,54174,0,0,54174,54174.0,0.9878908701591169,0.8964706638463342,0.9407954933605387,0.9142451593687516,"[[970.0,0.0,44.0,0.0,1.0],[0.0,472.0,0.0,2.0,0.0],[352.0,0.0,1537.0,1.0,0.0],[2.0,66.0,85.0,49607.0,47.0],[0.0,0.0,0.0,56.0,932.0]]"
row_level,5678,teacher,,C_CL_MLP_loss_ext,results/wsnds/evidence_completion_20260811/fgds_controlled_full_routes_10seed_v2/seed_5678/teacher_C_CL_MLP_loss_ext_test_predictions.npz,304278819cfd48af1cf350af7b47567dc586bf905df48941c5d6df954f92e3aa,1.7881393432617188e-07,2e-06,54174,0,0,56301,56301.0,0.9861636560629474,0.904906646819365,0.9376366005230945,0.9165421216050751,"[[1553.0,0.0,37.0,0.0,0.0],[0.0,493.0,0.0,2.0,0.0],[479.0,0.0,1669.0,1.0,0.0],[1.0,69.0,89.0,50867.0,44.0],[0.0,0.0,1.0,56.0,940.0]]"
inverse_test_group_size,5678,teacher,,C_CL_MLP_loss_ext,results/wsnds/evidence_completion_20260811/fgds_controlled_full_routes_10seed_v2/seed_5678/teacher_C_CL_MLP_loss_ext_test_predictions.npz,304278819cfd48af1cf350af7b47567dc586bf905df48941c5d6df954f92e3aa,1.7881393432617188e-07,2e-06,54174,0,0,56301,54174.0,0.9879093291985085,0.8970026287853903,0.9414009525191261,0.9142098767057589,"[[980.9999999999997,0.0,34.0,0.0,0.0],[0.0,472.0,0.0,2.0,0.0],[365.0,0.0,1523.999999999999,1.0,0.0],[1.0,68.0,85.0,49611.00000000006,42.0],[0.0,0.0,1.0,56.0,931.0]]"
pure_group_representative,5678,teacher,,C_CL_MLP_loss_ext,results/wsnds/evidence_completion_20260811/fgds_controlled_full_routes_10seed_v2/seed_5678/teacher_C_CL_MLP_loss_ext_test_predictions.npz,304278819cfd48af1cf350af7b47567dc586bf905df48941c5d6df954f92e3aa,1.7881393432617188e-07,2e-06,54174,0,0,54174,54174.0,0.9879093291985085,0.8970026287853902,0.9414009525191263,0.9142098767057589,"[[981.0,0.0,34.0,0.0,0.0],[0.0,472.0,0.0,2.0,0.0],[365.0,0.0,1524.0,1.0,0.0],[1.0,68.0,85.0,49611.0,42.0],[0.0,0.0,1.0,56.0,931.0]]"
row_level,5678,teacher,,C2_CL_MLP_domain,results/wsnds/evidence_completion_20260811/fgds_controlled_full_routes_10seed_v2/seed_5678/teacher_C2_CL_MLP_domain_test_predictions.npz,0015da40af081557ac5ef1e28207a9f7242df4dd7de9c707f3403e875e948096,1.1920928955078125e-07,2e-06,54174,0,0,56301,56301.0,0.9853288573915205,0.89821522988683,0.9320512801452683,0.9123719006646402,"[[1480.0,0.0,110.0,0.0,0.0],[0.0,493.0,0.0,2.0,0.0],[442.0,0.0,1706.0,1.0,0.0],[1.0,64.0,95.0,50855.0,55.0],[0.0,0.0,0.0,56.0,941.0]]"
inverse_test_group_size,5678,teacher,,C2_CL_MLP_domain,results/wsnds/evidence_completion_20260811/fgds_controlled_full_routes_10seed_v2/seed_5678/teacher_C2_CL_MLP_domain_test_predictions.npz,0015da40af081557ac5ef1e28207a9f7242df4dd7de9c707f3403e875e948096,1.1920928955078125e-07,2e-06,54174,0,0,56301,54174.0,0.9875586074500683,0.8940061258849544,0.9376070110331318,0.9123525584252998,"[[946.9999999999997,0.0,68.00000000000003,0.0,0.0],[0.0,472.0,0.0,2.0,0.0],[338.99999999999994,0.0,1549.9999999999995,1.0,0.0],[1.0,63.0,91.0,49599.00000000006,53.0],[0.0,0.0,0.0,56.0,932.0]]"
pure_group_representative,5678,teacher,,C2_CL_MLP_domain,results/wsnds/evidence_completion_20260811/fgds_controlled_full_routes_10seed_v2/seed_5678/teacher_C2_CL_MLP_domain_test_predictions.npz,0015da40af081557ac5ef1e28207a9f7242df4dd7de9c707f3403e875e948096,1.1920928955078125e-07,2e-06,54174,0,0,54174,54174.0,0.9875586074500683,0.8940061258849543,0.9376070110331319,0.9123525584252997,"[[947.0,0.0,68.0,0.0,0.0],[0.0,472.0,0.0,2.0,0.0],[339.0,0.0,1550.0,1.0,0.0],[1.0,63.0,91.0,49599.0,53.0],[0.0,0.0,0.0,56.0,932.0]]"
row_level,5678,teacher,,G_random_pacing_teacher,results/wsnds/evidence_completion_20260811/fgds_controlled_full_routes_10seed_v2/seed_5678/teacher_G_random_pacing_teacher_test_predictions.npz,9791b86ded5da6b64884a00d94440dbb0b53d2c1fbab351338203bb856514356,2.384185791015625e-07,2e-06,54174,0,0,56301,56301.0,0.9858084225857445,0.8997227212242084,0.938835569648432,0.914616832009191,"[[1552.0,0.0,38.0,0.0,0.0],[0.0,494.0,0.0,1.0,0.0],[471.0,0.0,1678.0,0.0,0.0],[1.0,75.0,95.0,50837.0,62.0],[0.0,0.0,0.0,56.0,941.0]]"
inverse_test_group_size,5678,teacher,,G_random_pacing_teacher,results/wsnds/evidence_completion_20260811/fgds_controlled_full_routes_10seed_v2/seed_5678/teacher_G_random_pacing_teacher_test_predictions.npz,9791b86ded5da6b64884a00d94440dbb0b53d2c1fbab351338203bb856514356,2.384185791015625e-07,2e-06,54174,0,0,56301,54174.0,0.9876509026470263,0.8928964546639943,0.943091505642658,0.9132194330592969,"[[979.9999999999997,0.0,35.0,0.0,0.0],[0.0,473.0,0.0,1.0,0.0],[353.0000000000001,0.0,1536.999999999999,0.0,0.0],[1.0,73.0,91.0,49583.00000000006,59.0],[0.0,0.0,0.0,56.0,932.0]]"
pure_group_representative,5678,teacher,,G_random_pacing_teacher,results/wsnds/evidence_completion_20260811/fgds_controlled_full_routes_10seed_v2/seed_5678/teacher_G_random_pacing_teacher_test_predictions.npz,9791b86ded5da6b64884a00d94440dbb0b53d2c1fbab351338203bb856514356,2.384185791015625e-07,2e-06,54174,0,0,54174,54174.0,0.9876509026470263,0.8928964546639941,0.9430915056426581,0.9132194330592966,"[[980.0,0.0,35.0,0.0,0.0],[0.0,473.0,0.0,1.0,0.0],[353.0,0.0,1537.0,0.0,0.0],[1.0,73.0,91.0,49583.0,59.0],[0.0,0.0,0.0,56.0,932.0]]"
row_level,5678,teacher,,I_SMOTE_MLP_teacher,results/wsnds/evidence_completion_20260811/fgds_controlled_full_routes_10seed_v2/seed_5678/teacher_I_SMOTE_MLP_teacher_test_predictions.npz,543a1dd1cccb41bc0b8ccca4e26672138b64bb8de07bf4e05429ace6a0e3f05d,3.8743019104003906e-07,2e-06,54174,0,0,56301,56301.0,0.9928065220866414,0.9428701689297814,0.9729640548347295,0.9572748488347415,"[[1552.0,0.0,38.0,0.0,0.0],[0.0,493.0,0.0,2.0,0.0],[100.0,0.0,2048.0,1.0,0.0],[2.0,59.0,90.0,50862.0,57.0],[0.0,0.0,0.0,56.0,941.0]]"
inverse_test_group_size,5678,teacher,,I_SMOTE_MLP_teacher,results/wsnds/evidence_completion_20260811/fgds_controlled_full_routes_10seed_v2/seed_5678/teacher_I_SMOTE_MLP_teacher_test_predictions.npz,543a1dd1cccb41bc0b8ccca4e26672138b64bb8de07bf4e05429ace6a0e3f05d,3.8743019104003906e-07,2e-06,54174,0,0,56301,54174.0,0.9930963192675453,0.9387058271942268,0.9718438389344979,0.9545505459960587,"[[980.9999999999999,0.0,34.0,0.0,0.0],[0.0,472.0,0.0,2.0,0.0],[79.0,0.0,1809.9999999999998,1.0,0.0],[2.0,59.0,86.0,49605.00000000006,55.0],[0.0,0.0,0.0,56.0,932.0]]"
pure_group_representative,5678,teacher,,I_SMOTE_MLP_teacher,results/wsnds/evidence_completion_20260811/fgds_controlled_full_routes_10seed_v2/seed_5678/teacher_I_SMOTE_MLP_teacher_test_predictions.npz,543a1dd1cccb41bc0b8ccca4e26672138b64bb8de07bf4e05429ace6a0e3f05d,3.8743019104003906e-07,2e-06,54174,0,0,54174,54174.0,0.9930963192675453,0.9387058271942268,0.9718438389344979,0.9545505459960587,"[[981.0,0.0,34.0,0.0,0.0],[0.0,472.0,0.0,2.0,0.0],[79.0,0.0,1810.0,1.0,0.0],[2.0,59.0,86.0,49605.0,55.0],[0.0,0.0,0.0,56.0,932.0]]"
row_level,5678,student,student_A,D_Small_MLP,results/wsnds/confirmation_runs_v2/local_feature_group_10seed_20260811/feature_group_10seed/seed_5678/student_A_Small_MLP_scratch_test_predictions.csv,1414d5cad1d659b9530c15268ff632aa0a99a36fa66fb21d7338e857e1061bfe,3.9999999990047996e-07,2e-06,54174,0,0,56301,56301.0,0.9874957816024582,0.9095643185758588,0.9474000818106825,0.9269548719283917,"[[1504.0,0.0,86.0,0.0,0.0],[0.0,493.0,0.0,2.0,0.0],[309.0,0.0,1840.0,0.0,0.0],[1.0,64.0,122.0,50819.0,64.0],[0.0,0.0,0.0,56.0,941.0]]"
inverse_test_group_size,5678,student,student_A,D_Small_MLP,results/wsnds/confirmation_runs_v2/local_feature_group_10seed_20260811/feature_group_10seed/seed_5678/student_A_Small_MLP_scratch_test_predictions.csv,1414d5cad1d659b9530c15268ff632aa0a99a36fa66fb21d7338e857e1061bfe,3.9999999990047996e-07,2e-06,54174,0,0,56301,54174.0,0.9889614944438292,0.9043885297599449,0.9499317137415433,0.9252336606016843,"[[956.0000000000002,0.0,59.000000000000064,0.0,0.0],[0.0,472.0,0.0,2.0,0.0],[239.0,0.0,1650.9999999999998,0.0,0.0],[1.0,64.0,117.0,49565.00000000006,60.0],[0.0,0.0,0.0,56.0,932.0]]"
pure_group_representative,5678,student,student_A,D_Small_MLP,results/wsnds/confirmation_runs_v2/local_feature_group_10seed_20260811/feature_group_10seed/seed_5678/student_A_Small_MLP_scratch_test_predictions.csv,1414d5cad1d659b9530c15268ff632aa0a99a36fa66fb21d7338e857e1061bfe,3.9999999990047996e-07,2e-06,54174,0,0,54174,54174.0,0.9889614944438292,0.9043885297599445,0.9499317137415433,0.925233660601684,"[[956.0,0.0,59.0,0.0,0.0],[0.0,472.0,0.0,2.0,0.0],[239.0,0.0,1651.0,0.0,0.0],[1.0,64.0,117.0,49565.0,60.0],[0.0,0.0,0.0,56.0,932.0]]"
row_level,5678,student,student_A,E_KD_from_RF,results/wsnds/confirmation_runs_v2/local_feature_group_10seed_20260811/feature_group_10seed/seed_5678/student_A_KD_from_RF_test_predictions.csv,0fd3fb4bb5b15af14fd5ff02a58ba729c4ee00e7bb88be40d1a70057c622e0ac,8.400000000019503e-07,2e-06,54174,0,0,56301,56301.0,0.9864833661924299,0.9089851557080457,0.9274705245900012,0.9170863406862425,"[[1390.0,0.0,198.0,0.0,2.0],[0.0,493.0,0.0,2.0,0.0],[356.0,0.0,1777.0,16.0,0.0],[0.0,59.0,56.0,50940.0,15.0],[0.0,0.0,0.0,57.0,940.0]]"
inverse_test_group_size,5678,student,student_A,E_KD_from_RF,results/wsnds/confirmation_runs_v2/local_feature_group_10seed_20260811/feature_group_10seed/seed_5678/student_A_KD_from_RF_test_predictions.csv,0fd3fb4bb5b15af14fd5ff02a58ba729c4ee00e7bb88be40d1a70057c622e0ac,8.400000000019503e-07,2e-06,54174,0,0,56301,54174.0,0.9889061173256544,0.9068684434843807,0.9322454367126964,0.9177902741347236,"[[894.9999999999995,0.0,117.99999999999994,0.0,2.0],[0.0,472.0,0.0,2.0,0.0],[280.0,0.0,1595.0000000000002,15.0,0.0],[0.0,59.0,53.0,49680.00000000006,15.0],[0.0,0.0,0.0,57.0,931.0]]"
pure_group_representative,5678,student,student_A,E_KD_from_RF,results/wsnds/confirmation_runs_v2/local_feature_group_10seed_20260811/feature_group_10seed/seed_5678/student_A_KD_from_RF_test_predictions.csv,0fd3fb4bb5b15af14fd5ff02a58ba729c4ee00e7bb88be40d1a70057c622e0ac,8.400000000019503e-07,2e-06,54174,0,0,54174,54174.0,0.9889061173256544,0.9068684434843803,0.9322454367126964,0.9177902741347236,"[[895.0,0.0,118.0,0.0,2.0],[0.0,472.0,0.0,2.0,0.0],[280.0,0.0,1595.0,15.0,0.0],[0.0,59.0,53.0,49680.0,15.0],[0.0,0.0,0.0,57.0,931.0]]"
row_level,5678,student,student_A,E2_KD_from_MLP,results/wsnds/evidence_completion_20260811/fgds_controlled_full_routes_10seed_v2/seed_5678/student_A_E2_KD_from_MLP_test_predictions.npz,e0dd7733b11bdb1052ef2de180f466675e442a5a07e8d0cdef9177ebf37f1e69,5.364418029785156e-07,2e-06,54174,0,0,56301,56301.0,0.9853110957176604,0.896901961595223,0.9312517818611203,0.9126250806293047,"[[1429.0,0.0,161.0,0.0,0.0],[0.0,493.0,1.0,1.0,0.0],[380.0,0.0,1769.0,0.0,0.0],[1.0,62.0,102.0,50843.0,62.0],[0.0,0.0,1.0,56.0,940.0]]"
inverse_test_group_size,5678,student,student_A,E2_KD_from_MLP,results/wsnds/evidence_completion_20260811/fgds_controlled_full_routes_10seed_v2/seed_5678/student_A_E2_KD_from_MLP_test_predictions.npz,e0dd7733b11bdb1052ef2de180f466675e442a5a07e8d0cdef9177ebf37f1e69,5.364418029785156e-07,2e-06,54174,0,0,56301,54174.0,0.9875770664894599,0.8935983754706687,0.9371151973897491,0.9129471510758904,"[[927.0,0.0,87.99999999999999,0.0,0.0],[0.0,472.0,1.0,1.0,0.0],[305.00000000000006,0.0,1585.0000000000002,0.0,0.0],[1.0,62.0,98.0,49586.00000000006,60.0],[0.0,0.0,1.0,56.0,931.0]]"
pure_group_representative,5678,student,student_A,E2_KD_from_MLP,results/wsnds/evidence_completion_20260811/fgds_controlled_full_routes_10seed_v2/seed_5678/student_A_E2_KD_from_MLP_test_predictions.npz,e0dd7733b11bdb1052ef2de180f466675e442a5a07e8d0cdef9177ebf37f1e69,5.364418029785156e-07,2e-06,54174,0,0,54174,54174.0,0.9875770664894599,0.8935983754706684,0.9371151973897491,0.9129471510758902,"[[927.0,0.0,88.0,0.0,0.0],[0.0,472.0,1.0,1.0,0.0],[305.0,0.0,1585.0,0.0,0.0],[1.0,62.0,98.0,49586.0,60.0],[0.0,0.0,1.0,56.0,931.0]]"
row_level,5678,student,student_A,F_KD_from_CL_MLP_fair,results/wsnds/evidence_completion_20260811/fgds_controlled_full_routes_10seed_v2/seed_5678/student_A_F_KD_from_CL_MLP_fair_test_predictions.npz,8cd0a7127d06c29370f66656649f3f5526c53f3b9036a17a9e45eda8bd1395f2,6.556510925292969e-07,2e-06,54174,0,0,56301,56301.0,0.9855597591517025,0.8988342575861669,0.9314341726194233,0.9138400872340547,"[[1422.0,0.0,168.0,0.0,0.0],[0.0,493.0,0.0,2.0,0.0],[369.0,0.0,1780.0,0.0,0.0],[0.0,61.0,98.0,50853.0,58.0],[0.0,0.0,1.0,56.0,940.0]]"
inverse_test_group_size,5678,student,student_A,F_KD_from_CL_MLP_fair,results/wsnds/evidence_completion_20260811/fgds_controlled_full_routes_10seed_v2/seed_5678/student_A_F_KD_from_CL_MLP_fair_test_predictions.npz,8cd0a7127d06c29370f66656649f3f5526c53f3b9036a17a9e45eda8bd1395f2,6.556510925292969e-07,2e-06,54174,0,0,56301,54174.0,0.9877801159227674,0.8954685471502228,0.9366120225129404,0.9138393791986547,"[[921.0000000000001,0.0,93.99999999999996,0.0,0.0],[0.0,472.0,0.0,2.0,0.0],[298.99999999999994,0.0,1591.0,0.0,0.0],[0.0,61.0,94.0,49597.00000000006,55.0],[0.0,0.0,1.0,56.0,931.0]]"
pure_group_representative,5678,student,student_A,F_KD_from_CL_MLP_fair,results/wsnds/evidence_completion_20260811/fgds_controlled_full_routes_10seed_v2/seed_5678/student_A_F_KD_from_CL_MLP_fair_test_predictions.npz,8cd0a7127d06c29370f66656649f3f5526c53f3b9036a17a9e45eda8bd1395f2,6.556510925292969e-07,2e-06,54174,0,0,54174,54174.0,0.9877801159227674,0.8954685471502225,0.9366120225129404,0.9138393791986544,"[[921.0,0.0,94.0,0.0,0.0],[0.0,472.0,0.0,2.0,0.0],[299.0,0.0,1591.0,0.0,0.0],[0.0,61.0,94.0,49597.0,55.0],[0.0,0.0,1.0,56.0,931.0]]"
row_level,5678,student,student_A,F_KD_from_CL_MLP_ext,results/wsnds/evidence_completion_20260811/fgds_controlled_full_routes_10seed_v2/seed_5678/student_A_F_KD_from_CL_MLP_ext_test_predictions.npz,794f468fc38850afc24c5f652a0b9450e8909dd5a13645349867032890b01da7,7.152557373046875e-07,2e-06,54174,0,0,56301,56301.0,0.9860215626720662,0.9015567046745885,0.934864896541803,0.9168206777819936,"[[1442.0,0.0,148.0,0.0,0.0],[0.0,493.0,0.0,2.0,0.0],[359.0,0.0,1790.0,0.0,0.0],[2.0,61.0,99.0,50849.0,59.0],[0.0,0.0,1.0,56.0,940.0]]"
inverse_test_group_size,5678,student,student_A,F_KD_from_CL_MLP_ext,results/wsnds/evidence_completion_20260811/fgds_controlled_full_routes_10seed_v2/seed_5678/student_A_F_KD_from_CL_MLP_ext_test_predictions.npz,794f468fc38850afc24c5f652a0b9450e8909dd5a13645349867032890b01da7,7.152557373046875e-07,2e-06,54174,0,0,56301,54174.0,0.9880385424742496,0.897344361641129,0.9387849754826861,0.9160548609706227,"[[922.9999999999998,0.0,92.0,0.0,0.0],[0.0,472.0,0.0,2.0,0.0],[282.0,0.0,1608.0,0.0,0.0],[2.0,61.0,95.0,49592.00000000006,57.0],[0.0,0.0,1.0,56.0,931.0]]"
pure_group_representative,5678,student,student_A,F_KD_from_CL_MLP_ext,results/wsnds/evidence_completion_20260811/fgds_controlled_full_routes_10seed_v2/seed_5678/student_A_F_KD_from_CL_MLP_ext_test_predictions.npz,794f468fc38850afc24c5f652a0b9450e8909dd5a13645349867032890b01da7,7.152557373046875e-07,2e-06,54174,0,0,54174,54174.0,0.9880385424742496,0.8973443616411286,0.9387849754826861,0.9160548609706225,"[[923.0,0.0,92.0,0.0,0.0],[0.0,472.0,0.0,2.0,0.0],[282.0,0.0,1608.0,0.0,0.0],[2.0,61.0,95.0,49592.0,57.0],[0.0,0.0,1.0,56.0,931.0]]"
row_level,5678,student,student_A,G_KD_random_pacing,results/wsnds/evidence_completion_20260811/fgds_controlled_full_routes_10seed_v2/seed_5678/student_A_G_KD_random_pacing_test_predictions.npz,fa9cf5ff69b4f6fd3549f927ad58adf2dada8a4c012076d07c52017d4b25c694,9.5367431640625e-07,2e-06,54174,0,0,56301,56301.0,0.9855419974778423,0.8973084553100227,0.9326996927749562,0.9133769867957762,"[[1439.0,0.0,151.0,0.0,0.0],[0.0,493.0,0.0,2.0,0.0],[378.0,0.0,1771.0,0.0,0.0],[0.0,67.0,98.0,50844.0,61.0],[0.0,0.0,1.0,56.0,940.0]]"
inverse_test_group_size,5678,student,student_A,G_KD_random_pacing,results/wsnds/evidence_completion_20260811/fgds_controlled_full_routes_10seed_v2/seed_5678/student_A_G_KD_random_pacing_test_predictions.npz,fa9cf5ff69b4f6fd3549f927ad58adf2dada8a4c012076d07c52017d4b25c694,9.5367431640625e-07,2e-06,54174,0,0,56301,54174.0,0.9877247388045927,0.8939800823148867,0.9379300171058036,0.9134377784938907,"[[930.0,0.0,84.99999999999999,0.0,0.0],[0.0,472.0,0.0,2.0,0.0],[303.00000000000006,0.0,1587.0000000000002,0.0,0.0],[0.0,66.0,94.0,49589.00000000006,58.0],[0.0,0.0,1.0,56.0,931.0]]"
pure_group_representative,5678,student,student_A,G_KD_random_pacing,results/wsnds/evidence_completion_20260811/fgds_controlled_full_routes_10seed_v2/seed_5678/student_A_G_KD_random_pacing_test_predictions.npz,fa9cf5ff69b4f6fd3549f927ad58adf2dada8a4c012076d07c52017d4b25c694,9.5367431640625e-07,2e-06,54174,0,0,54174,54174.0,0.9877247388045927,0.8939800823148862,0.9379300171058036,0.9134377784938905,"[[930.0,0.0,85.0,0.0,0.0],[0.0,472.0,0.0,2.0,0.0],[303.0,0.0,1587.0,0.0,0.0],[0.0,66.0,94.0,49589.0,58.0],[0.0,0.0,1.0,56.0,931.0]]"
row_level,5678,student,student_A,I_KD_from_SMOTE_MLP,results/wsnds/evidence_completion_20260811/fgds_controlled_full_routes_10seed_v2/seed_5678/student_A_I_KD_from_SMOTE_MLP_test_predictions.npz,f0ed285c7d6c0b7c7ab636cf37249da86f888def6b0a0f45e5f3dce3657e0b0f,7.748603820800781e-07,2e-06,54174,0,0,56301,56301.0,0.9852933340438003,0.8973079690743848,0.930699563653753,0.9117520298954064,"[[1458.0,0.0,132.0,0.0,0.0],[0.0,493.0,0.0,2.0,0.0],[424.0,0.0,1721.0,4.0,0.0],[0.0,60.0,81.0,50860.0,69.0],[0.0,0.0,0.0,56.0,941.0]]"
inverse_test_group_size,5678,student,student_A,I_KD_from_SMOTE_MLP,results/wsnds/evidence_completion_20260811/fgds_controlled_full_routes_10seed_v2/seed_5678/student_A_I_KD_from_SMOTE_MLP_test_predictions.npz,f0ed285c7d6c0b7c7ab636cf37249da86f888def6b0a0f45e5f3dce3657e0b0f,7.748603820800781e-07,2e-06,54174,0,0,56301,54174.0,0.987706279765201,0.8948618536290894,0.9366250881342232,0.9127069354558689,"[[936.9999999999998,0.0,78.00000000000006,0.0,0.0],[0.0,472.0,0.0,2.0,0.0],[328.0000000000001,0.0,1558.9999999999998,3.0,0.0],[0.0,60.0,78.0,49608.00000000006,61.0],[0.0,0.0,0.0,56.0,932.0]]"
pure_group_representative,5678,student,student_A,I_KD_from_SMOTE_MLP,results/wsnds/evidence_completion_20260811/fgds_controlled_full_routes_10seed_v2/seed_5678/student_A_I_KD_from_SMOTE_MLP_test_predictions.npz,f0ed285c7d6c0b7c7ab636cf37249da86f888def6b0a0f45e5f3dce3657e0b0f,7.748603820800781e-07,2e-06,54174,0,0,54174,54174.0,0.987706279765201,0.8948618536290894,0.9366250881342232,0.9127069354558687,"[[937.0,0.0,78.0,0.0,0.0],[0.0,472.0,0.0,2.0,0.0],[328.0,0.0,1559.0,3.0,0.0],[0.0,60.0,78.0,49608.0,61.0],[0.0,0.0,0.0,56.0,932.0]]"
row_level,5678,student,student_A,J_CoDistill_RF_CL,results/wsnds/evidence_completion_20260811/fgds_controlled_full_routes_10seed_v2/seed_5678/student_A_J_CoDistill_RF_CL_test_predictions.npz,6c8af372f7759954a93d414c0ad97435dcfab7ced20a588ff28caf353baf3f3e,8.344650268554688e-07,2e-06,54174,0,0,56301,56301.0,0.9890588089021509,0.9223560961775267,0.9442052936933978,0.9326559059177242,"[[1404.0,0.0,185.0,0.0,1.0],[0.0,493.0,0.0,2.0,0.0],[207.0,0.0,1937.0,5.0,0.0],[0.0,60.0,67.0,50910.0,33.0],[0.0,0.0,0.0,56.0,941.0]]"
inverse_test_group_size,5678,student,student_A,J_CoDistill_RF_CL,results/wsnds/evidence_completion_20260811/fgds_controlled_full_routes_10seed_v2/seed_5678/student_A_J_CoDistill_RF_CL_test_predictions.npz,6c8af372f7759954a93d414c0ad97435dcfab7ced20a588ff28caf353baf3f3e,8.344650268554688e-07,2e-06,54174,0,0,56301,54174.0,0.9907335622254217,0.9199501844702376,0.9462266909523729,0.9323194961091756,"[[899.9999999999999,0.0,114.00000000000001,0.0,1.0],[0.0,472.0,0.0,2.0,0.0],[168.9999999999999,0.0,1716.9999999999995,4.0,0.0],[0.0,60.0,64.0,49651.00000000006,32.0],[0.0,0.0,0.0,56.0,932.0]]"
pure_group_representative,5678,student,student_A,J_CoDistill_RF_CL,results/wsnds/evidence_completion_20260811/fgds_controlled_full_routes_10seed_v2/seed_5678/student_A_J_CoDistill_RF_CL_test_predictions.npz,6c8af372f7759954a93d414c0ad97435dcfab7ced20a588ff28caf353baf3f3e,8.344650268554688e-07,2e-06,54174,0,0,54174,54174.0,0.9907335622254217,0.9199501844702371,0.9462266909523729,0.9323194961091756,"[[900.0,0.0,114.0,0.0,1.0],[0.0,472.0,0.0,2.0,0.0],[169.0,0.0,1717.0,4.0,0.0],[0.0,60.0,64.0,49651.0,32.0],[0.0,0.0,0.0,56.0,932.0]]"
row_level,5678,student,student_B,D_Small_MLP,results/wsnds/confirmation_runs_v2/local_feature_group_10seed_20260811/feature_group_10seed/seed_5678/student_B_Small_MLP_scratch_test_predictions.csv,36059fa25db31039cc468a749a1eab7deb81ecd02ea240b7487bc66cda547d6f,0.0,2e-06,54174,0,0,56301,56301.0,0.9883128186000248,0.9127037959820589,0.9488406545451193,0.9288549641822316,"[[1518.0,0.0,72.0,0.0,0.0],[0.0,493.0,0.0,2.0,0.0],[312.0,0.0,1835.0,2.0,0.0],[0.0,69.0,78.0,50856.0,67.0],[0.0,0.0,0.0,56.0,941.0]]"
inverse_test_group_size,5678,student,student_B,D_Small_MLP,results/wsnds/confirmation_runs_v2/local_feature_group_10seed_20260811/feature_group_10seed/seed_5678/student_B_Small_MLP_scratch_test_predictions.csv,36059fa25db31039cc468a749a1eab7deb81ecd02ea240b7487bc66cda547d6f,0.0,2e-06,54174,0,0,56301,54174.0,0.9896998560194927,0.9073476621854738,0.9513205702210772,0.9270049316869298,"[[965.0,0.0,50.00000000000006,0.0,0.0],[0.0,472.0,0.0,2.0,0.0],[242.9999999999999,0.0,1645.9999999999995,1.0,0.0],[0.0,69.0,74.0,49601.00000000006,63.0],[0.0,0.0,0.0,56.0,932.0]]"
pure_group_representative,5678,student,student_B,D_Small_MLP,results/wsnds/confirmation_runs_v2/local_feature_group_10seed_20260811/feature_group_10seed/seed_5678/student_B_Small_MLP_scratch_test_predictions.csv,36059fa25db31039cc468a749a1eab7deb81ecd02ea240b7487bc66cda547d6f,0.0,2e-06,54174,0,0,54174,54174.0,0.9896998560194927,0.9073476621854732,0.9513205702210774,0.9270049316869295,"[[965.0,0.0,50.0,0.0,0.0],[0.0,472.0,0.0,2.0,0.0],[243.0,0.0,1646.0,1.0,0.0],[0.0,69.0,74.0,49601.0,63.0],[0.0,0.0,0.0,56.0,932.0]]"
row_level,5678,student,student_B,E_KD_from_RF,results/wsnds/confirmation_runs_v2/local_feature_group_10seed_20260811/feature_group_10seed/seed_5678/student_B_KD_from_RF_test_predictions.csv,70275372af94e4cfd33c999200bf943290cd359efef14f0d0eaea40c24fc3c42,0.0,2e-06,54174,0,0,56301,56301.0,0.9879753467966821,0.9170400822540452,0.9361368125514975,0.9253725865130029,"[[1429.0,0.0,159.0,0.0,2.0],[0.0,493.0,0.0,2.0,0.0],[327.0,0.0,1815.0,7.0,0.0],[0.0,59.0,51.0,50946.0,14.0],[0.0,0.0,0.0,56.0,941.0]]"
inverse_test_group_size,5678,student,student_B,E_KD_from_RF,results/wsnds/confirmation_runs_v2/local_feature_group_10seed_20260811/feature_group_10seed/seed_5678/student_B_KD_from_RF_test_predictions.csv,70275372af94e4cfd33c999200bf943290cd359efef14f0d0eaea40c24fc3c42,0.0,2e-06,54174,0,0,56301,54174.0,0.9898659873740171,0.9129032420488477,0.9390795089601511,0.9242500051437817,"[[912.9999999999997,0.0,99.99999999999999,0.0,2.0],[0.0,472.0,0.0,2.0,0.0],[259.99999999999994,0.0,1624.0,6.0,0.0],[0.0,59.0,50.0,49684.00000000006,14.0],[0.0,0.0,0.0,56.0,932.0]]"
pure_group_representative,5678,student,student_B,E_KD_from_RF,results/wsnds/confirmation_runs_v2/local_feature_group_10seed_20260811/feature_group_10seed/seed_5678/student_B_KD_from_RF_test_predictions.csv,70275372af94e4cfd33c999200bf943290cd359efef14f0d0eaea40c24fc3c42,0.0,2e-06,54174,0,0,54174,54174.0,0.9898659873740171,0.9129032420488471,0.9390795089601511,0.9242500051437815,"[[913.0,0.0,100.0,0.0,2.0],[0.0,472.0,0.0,2.0,0.0],[260.0,0.0,1624.0,6.0,0.0],[0.0,59.0,50.0,49684.0,14.0],[0.0,0.0,0.0,56.0,932.0]]"
row_level,5678,student,student_B,E2_KD_from_MLP,results/wsnds/evidence_completion_20260811/fgds_controlled_full_routes_10seed_v2/seed_5678/student_B_E2_KD_from_MLP_test_predictions.npz,fbe07f4e8fca02413f84887ccf29b267d2469de42d2d1253b7279303bdce0b23,0.0,2e-06,54174,0,0,56301,56301.0,0.987229356494556,0.9080720202397148,0.9395673836916382,0.9229564929296974,"[[1425.0,0.0,165.0,0.0,0.0],[0.0,493.0,0.0,2.0,0.0],[286.0,0.0,1863.0,0.0,0.0],[1.0,62.0,86.0,50861.0,60.0],[0.0,0.0,1.0,56.0,940.0]]"
inverse_test_group_size,5678,student,student_B,E2_KD_from_MLP,results/wsnds/evidence_completion_20260811/fgds_controlled_full_routes_10seed_v2/seed_5678/student_B_E2_KD_from_MLP_test_predictions.npz,fbe07f4e8fca02413f84887ccf29b267d2469de42d2d1253b7279303bdce0b23,0.0,2e-06,54174,0,0,56301,54174.0,0.9891091667589619,0.9048320295924374,0.9436096621192078,0.922771458417766,"[[922.0,0.0,92.99999999999997,0.0,0.0],[0.0,472.0,0.0,2.0,0.0],[234.99999999999997,0.0,1655.0,0.0,0.0],[1.0,62.0,82.0,49604.00000000006,58.0],[0.0,0.0,1.0,56.0,931.0]]"
pure_group_representative,5678,student,student_B,E2_KD_from_MLP,results/wsnds/evidence_completion_20260811/fgds_controlled_full_routes_10seed_v2/seed_5678/student_B_E2_KD_from_MLP_test_predictions.npz,fbe07f4e8fca02413f84887ccf29b267d2469de42d2d1253b7279303bdce0b23,0.0,2e-06,54174,0,0,54174,54174.0,0.9891091667589619,0.9048320295924371,0.943609662119208,0.9227714584177658,"[[922.0,0.0,93.0,0.0,0.0],[0.0,472.0,0.0,2.0,0.0],[235.0,0.0,1655.0,0.0,0.0],[1.0,62.0,82.0,49604.0,58.0],[0.0,0.0,1.0,56.0,931.0]]"
row_level,5678,student,student_B,F_KD_from_CL_MLP_fair,results/wsnds/evidence_completion_20260811/fgds_controlled_full_routes_10seed_v2/seed_5678/student_B_F_KD_from_CL_MLP_fair_test_predictions.npz,d44b49362bd5563d9e44d39d99a87b86b530dd15605cfb15ec8342dcf375e3de,0.0,2e-06,54174,0,0,56301,56301.0,0.9859860393243459,0.9001914862142458,0.9330460968433565,0.9155864184841249,"[[1403.0,0.0,186.0,0.0,1.0],[0.0,493.0,0.0,2.0,0.0],[326.0,0.0,1823.0,0.0,0.0],[1.0,67.0,95.0,50853.0,54.0],[0.0,0.0,1.0,56.0,940.0]]"
inverse_test_group_size,5678,student,student_B,F_KD_from_CL_MLP_fair,results/wsnds/evidence_completion_20260811/fgds_controlled_full_routes_10seed_v2/seed_5678/student_B_F_KD_from_CL_MLP_fair_test_predictions.npz,d44b49362bd5563d9e44d39d99a87b86b530dd15605cfb15ec8342dcf375e3de,0.0,2e-06,54174,0,0,56301,54174.0,0.9880939195924244,0.8969714559752282,0.9365058358764571,0.9152266168277731,"[[898.9999999999998,0.0,114.99999999999999,0.0,1.0],[0.0,472.0,0.0,2.0,0.0],[258.9999999999999,0.0,1630.9999999999998,0.0,0.0],[1.0,66.0,92.0,49596.00000000006,52.0],[0.0,0.0,1.0,56.0,931.0]]"
pure_group_representative,5678,student,student_B,F_KD_from_CL_MLP_fair,results/wsnds/evidence_completion_20260811/fgds_controlled_full_routes_10seed_v2/seed_5678/student_B_F_KD_from_CL_MLP_fair_test_predictions.npz,d44b49362bd5563d9e44d39d99a87b86b530dd15605cfb15ec8342dcf375e3de,0.0,2e-06,54174,0,0,54174,54174.0,0.9880939195924244,0.8969714559752278,0.9365058358764571,0.9152266168277728,"[[899.0,0.0,115.0,0.0,1.0],[0.0,472.0,0.0,2.0,0.0],[259.0,0.0,1631.0,0.0,0.0],[1.0,66.0,92.0,49596.0,52.0],[0.0,0.0,1.0,56.0,931.0]]"
row_level,5678,student,student_B,F_KD_from_CL_MLP_ext,results/wsnds/evidence_completion_20260811/fgds_controlled_full_routes_10seed_v2/seed_5678/student_B_F_KD_from_CL_MLP_ext_test_predictions.npz,8fa1862c3bd9cfa5100c87a2c95fe0d7a4fbd2bb55802c353a17c4e9e35f1fb9,0.0,2e-06,54174,0,0,56301,56301.0,0.9875313049501785,0.909369302762053,0.943196148441424,0.9244091578301219,"[[1493.0,0.0,97.0,0.0,0.0],[0.0,493.0,0.0,2.0,0.0],[339.0,0.0,1810.0,0.0,0.0],[0.0,69.0,87.0,50863.0,51.0],[0.0,0.0,1.0,56.0,940.0]]"
inverse_test_group_size,5678,student,student_B,F_KD_from_CL_MLP_ext,results/wsnds/evidence_completion_20260811/fgds_controlled_full_routes_10seed_v2/seed_5678/student_B_F_KD_from_CL_MLP_ext_test_predictions.npz,8fa1862c3bd9cfa5100c87a2c95fe0d7a4fbd2bb55802c353a17c4e9e35f1fb9,0.0,2e-06,54174,0,0,56301,54174.0,0.9890722486801787,0.9037502719764413,0.945738110735098,0.9223104266299224,"[[950.9999999999998,0.0,64.00000000000006,0.0,0.0],[0.0,472.0,0.0,2.0,0.0],[268.99999999999994,0.0,1621.0,0.0,0.0],[0.0,68.0,83.0,49607.00000000006,49.0],[0.0,0.0,1.0,56.0,931.0]]"
pure_group_representative,5678,student,student_B,F_KD_from_CL_MLP_ext,results/wsnds/evidence_completion_20260811/fgds_controlled_full_routes_10seed_v2/seed_5678/student_B_F_KD_from_CL_MLP_ext_test_predictions.npz,8fa1862c3bd9cfa5100c87a2c95fe0d7a4fbd2bb55802c353a17c4e9e35f1fb9,0.0,2e-06,54174,0,0,54174,54174.0,0.9890722486801787,0.903750271976441,0.945738110735098,0.9223104266299224,"[[951.0,0.0,64.0,0.0,0.0],[0.0,472.0,0.0,2.0,0.0],[269.0,0.0,1621.0,0.0,0.0],[0.0,68.0,83.0,49607.0,49.0],[0.0,0.0,1.0,56.0,931.0]]"
row_level,5678,student,student_B,G_KD_random_pacing,results/wsnds/evidence_completion_20260811/fgds_controlled_full_routes_10seed_v2/seed_5678/student_B_G_KD_random_pacing_test_predictions.npz,d16166875abc36634c05222c08c25093a7d9422076489d02326875b16380dbff,0.0,2e-06,54174,0,0,56301,56301.0,0.9857906609118844,0.8988408097743292,0.9324955100480237,0.9145327147478579,"[[1406.0,0.0,184.0,0.0,0.0],[0.0,493.0,0.0,2.0,0.0],[338.0,0.0,1811.0,0.0,0.0],[2.0,68.0,95.0,50850.0,55.0],[0.0,0.0,0.0,56.0,941.0]]"
inverse_test_group_size,5678,student,student_B,G_KD_random_pacing,results/wsnds/evidence_completion_20260811/fgds_controlled_full_routes_10seed_v2/seed_5678/student_B_G_KD_random_pacing_test_predictions.npz,d16166875abc36634c05222c08c25093a7d9422076489d02326875b16380dbff,0.0,2e-06,54174,0,0,56301,54174.0,0.9878908701591169,0.8951524850019013,0.9359157056558607,0.9138100991188486,"[[901.9999999999997,0.0,112.99999999999996,0.0,0.0],[0.0,472.0,0.0,2.0,0.0],[271.99999999999994,0.0,1617.9999999999998,0.0,0.0],[2.0,67.0,91.0,49594.00000000006,53.0],[0.0,0.0,0.0,56.0,932.0]]"
pure_group_representative,5678,student,student_B,G_KD_random_pacing,results/wsnds/evidence_completion_20260811/fgds_controlled_full_routes_10seed_v2/seed_5678/student_B_G_KD_random_pacing_test_predictions.npz,d16166875abc36634c05222c08c25093a7d9422076489d02326875b16380dbff,0.0,2e-06,54174,0,0,54174,54174.0,0.9878908701591169,0.895152485001901,0.9359157056558607,0.9138100991188486,"[[902.0,0.0,113.0,0.0,0.0],[0.0,472.0,0.0,2.0,0.0],[272.0,0.0,1618.0,0.0,0.0],[2.0,67.0,91.0,49594.0,53.0],[0.0,0.0,0.0,56.0,932.0]]"
row_level,5678,student,student_B,I_KD_from_SMOTE_MLP,results/wsnds/evidence_completion_20260811/fgds_controlled_full_routes_10seed_v2/seed_5678/student_B_I_KD_from_SMOTE_MLP_test_predictions.npz,7efd398b21d7f42412e8a0981dfe9f39947027abe1be0de5d0d1469d350d933a,0.0,2e-06,54174,0,0,56301,56301.0,0.9851690023267793,0.8961313263438424,0.9292505040054226,0.9112104523783081,"[[1420.0,0.0,170.0,0.0,0.0],[0.0,493.0,0.0,2.0,0.0],[390.0,0.0,1757.0,2.0,0.0],[1.0,61.0,89.0,50855.0,64.0],[0.0,0.0,0.0,56.0,941.0]]"
inverse_test_group_size,5678,student,student_B,I_KD_from_SMOTE_MLP,results/wsnds/evidence_completion_20260811/fgds_controlled_full_routes_10seed_v2/seed_5678/student_B_I_KD_from_SMOTE_MLP_test_predictions.npz,7efd398b21d7f42412e8a0981dfe9f39947027abe1be0de5d0d1469d350d933a,0.0,2e-06,54174,0,0,56301,54174.0,0.9875770664894599,0.8934258521910662,0.935362161934586,0.9120451534391737,"[[918.9999999999997,0.0,96.0,0.0,0.0],[0.0,472.0,0.0,2.0,0.0],[308.00000000000006,0.0,1581.0000000000002,1.0,0.0],[1.0,61.0,86.0,49597.00000000006,62.0],[0.0,0.0,0.0,56.0,932.0]]"
pure_group_representative,5678,student,student_B,I_KD_from_SMOTE_MLP,results/wsnds/evidence_completion_20260811/fgds_controlled_full_routes_10seed_v2/seed_5678/student_B_I_KD_from_SMOTE_MLP_test_predictions.npz,7efd398b21d7f42412e8a0981dfe9f39947027abe1be0de5d0d1469d350d933a,0.0,2e-06,54174,0,0,54174,54174.0,0.9875770664894599,0.8934258521910661,0.9353621619345862,0.9120451534391737,"[[919.0,0.0,96.0,0.0,0.0],[0.0,472.0,0.0,2.0,0.0],[308.0,0.0,1581.0,1.0,0.0],[1.0,61.0,86.0,49597.0,62.0],[0.0,0.0,0.0,56.0,932.0]]"
row_level,5678,student,student_B,J_CoDistill_RF_CL,results/wsnds/evidence_completion_20260811/fgds_controlled_full_routes_10seed_v2/seed_5678/student_B_J_CoDistill_RF_CL_test_predictions.npz,b67c74cfad1360c71cc8c8171d42ffcbbd926e55912e30b08c851320e3a62eaa,0.0,2e-06,54174,0,0,56301,56301.0,0.9882950569261647,0.9170282692544678,0.9410280517539735,0.9278603596062996,"[[1451.0,0.0,139.0,0.0,0.0],[0.0,493.0,0.0,2.0,0.0],[307.0,0.0,1839.0,3.0,0.0],[0.0,60.0,60.0,50918.0,32.0],[0.0,0.0,0.0,56.0,941.0]]"
inverse_test_group_size,5678,student,student_B,J_CoDistill_RF_CL,results/wsnds/evidence_completion_20260811/fgds_controlled_full_routes_10seed_v2/seed_5678/student_B_J_CoDistill_RF_CL_test_predictions.npz,b67c74cfad1360c71cc8c8171d42ffcbbd926e55912e30b08c851320e3a62eaa,0.0,2e-06,54174,0,0,56301,54174.0,0.9898844464134087,0.9117680197000674,0.9423690138198273,0.9254894515834998,"[[920.0000000000001,0.0,94.99999999999997,0.0,0.0],[0.0,472.0,0.0,2.0,0.0],[244.99999999999991,0.0,1642.9999999999998,2.0,0.0],[0.0,60.0,57.0,49659.00000000006,31.0],[0.0,0.0,0.0,56.0,932.0]]"
pure_group_representative,5678,student,student_B,J_CoDistill_RF_CL,results/wsnds/evidence_completion_20260811/fgds_controlled_full_routes_10seed_v2/seed_5678/student_B_J_CoDistill_RF_CL_test_predictions.npz,b67c74cfad1360c71cc8c8171d42ffcbbd926e55912e30b08c851320e3a62eaa,0.0,2e-06,54174,0,0,54174,54174.0,0.9898844464134087,0.911768019700067,0.9423690138198273,0.9254894515834995,"[[920.0,0.0,95.0,0.0,0.0],[0.0,472.0,0.0,2.0,0.0],[245.0,0.0,1643.0,2.0,0.0],[0.0,60.0,57.0,49659.0,31.0],[0.0,0.0,0.0,56.0,932.0]]"
row_level,8192,teacher,,A_RF_500_uncalibrated,results/wsnds/evidence_completion_20260811/fgds_controlled_full_routes_10seed_v2/seed_8192/teacher_A_RF_500_uncalibrated_test_predictions.npz,21e35cdb57e6738d3d34a860580a23fac502f04b334c24c71ef59bffc1642e95,0.0,2e-06,54174,0,0,56301,56301.0,0.9968206603790342,0.9774318890721994,0.9823099561109065,0.9794155605791739,"[[1585.0,0.0,5.0,0.0,0.0],[0.0,493.0,0.0,2.0,0.0],[28.0,0.0,2100.0,21.0,0.0],[0.0,42.0,21.0,51004.0,3.0],[0.0,0.0,0.0,57.0,940.0]]"
inverse_test_group_size,8192,teacher,,A_RF_500_uncalibrated,results/wsnds/evidence_completion_20260811/fgds_controlled_full_routes_10seed_v2/seed_8192/teacher_A_RF_500_uncalibrated_test_predictions.npz,21e35cdb57e6738d3d34a860580a23fac502f04b334c24c71ef59bffc1642e95,0.0,2e-06,54174,0,0,56301,54174.0,0.9968435042640381,0.9758509993782493,0.9820287876027607,0.97845789387852,"[[1009.9999999999998,0.0,5.0,0.0,0.0],[0.0,472.0,0.0,2.0,0.0],[20.999999999999996,0.0,1849.0,20.0,0.0],[0.0,42.0,21.0,49741.00000000006,3.0],[0.0,0.0,0.0,57.0,931.0]]"
pure_group_representative,8192,teacher,,A_RF_500_uncalibrated,results/wsnds/evidence_completion_20260811/fgds_controlled_full_routes_10seed_v2/seed_8192/teacher_A_RF_500_uncalibrated_test_predictions.npz,21e35cdb57e6738d3d34a860580a23fac502f04b334c24c71ef59bffc1642e95,0.0,2e-06,54174,0,0,54174,54174.0,0.9968435042640381,0.9758509993782492,0.9820287876027607,0.97845789387852,"[[1010.0,0.0,5.0,0.0,0.0],[0.0,472.0,0.0,2.0,0.0],[21.0,0.0,1849.0,20.0,0.0],[0.0,42.0,21.0,49741.0,3.0],[0.0,0.0,0.0,57.0,931.0]]"
row_level,8192,teacher,,A_calibrated_RF_KD_teacher,results/wsnds/confirmation_runs_v2/local_feature_group_10seed_20260811/feature_group_10seed/seed_8192/RF_teacher_test_predictions.csv,6b7f2bc53f161f36c6978a51fc601986f94929b8534fe4869bf7e60242fbb203,0.0,2e-06,54174,0,0,56301,56301.0,0.9967496136835935,0.9795168039868483,0.9805665053698691,0.9797137461527619,"[[1573.0,0.0,17.0,0.0,0.0],[0.0,491.0,0.0,4.0,0.0],[19.0,0.0,2106.0,24.0,0.0],[0.0,35.0,24.0,51008.0,3.0],[0.0,0.0,0.0,57.0,940.0]]"
inverse_test_group_size,8192,teacher,,A_calibrated_RF_KD_teacher,results/wsnds/confirmation_runs_v2/local_feature_group_10seed_20260811/feature_group_10seed/seed_8192/RF_teacher_test_predictions.csv,6b7f2bc53f161f36c6978a51fc601986f94929b8534fe4869bf7e60242fbb203,0.0,2e-06,54174,0,0,56301,54174.0,0.9967881271458633,0.9782812845891569,0.9797596249248848,0.9786744696108294,"[[999.9999999999999,0.0,15.0,0.0,0.0],[0.0,470.0,0.0,4.0,0.0],[13.999999999999996,0.0,1853.9999999999998,22.0,0.0],[0.0,35.0,24.0,49745.00000000006,3.0],[0.0,0.0,0.0,57.0,931.0]]"
pure_group_representative,8192,teacher,,A_calibrated_RF_KD_teacher,results/wsnds/confirmation_runs_v2/local_feature_group_10seed_20260811/feature_group_10seed/seed_8192/RF_teacher_test_predictions.csv,6b7f2bc53f161f36c6978a51fc601986f94929b8534fe4869bf7e60242fbb203,0.0,2e-06,54174,0,0,54174,54174.0,0.9967881271458633,0.9782812845891569,0.9797596249248848,0.9786744696108294,"[[1000.0,0.0,15.0,0.0,0.0],[0.0,470.0,0.0,4.0,0.0],[14.0,0.0,1854.0,22.0,0.0],[0.0,35.0,24.0,49745.0,3.0],[0.0,0.0,0.0,57.0,931.0]]"
row_level,8192,teacher,,B_Full_MLP,results/wsnds/evidence_completion_20260811/fgds_controlled_full_routes_10seed_v2/seed_8192/teacher_B_Full_MLP_test_predictions.npz,fd991c4c669cfb52379f27bc4ef808050ed0194b0a1ca39c8d4713edb25f5c58,2.384185791015625e-07,2e-06,54174,0,0,56301,56301.0,0.9873004031899967,0.9085062227772898,0.9405793396873158,0.9233449207333612,"[[1450.0,0.0,140.0,0.0,0.0],[0.0,493.0,0.0,2.0,0.0],[308.0,0.0,1840.0,1.0,0.0],[1.0,66.0,89.0,50863.0,51.0],[0.0,0.0,1.0,56.0,940.0]]"
inverse_test_group_size,8192,teacher,,B_Full_MLP,results/wsnds/evidence_completion_20260811/fgds_controlled_full_routes_10seed_v2/seed_8192/teacher_B_Full_MLP_test_predictions.npz,fd991c4c669cfb52379f27bc4ef808050ed0194b0a1ca39c8d4713edb25f5c58,2.384185791015625e-07,2e-06,54174,0,0,56301,54174.0,0.9890353306013955,0.9040842045850894,0.944077463233809,0.9221905111023094,"[[933.9999999999995,0.0,80.99999999999994,0.0,0.0],[0.0,472.0,0.0,2.0,0.0],[252.00000000000003,0.0,1637.0,1.0,0.0],[1.0,66.0,85.0,49606.00000000006,49.0],[0.0,0.0,1.0,56.0,931.0]]"
pure_group_representative,8192,teacher,,B_Full_MLP,results/wsnds/evidence_completion_20260811/fgds_controlled_full_routes_10seed_v2/seed_8192/teacher_B_Full_MLP_test_predictions.npz,fd991c4c669cfb52379f27bc4ef808050ed0194b0a1ca39c8d4713edb25f5c58,2.384185791015625e-07,2e-06,54174,0,0,54174,54174.0,0.9890353306013955,0.9040842045850891,0.944077463233809,0.9221905111023092,"[[934.0,0.0,81.0,0.0,0.0],[0.0,472.0,0.0,2.0,0.0],[252.0,0.0,1637.0,1.0,0.0],[1.0,66.0,85.0,49606.0,49.0],[0.0,0.0,1.0,56.0,931.0]]"
row_level,8192,teacher,,C_CL_MLP_loss_fair,results/wsnds/evidence_completion_20260811/fgds_controlled_full_routes_10seed_v2/seed_8192/teacher_C_CL_MLP_loss_fair_test_predictions.npz,97e159ec3ace49007219c10dcf2b545e1e585069ce4e4fa22d16dac388261ef4,1.7881393432617188e-07,2e-06,54174,0,0,56301,56301.0,0.9856663291948633,0.8997741985460873,0.9332155207974484,0.9141082433084872,"[[1473.0,0.0,117.0,0.0,0.0],[0.0,493.0,0.0,2.0,0.0],[419.0,0.0,1730.0,0.0,0.0],[0.0,65.0,95.0,50858.0,52.0],[0.0,0.0,1.0,56.0,940.0]]"
inverse_test_group_size,8192,teacher,,C_CL_MLP_loss_fair,results/wsnds/evidence_completion_20260811/fgds_controlled_full_routes_10seed_v2/seed_8192/teacher_C_CL_MLP_loss_fair_test_predictions.npz,97e159ec3ace49007219c10dcf2b545e1e585069ce4e4fa22d16dac388261ef4,1.7881393432617188e-07,2e-06,54174,0,0,56301,54174.0,0.9877431978439842,0.8950757551940354,0.9378982923127621,0.913325398391024,"[[942.9999999999998,0.0,72.00000000000003,0.0,0.0],[0.0,472.0,0.0,2.0,0.0],[327.99999999999994,0.0,1561.9999999999998,0.0,0.0],[0.0,64.0,91.0,49602.00000000006,50.0],[0.0,0.0,1.0,56.0,931.0]]"
pure_group_representative,8192,teacher,,C_CL_MLP_loss_fair,results/wsnds/evidence_completion_20260811/fgds_controlled_full_routes_10seed_v2/seed_8192/teacher_C_CL_MLP_loss_fair_test_predictions.npz,97e159ec3ace49007219c10dcf2b545e1e585069ce4e4fa22d16dac388261ef4,1.7881393432617188e-07,2e-06,54174,0,0,54174,54174.0,0.9877431978439842,0.8950757551940353,0.9378982923127621,0.9133253983910237,"[[943.0,0.0,72.0,0.0,0.0],[0.0,472.0,0.0,2.0,0.0],[328.0,0.0,1562.0,0.0,0.0],[0.0,64.0,91.0,49602.0,50.0],[0.0,0.0,1.0,56.0,931.0]]"
row_level,8192,teacher,,C_CL_MLP_loss_ext,results/wsnds/evidence_completion_20260811/fgds_controlled_full_routes_10seed_v2/seed_8192/teacher_C_CL_MLP_loss_ext_test_predictions.npz,88c08a6f56da7136f06605ce59d84c3bf64fa3f3b02162d7635b25552d3b35f6,1.1920928955078125e-07,2e-06,54174,0,0,56301,56301.0,0.9863057494538285,0.9022321791079401,0.9360607873088697,0.9174075213281198,"[[1457.0,0.0,133.0,0.0,0.0],[0.0,493.0,0.0,2.0,0.0],[369.0,0.0,1780.0,0.0,0.0],[1.0,66.0,87.0,50859.0,57.0],[0.0,0.0,0.0,56.0,941.0]]"
inverse_test_group_size,8192,teacher,,C_CL_MLP_loss_ext,results/wsnds/evidence_completion_20260811/fgds_controlled_full_routes_10seed_v2/seed_8192/teacher_C_CL_MLP_loss_ext_test_predictions.npz,88c08a6f56da7136f06605ce59d84c3bf64fa3f3b02162d7635b25552d3b35f6,1.1920928955078125e-07,2e-06,54174,0,0,56301,54174.0,0.9882600509469487,0.8979204950374603,0.9402174901096249,0.9165389556628385,"[[935.9999999999998,0.0,79.0,0.0,0.0],[0.0,472.0,0.0,2.0,0.0],[294.99999999999994,0.0,1595.0,0.0,0.0],[1.0,65.0,83.0,49603.00000000006,55.0],[0.0,0.0,0.0,56.0,932.0]]"
pure_group_representative,8192,teacher,,C_CL_MLP_loss_ext,results/wsnds/evidence_completion_20260811/fgds_controlled_full_routes_10seed_v2/seed_8192/teacher_C_CL_MLP_loss_ext_test_predictions.npz,88c08a6f56da7136f06605ce59d84c3bf64fa3f3b02162d7635b25552d3b35f6,1.1920928955078125e-07,2e-06,54174,0,0,54174,54174.0,0.9882600509469487,0.8979204950374602,0.9402174901096251,0.9165389556628384,"[[936.0,0.0,79.0,0.0,0.0],[0.0,472.0,0.0,2.0,0.0],[295.0,0.0,1595.0,0.0,0.0],[1.0,65.0,83.0,49603.0,55.0],[0.0,0.0,0.0,56.0,932.0]]"
row_level,8192,teacher,,C2_CL_MLP_domain,results/wsnds/evidence_completion_20260811/fgds_controlled_full_routes_10seed_v2/seed_8192/teacher_C2_CL_MLP_domain_test_predictions.npz,35fb2b3974f6add0d52c3d8729595ee575b612772275c5cdc36edc7447b01951,1.4901161193847656e-07,2e-06,54174,0,0,56301,56301.0,0.9857373758903039,0.8993905543234499,0.9320560267494823,0.9145582448580687,"[[1412.0,0.0,178.0,0.0,0.0],[0.0,493.0,0.0,2.0,0.0],[351.0,0.0,1798.0,0.0,0.0],[1.0,64.0,96.0,50854.0,55.0],[0.0,0.0,0.0,56.0,941.0]]"
inverse_test_group_size,8192,teacher,,C2_CL_MLP_domain,results/wsnds/evidence_completion_20260811/fgds_controlled_full_routes_10seed_v2/seed_8192/teacher_C2_CL_MLP_domain_test_predictions.npz,35fb2b3974f6add0d52c3d8729595ee575b612772275c5cdc36edc7447b01951,1.4901161193847656e-07,2e-06,54174,0,0,56301,54174.0,0.9879093291985085,0.8960940721997355,0.9363335207941244,0.9143021390484257,"[[910.9999999999997,0.0,103.99999999999996,0.0,0.0],[0.0,472.0,0.0,2.0,0.0],[284.99999999999994,0.0,1604.9999999999998,0.0,0.0],[1.0,63.0,92.0,49599.00000000006,52.0],[0.0,0.0,0.0,56.0,932.0]]"
pure_group_representative,8192,teacher,,C2_CL_MLP_domain,results/wsnds/evidence_completion_20260811/fgds_controlled_full_routes_10seed_v2/seed_8192/teacher_C2_CL_MLP_domain_test_predictions.npz,35fb2b3974f6add0d52c3d8729595ee575b612772275c5cdc36edc7447b01951,1.4901161193847656e-07,2e-06,54174,0,0,54174,54174.0,0.9879093291985085,0.8960940721997351,0.9363335207941244,0.9143021390484256,"[[911.0,0.0,104.0,0.0,0.0],[0.0,472.0,0.0,2.0,0.0],[285.0,0.0,1605.0,0.0,0.0],[1.0,63.0,92.0,49599.0,52.0],[0.0,0.0,0.0,56.0,932.0]]"
row_level,8192,teacher,,G_random_pacing_teacher,results/wsnds/evidence_completion_20260811/fgds_controlled_full_routes_10seed_v2/seed_8192/teacher_G_random_pacing_teacher_test_predictions.npz,5cb6716f221fcc3426ceb0c321b2af5e5096728c685f3e9d0dab34bd21dca1dd,2.5331974029541016e-07,2e-06,54174,0,0,56301,56301.0,0.9870162164082343,0.9073903861376035,0.9403790310568063,0.9216206355204697,"[[1497.0,0.0,93.0,0.0,0.0],[0.0,493.0,0.0,2.0,0.0],[377.0,0.0,1772.0,0.0,0.0],[0.0,66.0,87.0,50867.0,50.0],[0.0,0.0,0.0,56.0,941.0]]"
inverse_test_group_size,8192,teacher,,G_random_pacing_teacher,results/wsnds/evidence_completion_20260811/fgds_controlled_full_routes_10seed_v2/seed_8192/teacher_G_random_pacing_teacher_test_predictions.npz,5cb6716f221fcc3426ceb0c321b2af5e5096728c685f3e9d0dab34bd21dca1dd,2.5331974029541016e-07,2e-06,54174,0,0,56301,54174.0,0.9888876582862628,0.9030527539493154,0.9449166456718429,0.9211567673147485,"[[956.9999999999999,0.0,58.000000000000014,0.0,0.0],[0.0,472.0,0.0,2.0,0.0],[290.0000000000002,0.0,1599.9999999999995,0.0,0.0],[0.0,65.0,83.0,49611.00000000006,48.0],[0.0,0.0,0.0,56.0,932.0]]"
pure_group_representative,8192,teacher,,G_random_pacing_teacher,results/wsnds/evidence_completion_20260811/fgds_controlled_full_routes_10seed_v2/seed_8192/teacher_G_random_pacing_teacher_test_predictions.npz,5cb6716f221fcc3426ceb0c321b2af5e5096728c685f3e9d0dab34bd21dca1dd,2.5331974029541016e-07,2e-06,54174,0,0,54174,54174.0,0.9888876582862628,0.9030527539493152,0.9449166456718429,0.9211567673147483,"[[957.0,0.0,58.0,0.0,0.0],[0.0,472.0,0.0,2.0,0.0],[290.0,0.0,1600.0,0.0,0.0],[0.0,65.0,83.0,49611.0,48.0],[0.0,0.0,0.0,56.0,932.0]]"
row_level,8192,teacher,,I_SMOTE_MLP_teacher,results/wsnds/evidence_completion_20260811/fgds_controlled_full_routes_10seed_v2/seed_8192/teacher_I_SMOTE_MLP_teacher_test_predictions.npz,02c9345bd9110ef1e1abe12dbfdd99aba7b7a273f01eeadaa36b92eeed7e000f,3.427267074584961e-07,2e-06,54174,0,0,56301,56301.0,0.9927354753912009,0.9437476468179715,0.9711431168291644,0.9567360282044304,"[[1505.0,0.0,85.0,0.0,0.0],[0.0,493.0,0.0,2.0,0.0],[56.0,0.0,2092.0,1.0,0.0],[1.0,59.0,89.0,50861.0,60.0],[0.0,0.0,0.0,56.0,941.0]]"
inverse_test_group_size,8192,teacher,,I_SMOTE_MLP_teacher,results/wsnds/evidence_completion_20260811/fgds_controlled_full_routes_10seed_v2/seed_8192/teacher_I_SMOTE_MLP_teacher_test_predictions.npz,02c9345bd9110ef1e1abe12dbfdd99aba7b7a273f01eeadaa36b92eeed7e000f,3.427267074584961e-07,2e-06,54174,0,0,56301,54174.0,0.9932624506220696,0.9420631116916572,0.9707892868454632,0.9557097862170558,"[[959.0000000000001,0.0,56.00000000000006,0.0,0.0],[0.0,472.0,0.0,2.0,0.0],[48.0,0.0,1841.0,1.0,0.0],[1.0,59.0,85.0,49605.00000000006,57.0],[0.0,0.0,0.0,56.0,932.0]]"
pure_group_representative,8192,teacher,,I_SMOTE_MLP_teacher,results/wsnds/evidence_completion_20260811/fgds_controlled_full_routes_10seed_v2/seed_8192/teacher_I_SMOTE_MLP_teacher_test_predictions.npz,02c9345bd9110ef1e1abe12dbfdd99aba7b7a273f01eeadaa36b92eeed7e000f,3.427267074584961e-07,2e-06,54174,0,0,54174,54174.0,0.9932624506220696,0.9420631116916571,0.9707892868454631,0.9557097862170554,"[[959.0,0.0,56.0,0.0,0.0],[0.0,472.0,0.0,2.0,0.0],[48.0,0.0,1841.0,1.0,0.0],[1.0,59.0,85.0,49605.0,57.0],[0.0,0.0,0.0,56.0,932.0]]"
row_level,8192,student,student_A,D_Small_MLP,results/wsnds/confirmation_runs_v2/local_feature_group_10seed_20260811/feature_group_10seed/seed_8192/student_A_Small_MLP_scratch_test_predictions.csv,2da18e9d26a331eb2fa193be9e2cf12c0ac00ce946beb92ae251354eb794b618,2.499999999239222e-07,2e-06,54174,0,0,56301,56301.0,0.9820251860535337,0.8824019993665301,0.9345153406741078,0.9071707940474392,"[[1431.0,0.0,158.0,0.0,1.0],[0.0,493.0,0.0,2.0,0.0],[338.0,0.0,1811.0,0.0,0.0],[0.0,62.0,319.0,50614.0,75.0],[1.0,0.0,1.0,55.0,940.0]]"
inverse_test_group_size,8192,student,student_A,D_Small_MLP,results/wsnds/confirmation_runs_v2/local_feature_group_10seed_20260811/feature_group_10seed/seed_8192/student_A_Small_MLP_scratch_test_predictions.csv,2da18e9d26a331eb2fa193be9e2cf12c0ac00ce946beb92ae251354eb794b618,2.499999999239222e-07,2e-06,54174,0,0,56301,54174.0,0.9840883080444494,0.8774832313449323,0.9398282049025252,0.9066555038276043,"[[926.0,0.0,87.99999999999997,0.0,1.0],[0.0,472.0,0.0,2.0,0.0],[268.99999999999994,0.0,1620.9999999999998,0.0,0.0],[0.0,62.0,313.0,49362.00000000006,70.0],[1.0,0.0,1.0,55.0,931.0]]"
pure_group_representative,8192,student,student_A,D_Small_MLP,results/wsnds/confirmation_runs_v2/local_feature_group_10seed_20260811/feature_group_10seed/seed_8192/student_A_Small_MLP_scratch_test_predictions.csv,2da18e9d26a331eb2fa193be9e2cf12c0ac00ce946beb92ae251354eb794b618,2.499999999239222e-07,2e-06,54174,0,0,54174,54174.0,0.9840883080444494,0.877483231344932,0.9398282049025252,0.9066555038276041,"[[926.0,0.0,88.0,0.0,1.0],[0.0,472.0,0.0,2.0,0.0],[269.0,0.0,1621.0,0.0,0.0],[0.0,62.0,313.0,49362.0,70.0],[1.0,0.0,1.0,55.0,931.0]]"
row_level,8192,student,student_A,E_KD_from_RF,results/wsnds/confirmation_runs_v2/local_feature_group_10seed_20260811/feature_group_10seed/seed_8192/student_A_KD_from_RF_test_predictions.csv,2075b733248d9483182251b94f032baf5b601a30d35bf6798e68597ee88320fd,7.00000000020129e-07,2e-06,54174,0,0,56301,56301.0,0.9863945578231292,0.9085892134920035,0.9255127801476032,0.9162882264816444,"[[1352.0,0.0,238.0,0.0,0.0],[0.0,493.0,0.0,2.0,0.0],[320.0,0.0,1805.0,24.0,0.0],[0.0,59.0,47.0,50944.0,20.0],[0.0,0.0,0.0,56.0,941.0]]"
inverse_test_group_size,8192,student,student_A,E_KD_from_RF,results/wsnds/confirmation_runs_v2/local_feature_group_10seed_20260811/feature_group_10seed/seed_8192/student_A_KD_from_RF_test_predictions.csv,2075b733248d9483182251b94f032baf5b601a30d35bf6798e68597ee88320fd,7.00000000020129e-07,2e-06,54174,0,0,56301,54174.0,0.9887769040499133,0.9063424504589908,0.9288222566339333,0.9163587604156753,"[[868.9999999999998,0.0,145.99999999999997,0.0,0.0],[0.0,472.0,0.0,2.0,0.0],[257.9999999999999,0.0,1608.9999999999995,23.0,0.0],[0.0,59.0,44.0,49684.00000000006,20.0],[0.0,0.0,0.0,56.0,932.0]]"
pure_group_representative,8192,student,student_A,E_KD_from_RF,results/wsnds/confirmation_runs_v2/local_feature_group_10seed_20260811/feature_group_10seed/seed_8192/student_A_KD_from_RF_test_predictions.csv,2075b733248d9483182251b94f032baf5b601a30d35bf6798e68597ee88320fd,7.00000000020129e-07,2e-06,54174,0,0,54174,54174.0,0.9887769040499133,0.9063424504589905,0.9288222566339333,0.9163587604156751,"[[869.0,0.0,146.0,0.0,0.0],[0.0,472.0,0.0,2.0,0.0],[258.0,0.0,1609.0,23.0,0.0],[0.0,59.0,44.0,49684.0,20.0],[0.0,0.0,0.0,56.0,932.0]]"
row_level,8192,student,student_A,E2_KD_from_MLP,results/wsnds/evidence_completion_20260811/fgds_controlled_full_routes_10seed_v2/seed_8192/student_A_E2_KD_from_MLP_test_predictions.npz,7654fbbf390b6b2f4a8417c84eddaac1b53544475bd638e99fd9f84be7e22080,7.152557373046875e-07,2e-06,54174,0,0,56301,56301.0,0.9855775208255626,0.8989132645403961,0.932800357831199,0.9141858051483605,"[[1444.0,0.0,146.0,0.0,0.0],[0.0,493.0,0.0,2.0,0.0],[386.0,0.0,1763.0,0.0,0.0],[0.0,64.0,104.0,50848.0,54.0],[0.0,0.0,0.0,56.0,941.0]]"
inverse_test_group_size,8192,student,student_A,E2_KD_from_MLP,results/wsnds/evidence_completion_20260811/fgds_controlled_full_routes_10seed_v2/seed_8192/student_A_E2_KD_from_MLP_test_predictions.npz,7654fbbf390b6b2f4a8417c84eddaac1b53544475bd638e99fd9f84be7e22080,7.152557373046875e-07,2e-06,54174,0,0,56301,54174.0,0.9878170340015505,0.89554000041003,0.938078444779434,0.914477049449062,"[[926.9999999999997,0.0,88.00000000000003,0.0,0.0],[0.0,472.0,0.0,2.0,0.0],[298.0,0.0,1591.9999999999995,0.0,0.0],[0.0,64.0,100.0,49591.00000000006,52.0],[0.0,0.0,0.0,56.0,932.0]]"
pure_group_representative,8192,student,student_A,E2_KD_from_MLP,results/wsnds/evidence_completion_20260811/fgds_controlled_full_routes_10seed_v2/seed_8192/student_A_E2_KD_from_MLP_test_predictions.npz,7654fbbf390b6b2f4a8417c84eddaac1b53544475bd638e99fd9f84be7e22080,7.152557373046875e-07,2e-06,54174,0,0,54174,54174.0,0.9878170340015505,0.8955400004100298,0.9380784447794343,0.9144770494490618,"[[927.0,0.0,88.0,0.0,0.0],[0.0,472.0,0.0,2.0,0.0],[298.0,0.0,1592.0,0.0,0.0],[0.0,64.0,100.0,49591.0,52.0],[0.0,0.0,0.0,56.0,932.0]]"
row_level,8192,student,student_A,F_KD_from_CL_MLP_fair,results/wsnds/evidence_completion_20260811/fgds_controlled_full_routes_10seed_v2/seed_8192/student_A_F_KD_from_CL_MLP_fair_test_predictions.npz,9d549a9eebdc72cb27c0659884c18b46e6e2de971f0705802269b8fea9ae80d9,1.2218952178955078e-06,2e-06,54174,0,0,56301,56301.0,0.9860038009982061,0.9023274679839307,0.9338779468621567,0.9161774409688348,"[[1461.0,0.0,129.0,0.0,0.0],[0.0,493.0,0.0,2.0,0.0],[396.0,0.0,1753.0,0.0,0.0],[0.0,61.0,92.0,50866.0,51.0],[0.0,0.0,1.0,56.0,940.0]]"
inverse_test_group_size,8192,student,student_A,F_KD_from_CL_MLP_fair,results/wsnds/evidence_completion_20260811/fgds_controlled_full_routes_10seed_v2/seed_8192/student_A_F_KD_from_CL_MLP_fair_test_predictions.npz,9d549a9eebdc72cb27c0659884c18b46e6e2de971f0705802269b8fea9ae80d9,1.2218952178955078e-06,2e-06,54174,0,0,56301,54174.0,0.9880939195924244,0.8980515108668582,0.9387401209356325,0.915680061617224,"[[937.9999999999998,0.0,77.00000000000001,0.0,0.0],[0.0,472.0,0.0,2.0,0.0],[311.0,0.0,1579.0,0.0,0.0],[0.0,61.0,88.0,49609.00000000006,49.0],[0.0,0.0,1.0,56.0,931.0]]"
pure_group_representative,8192,student,student_A,F_KD_from_CL_MLP_fair,results/wsnds/evidence_completion_20260811/fgds_controlled_full_routes_10seed_v2/seed_8192/student_A_F_KD_from_CL_MLP_fair_test_predictions.npz,9d549a9eebdc72cb27c0659884c18b46e6e2de971f0705802269b8fea9ae80d9,1.2218952178955078e-06,2e-06,54174,0,0,54174,54174.0,0.9880939195924244,0.8980515108668581,0.9387401209356325,0.9156800616172239,"[[938.0,0.0,77.0,0.0,0.0],[0.0,472.0,0.0,2.0,0.0],[311.0,0.0,1579.0,0.0,0.0],[0.0,61.0,88.0,49609.0,49.0],[0.0,0.0,1.0,56.0,931.0]]"
row_level,8192,student,student_A,F_KD_from_CL_MLP_ext,results/wsnds/evidence_completion_20260811/fgds_controlled_full_routes_10seed_v2/seed_8192/student_A_F_KD_from_CL_MLP_ext_test_predictions.npz,e1391ea59e587b78c5b476b1250f00efc3b630be3d236565b96bad51812f91cf,9.5367431640625e-07,2e-06,54174,0,0,56301,56301.0,0.9863767961492691,0.9033345966373659,0.9382289503109005,0.9179402233980083,"[[1507.0,0.0,83.0,0.0,0.0],[0.0,493.0,0.0,2.0,0.0],[411.0,0.0,1738.0,0.0,0.0],[1.0,68.0,90.0,50856.0,55.0],[0.0,0.0,1.0,56.0,940.0]]"
inverse_test_group_size,8192,student,student_A,F_KD_from_CL_MLP_ext,results/wsnds/evidence_completion_20260811/fgds_controlled_full_routes_10seed_v2/seed_8192/student_A_F_KD_from_CL_MLP_ext_test_predictions.npz,e1391ea59e587b78c5b476b1250f00efc3b630be3d236565b96bad51812f91cf,9.5367431640625e-07,2e-06,54174,0,0,56301,54174.0,0.9881308376712076,0.8970974677819147,0.9415100387259845,0.9159543390861664,"[[955.9999999999998,0.0,59.00000000000004,0.0,0.0],[0.0,472.0,0.0,2.0,0.0],[318.0,0.0,1572.0,0.0,0.0],[1.0,67.0,86.0,49600.00000000006,53.0],[0.0,0.0,1.0,56.0,931.0]]"
pure_group_representative,8192,student,student_A,F_KD_from_CL_MLP_ext,results/wsnds/evidence_completion_20260811/fgds_controlled_full_routes_10seed_v2/seed_8192/student_A_F_KD_from_CL_MLP_ext_test_predictions.npz,e1391ea59e587b78c5b476b1250f00efc3b630be3d236565b96bad51812f91cf,9.5367431640625e-07,2e-06,54174,0,0,54174,54174.0,0.9881308376712076,0.8970974677819143,0.9415100387259845,0.9159543390861662,"[[956.0,0.0,59.0,0.0,0.0],[0.0,472.0,0.0,2.0,0.0],[318.0,0.0,1572.0,0.0,0.0],[1.0,67.0,86.0,49600.0,53.0],[0.0,0.0,1.0,56.0,931.0]]"
row_level,8192,student,student_A,G_KD_random_pacing,results/wsnds/evidence_completion_20260811/fgds_controlled_full_routes_10seed_v2/seed_8192/student_A_G_KD_random_pacing_test_predictions.npz,8e142e69b70dd0c01c9c6cefa8c67f9a15800ca44b39c792d48b64609de0a7d5,8.344650268554688e-07,2e-06,54174,0,0,56301,56301.0,0.985506474130122,0.898397861385971,0.931260128608639,0.9130651324696417,"[[1441.0,0.0,149.0,0.0,0.0],[0.0,493.0,0.0,2.0,0.0],[398.0,0.0,1750.0,1.0,0.0],[0.0,62.0,89.0,50860.0,59.0],[0.0,0.0,0.0,56.0,941.0]]"
inverse_test_group_size,8192,student,student_A,G_KD_random_pacing,results/wsnds/evidence_completion_20260811/fgds_controlled_full_routes_10seed_v2/seed_8192/student_A_G_KD_random_pacing_test_predictions.npz,8e142e69b70dd0c01c9c6cefa8c67f9a15800ca44b39c792d48b64609de0a7d5,8.344650268554688e-07,2e-06,54174,0,0,56301,54174.0,0.9878354930409422,0.8953720671134086,0.936597712696744,0.9136192203083009,"[[922.9999999999997,0.0,92.0,0.0,0.0],[0.0,472.0,0.0,2.0,0.0],[304.0000000000001,0.0,1585.0,1.0,0.0],[0.0,62.0,85.0,49603.00000000006,57.0],[0.0,0.0,0.0,56.0,932.0]]"
pure_group_representative,8192,student,student_A,G_KD_random_pacing,results/wsnds/evidence_completion_20260811/fgds_controlled_full_routes_10seed_v2/seed_8192/student_A_G_KD_random_pacing_test_predictions.npz,8e142e69b70dd0c01c9c6cefa8c67f9a15800ca44b39c792d48b64609de0a7d5,8.344650268554688e-07,2e-06,54174,0,0,54174,54174.0,0.9878354930409422,0.8953720671134084,0.936597712696744,0.9136192203083009,"[[923.0,0.0,92.0,0.0,0.0],[0.0,472.0,0.0,2.0,0.0],[304.0,0.0,1585.0,1.0,0.0],[0.0,62.0,85.0,49603.0,57.0],[0.0,0.0,0.0,56.0,932.0]]"
row_level,8192,student,student_A,I_KD_from_SMOTE_MLP,results/wsnds/evidence_completion_20260811/fgds_controlled_full_routes_10seed_v2/seed_8192/student_A_I_KD_from_SMOTE_MLP_test_predictions.npz,3a572bfcb66bf57c606646fc01cf8b04f20f9ae52d786919d684afcc1a3ac993,5.960464477539062e-07,2e-06,54174,0,0,56301,56301.0,0.9843342036553525,0.8924438110721887,0.9263487594467424,0.9063493447233245,"[[1465.0,0.0,125.0,0.0,0.0],[0.0,493.0,0.0,2.0,0.0],[482.0,0.0,1665.0,2.0,0.0],[0.0,59.0,85.0,50855.0,71.0],[0.0,0.0,0.0,56.0,941.0]]"
inverse_test_group_size,8192,student,student_A,I_KD_from_SMOTE_MLP,results/wsnds/evidence_completion_20260811/fgds_controlled_full_routes_10seed_v2/seed_8192/student_A_I_KD_from_SMOTE_MLP_test_predictions.npz,3a572bfcb66bf57c606646fc01cf8b04f20f9ae52d786919d684afcc1a3ac993,5.960464477539062e-07,2e-06,54174,0,0,56301,54174.0,0.9872448037804112,0.8916503496331029,0.9360923222984914,0.9100498139271697,"[[948.9999999999999,0.0,66.00000000000007,0.0,0.0],[0.0,472.0,0.0,2.0,0.0],[356.99999999999983,0.0,1532.0000000000005,1.0,0.0],[0.0,59.0,82.0,49598.00000000006,68.0],[0.0,0.0,0.0,56.0,932.0]]"
pure_group_representative,8192,student,student_A,I_KD_from_SMOTE_MLP,results/wsnds/evidence_completion_20260811/fgds_controlled_full_routes_10seed_v2/seed_8192/student_A_I_KD_from_SMOTE_MLP_test_predictions.npz,3a572bfcb66bf57c606646fc01cf8b04f20f9ae52d786919d684afcc1a3ac993,5.960464477539062e-07,2e-06,54174,0,0,54174,54174.0,0.9872448037804112,0.8916503496331023,0.9360923222984914,0.9100498139271693,"[[949.0,0.0,66.0,0.0,0.0],[0.0,472.0,0.0,2.0,0.0],[357.0,0.0,1532.0,1.0,0.0],[0.0,59.0,82.0,49598.0,68.0],[0.0,0.0,0.0,56.0,932.0]]"
row_level,8192,student,student_A,J_CoDistill_RF_CL,results/wsnds/evidence_completion_20260811/fgds_controlled_full_routes_10seed_v2/seed_8192/student_A_J_CoDistill_RF_CL_test_predictions.npz,0f9da867540a1041599f9b58bddd7f56cde2fe3c851824fee053afc15b319673,7.152557373046875e-07,2e-06,54174,0,0,56301,56301.0,0.9868030763219126,0.9089378317009643,0.9309167742774287,0.9191844800275085,"[[1370.0,0.0,220.0,0.0,0.0],[0.0,493.0,0.0,2.0,0.0],[306.0,0.0,1840.0,3.0,0.0],[0.0,60.0,70.0,50914.0,26.0],[0.0,0.0,0.0,56.0,941.0]]"
inverse_test_group_size,8192,student,student_A,J_CoDistill_RF_CL,results/wsnds/evidence_completion_20260811/fgds_controlled_full_routes_10seed_v2/seed_8192/student_A_J_CoDistill_RF_CL_test_predictions.npz,0f9da867540a1041599f9b58bddd7f56cde2fe3c851824fee053afc15b319673,7.152557373046875e-07,2e-06,54174,0,0,56301,54174.0,0.9890353306013955,0.9062025701584163,0.9341788943575351,0.9190838519386894,"[[877.9999999999998,0.0,136.99999999999991,0.0,0.0],[0.0,472.0,0.0,2.0,0.0],[243.99999999999991,0.0,1643.9999999999998,2.0,0.0],[0.0,60.0,67.0,49654.00000000006,26.0],[0.0,0.0,0.0,56.0,932.0]]"
pure_group_representative,8192,student,student_A,J_CoDistill_RF_CL,results/wsnds/evidence_completion_20260811/fgds_controlled_full_routes_10seed_v2/seed_8192/student_A_J_CoDistill_RF_CL_test_predictions.npz,0f9da867540a1041599f9b58bddd7f56cde2fe3c851824fee053afc15b319673,7.152557373046875e-07,2e-06,54174,0,0,54174,54174.0,0.9890353306013955,0.9062025701584162,0.9341788943575351,0.9190838519386894,"[[878.0,0.0,137.0,0.0,0.0],[0.0,472.0,0.0,2.0,0.0],[244.0,0.0,1644.0,2.0,0.0],[0.0,60.0,67.0,49654.0,26.0],[0.0,0.0,0.0,56.0,932.0]]"
row_level,8192,student,student_B,D_Small_MLP,results/wsnds/confirmation_runs_v2/local_feature_group_10seed_20260811/feature_group_10seed/seed_8192/student_B_Small_MLP_scratch_test_predictions.csv,8730afc2895a8dad6859fb9f09b7bd567ed06ca87da3c3a77ced5b853ef1e8a7,0.0,2e-06,54174,0,0,56301,56301.0,0.9908172146143053,0.9279735913800151,0.9619042266745469,0.9437596634332802,"[[1538.0,0.0,52.0,0.0,0.0],[0.0,493.0,0.0,2.0,0.0],[201.0,0.0,1948.0,0.0,0.0],[1.0,69.0,79.0,50864.0,57.0],[0.0,0.0,0.0,56.0,941.0]]"
inverse_test_group_size,8192,student,student_B,D_Small_MLP,results/wsnds/confirmation_runs_v2/local_feature_group_10seed_20260811/feature_group_10seed/seed_8192/student_B_Small_MLP_scratch_test_predictions.csv,8730afc2895a8dad6859fb9f09b7bd567ed06ca87da3c3a77ced5b853ef1e8a7,0.0,2e-06,54174,0,0,56301,54174.0,0.9916011370768265,0.9227780373704985,0.9625108753993208,0.9412267498546557,"[[976.0000000000001,0.0,39.00000000000003,0.0,0.0],[0.0,472.0,0.0,2.0,0.0],[158.99999999999994,0.0,1730.9999999999998,0.0,0.0],[1.0,69.0,75.0,49608.00000000006,54.0],[0.0,0.0,0.0,56.0,932.0]]"
pure_group_representative,8192,student,student_B,D_Small_MLP,results/wsnds/confirmation_runs_v2/local_feature_group_10seed_20260811/feature_group_10seed/seed_8192/student_B_Small_MLP_scratch_test_predictions.csv,8730afc2895a8dad6859fb9f09b7bd567ed06ca87da3c3a77ced5b853ef1e8a7,0.0,2e-06,54174,0,0,54174,54174.0,0.9916011370768265,0.9227780373704979,0.9625108753993208,0.9412267498546554,"[[976.0,0.0,39.0,0.0,0.0],[0.0,472.0,0.0,2.0,0.0],[159.0,0.0,1731.0,0.0,0.0],[1.0,69.0,75.0,49608.0,54.0],[0.0,0.0,0.0,56.0,932.0]]"
row_level,8192,student,student_B,E_KD_from_RF,results/wsnds/confirmation_runs_v2/local_feature_group_10seed_20260811/feature_group_10seed/seed_8192/student_B_KD_from_RF_test_predictions.csv,67352c34583e4d3fb28be102b1cccc42c42c1535909109335082ad1810fed3e5,0.0,2e-06,54174,0,0,56301,56301.0,0.9889167155112698,0.922611720614219,0.94083222823583,0.9305203292267302,"[[1449.0,0.0,140.0,0.0,1.0],[0.0,493.0,0.0,2.0,0.0],[299.0,0.0,1838.0,12.0,0.0],[0.0,59.0,37.0,50956.0,18.0],[0.0,0.0,0.0,56.0,941.0]]"
inverse_test_group_size,8192,student,student_B,E_KD_from_RF,results/wsnds/confirmation_runs_v2/local_feature_group_10seed_20260811/feature_group_10seed/seed_8192/student_B_KD_from_RF_test_predictions.csv,67352c34583e4d3fb28be102b1cccc42c42c1535909109335082ad1810fed3e5,0.0,2e-06,54174,0,0,56301,54174.0,0.990770480304205,0.9198964512192344,0.9441588903769812,0.9305326474480136,"[[923.0,0.0,90.99999999999994,0.0,1.0],[0.0,472.0,0.0,2.0,0.0],[225.9999999999999,0.0,1652.9999999999995,11.0,0.0],[0.0,59.0,36.0,49694.00000000006,18.0],[0.0,0.0,0.0,56.0,932.0]]"
pure_group_representative,8192,student,student_B,E_KD_from_RF,results/wsnds/confirmation_runs_v2/local_feature_group_10seed_20260811/feature_group_10seed/seed_8192/student_B_KD_from_RF_test_predictions.csv,67352c34583e4d3fb28be102b1cccc42c42c1535909109335082ad1810fed3e5,0.0,2e-06,54174,0,0,54174,54174.0,0.990770480304205,0.9198964512192338,0.9441588903769812,0.9305326474480135,"[[923.0,0.0,91.0,0.0,1.0],[0.0,472.0,0.0,2.0,0.0],[226.0,0.0,1653.0,11.0,0.0],[0.0,59.0,36.0,49694.0,18.0],[0.0,0.0,0.0,56.0,932.0]]"
row_level,8192,student,student_B,E2_KD_from_MLP,results/wsnds/evidence_completion_20260811/fgds_controlled_full_routes_10seed_v2/seed_8192/student_B_E2_KD_from_MLP_test_predictions.npz,137e7f868e5d2f4f1e3bb3e17f70bce332d5e9639fc53e29916672b10958d563,0.0,2e-06,54174,0,0,56301,56301.0,0.9866254595833112,0.9049347454255601,0.9380391022911916,0.919640816514488,"[[1475.0,0.0,115.0,0.0,0.0],[0.0,493.0,0.0,2.0,0.0],[370.0,0.0,1779.0,0.0,0.0],[0.0,62.0,88.0,50861.0,59.0],[0.0,0.0,1.0,56.0,940.0]]"
inverse_test_group_size,8192,student,student_B,E2_KD_from_MLP,results/wsnds/evidence_completion_20260811/fgds_controlled_full_routes_10seed_v2/seed_8192/student_B_E2_KD_from_MLP_test_predictions.npz,137e7f868e5d2f4f1e3bb3e17f70bce332d5e9639fc53e29916672b10958d563,0.0,2e-06,54174,0,0,56301,54174.0,0.9884631003802562,0.8999074339089393,0.940909424936212,0.9182268722380993,"[[933.0,0.0,82.00000000000003,0.0,0.0],[0.0,472.0,0.0,2.0,0.0],[280.99999999999994,0.0,1608.999999999999,0.0,0.0],[0.0,62.0,84.0,49604.00000000006,57.0],[0.0,0.0,1.0,56.0,931.0]]"
pure_group_representative,8192,student,student_B,E2_KD_from_MLP,results/wsnds/evidence_completion_20260811/fgds_controlled_full_routes_10seed_v2/seed_8192/student_B_E2_KD_from_MLP_test_predictions.npz,137e7f868e5d2f4f1e3bb3e17f70bce332d5e9639fc53e29916672b10958d563,0.0,2e-06,54174,0,0,54174,54174.0,0.9884631003802562,0.899907433908939,0.9409094249362122,0.9182268722380991,"[[933.0,0.0,82.0,0.0,0.0],[0.0,472.0,0.0,2.0,0.0],[281.0,0.0,1609.0,0.0,0.0],[0.0,62.0,84.0,49604.0,57.0],[0.0,0.0,1.0,56.0,931.0]]"
row_level,8192,student,student_B,F_KD_from_CL_MLP_fair,results/wsnds/evidence_completion_20260811/fgds_controlled_full_routes_10seed_v2/seed_8192/student_B_F_KD_from_CL_MLP_fair_test_predictions.npz,d8340b18b4d89a24e295249606532ef9ff5830c7c028eb9bb9cea2e7a14ac3ff,0.0,2e-06,54174,0,0,56301,56301.0,0.9863057494538285,0.9030712845173529,0.9349720313040011,0.9179914060615421,"[[1421.0,0.0,169.0,0.0,0.0],[0.0,493.0,0.0,2.0,0.0],[331.0,0.0,1817.0,1.0,0.0],[0.0,60.0,91.0,50858.0,61.0],[0.0,0.0,0.0,56.0,941.0]]"
inverse_test_group_size,8192,student,student_B,F_KD_from_CL_MLP_fair,results/wsnds/evidence_completion_20260811/fgds_controlled_full_routes_10seed_v2/seed_8192/student_B_F_KD_from_CL_MLP_fair_test_predictions.npz,d8340b18b4d89a24e295249606532ef9ff5830c7c028eb9bb9cea2e7a14ac3ff,0.0,2e-06,54174,0,0,56301,54174.0,0.9884815594196478,0.9006093794525803,0.9395927833208766,0.9185681313637758,"[[913.0,0.0,101.99999999999997,0.0,0.0],[0.0,472.0,0.0,2.0,0.0],[256.9999999999999,0.0,1631.9999999999995,1.0,0.0],[0.0,60.0,87.0,49601.00000000006,59.0],[0.0,0.0,0.0,56.0,932.0]]"
pure_group_representative,8192,student,student_B,F_KD_from_CL_MLP_fair,results/wsnds/evidence_completion_20260811/fgds_controlled_full_routes_10seed_v2/seed_8192/student_B_F_KD_from_CL_MLP_fair_test_predictions.npz,d8340b18b4d89a24e295249606532ef9ff5830c7c028eb9bb9cea2e7a14ac3ff,0.0,2e-06,54174,0,0,54174,54174.0,0.9884815594196478,0.9006093794525801,0.9395927833208766,0.9185681313637757,"[[913.0,0.0,102.0,0.0,0.0],[0.0,472.0,0.0,2.0,0.0],[257.0,0.0,1632.0,1.0,0.0],[0.0,60.0,87.0,49601.0,59.0],[0.0,0.0,0.0,56.0,932.0]]"
row_level,8192,student,student_B,F_KD_from_CL_MLP_ext,results/wsnds/evidence_completion_20260811/fgds_controlled_full_routes_10seed_v2/seed_8192/student_B_F_KD_from_CL_MLP_ext_test_predictions.npz,d40ba490654ec60dd44c136fbdb533a4b727706bcdc0ea4a5da45f14d29f047d,0.0,2e-06,54174,0,0,56301,56301.0,0.9863767961492691,0.9022621898895029,0.936102174949536,0.9178109597655839,"[[1442.0,0.0,148.0,0.0,0.0],[0.0,493.0,0.0,2.0,0.0],[345.0,0.0,1803.0,1.0,0.0],[1.0,64.0,84.0,50856.0,65.0],[0.0,0.0,1.0,56.0,940.0]]"
inverse_test_group_size,8192,student,student_B,F_KD_from_CL_MLP_ext,results/wsnds/evidence_completion_20260811/fgds_controlled_full_routes_10seed_v2/seed_8192/student_B_F_KD_from_CL_MLP_ext_test_predictions.npz,d40ba490654ec60dd44c136fbdb533a4b727706bcdc0ea4a5da45f14d29f047d,0.0,2e-06,54174,0,0,56301,54174.0,0.9884446413408646,0.899098531452341,0.9397618159647063,0.9177306317277347,"[[916.0,0.0,98.99999999999996,0.0,0.0],[0.0,472.0,0.0,2.0,0.0],[258.99999999999994,0.0,1629.9999999999993,1.0,0.0],[1.0,64.0,80.0,49599.00000000006,63.0],[0.0,0.0,1.0,56.0,931.0]]"
pure_group_representative,8192,student,student_B,F_KD_from_CL_MLP_ext,results/wsnds/evidence_completion_20260811/fgds_controlled_full_routes_10seed_v2/seed_8192/student_B_F_KD_from_CL_MLP_ext_test_predictions.npz,d40ba490654ec60dd44c136fbdb533a4b727706bcdc0ea4a5da45f14d29f047d,0.0,2e-06,54174,0,0,54174,54174.0,0.9884446413408646,0.8990985314523406,0.9397618159647063,0.9177306317277344,"[[916.0,0.0,99.0,0.0,0.0],[0.0,472.0,0.0,2.0,0.0],[259.0,0.0,1630.0,1.0,0.0],[1.0,64.0,80.0,49599.0,63.0],[0.0,0.0,1.0,56.0,931.0]]"
row_level,8192,student,student_B,G_KD_random_pacing,results/wsnds/evidence_completion_20260811/fgds_controlled_full_routes_10seed_v2/seed_8192/student_B_G_KD_random_pacing_test_predictions.npz,df0e1025595dc17320aa51d1d1ba1b45c50b7d0ed2fb4ab63d8a63355de3869a,0.0,2e-06,54174,0,0,56301,56301.0,0.9868918846912133,0.9059991579747836,0.9380351534833833,0.9206721103153204,"[[1448.0,0.0,142.0,0.0,0.0],[0.0,493.0,0.0,2.0,0.0],[336.0,0.0,1813.0,0.0,0.0],[0.0,64.0,83.0,50868.0,55.0],[0.0,0.0,0.0,56.0,941.0]]"
inverse_test_group_size,8192,student,student_B,G_KD_random_pacing,results/wsnds/evidence_completion_20260811/fgds_controlled_full_routes_10seed_v2/seed_8192/student_B_G_KD_random_pacing_test_predictions.npz,df0e1025595dc17320aa51d1d1ba1b45c50b7d0ed2fb4ab63d8a63355de3869a,0.0,2e-06,54174,0,0,56301,54174.0,0.9888691992468712,0.9026016887269341,0.9418004260038991,0.9204149917108608,"[[923.9999999999998,0.0,91.00000000000001,0.0,0.0],[0.0,472.0,0.0,2.0,0.0],[258.0,0.0,1631.9999999999998,0.0,0.0],[0.0,64.0,79.0,49611.00000000006,53.0],[0.0,0.0,0.0,56.0,932.0]]"
pure_group_representative,8192,student,student_B,G_KD_random_pacing,results/wsnds/evidence_completion_20260811/fgds_controlled_full_routes_10seed_v2/seed_8192/student_B_G_KD_random_pacing_test_predictions.npz,df0e1025595dc17320aa51d1d1ba1b45c50b7d0ed2fb4ab63d8a63355de3869a,0.0,2e-06,54174,0,0,54174,54174.0,0.9888691992468712,0.9026016887269339,0.9418004260038991,0.9204149917108607,"[[924.0,0.0,91.0,0.0,0.0],[0.0,472.0,0.0,2.0,0.0],[258.0,0.0,1632.0,0.0,0.0],[0.0,64.0,79.0,49611.0,53.0],[0.0,0.0,0.0,56.0,932.0]]"
row_level,8192,student,student_B,I_KD_from_SMOTE_MLP,results/wsnds/evidence_completion_20260811/fgds_controlled_full_routes_10seed_v2/seed_8192/student_B_I_KD_from_SMOTE_MLP_test_predictions.npz,ec33be56abc56a24cd666bab40cce9252bb8bf70a38bb42dc458d8b9d4b33702,0.0,2e-06,54174,0,0,56301,56301.0,0.9864656045185698,0.9041053228554583,0.9339185210402722,0.9183257163338625,"[[1385.0,0.0,205.0,0.0,0.0],[0.0,493.0,0.0,2.0,0.0],[293.0,0.0,1854.0,2.0,0.0],[0.0,59.0,82.0,50866.0,63.0],[0.0,0.0,0.0,56.0,941.0]]"
inverse_test_group_size,8192,student,student_B,I_KD_from_SMOTE_MLP,results/wsnds/evidence_completion_20260811/fgds_controlled_full_routes_10seed_v2/seed_8192/student_B_I_KD_from_SMOTE_MLP_test_predictions.npz,ec33be56abc56a24cd666bab40cce9252bb8bf70a38bb42dc458d8b9d4b33702,0.0,2e-06,54174,0,0,56301,54174.0,0.9887215269317384,0.9025429885331983,0.9384207474946619,0.9194022079615021,"[[894.0000000000001,0.0,120.99999999999991,0.0,0.0],[0.0,472.0,0.0,2.0,0.0],[232.99999999999991,0.0,1655.9999999999998,1.0,0.0],[0.0,59.0,79.0,49609.00000000006,60.0],[0.0,0.0,0.0,56.0,932.0]]"
pure_group_representative,8192,student,student_B,I_KD_from_SMOTE_MLP,results/wsnds/evidence_completion_20260811/fgds_controlled_full_routes_10seed_v2/seed_8192/student_B_I_KD_from_SMOTE_MLP_test_predictions.npz,ec33be56abc56a24cd666bab40cce9252bb8bf70a38bb42dc458d8b9d4b33702,0.0,2e-06,54174,0,0,54174,54174.0,0.9887215269317384,0.9025429885331979,0.9384207474946619,0.9194022079615021,"[[894.0,0.0,121.0,0.0,0.0],[0.0,472.0,0.0,2.0,0.0],[233.0,0.0,1656.0,1.0,0.0],[0.0,59.0,79.0,49609.0,60.0],[0.0,0.0,0.0,56.0,932.0]]"
row_level,8192,student,student_B,J_CoDistill_RF_CL,results/wsnds/evidence_completion_20260811/fgds_controlled_full_routes_10seed_v2/seed_8192/student_B_J_CoDistill_RF_CL_test_predictions.npz,b3671b66ef15401e69b111b9fcbf49212192ad5876c75cf74ab6feaf4e0f6fce,0.0,2e-06,54174,0,0,56301,56301.0,0.9886502904033676,0.9194686571436115,0.9433114232438925,0.9303748644143696,"[[1453.0,0.0,137.0,0.0,0.0],[0.0,493.0,0.0,2.0,0.0],[282.0,0.0,1861.0,6.0,0.0],[0.0,60.0,64.0,50914.0,32.0],[0.0,0.0,0.0,56.0,941.0]]"
inverse_test_group_size,8192,student,student_B,J_CoDistill_RF_CL,results/wsnds/evidence_completion_20260811/fgds_controlled_full_routes_10seed_v2/seed_8192/student_B_J_CoDistill_RF_CL_test_predictions.npz,b3671b66ef15401e69b111b9fcbf49212192ad5876c75cf74ab6feaf4e0f6fce,0.0,2e-06,54174,0,0,56301,54174.0,0.9901244139254993,0.9142030882871113,0.944608014765228,0.9279428672375726,"[[925.0000000000001,0.0,89.99999999999996,0.0,0.0],[0.0,472.0,0.0,2.0,0.0],[229.9999999999999,0.0,1654.9999999999998,5.0,0.0],[0.0,60.0,61.0,49655.00000000006,31.0],[0.0,0.0,0.0,56.0,932.0]]"
pure_group_representative,8192,student,student_B,J_CoDistill_RF_CL,results/wsnds/evidence_completion_20260811/fgds_controlled_full_routes_10seed_v2/seed_8192/student_B_J_CoDistill_RF_CL_test_predictions.npz,b3671b66ef15401e69b111b9fcbf49212192ad5876c75cf74ab6feaf4e0f6fce,0.0,2e-06,54174,0,0,54174,54174.0,0.9901244139254993,0.9142030882871109,0.944608014765228,0.9279428672375722,"[[925.0,0.0,90.0,0.0,0.0],[0.0,472.0,0.0,2.0,0.0],[230.0,0.0,1655.0,5.0,0.0],[0.0,60.0,61.0,49655.0,31.0],[0.0,0.0,0.0,56.0,932.0]]"
row_level,9999,teacher,,A_RF_500_uncalibrated,results/wsnds/evidence_completion_20260811/fgds_controlled_full_routes_10seed_v2/seed_9999/teacher_A_RF_500_uncalibrated_test_predictions.npz,162696a6855389b52f8cf6907a6e4cf8b476abb930c91c8fc7e9d4b9b16485e1,0.0,2e-06,54174,0,0,56301,56301.0,0.9967673753574536,0.977519864113056,0.9820544675904026,0.979349594116776,"[[1583.0,0.0,7.0,0.0,0.0],[0.0,493.0,0.0,2.0,0.0],[27.0,0.0,2100.0,22.0,0.0],[0.0,41.0,23.0,51003.0,3.0],[0.0,0.0,0.0,57.0,940.0]]"
inverse_test_group_size,9999,teacher,,A_RF_500_uncalibrated,results/wsnds/evidence_completion_20260811/fgds_controlled_full_routes_10seed_v2/seed_9999/teacher_A_RF_500_uncalibrated_test_predictions.npz,162696a6855389b52f8cf6907a6e4cf8b476abb930c91c8fc7e9d4b9b16485e1,0.0,2e-06,54174,0,0,56301,54174.0,0.996806586185255,0.9759735082335776,0.9817365035388006,0.9783934352616412,"[[1007.9999999999998,0.0,7.0,0.0,0.0],[0.0,472.0,0.0,2.0,0.0],[19.999999999999996,0.0,1850.0,20.0,0.0],[0.0,41.0,23.0,49740.00000000006,3.0],[0.0,0.0,0.0,57.0,931.0]]"
pure_group_representative,9999,teacher,,A_RF_500_uncalibrated,results/wsnds/evidence_completion_20260811/fgds_controlled_full_routes_10seed_v2/seed_9999/teacher_A_RF_500_uncalibrated_test_predictions.npz,162696a6855389b52f8cf6907a6e4cf8b476abb930c91c8fc7e9d4b9b16485e1,0.0,2e-06,54174,0,0,54174,54174.0,0.996806586185255,0.9759735082335774,0.9817365035388008,0.9783934352616412,"[[1008.0,0.0,7.0,0.0,0.0],[0.0,472.0,0.0,2.0,0.0],[20.0,0.0,1850.0,20.0,0.0],[0.0,41.0,23.0,49740.0,3.0],[0.0,0.0,0.0,57.0,931.0]]"
row_level,9999,teacher,,A_calibrated_RF_KD_teacher,results/wsnds/confirmation_runs_v2/local_feature_group_10seed_20260811/feature_group_10seed/seed_9999/RF_teacher_test_predictions.csv,ef288309126c8fa4282cba5079b035049ba9977f089fb5253959a283e9c63869,0.0,2e-06,54174,0,0,56301,56301.0,0.9966963286620131,0.9782557392758235,0.9807420660014394,0.979123716817563,"[[1576.0,0.0,14.0,0.0,0.0],[0.0,491.0,0.0,4.0,0.0],[20.0,0.0,2104.0,25.0,0.0],[0.0,39.0,24.0,51004.0,3.0],[0.0,0.0,0.0,57.0,940.0]]"
inverse_test_group_size,9999,teacher,,A_calibrated_RF_KD_teacher,results/wsnds/confirmation_runs_v2/local_feature_group_10seed_20260811/feature_group_10seed/seed_9999/RF_teacher_test_predictions.csv,ef288309126c8fa4282cba5079b035049ba9977f089fb5253959a283e9c63869,0.0,2e-06,54174,0,0,56301,54174.0,0.996714290988297,0.976740342606516,0.9800172356130332,0.9779820656305807,"[[1002.9999999999999,0.0,12.0,0.0,0.0],[0.0,470.0,0.0,4.0,0.0],[15.999999999999996,0.0,1850.9999999999998,23.0,0.0],[0.0,39.0,24.0,49741.00000000006,3.0],[0.0,0.0,0.0,57.0,931.0]]"
pure_group_representative,9999,teacher,,A_calibrated_RF_KD_teacher,results/wsnds/confirmation_runs_v2/local_feature_group_10seed_20260811/feature_group_10seed/seed_9999/RF_teacher_test_predictions.csv,ef288309126c8fa4282cba5079b035049ba9977f089fb5253959a283e9c63869,0.0,2e-06,54174,0,0,54174,54174.0,0.996714290988297,0.976740342606516,0.9800172356130332,0.9779820656305807,"[[1003.0,0.0,12.0,0.0,0.0],[0.0,470.0,0.0,4.0,0.0],[16.0,0.0,1851.0,23.0,0.0],[0.0,39.0,24.0,49741.0,3.0],[0.0,0.0,0.0,57.0,931.0]]"
row_level,9999,teacher,,B_Full_MLP,results/wsnds/evidence_completion_20260811/fgds_controlled_full_routes_10seed_v2/seed_9999/teacher_B_Full_MLP_test_predictions.npz,3478b1160dd629e8f00ca1b2891cb5c6b1918c9665fb06408fb2e5fad1cc5340,2.384185791015625e-07,2e-06,54174,0,0,56301,56301.0,0.9874424965808778,0.91042508301146,0.9412573558144786,0.9238687907765941,"[[1491.0,0.0,99.0,0.0,0.0],[0.0,493.0,0.0,2.0,0.0],[359.0,0.0,1789.0,1.0,0.0],[1.0,62.0,76.0,50880.0,51.0],[0.0,0.0,0.0,56.0,941.0]]"
inverse_test_group_size,9999,teacher,,B_Full_MLP,results/wsnds/evidence_completion_20260811/fgds_controlled_full_routes_10seed_v2/seed_9999/teacher_B_Full_MLP_test_predictions.npz,3478b1160dd629e8f00ca1b2891cb5c6b1918c9665fb06408fb2e5fad1cc5340,2.384185791015625e-07,2e-06,54174,0,0,56301,54174.0,0.9893122161922694,0.9066444978873547,0.9457533755403595,0.9236855863570582,"[[953.9999999999998,0.0,61.000000000000036,0.0,0.0],[0.0,472.0,0.0,2.0,0.0],[276.00000000000017,0.0,1612.9999999999993,1.0,0.0],[1.0,61.0,72.0,49624.00000000006,49.0],[0.0,0.0,0.0,56.0,932.0]]"
pure_group_representative,9999,teacher,,B_Full_MLP,results/wsnds/evidence_completion_20260811/fgds_controlled_full_routes_10seed_v2/seed_9999/teacher_B_Full_MLP_test_predictions.npz,3478b1160dd629e8f00ca1b2891cb5c6b1918c9665fb06408fb2e5fad1cc5340,2.384185791015625e-07,2e-06,54174,0,0,54174,54174.0,0.9893122161922694,0.9066444978873545,0.9457533755403598,0.9236855863570582,"[[954.0,0.0,61.0,0.0,0.0],[0.0,472.0,0.0,2.0,0.0],[276.0,0.0,1613.0,1.0,0.0],[1.0,61.0,72.0,49624.0,49.0],[0.0,0.0,0.0,56.0,932.0]]"
row_level,9999,teacher,,C_CL_MLP_loss_fair,results/wsnds/evidence_completion_20260811/fgds_controlled_full_routes_10seed_v2/seed_9999/teacher_C_CL_MLP_loss_fair_test_predictions.npz,6a72180d63eb535cadf9b5571ee0024612805915956f150a5ea857e889b80603,1.1920928955078125e-07,2e-06,54174,0,0,56301,56301.0,0.9853466190653807,0.8990837755211653,0.9344118689381272,0.9129440378114951,"[[1518.0,0.0,71.0,0.0,1.0],[0.0,494.0,0.0,1.0,0.0],[473.0,0.0,1676.0,0.0,0.0],[0.0,67.0,107.0,50847.0,49.0],[0.0,0.0,0.0,56.0,941.0]]"
inverse_test_group_size,9999,teacher,,C_CL_MLP_loss_fair,results/wsnds/evidence_completion_20260811/fgds_controlled_full_routes_10seed_v2/seed_9999/teacher_C_CL_MLP_loss_fair_test_predictions.npz,6a72180d63eb535cadf9b5571ee0024612805915956f150a5ea857e889b80603,1.1920928955078125e-07,2e-06,54174,0,0,56301,54174.0,0.9874109351349356,0.8931093692503318,0.9392593712942758,0.9120362526088697,"[[961.9999999999998,0.0,52.00000000000004,0.0,1.0],[0.0,473.0,0.0,1.0,0.0],[356.0,0.0,1533.999999999999,0.0,0.0],[0.0,66.0,103.0,49591.00000000006,47.0],[0.0,0.0,0.0,56.0,932.0]]"
pure_group_representative,9999,teacher,,C_CL_MLP_loss_fair,results/wsnds/evidence_completion_20260811/fgds_controlled_full_routes_10seed_v2/seed_9999/teacher_C_CL_MLP_loss_fair_test_predictions.npz,6a72180d63eb535cadf9b5571ee0024612805915956f150a5ea857e889b80603,1.1920928955078125e-07,2e-06,54174,0,0,54174,54174.0,0.9874109351349356,0.8931093692503314,0.9392593712942761,0.9120362526088694,"[[962.0,0.0,52.0,0.0,1.0],[0.0,473.0,0.0,1.0,0.0],[356.0,0.0,1534.0,0.0,0.0],[0.0,66.0,103.0,49591.0,47.0],[0.0,0.0,0.0,56.0,932.0]]"
row_level,9999,teacher,,C_CL_MLP_loss_ext,results/wsnds/evidence_completion_20260811/fgds_controlled_full_routes_10seed_v2/seed_9999/teacher_C_CL_MLP_loss_ext_test_predictions.npz,efd5f41843bf1acd8f179483bf1067853b688f4ce561e3d700b0cbb70c335510,1.4901161193847656e-07,2e-06,54174,0,0,56301,56301.0,0.987105024777535,0.90933547633503,0.9432499783380172,0.9229361002534464,"[[1546.0,0.0,44.0,0.0,0.0],[0.0,493.0,0.0,2.0,0.0],[412.0,0.0,1737.0,0.0,0.0],[1.0,64.0,95.0,50858.0,52.0],[0.0,0.0,0.0,56.0,941.0]]"
inverse_test_group_size,9999,teacher,,C_CL_MLP_loss_ext,results/wsnds/evidence_completion_20260811/fgds_controlled_full_routes_10seed_v2/seed_9999/teacher_C_CL_MLP_loss_ext_test_predictions.npz,efd5f41843bf1acd8f179483bf1067853b688f4ce561e3d700b0cbb70c335510,1.4901161193847656e-07,2e-06,54174,0,0,56301,54174.0,0.9888507402074797,0.9036249135338886,0.9479018526430011,0.9221372681888305,"[[981.9999999999999,0.0,33.00000000000002,0.0,0.0],[0.0,472.0,0.0,2.0,0.0],[308.0000000000001,0.0,1581.9999999999993,0.0,0.0],[1.0,63.0,91.0,49602.00000000006,50.0],[0.0,0.0,0.0,56.0,932.0]]"
pure_group_representative,9999,teacher,,C_CL_MLP_loss_ext,results/wsnds/evidence_completion_20260811/fgds_controlled_full_routes_10seed_v2/seed_9999/teacher_C_CL_MLP_loss_ext_test_predictions.npz,efd5f41843bf1acd8f179483bf1067853b688f4ce561e3d700b0cbb70c335510,1.4901161193847656e-07,2e-06,54174,0,0,54174,54174.0,0.9888507402074797,0.9036249135338885,0.9479018526430012,0.9221372681888302,"[[982.0,0.0,33.0,0.0,0.0],[0.0,472.0,0.0,2.0,0.0],[308.0,0.0,1582.0,0.0,0.0],[1.0,63.0,91.0,49602.0,50.0],[0.0,0.0,0.0,56.0,932.0]]"
row_level,9999,teacher,,C2_CL_MLP_domain,results/wsnds/evidence_completion_20260811/fgds_controlled_full_routes_10seed_v2/seed_9999/teacher_C2_CL_MLP_domain_test_predictions.npz,9d695e1ed7945f0df79b2ed7f05fcd676b4dc7a73625d172fa83ce8b03edb259,1.4901161193847656e-07,2e-06,54174,0,0,56301,56301.0,0.9862879877799684,0.902556916347983,0.9346181425818948,0.9170111715705545,"[[1443.0,0.0,147.0,0.0,0.0],[0.0,493.0,0.0,2.0,0.0],[365.0,0.0,1783.0,1.0,0.0],[0.0,66.0,84.0,50869.0,51.0],[0.0,0.0,0.0,56.0,941.0]]"
inverse_test_group_size,9999,teacher,,C2_CL_MLP_domain,results/wsnds/evidence_completion_20260811/fgds_controlled_full_routes_10seed_v2/seed_9999/teacher_C2_CL_MLP_domain_test_predictions.npz,9d695e1ed7945f0df79b2ed7f05fcd676b4dc7a73625d172fa83ce8b03edb259,1.4901161193847656e-07,2e-06,54174,0,0,56301,54174.0,0.9882415919075571,0.8980711547306045,0.9381813816523443,0.9157662582947836,"[[925.9999999999995,0.0,88.99999999999996,0.0,0.0],[0.0,472.0,0.0,2.0,0.0],[294.99999999999994,0.0,1594.0,1.0,0.0],[0.0,65.0,80.0,49613.00000000006,49.0],[0.0,0.0,0.0,56.0,932.0]]"
pure_group_representative,9999,teacher,,C2_CL_MLP_domain,results/wsnds/evidence_completion_20260811/fgds_controlled_full_routes_10seed_v2/seed_9999/teacher_C2_CL_MLP_domain_test_predictions.npz,9d695e1ed7945f0df79b2ed7f05fcd676b4dc7a73625d172fa83ce8b03edb259,1.4901161193847656e-07,2e-06,54174,0,0,54174,54174.0,0.9882415919075571,0.8980711547306044,0.9381813816523445,0.9157662582947836,"[[926.0,0.0,89.0,0.0,0.0],[0.0,472.0,0.0,2.0,0.0],[295.0,0.0,1594.0,1.0,0.0],[0.0,65.0,80.0,49613.0,49.0],[0.0,0.0,0.0,56.0,932.0]]"
row_level,9999,teacher,,G_random_pacing_teacher,results/wsnds/evidence_completion_20260811/fgds_controlled_full_routes_10seed_v2/seed_9999/teacher_G_random_pacing_teacher_test_predictions.npz,b2fbb617e96954a6265112f5e5e7ee34e8f72b7c0c087db6ab255acc73a503b5,2.086162567138672e-07,2e-06,54174,0,0,56301,56301.0,0.9879398234489618,0.9134029361738236,0.9434909802286493,0.927253401692254,"[[1466.0,0.0,124.0,0.0,0.0],[0.0,493.0,0.0,2.0,0.0],[300.0,0.0,1847.0,2.0,0.0],[1.0,62.0,84.0,50875.0,48.0],[0.0,0.0,0.0,56.0,941.0]]"
inverse_test_group_size,9999,teacher,,G_random_pacing_teacher,results/wsnds/evidence_completion_20260811/fgds_controlled_full_routes_10seed_v2/seed_9999/teacher_G_random_pacing_teacher_test_predictions.npz,b2fbb617e96954a6265112f5e5e7ee34e8f72b7c0c087db6ab255acc73a503b5,2.086162567138672e-07,2e-06,54174,0,0,56301,54174.0,0.9896075608225348,0.9093558867663981,0.94605039182801,0.9261645565384452,"[[931.9999999999998,0.0,83.00000000000001,0.0,0.0],[0.0,472.0,0.0,2.0,0.0],[231.0,0.0,1656.9999999999995,2.0,0.0],[1.0,62.0,80.0,49618.00000000006,46.0],[0.0,0.0,0.0,56.0,932.0]]"
pure_group_representative,9999,teacher,,G_random_pacing_teacher,results/wsnds/evidence_completion_20260811/fgds_controlled_full_routes_10seed_v2/seed_9999/teacher_G_random_pacing_teacher_test_predictions.npz,b2fbb617e96954a6265112f5e5e7ee34e8f72b7c0c087db6ab255acc73a503b5,2.086162567138672e-07,2e-06,54174,0,0,54174,54174.0,0.9896075608225348,0.9093558867663978,0.94605039182801,0.926164556538445,"[[932.0,0.0,83.0,0.0,0.0],[0.0,472.0,0.0,2.0,0.0],[231.0,0.0,1657.0,2.0,0.0],[1.0,62.0,80.0,49618.0,46.0],[0.0,0.0,0.0,56.0,932.0]]"
row_level,9999,teacher,,I_SMOTE_MLP_teacher,results/wsnds/evidence_completion_20260811/fgds_controlled_full_routes_10seed_v2/seed_9999/teacher_I_SMOTE_MLP_teacher_test_predictions.npz,1531166b970da81e886448ce410b97115b86885b3befac5aef264e698cc15795,2.980232238769531e-07,2e-06,54174,0,0,56301,56301.0,0.9917585833288929,0.9311885201770431,0.9752979628716967,0.9523207686748927,"[[1565.0,0.0,25.0,0.0,0.0],[0.0,493.0,0.0,2.0,0.0],[89.0,0.0,2059.0,1.0,0.0],[0.0,60.0,97.0,50779.0,134.0],[0.0,0.0,0.0,56.0,941.0]]"
inverse_test_group_size,9999,teacher,,I_SMOTE_MLP_teacher,results/wsnds/evidence_completion_20260811/fgds_controlled_full_routes_10seed_v2/seed_9999/teacher_I_SMOTE_MLP_teacher_test_predictions.npz,1531166b970da81e886448ce410b97115b86885b3befac5aef264e698cc15795,2.980232238769531e-07,2e-06,54174,0,0,56301,54174.0,0.9920441540222247,0.9277399695126803,0.9759951355539354,0.9508319469606927,"[[999.9999999999998,0.0,14.999999999999998,0.0,0.0],[0.0,472.0,0.0,2.0,0.0],[72.00000000000003,0.0,1816.9999999999998,1.0,0.0],[0.0,60.0,93.0,49522.00000000006,132.0],[0.0,0.0,0.0,56.0,932.0]]"
pure_group_representative,9999,teacher,,I_SMOTE_MLP_teacher,results/wsnds/evidence_completion_20260811/fgds_controlled_full_routes_10seed_v2/seed_9999/teacher_I_SMOTE_MLP_teacher_test_predictions.npz,1531166b970da81e886448ce410b97115b86885b3befac5aef264e698cc15795,2.980232238769531e-07,2e-06,54174,0,0,54174,54174.0,0.9920441540222247,0.9277399695126801,0.9759951355539354,0.9508319469606926,"[[1000.0,0.0,15.0,0.0,0.0],[0.0,472.0,0.0,2.0,0.0],[72.0,0.0,1817.0,1.0,0.0],[0.0,60.0,93.0,49522.0,132.0],[0.0,0.0,0.0,56.0,932.0]]"
row_level,9999,student,student_A,D_Small_MLP,results/wsnds/confirmation_runs_v2/local_feature_group_10seed_20260811/feature_group_10seed/seed_9999/student_A_Small_MLP_scratch_test_predictions.csv,662e5d01e94cdcc276d2ff219b936cdde6982fb2c0a43fd85d693d691cf0e2de,5.699999999775329e-07,2e-06,54174,0,0,56301,56301.0,0.9859682776504858,0.9013884887002505,0.9348994932043105,0.9156884336570936,"[[1481.0,0.0,109.0,0.0,0.0],[0.0,493.0,0.0,2.0,0.0],[414.0,0.0,1735.0,0.0,0.0],[1.0,64.0,88.0,50861.0,56.0],[0.0,0.0,0.0,56.0,941.0]]"
inverse_test_group_size,9999,student,student_A,D_Small_MLP,results/wsnds/confirmation_runs_v2/local_feature_group_10seed_20260811/feature_group_10seed/seed_9999/student_A_Small_MLP_scratch_test_predictions.csv,662e5d01e94cdcc276d2ff219b936cdde6982fb2c0a43fd85d693d691cf0e2de,5.699999999775329e-07,2e-06,54174,0,0,56301,54174.0,0.9883154280651235,0.8987603207374224,0.9417102850292682,0.9172615025119463,"[[950.0,0.0,65.00000000000004,0.0,0.0],[0.0,472.0,0.0,2.0,0.0],[307.00000000000017,0.0,1582.9999999999995,0.0,0.0],[1.0,64.0,84.0,49604.00000000006,54.0],[0.0,0.0,0.0,56.0,932.0]]"
pure_group_representative,9999,student,student_A,D_Small_MLP,results/wsnds/confirmation_runs_v2/local_feature_group_10seed_20260811/feature_group_10seed/seed_9999/student_A_Small_MLP_scratch_test_predictions.csv,662e5d01e94cdcc276d2ff219b936cdde6982fb2c0a43fd85d693d691cf0e2de,5.699999999775329e-07,2e-06,54174,0,0,54174,54174.0,0.9883154280651235,0.8987603207374223,0.9417102850292682,0.9172615025119463,"[[950.0,0.0,65.0,0.0,0.0],[0.0,472.0,0.0,2.0,0.0],[307.0,0.0,1583.0,0.0,0.0],[1.0,64.0,84.0,49604.0,54.0],[0.0,0.0,0.0,56.0,932.0]]"
row_level,9999,student,student_A,E_KD_from_RF,results/wsnds/confirmation_runs_v2/local_feature_group_10seed_20260811/feature_group_10seed/seed_9999/student_A_KD_from_RF_test_predictions.csv,5ca8b2581b4b60d2a37c9ae88af61efb1ad80c4c76aa73f6a07afa258f7e3e49,9.699999999890352e-07,2e-06,54174,0,0,56301,56301.0,0.9857906609118844,0.9042813592503565,0.9232415409455956,0.9126938682901219,"[[1367.0,0.0,221.0,0.0,2.0],[1.0,492.0,0.0,2.0,0.0],[375.0,0.0,1765.0,9.0,0.0],[0.0,59.0,61.0,50936.0,14.0],[0.0,0.0,0.0,56.0,941.0]]"
inverse_test_group_size,9999,student,student_A,E_KD_from_RF,results/wsnds/confirmation_runs_v2/local_feature_group_10seed_20260811/feature_group_10seed/seed_9999/student_A_KD_from_RF_test_predictions.csv,5ca8b2581b4b60d2a37c9ae88af61efb1ad80c4c76aa73f6a07afa258f7e3e49,9.699999999890352e-07,2e-06,54174,0,0,56301,54174.0,0.988518477498431,0.903125392009156,0.9292986788444122,0.9144536727097439,"[[884.9999999999999,0.0,127.99999999999996,0.0,2.0],[1.0,471.0,0.0,2.0,0.0],[294.0,0.0,1588.0000000000005,8.0,0.0],[0.0,59.0,58.0,49676.00000000006,14.0],[0.0,0.0,0.0,56.0,932.0]]"
pure_group_representative,9999,student,student_A,E_KD_from_RF,results/wsnds/confirmation_runs_v2/local_feature_group_10seed_20260811/feature_group_10seed/seed_9999/student_A_KD_from_RF_test_predictions.csv,5ca8b2581b4b60d2a37c9ae88af61efb1ad80c4c76aa73f6a07afa258f7e3e49,9.699999999890352e-07,2e-06,54174,0,0,54174,54174.0,0.988518477498431,0.9031253920091558,0.9292986788444122,0.9144536727097436,"[[885.0,0.0,128.0,0.0,2.0],[1.0,471.0,0.0,2.0,0.0],[294.0,0.0,1588.0,8.0,0.0],[0.0,59.0,58.0,49676.0,14.0],[0.0,0.0,0.0,56.0,932.0]]"
row_level,9999,student,student_A,E2_KD_from_MLP,results/wsnds/evidence_completion_20260811/fgds_controlled_full_routes_10seed_v2/seed_9999/student_A_E2_KD_from_MLP_test_predictions.npz,f72a47c139ad890c28099004b4173dd20480c7849a1ae5a9acc4753edcfaa854,9.5367431640625e-07,2e-06,54174,0,0,56301,56301.0,0.9857906609118844,0.9012322419304454,0.9324221960958861,0.9143754691734248,"[[1473.0,0.0,117.0,0.0,0.0],[0.0,493.0,0.0,2.0,0.0],[424.0,0.0,1723.0,2.0,0.0],[1.0,60.0,79.0,50873.0,57.0],[1.0,0.0,1.0,56.0,939.0]]"
inverse_test_group_size,9999,student,student_A,E2_KD_from_MLP,results/wsnds/evidence_completion_20260811/fgds_controlled_full_routes_10seed_v2/seed_9999/student_A_E2_KD_from_MLP_test_predictions.npz,f72a47c139ad890c28099004b4173dd20480c7849a1ae5a9acc4753edcfaa854,9.5367431640625e-07,2e-06,54174,0,0,56301,54174.0,0.9878724111197253,0.8962647567613008,0.9372083837548099,0.913410889101538,"[[943.9999999999995,0.0,71.00000000000003,0.0,0.0],[0.0,472.0,0.0,2.0,0.0],[334.0,0.0,1554.9999999999998,1.0,0.0],[1.0,60.0,75.0,49616.00000000006,55.0],[1.0,0.0,1.0,56.0,930.0]]"
pure_group_representative,9999,student,student_A,E2_KD_from_MLP,results/wsnds/evidence_completion_20260811/fgds_controlled_full_routes_10seed_v2/seed_9999/student_A_E2_KD_from_MLP_test_predictions.npz,f72a47c139ad890c28099004b4173dd20480c7849a1ae5a9acc4753edcfaa854,9.5367431640625e-07,2e-06,54174,0,0,54174,54174.0,0.9878724111197253,0.8962647567613005,0.9372083837548099,0.913410889101538,"[[944.0,0.0,71.0,0.0,0.0],[0.0,472.0,0.0,2.0,0.0],[334.0,0.0,1555.0,1.0,0.0],[1.0,60.0,75.0,49616.0,55.0],[1.0,0.0,1.0,56.0,930.0]]"
row_level,9999,student,student_A,F_KD_from_CL_MLP_fair,results/wsnds/evidence_completion_20260811/fgds_controlled_full_routes_10seed_v2/seed_9999/student_A_F_KD_from_CL_MLP_fair_test_predictions.npz,8cf9322ed7892cf88a377b28ebd2ad1f1ff6af3f94bb5b9ea28b0da02c44d7d6,1.3113021850585938e-06,2e-06,54174,0,0,56301,56301.0,0.9850091472620379,0.8965198906387654,0.9318442160994114,0.9113965291449164,"[[1484.0,0.0,106.0,0.0,0.0],[0.0,493.0,0.0,2.0,0.0],[450.0,0.0,1699.0,0.0,0.0],[0.0,60.0,105.0,50840.0,65.0],[0.0,0.0,0.0,56.0,941.0]]"
inverse_test_group_size,9999,student,student_A,F_KD_from_CL_MLP_fair,results/wsnds/evidence_completion_20260811/fgds_controlled_full_routes_10seed_v2/seed_9999/student_A_F_KD_from_CL_MLP_fair_test_predictions.npz,8cf9322ed7892cf88a377b28ebd2ad1f1ff6af3f94bb5b9ea28b0da02c44d7d6,1.3113021850585938e-06,2e-06,54174,0,0,56301,54174.0,0.9873740170561524,0.8929038218513872,0.9386338048165592,0.9123335539262675,"[[951.9999999999998,0.0,63.00000000000002,0.0,0.0],[0.0,472.0,0.0,2.0,0.0],[339.0000000000001,0.0,1550.9999999999998,0.0,0.0],[0.0,60.0,101.0,49583.00000000006,63.0],[0.0,0.0,0.0,56.0,932.0]]"
pure_group_representative,9999,student,student_A,F_KD_from_CL_MLP_fair,results/wsnds/evidence_completion_20260811/fgds_controlled_full_routes_10seed_v2/seed_9999/student_A_F_KD_from_CL_MLP_fair_test_predictions.npz,8cf9322ed7892cf88a377b28ebd2ad1f1ff6af3f94bb5b9ea28b0da02c44d7d6,1.3113021850585938e-06,2e-06,54174,0,0,54174,54174.0,0.9873740170561524,0.8929038218513871,0.9386338048165592,0.9123335539262675,"[[952.0,0.0,63.0,0.0,0.0],[0.0,472.0,0.0,2.0,0.0],[339.0,0.0,1551.0,0.0,0.0],[0.0,60.0,101.0,49583.0,63.0],[0.0,0.0,0.0,56.0,932.0]]"
row_level,9999,student,student_A,F_KD_from_CL_MLP_ext,results/wsnds/evidence_completion_20260811/fgds_controlled_full_routes_10seed_v2/seed_9999/student_A_F_KD_from_CL_MLP_ext_test_predictions.npz,353a2677c6d58ba2572a07eaf84f5813bc66b3eece8efce5b3b52068ab9a81f4,1.1324882507324219e-06,2e-06,54174,0,0,56301,56301.0,0.9849025772188771,0.8946103481730507,0.9264631995476984,0.9091135769748473,"[[1402.0,0.0,188.0,0.0,0.0],[0.0,493.0,0.0,2.0,0.0],[398.0,0.0,1751.0,0.0,0.0],[1.0,63.0,87.0,50864.0,55.0],[0.0,0.0,0.0,56.0,941.0]]"
inverse_test_group_size,9999,student,student_A,F_KD_from_CL_MLP_ext,results/wsnds/evidence_completion_20260811/fgds_controlled_full_routes_10seed_v2/seed_9999/student_A_F_KD_from_CL_MLP_ext_test_predictions.npz,353a2677c6d58ba2572a07eaf84f5813bc66b3eece8efce5b3b52068ab9a81f4,1.1324882507324219e-06,2e-06,54174,0,0,56301,54174.0,0.9875216893712851,0.893081195832518,0.9325564875138983,0.91069567280114,"[[903.9999999999997,0.0,110.99999999999999,0.0,0.0],[0.0,472.0,0.0,2.0,0.0],[308.00000000000006,0.0,1582.0000000000002,0.0,0.0],[1.0,62.0,84.0,49608.00000000006,52.0],[0.0,0.0,0.0,56.0,932.0]]"
pure_group_representative,9999,student,student_A,F_KD_from_CL_MLP_ext,results/wsnds/evidence_completion_20260811/fgds_controlled_full_routes_10seed_v2/seed_9999/student_A_F_KD_from_CL_MLP_ext_test_predictions.npz,353a2677c6d58ba2572a07eaf84f5813bc66b3eece8efce5b3b52068ab9a81f4,1.1324882507324219e-06,2e-06,54174,0,0,54174,54174.0,0.9875216893712851,0.8930811958325178,0.9325564875138983,0.9106956728011399,"[[904.0,0.0,111.0,0.0,0.0],[0.0,472.0,0.0,2.0,0.0],[308.0,0.0,1582.0,0.0,0.0],[1.0,62.0,84.0,49608.0,52.0],[0.0,0.0,0.0,56.0,932.0]]"
row_level,9999,student,student_A,G_KD_random_pacing,results/wsnds/evidence_completion_20260811/fgds_controlled_full_routes_10seed_v2/seed_9999/student_A_G_KD_random_pacing_test_predictions.npz,4fb63d2b01752531ed013c2958cb3c7f1310813b2ce458d7f491e38af713e4fd,8.642673492431641e-07,2e-06,54174,0,0,56301,56301.0,0.9851157173051989,0.8975923757950769,0.9286242783966634,0.9105617029963741,"[[1459.0,0.0,131.0,0.0,0.0],[0.0,493.0,0.0,2.0,0.0],[448.0,0.0,1699.0,2.0,0.0],[0.0,62.0,86.0,50872.0,50.0],[0.0,0.0,1.0,56.0,940.0]]"
inverse_test_group_size,9999,student,student_A,G_KD_random_pacing,results/wsnds/evidence_completion_20260811/fgds_controlled_full_routes_10seed_v2/seed_9999/student_A_G_KD_random_pacing_test_predictions.npz,4fb63d2b01752531ed013c2958cb3c7f1310813b2ce458d7f491e38af713e4fd,8.642673492431641e-07,2e-06,54174,0,0,56301,54174.0,0.987798574962159,0.8960195217997695,0.9363343670005753,0.913039530825168,"[[937.9999999999998,0.0,77.00000000000003,0.0,0.0],[0.0,472.0,0.0,2.0,0.0],[333.00000000000006,0.0,1555.9999999999993,1.0,0.0],[0.0,61.0,82.0,49616.00000000006,48.0],[0.0,0.0,1.0,56.0,931.0]]"
pure_group_representative,9999,student,student_A,G_KD_random_pacing,results/wsnds/evidence_completion_20260811/fgds_controlled_full_routes_10seed_v2/seed_9999/student_A_G_KD_random_pacing_test_predictions.npz,4fb63d2b01752531ed013c2958cb3c7f1310813b2ce458d7f491e38af713e4fd,8.642673492431641e-07,2e-06,54174,0,0,54174,54174.0,0.987798574962159,0.8960195217997693,0.9363343670005755,0.9130395308251679,"[[938.0,0.0,77.0,0.0,0.0],[0.0,472.0,0.0,2.0,0.0],[333.0,0.0,1556.0,1.0,0.0],[0.0,61.0,82.0,49616.0,48.0],[0.0,0.0,1.0,56.0,931.0]]"
row_level,9999,student,student_A,I_KD_from_SMOTE_MLP,results/wsnds/evidence_completion_20260811/fgds_controlled_full_routes_10seed_v2/seed_9999/student_A_I_KD_from_SMOTE_MLP_test_predictions.npz,c3629249cba473125a3bfb71ef13d948a45e24cea6d279b8ca1048b8facefa1a,1.8477439880371094e-06,2e-06,54174,0,0,56301,56301.0,0.982682367986359,0.878740253454873,0.9192660677200136,0.8972740773307315,"[[1385.0,0.0,205.0,0.0,0.0],[0.0,493.0,0.0,2.0,0.0],[447.0,0.0,1699.0,3.0,0.0],[0.0,60.0,94.0,50808.0,108.0],[0.0,0.0,0.0,56.0,941.0]]"
inverse_test_group_size,9999,student,student_A,I_KD_from_SMOTE_MLP,results/wsnds/evidence_completion_20260811/fgds_controlled_full_routes_10seed_v2/seed_9999/student_A_I_KD_from_SMOTE_MLP_test_predictions.npz,c3629249cba473125a3bfb71ef13d948a45e24cea6d279b8ca1048b8facefa1a,1.8477439880371094e-06,2e-06,54174,0,0,56301,54174.0,0.9857865396684756,0.8787244210527136,0.9275700812922137,0.9006548229509624,"[[896.9999999999995,0.0,117.99999999999996,0.0,0.0],[0.0,472.0,0.0,2.0,0.0],[337.99999999999994,0.0,1550.000000000001,2.0,0.0],[0.0,60.0,90.0,49553.00000000006,104.0],[0.0,0.0,0.0,56.0,932.0]]"
pure_group_representative,9999,student,student_A,I_KD_from_SMOTE_MLP,results/wsnds/evidence_completion_20260811/fgds_controlled_full_routes_10seed_v2/seed_9999/student_A_I_KD_from_SMOTE_MLP_test_predictions.npz,c3629249cba473125a3bfb71ef13d948a45e24cea6d279b8ca1048b8facefa1a,1.8477439880371094e-06,2e-06,54174,0,0,54174,54174.0,0.9857865396684756,0.8787244210527133,0.9275700812922137,0.9006548229509622,"[[897.0,0.0,118.0,0.0,0.0],[0.0,472.0,0.0,2.0,0.0],[338.0,0.0,1550.0,2.0,0.0],[0.0,60.0,90.0,49553.0,104.0],[0.0,0.0,0.0,56.0,932.0]]"
row_level,9999,student,student_A,J_CoDistill_RF_CL,results/wsnds/evidence_completion_20260811/fgds_controlled_full_routes_10seed_v2/seed_9999/student_A_J_CoDistill_RF_CL_test_predictions.npz,9d2e01be9cd2449babfc81ecaf9162290a7adcc7cbd0a64804a29b182b0797d8,8.344650268554688e-07,2e-06,54174,0,0,56301,56301.0,0.9851157173051989,0.8978630851608308,0.9233178635403746,0.9093615669870946,"[[1378.0,0.0,212.0,0.0,0.0],[0.0,493.0,0.0,2.0,0.0],[397.0,0.0,1748.0,4.0,0.0],[0.0,60.0,69.0,50903.0,38.0],[0.0,0.0,0.0,56.0,941.0]]"
inverse_test_group_size,9999,student,student_A,J_CoDistill_RF_CL,results/wsnds/evidence_completion_20260811/fgds_controlled_full_routes_10seed_v2/seed_9999/student_A_J_CoDistill_RF_CL_test_predictions.npz,9d2e01be9cd2449babfc81ecaf9162290a7adcc7cbd0a64804a29b182b0797d8,8.344650268554688e-07,2e-06,54174,0,0,56301,54174.0,0.9878539520803338,0.8965233943206921,0.9297822367054493,0.911066079997326,"[[893.9999999999997,0.0,120.99999999999996,0.0,0.0],[0.0,472.0,0.0,2.0,0.0],[314.0,0.0,1573.0000000000007,3.0,0.0],[0.0,60.0,66.0,49645.00000000006,36.0],[0.0,0.0,0.0,56.0,932.0]]"
pure_group_representative,9999,student,student_A,J_CoDistill_RF_CL,results/wsnds/evidence_completion_20260811/fgds_controlled_full_routes_10seed_v2/seed_9999/student_A_J_CoDistill_RF_CL_test_predictions.npz,9d2e01be9cd2449babfc81ecaf9162290a7adcc7cbd0a64804a29b182b0797d8,8.344650268554688e-07,2e-06,54174,0,0,54174,54174.0,0.9878539520803338,0.8965233943206918,0.9297822367054493,0.9110660799973258,"[[894.0,0.0,121.0,0.0,0.0],[0.0,472.0,0.0,2.0,0.0],[314.0,0.0,1573.0,3.0,0.0],[0.0,60.0,66.0,49645.0,36.0],[0.0,0.0,0.0,56.0,932.0]]"
row_level,9999,student,student_B,D_Small_MLP,results/wsnds/confirmation_runs_v2/local_feature_group_10seed_20260811/feature_group_10seed/seed_9999/student_B_Small_MLP_scratch_test_predictions.csv,6123415498a992fe2c117d376fdfb6239a20eaf21815167713b5de1cfe535a25,0.0,2e-06,54174,0,0,56301,56301.0,0.9888456688158292,0.91713661316141,0.9515705260144823,0.9326280135738958,"[[1527.0,0.0,63.0,0.0,0.0],[0.0,493.0,0.0,2.0,0.0],[295.0,0.0,1852.0,2.0,0.0],[2.0,62.0,77.0,50860.0,69.0],[0.0,0.0,0.0,56.0,941.0]]"
inverse_test_group_size,9999,student,student_B,D_Small_MLP,results/wsnds/confirmation_runs_v2/local_feature_group_10seed_20260811/feature_group_10seed/seed_9999/student_B_Small_MLP_scratch_test_predictions.csv,6123415498a992fe2c117d376fdfb6239a20eaf21815167713b5de1cfe535a25,0.0,2e-06,54174,0,0,56301,54174.0,0.9898659873740171,0.909784961873784,0.9522517904197872,0.9288535653473208,"[[967.0,0.0,48.000000000000036,0.0,0.0],[0.0,472.0,0.0,2.0,0.0],[238.00000000000006,0.0,1651.0000000000002,1.0,0.0],[2.0,62.0,74.0,49603.00000000006,66.0],[0.0,0.0,0.0,56.0,932.0]]"
pure_group_representative,9999,student,student_B,D_Small_MLP,results/wsnds/confirmation_runs_v2/local_feature_group_10seed_20260811/feature_group_10seed/seed_9999/student_B_Small_MLP_scratch_test_predictions.csv,6123415498a992fe2c117d376fdfb6239a20eaf21815167713b5de1cfe535a25,0.0,2e-06,54174,0,0,54174,54174.0,0.9898659873740171,0.9097849618737837,0.9522517904197872,0.9288535653473206,"[[967.0,0.0,48.0,0.0,0.0],[0.0,472.0,0.0,2.0,0.0],[238.0,0.0,1651.0,1.0,0.0],[2.0,62.0,74.0,49603.0,66.0],[0.0,0.0,0.0,56.0,932.0]]"
row_level,9999,student,student_B,E_KD_from_RF,results/wsnds/confirmation_runs_v2/local_feature_group_10seed_20260811/feature_group_10seed/seed_9999/student_B_KD_from_RF_test_predictions.csv,e583864854fc47c63bc40939ed62eea7cb4e220680e059e72d5a428c4f3e76ee,0.0,2e-06,54174,0,0,56301,56301.0,0.986856361343493,0.9108465798034515,0.9302024870473975,0.9186284143799993,"[[1435.0,0.0,153.0,0.0,2.0],[0.0,493.0,0.0,2.0,0.0],[395.0,0.0,1743.0,10.0,1.0],[0.0,59.0,47.0,50949.0,15.0],[0.0,0.0,0.0,56.0,941.0]]"
inverse_test_group_size,9999,student,student_B,E_KD_from_RF,results/wsnds/confirmation_runs_v2/local_feature_group_10seed_20260811/feature_group_10seed/seed_9999/student_B_KD_from_RF_test_predictions.csv,e583864854fc47c63bc40939ed62eea7cb4e220680e059e72d5a428c4f3e76ee,0.0,2e-06,54174,0,0,56301,54174.0,0.9891091667589619,0.9076076387297807,0.9358950584700387,0.9188266587014107,"[[928.9999999999999,0.0,83.99999999999999,0.0,2.0],[0.0,472.0,0.0,2.0,0.0],[315.99999999999994,0.0,1564.0000000000002,9.0,1.0],[0.0,59.0,46.0,49687.00000000006,15.0],[0.0,0.0,0.0,56.0,932.0]]"
pure_group_representative,9999,student,student_B,E_KD_from_RF,results/wsnds/confirmation_runs_v2/local_feature_group_10seed_20260811/feature_group_10seed/seed_9999/student_B_KD_from_RF_test_predictions.csv,e583864854fc47c63bc40939ed62eea7cb4e220680e059e72d5a428c4f3e76ee,0.0,2e-06,54174,0,0,54174,54174.0,0.9891091667589619,0.9076076387297805,0.9358950584700387,0.9188266587014106,"[[929.0,0.0,84.0,0.0,2.0],[0.0,472.0,0.0,2.0,0.0],[316.0,0.0,1564.0,9.0,1.0],[0.0,59.0,46.0,49687.0,15.0],[0.0,0.0,0.0,56.0,932.0]]"
row_level,9999,student,student_B,E2_KD_from_MLP,results/wsnds/evidence_completion_20260811/fgds_controlled_full_routes_10seed_v2/seed_9999/student_B_E2_KD_from_MLP_test_predictions.npz,170b53491a94896178473bfbdd4136eded13bc1098fe5c30badbae704acc0e9c,0.0,2e-06,54174,0,0,56301,56301.0,0.9877266833626401,0.9129245709847236,0.9438822308287621,0.9257282576776019,"[[1529.0,0.0,61.0,0.0,0.0],[0.0,493.0,0.0,2.0,0.0],[381.0,0.0,1768.0,0.0,0.0],[0.0,60.0,77.0,50880.0,53.0],[0.0,0.0,1.0,56.0,940.0]]"
inverse_test_group_size,9999,student,student_B,E2_KD_from_MLP,results/wsnds/evidence_completion_20260811/fgds_controlled_full_routes_10seed_v2/seed_9999/student_B_E2_KD_from_MLP_test_predictions.npz,170b53491a94896178473bfbdd4136eded13bc1098fe5c30badbae704acc0e9c,0.0,2e-06,54174,0,0,56301,54174.0,0.989330675231661,0.9068918986515087,0.9469590819580562,0.9240530939919601,"[[965.9999999999999,0.0,49.000000000000036,0.0,0.0],[0.0,472.0,0.0,2.0,0.0],[286.0000000000001,0.0,1603.9999999999993,0.0,0.0],[0.0,60.0,73.0,49623.00000000006,51.0],[0.0,0.0,1.0,56.0,931.0]]"
pure_group_representative,9999,student,student_B,E2_KD_from_MLP,results/wsnds/evidence_completion_20260811/fgds_controlled_full_routes_10seed_v2/seed_9999/student_B_E2_KD_from_MLP_test_predictions.npz,170b53491a94896178473bfbdd4136eded13bc1098fe5c30badbae704acc0e9c,0.0,2e-06,54174,0,0,54174,54174.0,0.989330675231661,0.9068918986515083,0.9469590819580562,0.92405309399196,"[[966.0,0.0,49.0,0.0,0.0],[0.0,472.0,0.0,2.0,0.0],[286.0,0.0,1604.0,0.0,0.0],[0.0,60.0,73.0,49623.0,51.0],[0.0,0.0,1.0,56.0,931.0]]"
row_level,9999,student,student_B,F_KD_from_CL_MLP_fair,results/wsnds/evidence_completion_20260811/fgds_controlled_full_routes_10seed_v2/seed_9999/student_B_F_KD_from_CL_MLP_fair_test_predictions.npz,c63e3b4cdea3a071c992e1c5dc86c511f73248f016d33be690048d0aa8b3f2a3,0.0,2e-06,54174,0,0,56301,56301.0,0.9876378749933393,0.9126386290890564,0.9451581769635737,0.9266604075187198,"[[1525.0,0.0,65.0,0.0,0.0],[0.0,493.0,0.0,2.0,0.0],[361.0,0.0,1788.0,0.0,0.0],[0.0,59.0,100.0,50859.0,52.0],[0.0,0.0,1.0,56.0,940.0]]"
inverse_test_group_size,9999,student,student_B,F_KD_from_CL_MLP_fair,results/wsnds/evidence_completion_20260811/fgds_controlled_full_routes_10seed_v2/seed_9999/student_B_F_KD_from_CL_MLP_fair_test_predictions.npz,c63e3b4cdea3a071c992e1c5dc86c511f73248f016d33be690048d0aa8b3f2a3,0.0,2e-06,54174,0,0,56301,54174.0,0.9892568390740946,0.9072625724942018,0.9486736982605818,0.9255005510295249,"[[965.9999999999998,0.0,49.000000000000036,0.0,0.0],[0.0,472.0,0.0,2.0,0.0],[269.00000000000017,0.0,1620.9999999999995,0.0,0.0],[0.0,59.0,96.0,49602.00000000006,50.0],[0.0,0.0,1.0,56.0,931.0]]"
pure_group_representative,9999,student,student_B,F_KD_from_CL_MLP_fair,results/wsnds/evidence_completion_20260811/fgds_controlled_full_routes_10seed_v2/seed_9999/student_B_F_KD_from_CL_MLP_fair_test_predictions.npz,c63e3b4cdea3a071c992e1c5dc86c511f73248f016d33be690048d0aa8b3f2a3,0.0,2e-06,54174,0,0,54174,54174.0,0.9892568390740946,0.9072625724942014,0.9486736982605818,0.9255005510295244,"[[966.0,0.0,49.0,0.0,0.0],[0.0,472.0,0.0,2.0,0.0],[269.0,0.0,1621.0,0.0,0.0],[0.0,59.0,96.0,49602.0,50.0],[0.0,0.0,1.0,56.0,931.0]]"
row_level,9999,student,student_B,F_KD_from_CL_MLP_ext,results/wsnds/evidence_completion_20260811/fgds_controlled_full_routes_10seed_v2/seed_9999/student_B_F_KD_from_CL_MLP_ext_test_predictions.npz,6b322f90462d1c25ce12a6fd533825cf67055dbf50d0b685e4ea5c73e527c509,0.0,2e-06,54174,0,0,56301,56301.0,0.987105024777535,0.9072020920093637,0.9394811599633559,0.9221663664336563,"[[1445.0,0.0,145.0,0.0,0.0],[0.0,493.0,0.0,2.0,0.0],[314.0,0.0,1835.0,0.0,0.0],[0.0,65.0,89.0,50862.0,54.0],[0.0,0.0,1.0,56.0,940.0]]"
inverse_test_group_size,9999,student,student_B,F_KD_from_CL_MLP_ext,results/wsnds/evidence_completion_20260811/fgds_controlled_full_routes_10seed_v2/seed_9999/student_B_F_KD_from_CL_MLP_ext_test_predictions.npz,6b322f90462d1c25ce12a6fd533825cf67055dbf50d0b685e4ea5c73e527c509,0.0,2e-06,54174,0,0,56301,54174.0,0.9889984125226123,0.9039045976439155,0.9435009261055478,0.9219376591255302,"[[929.9999999999999,0.0,85.00000000000006,0.0,0.0],[0.0,472.0,0.0,2.0,0.0],[250.99999999999994,0.0,1638.9999999999998,0.0,0.0],[0.0,64.0,85.0,49606.00000000006,52.0],[0.0,0.0,1.0,56.0,931.0]]"
pure_group_representative,9999,student,student_B,F_KD_from_CL_MLP_ext,results/wsnds/evidence_completion_20260811/fgds_controlled_full_routes_10seed_v2/seed_9999/student_B_F_KD_from_CL_MLP_ext_test_predictions.npz,6b322f90462d1c25ce12a6fd533825cf67055dbf50d0b685e4ea5c73e527c509,0.0,2e-06,54174,0,0,54174,54174.0,0.9889984125226123,0.9039045976439152,0.9435009261055478,0.9219376591255299,"[[930.0,0.0,85.0,0.0,0.0],[0.0,472.0,0.0,2.0,0.0],[251.0,0.0,1639.0,0.0,0.0],[0.0,64.0,85.0,49606.0,52.0],[0.0,0.0,1.0,56.0,931.0]]"
row_level,9999,student,student_B,G_KD_random_pacing,results/wsnds/evidence_completion_20260811/fgds_controlled_full_routes_10seed_v2/seed_9999/student_B_G_KD_random_pacing_test_predictions.npz,48b3b009a1a56913a0d090281d9df2da0924313925ddc96e34575c6c8c1f3bc1,0.0,2e-06,54174,0,0,56301,56301.0,0.9871227864513952,0.9081173437861683,0.938057735782904,0.9222387255189289,"[[1415.0,0.0,175.0,0.0,0.0],[0.0,493.0,0.0,2.0,0.0],[288.0,0.0,1860.0,1.0,0.0],[1.0,63.0,87.0,50868.0,51.0],[0.0,0.0,1.0,56.0,940.0]]"
inverse_test_group_size,9999,student,student_B,G_KD_random_pacing,results/wsnds/evidence_completion_20260811/fgds_controlled_full_routes_10seed_v2/seed_9999/student_B_G_KD_random_pacing_test_predictions.npz,48b3b009a1a56913a0d090281d9df2da0924313925ddc96e34575c6c8c1f3bc1,0.0,2e-06,54174,0,0,56301,54174.0,0.9892568390740946,0.9066757130944335,0.9431856649720661,0.9235969741917834,"[[916.9999999999999,0.0,97.99999999999994,0.0,0.0],[0.0,472.0,0.0,2.0,0.0],[228.99999999999997,0.0,1659.9999999999995,1.0,0.0],[1.0,62.0,83.0,49612.00000000006,49.0],[0.0,0.0,1.0,56.0,931.0]]"
pure_group_representative,9999,student,student_B,G_KD_random_pacing,results/wsnds/evidence_completion_20260811/fgds_controlled_full_routes_10seed_v2/seed_9999/student_B_G_KD_random_pacing_test_predictions.npz,48b3b009a1a56913a0d090281d9df2da0924313925ddc96e34575c6c8c1f3bc1,0.0,2e-06,54174,0,0,54174,54174.0,0.9892568390740946,0.9066757130944332,0.9431856649720662,0.9235969741917834,"[[917.0,0.0,98.0,0.0,0.0],[0.0,472.0,0.0,2.0,0.0],[229.0,0.0,1660.0,1.0,0.0],[1.0,62.0,83.0,49612.0,49.0],[0.0,0.0,1.0,56.0,931.0]]"
row_level,9999,student,student_B,I_KD_from_SMOTE_MLP,results/wsnds/evidence_completion_20260811/fgds_controlled_full_routes_10seed_v2/seed_9999/student_B_I_KD_from_SMOTE_MLP_test_predictions.npz,351ee0fbcd5fad901674c54952f7dea443d412a68eed3e6853a95d8c7fb2e03e,0.0,2e-06,54174,0,0,56301,56301.0,0.9856840908687234,0.8970884263352776,0.9362889625616655,0.9148788602051134,"[[1466.0,0.0,124.0,0.0,0.0],[0.0,493.0,0.0,2.0,0.0],[375.0,0.0,1774.0,0.0,0.0],[0.0,60.0,93.0,50822.0,95.0],[0.0,0.0,1.0,56.0,940.0]]"
inverse_test_group_size,9999,student,student_B,I_KD_from_SMOTE_MLP,results/wsnds/evidence_completion_20260811/fgds_controlled_full_routes_10seed_v2/seed_9999/student_B_I_KD_from_SMOTE_MLP_test_predictions.npz,351ee0fbcd5fad901674c54952f7dea443d412a68eed3e6853a95d8c7fb2e03e,0.0,2e-06,54174,0,0,56301,54174.0,0.9877247388045927,0.8933060696691777,0.9408294487953581,0.9148045528386897,"[[934.9999999999999,0.0,79.99999999999999,0.0,0.0],[0.0,472.0,0.0,2.0,0.0],[284.0000000000001,0.0,1605.9999999999995,0.0,0.0],[0.0,60.0,89.0,49565.00000000006,93.0],[0.0,0.0,1.0,56.0,931.0]]"
pure_group_representative,9999,student,student_B,I_KD_from_SMOTE_MLP,results/wsnds/evidence_completion_20260811/fgds_controlled_full_routes_10seed_v2/seed_9999/student_B_I_KD_from_SMOTE_MLP_test_predictions.npz,351ee0fbcd5fad901674c54952f7dea443d412a68eed3e6853a95d8c7fb2e03e,0.0,2e-06,54174,0,0,54174,54174.0,0.9877247388045927,0.8933060696691776,0.9408294487953581,0.9148045528386894,"[[935.0,0.0,80.0,0.0,0.0],[0.0,472.0,0.0,2.0,0.0],[284.0,0.0,1606.0,0.0,0.0],[0.0,60.0,89.0,49565.0,93.0],[0.0,0.0,1.0,56.0,931.0]]"
row_level,9999,student,student_B,J_CoDistill_RF_CL,results/wsnds/evidence_completion_20260811/fgds_controlled_full_routes_10seed_v2/seed_9999/student_B_J_CoDistill_RF_CL_test_predictions.npz,eafbc23dcdf6f80d292cc862eda351e9446a07a270220496087265c95b810471,0.0,2e-06,54174,0,0,56301,56301.0,0.9867142679526119,0.9087502270390315,0.9340018749796108,0.9194025926859227,"[[1460.0,0.0,130.0,0.0,0.0],[0.0,493.0,0.0,2.0,0.0],[393.0,0.0,1754.0,2.0,0.0],[0.0,60.0,76.0,50906.0,28.0],[0.0,0.0,1.0,56.0,940.0]]"
inverse_test_group_size,9999,student,student_B,J_CoDistill_RF_CL,results/wsnds/evidence_completion_20260811/fgds_controlled_full_routes_10seed_v2/seed_9999/student_B_J_CoDistill_RF_CL_test_predictions.npz,eafbc23dcdf6f80d292cc862eda351e9446a07a270220496087265c95b810471,0.0,2e-06,54174,0,0,56301,54174.0,0.9891645438771366,0.9070810567042559,0.9410091120455494,0.9215909746361517,"[[937.9999999999999,0.0,76.99999999999999,0.0,0.0],[0.0,472.0,0.0,2.0,0.0],[290.00000000000017,0.0,1598.9999999999993,1.0,0.0],[0.0,60.0,73.0,49647.00000000006,27.0],[0.0,0.0,1.0,56.0,931.0]]"
pure_group_representative,9999,student,student_B,J_CoDistill_RF_CL,results/wsnds/evidence_completion_20260811/fgds_controlled_full_routes_10seed_v2/seed_9999/student_B_J_CoDistill_RF_CL_test_predictions.npz,eafbc23dcdf6f80d292cc862eda351e9446a07a270220496087265c95b810471,0.0,2e-06,54174,0,0,54174,54174.0,0.9891645438771366,0.9070810567042557,0.9410091120455496,0.9215909746361517,"[[938.0,0.0,77.0,0.0,0.0],[0.0,472.0,0.0,2.0,0.0],[290.0,0.0,1599.0,1.0,0.0],[0.0,60.0,73.0,49647.0,27.0],[0.0,0.0,1.0,56.0,931.0]]"
