view,seed,category,student,route,class_id,class_name,precision,recall,f1,support
row_level,42,teacher,,A_RF_500_uncalibrated,0,Blackhole,0.9844623990055935,0.9962264150943396,0.9903094717099094,1590.0
row_level,42,teacher,,A_RF_500_uncalibrated,1,Flooding,0.9232209737827716,0.9959595959595959,0.9582118561710399,495.0
row_level,42,teacher,,A_RF_500_uncalibrated,2,Grayhole,0.9859154929577465,0.9771986970684039,0.9815377424631924,2149.0
row_level,42,teacher,,A_RF_500_uncalibrated,3,Normal,0.9983752569247333,0.9986684942236147,0.9985218540453232,51070.0
row_level,42,teacher,,A_RF_500_uncalibrated,4,TDMA,0.9968186638388123,0.9428284854563691,0.9690721649484536,997.0
inverse_test_group_size,42,teacher,,A_RF_500_uncalibrated,0,Blackhole,0.9824732229795525,0.994088669950739,0.9882468168462294,1014.9999999999998
inverse_test_group_size,42,teacher,,A_RF_500_uncalibrated,1,Flooding,0.9200779727095516,0.9957805907172996,0.9564336372847011,474.0
inverse_test_group_size,42,teacher,,A_RF_500_uncalibrated,2,Grayhole,0.9840425531914894,0.9788359788359787,0.9814323607427056,1890.0000000000002
inverse_test_group_size,42,teacher,,A_RF_500_uncalibrated,3,Normal,0.9983741469289442,0.998634730058024,0.9985044214921658,49807.00000000006
inverse_test_group_size,42,teacher,,A_RF_500_uncalibrated,4,TDMA,0.9967880085653105,0.9423076923076923,0.9687825182101977,988.0
pure_group_representative,42,teacher,,A_RF_500_uncalibrated,0,Blackhole,0.9824732229795521,0.994088669950739,0.9882468168462292,1015.0
pure_group_representative,42,teacher,,A_RF_500_uncalibrated,1,Flooding,0.9200779727095516,0.9957805907172996,0.9564336372847011,474.0
pure_group_representative,42,teacher,,A_RF_500_uncalibrated,2,Grayhole,0.9840425531914894,0.9788359788359788,0.9814323607427056,1890.0
pure_group_representative,42,teacher,,A_RF_500_uncalibrated,3,Normal,0.9983741469289442,0.998634730058024,0.9985044214921658,49807.0
pure_group_representative,42,teacher,,A_RF_500_uncalibrated,4,TDMA,0.9967880085653105,0.9423076923076923,0.9687825182101977,988.0
row_level,42,teacher,,A_calibrated_RF_KD_teacher,0,Blackhole,0.9855979962429555,0.989937106918239,0.9877627863194226,1590.0
row_level,42,teacher,,A_calibrated_RF_KD_teacher,1,Flooding,0.9283018867924528,0.9939393939393939,0.96,495.0
row_level,42,teacher,,A_calibrated_RF_KD_teacher,2,Grayhole,0.9799813780260708,0.9795253606328524,0.9797533162671631,2149.0
row_level,42,teacher,,A_calibrated_RF_KD_teacher,3,Normal,0.9984143763213531,0.9986880751909144,0.9985512070011943,51070.0
row_level,42,teacher,,A_calibrated_RF_KD_teacher,4,TDMA,0.9968152866242038,0.9418254764292878,0.9685404847859721,997.0
inverse_test_group_size,42,teacher,,A_calibrated_RF_KD_teacher,0,Blackhole,0.984267453294002,0.9862068965517242,0.9852362204724411,1014.9999999999998
inverse_test_group_size,42,teacher,,A_calibrated_RF_KD_teacher,1,Flooding,0.925343811394892,0.9936708860759493,0.9582909460834181,474.0
inverse_test_group_size,42,teacher,,A_calibrated_RF_KD_teacher,2,Grayhole,0.978364116094987,0.9809523809523808,0.9796565389696169,1890.0000000000002
inverse_test_group_size,42,teacher,,A_calibrated_RF_KD_teacher,3,Normal,0.9983942191890807,0.9986548075571707,0.9985244963714656,49807.00000000006
inverse_test_group_size,42,teacher,,A_calibrated_RF_KD_teacher,4,TDMA,0.9967845659163987,0.9412955465587044,0.9682457053617908,988.0
pure_group_representative,42,teacher,,A_calibrated_RF_KD_teacher,0,Blackhole,0.984267453294002,0.9862068965517241,0.985236220472441,1015.0
pure_group_representative,42,teacher,,A_calibrated_RF_KD_teacher,1,Flooding,0.925343811394892,0.9936708860759493,0.9582909460834181,474.0
pure_group_representative,42,teacher,,A_calibrated_RF_KD_teacher,2,Grayhole,0.9783641160949869,0.9809523809523809,0.9796565389696169,1890.0
pure_group_representative,42,teacher,,A_calibrated_RF_KD_teacher,3,Normal,0.9983942191890807,0.9986548075571707,0.9985244963714656,49807.0
pure_group_representative,42,teacher,,A_calibrated_RF_KD_teacher,4,TDMA,0.9967845659163987,0.9412955465587044,0.9682457053617908,988.0
row_level,42,teacher,,B_Full_MLP,0,Blackhole,0.7983870967741935,0.9339622641509434,0.8608695652173913,1590.0
row_level,42,teacher,,B_Full_MLP,1,Flooding,0.8787878787878788,0.9959595959595959,0.9337121212121212,495.0
row_level,42,teacher,,B_Full_MLP,2,Grayhole,0.898176291793313,0.8250348999534667,0.8600533592044628,2149.0
row_level,42,teacher,,B_Full_MLP,3,Normal,0.9988413424716718,0.9959271588016448,0.997382121951937,51070.0
row_level,42,teacher,,B_Full_MLP,4,TDMA,0.9543147208121827,0.9428284854563691,0.9485368314833501,997.0
inverse_test_group_size,42,teacher,,B_Full_MLP,0,Blackhole,0.7715447154471559,0.9349753694581284,0.845434298440981,1014.9999999999998
inverse_test_group_size,42,teacher,,B_Full_MLP,1,Flooding,0.87569573283859,0.9957805907172996,0.9318854886475815,474.0
inverse_test_group_size,42,teacher,,B_Full_MLP,2,Grayhole,0.9105322763306904,0.8507936507936504,0.8796498905908092,1890.0000000000002
inverse_test_group_size,42,teacher,,B_Full_MLP,3,Normal,0.9988120406725058,0.9959644226715121,0.9973861991314139,49807.00000000006
inverse_test_group_size,42,teacher,,B_Full_MLP,4,TDMA,0.9558521560574949,0.9423076923076923,0.9490316004077471,988.0
pure_group_representative,42,teacher,,B_Full_MLP,0,Blackhole,0.7715447154471544,0.9349753694581281,0.84543429844098,1015.0
pure_group_representative,42,teacher,,B_Full_MLP,1,Flooding,0.87569573283859,0.9957805907172996,0.9318854886475815,474.0
pure_group_representative,42,teacher,,B_Full_MLP,2,Grayhole,0.9105322763306908,0.8507936507936508,0.8796498905908097,1890.0
pure_group_representative,42,teacher,,B_Full_MLP,3,Normal,0.9988120406725058,0.9959644226715121,0.9973861991314139,49807.0
pure_group_representative,42,teacher,,B_Full_MLP,4,TDMA,0.9558521560574949,0.9423076923076923,0.9490316004077471,988.0
row_level,42,teacher,,C_CL_MLP_loss_fair,0,Blackhole,0.760549558390579,0.9748427672955975,0.8544652701212789,1590.0
row_level,42,teacher,,C_CL_MLP_loss_fair,1,Flooding,0.8850987432675045,0.9959595959595959,0.9372623574144486,495.0
row_level,42,teacher,,C_CL_MLP_loss_fair,2,Grayhole,0.9259052924791087,0.7733829688227082,0.8427991886409736,2149.0
row_level,42,teacher,,C_CL_MLP_loss_fair,3,Normal,0.9988414107297149,0.9959859017035442,0.9974116124477911,51070.0
row_level,42,teacher,,C_CL_MLP_loss_fair,4,TDMA,0.9533941236068896,0.9438314944834504,0.9485887096774194,997.0
inverse_test_group_size,42,teacher,,C_CL_MLP_loss_fair,0,Blackhole,0.725519287833829,0.9635467980295566,0.827761320355481,1014.9999999999998
inverse_test_group_size,42,teacher,,C_CL_MLP_loss_fair,1,Flooding,0.8822429906542056,0.9957805907172996,0.9355797819623389,474.0
inverse_test_group_size,42,teacher,,C_CL_MLP_loss_fair,2,Grayhole,0.923497267759563,0.8047619047619043,0.8600508905852415,1890.0000000000002
inverse_test_group_size,42,teacher,,C_CL_MLP_loss_fair,3,Normal,0.998812112426512,0.9960246551689521,0.9974164362905252,49807.00000000006
inverse_test_group_size,42,teacher,,C_CL_MLP_loss_fair,4,TDMA,0.9549180327868853,0.9433198380566802,0.9490835030549898,988.0
pure_group_representative,42,teacher,,C_CL_MLP_loss_fair,0,Blackhole,0.7255192878338279,0.9635467980295567,0.8277613203554803,1015.0
pure_group_representative,42,teacher,,C_CL_MLP_loss_fair,1,Flooding,0.8822429906542056,0.9957805907172996,0.9355797819623389,474.0
pure_group_representative,42,teacher,,C_CL_MLP_loss_fair,2,Grayhole,0.9234972677595629,0.8047619047619048,0.8600508905852418,1890.0
pure_group_representative,42,teacher,,C_CL_MLP_loss_fair,3,Normal,0.998812112426512,0.9960246551689521,0.9974164362905252,49807.0
pure_group_representative,42,teacher,,C_CL_MLP_loss_fair,4,TDMA,0.9549180327868853,0.9433198380566802,0.9490835030549898,988.0
row_level,42,teacher,,C_CL_MLP_loss_ext,0,Blackhole,0.7824947589098532,0.9389937106918239,0.8536306460834763,1590.0
row_level,42,teacher,,C_CL_MLP_loss_ext,1,Flooding,0.8835125448028673,0.9959595959595959,0.936372269705603,495.0
row_level,42,teacher,,C_CL_MLP_loss_ext,2,Grayhole,0.8957150232318017,0.8073522568636575,0.8492413117963779,2149.0
row_level,42,teacher,,C_CL_MLP_loss_ext,3,Normal,0.9988607793840352,0.9957705110632465,0.9973132513580828,51070.0
row_level,42,teacher,,C_CL_MLP_loss_ext,4,TDMA,0.9533468559837728,0.9428284854563691,0.9480584972264247,997.0
inverse_test_group_size,42,teacher,,C_CL_MLP_loss_ext,0,Blackhole,0.751181102362206,0.9399014778325123,0.835010940919038,1014.9999999999998
inverse_test_group_size,42,teacher,,C_CL_MLP_loss_ext,1,Flooding,0.8805970149253731,0.9957805907172996,0.9346534653465347,474.0
inverse_test_group_size,42,teacher,,C_CL_MLP_loss_ext,2,Grayhole,0.9067357512953363,0.8333333333333327,0.8684863523573196,1890.0000000000002
inverse_test_group_size,42,teacher,,C_CL_MLP_loss_ext,3,Normal,0.9988319639117126,0.9958038026783383,0.9973155846897841,49807.00000000006
inverse_test_group_size,42,teacher,,C_CL_MLP_loss_ext,4,TDMA,0.9548717948717949,0.9423076923076923,0.9485481406011207,988.0
pure_group_representative,42,teacher,,C_CL_MLP_loss_ext,0,Blackhole,0.7511811023622047,0.9399014778325123,0.8350109409190372,1015.0
pure_group_representative,42,teacher,,C_CL_MLP_loss_ext,1,Flooding,0.8805970149253731,0.9957805907172996,0.9346534653465347,474.0
pure_group_representative,42,teacher,,C_CL_MLP_loss_ext,2,Grayhole,0.9067357512953368,0.8333333333333334,0.8684863523573201,1890.0
pure_group_representative,42,teacher,,C_CL_MLP_loss_ext,3,Normal,0.9988319639117126,0.9958038026783383,0.9973155846897841,49807.0
pure_group_representative,42,teacher,,C_CL_MLP_loss_ext,4,TDMA,0.9548717948717949,0.9423076923076923,0.9485481406011207,988.0
row_level,42,teacher,,C2_CL_MLP_domain,0,Blackhole,0.7813504823151125,0.9169811320754717,0.84375,1590.0
row_level,42,teacher,,C2_CL_MLP_domain,1,Flooding,0.8898916967509025,0.9959595959595959,0.9399428026692088,495.0
row_level,42,teacher,,C2_CL_MLP_domain,2,Grayhole,0.8784056508577195,0.8101442531409958,0.8428951827644638,2149.0
row_level,42,teacher,,C2_CL_MLP_domain,3,Normal,0.9988606227286121,0.9956334442921481,0.9972444226526109,51070.0
row_level,42,teacher,,C2_CL_MLP_domain,4,TDMA,0.9456740442655935,0.9428284854563691,0.9442491210447012,997.0
inverse_test_group_size,42,teacher,,C2_CL_MLP_domain,0,Blackhole,0.7430830039525704,0.9261083743842364,0.8245614035087727,1014.9999999999998
inverse_test_group_size,42,teacher,,C2_CL_MLP_domain,1,Flooding,0.8855534709193246,0.9957805907172996,0.9374379344587885,474.0
inverse_test_group_size,42,teacher,,C2_CL_MLP_domain,2,Grayhole,0.8968481375358163,0.828042328042328,0.8610729023383769,1890.0000000000002
inverse_test_group_size,42,teacher,,C2_CL_MLP_domain,3,Normal,0.9988317757009346,0.9956431826851647,0.9972349303705194,49807.00000000006
inverse_test_group_size,42,teacher,,C2_CL_MLP_domain,4,TDMA,0.9471007121057986,0.9423076923076923,0.9446981227803145,988.0
pure_group_representative,42,teacher,,C2_CL_MLP_domain,0,Blackhole,0.7430830039525692,0.9261083743842364,0.8245614035087719,1015.0
pure_group_representative,42,teacher,,C2_CL_MLP_domain,1,Flooding,0.8855534709193246,0.9957805907172996,0.9374379344587885,474.0
pure_group_representative,42,teacher,,C2_CL_MLP_domain,2,Grayhole,0.8968481375358166,0.828042328042328,0.8610729023383769,1890.0
pure_group_representative,42,teacher,,C2_CL_MLP_domain,3,Normal,0.9988317757009346,0.9956431826851647,0.9972349303705194,49807.0
pure_group_representative,42,teacher,,C2_CL_MLP_domain,4,TDMA,0.9471007121057986,0.9423076923076923,0.9446981227803145,988.0
row_level,42,teacher,,G_random_pacing_teacher,0,Blackhole,0.785639958376691,0.949685534591195,0.8599088838268792,1590.0
row_level,42,teacher,,G_random_pacing_teacher,1,Flooding,0.8725663716814159,0.9959595959595959,0.930188679245283,495.0
row_level,42,teacher,,G_random_pacing_teacher,2,Grayhole,0.9132492113564669,0.808282922289437,0.8575660330782523,2149.0
row_level,42,teacher,,G_random_pacing_teacher,3,Normal,0.9988414107297149,0.9959859017035442,0.9974116124477911,51070.0
row_level,42,teacher,,G_random_pacing_teacher,4,TDMA,0.9524291497975709,0.9438314944834504,0.9481108312342569,997.0
inverse_test_group_size,42,teacher,,G_random_pacing_teacher,0,Blackhole,0.7537138389366705,0.9497536945812806,0.8404533565823894,1014.9999999999998
inverse_test_group_size,42,teacher,,G_random_pacing_teacher,1,Flooding,0.8692449355432781,0.9957805907172996,0.928220255653884,474.0
inverse_test_group_size,42,teacher,,G_random_pacing_teacher,2,Grayhole,0.9226713532513181,0.833333333333333,0.8757297748123434,1890.0000000000002
inverse_test_group_size,42,teacher,,G_random_pacing_teacher,3,Normal,0.998812112426512,0.9960246551689521,0.9974164362905252,49807.00000000006
inverse_test_group_size,42,teacher,,G_random_pacing_teacher,4,TDMA,0.9539406345957011,0.9433198380566802,0.9486005089058525,988.0
pure_group_representative,42,teacher,,G_random_pacing_teacher,0,Blackhole,0.7537138389366693,0.9497536945812808,0.8404533565823888,1015.0
pure_group_representative,42,teacher,,G_random_pacing_teacher,1,Flooding,0.8692449355432781,0.9957805907172996,0.928220255653884,474.0
pure_group_representative,42,teacher,,G_random_pacing_teacher,2,Grayhole,0.9226713532513181,0.8333333333333334,0.8757297748123436,1890.0
pure_group_representative,42,teacher,,G_random_pacing_teacher,3,Normal,0.998812112426512,0.9960246551689521,0.9974164362905252,49807.0
pure_group_representative,42,teacher,,G_random_pacing_teacher,4,TDMA,0.9539406345957011,0.9433198380566802,0.9486005089058525,988.0
row_level,42,teacher,,I_SMOTE_MLP_teacher,0,Blackhole,0.9348086124401914,0.9830188679245283,0.9583077866339669,1590.0
row_level,42,teacher,,I_SMOTE_MLP_teacher,1,Flooding,0.891500904159132,0.9959595959595959,0.9408396946564885,495.0
row_level,42,teacher,,I_SMOTE_MLP_teacher,2,Grayhole,0.9426987060998152,0.949278734295021,0.945977277996754,2149.0
row_level,42,teacher,,I_SMOTE_MLP_teacher,3,Normal,0.9988413197172035,0.995907577834345,0.9973722914011177,51070.0
row_level,42,teacher,,I_SMOTE_MLP_teacher,4,TDMA,0.9485887096774194,0.9438314944834504,0.9462041226747109,997.0
inverse_test_group_size,42,teacher,,I_SMOTE_MLP_teacher,0,Blackhole,0.9210770659238641,0.9773399014778326,0.9483747609942647,1014.9999999999998
inverse_test_group_size,42,teacher,,I_SMOTE_MLP_teacher,1,Flooding,0.8872180451127819,0.9957805907172996,0.9383697813121272,474.0
inverse_test_group_size,42,teacher,,I_SMOTE_MLP_teacher,2,Grayhole,0.9396147839666841,0.9550264550264548,0.9472579375491995,1890.0000000000002
inverse_test_group_size,42,teacher,,I_SMOTE_MLP_teacher,3,Normal,0.9988119928316855,0.9959242676732186,0.997366040012064,49807.00000000006
inverse_test_group_size,42,teacher,,I_SMOTE_MLP_teacher,4,TDMA,0.9500509683995922,0.9433198380566802,0.94667343829355,988.0
pure_group_representative,42,teacher,,I_SMOTE_MLP_teacher,0,Blackhole,0.9210770659238626,0.9773399014778326,0.9483747609942639,1015.0
pure_group_representative,42,teacher,,I_SMOTE_MLP_teacher,1,Flooding,0.8872180451127819,0.9957805907172996,0.9383697813121272,474.0
pure_group_representative,42,teacher,,I_SMOTE_MLP_teacher,2,Grayhole,0.939614783966684,0.955026455026455,0.9472579375491997,1890.0
pure_group_representative,42,teacher,,I_SMOTE_MLP_teacher,3,Normal,0.9988119928316855,0.9959242676732186,0.997366040012064,49807.0
pure_group_representative,42,teacher,,I_SMOTE_MLP_teacher,4,TDMA,0.9500509683995922,0.9433198380566802,0.94667343829355,988.0
row_level,42,student,student_A,D_Small_MLP,0,Blackhole,0.8193163320672816,0.949685534591195,0.8796970579667929,1590.0
row_level,42,student,student_A,D_Small_MLP,1,Flooding,0.8707964601769912,0.9939393939393939,0.9283018867924528,495.0
row_level,42,student,student_A,D_Small_MLP,2,Grayhole,0.7784918594687232,0.8455095393206142,0.8106178898059335,2149.0
row_level,42,student,student_A,D_Small_MLP,3,Normal,0.9988329311231554,0.9887409438026239,0.9937613162245139,51070.0
row_level,42,student,student_A,D_Small_MLP,4,TDMA,0.9353233830845771,0.9428284854563691,0.939060939060939,997.0
inverse_test_group_size,42,student,student_A,D_Small_MLP,0,Blackhole,0.789211618257263,0.936945812807882,0.8567567567567578,1014.9999999999998
inverse_test_group_size,42,student,student_A,D_Small_MLP,1,Flooding,0.8690036900369004,0.9936708860759493,0.9271653543307087,474.0
inverse_test_group_size,42,student,student_A,D_Small_MLP,2,Grayhole,0.7667447306791574,0.8661375661375658,0.8134161490683232,1890.0000000000002
inverse_test_group_size,42,student,student_A,D_Small_MLP,3,Normal,0.9988032211606727,0.9886160579838176,0.9936835307650395,49807.00000000006
inverse_test_group_size,42,student,student_A,D_Small_MLP,4,TDMA,0.9375629405840886,0.9423076923076923,0.9399293286219081,988.0
pure_group_representative,42,student,student_A,D_Small_MLP,0,Blackhole,0.7892116182572614,0.9369458128078818,0.8567567567567568,1015.0
pure_group_representative,42,student,student_A,D_Small_MLP,1,Flooding,0.8690036900369004,0.9936708860759493,0.9271653543307087,474.0
pure_group_representative,42,student,student_A,D_Small_MLP,2,Grayhole,0.7667447306791569,0.8661375661375661,0.8134161490683229,1890.0
pure_group_representative,42,student,student_A,D_Small_MLP,3,Normal,0.9988032211606727,0.9886160579838176,0.9936835307650395,49807.0
pure_group_representative,42,student,student_A,D_Small_MLP,4,TDMA,0.9375629405840886,0.9423076923076923,0.9399293286219081,988.0
row_level,42,student,student_A,E_KD_from_RF,0,Blackhole,0.7734417344173442,0.8974842767295598,0.8308588064046579,1590.0
row_level,42,student,student_A,E_KD_from_RF,1,Flooding,0.8931159420289855,0.9959595959595959,0.941738299904489,495.0
row_level,42,student,student_A,E_KD_from_RF,2,Grayhole,0.8868217054263566,0.798510935318753,0.8403525954946132,2149.0
row_level,42,student,student_A,E_KD_from_RF,3,Normal,0.9985885120564595,0.9974153123164284,0.9980015673981191,51070.0
row_level,42,student,student_A,E_KD_from_RF,4,TDMA,0.9812304483837331,0.9438314944834504,0.9621676891615542,997.0
inverse_test_group_size,42,student,student_A,E_KD_from_RF,0,Blackhole,0.7368845843422125,0.8995073891625615,0.810115350488022,1014.9999999999998
inverse_test_group_size,42,student,student_A,E_KD_from_RF,1,Flooding,0.8888888888888888,0.9957805907172996,0.9393034825870646,474.0
inverse_test_group_size,42,student,student_A,E_KD_from_RF,2,Grayhole,0.9090909090909091,0.82010582010582,0.8623087621696801,1890.0000000000002
inverse_test_group_size,42,student,student_A,E_KD_from_RF,3,Normal,0.9985728356348872,0.9974100026100748,0.9979910803969625,49807.00000000006
inverse_test_group_size,42,student,student_A,E_KD_from_RF,4,TDMA,0.9810526315789474,0.9433198380566802,0.9618163054695562,988.0
pure_group_representative,42,student,student_A,E_KD_from_RF,0,Blackhole,0.7368845843422115,0.8995073891625616,0.8101153504880213,1015.0
pure_group_representative,42,student,student_A,E_KD_from_RF,1,Flooding,0.8888888888888888,0.9957805907172996,0.9393034825870646,474.0
pure_group_representative,42,student,student_A,E_KD_from_RF,2,Grayhole,0.9090909090909091,0.8201058201058201,0.8623087621696801,1890.0
pure_group_representative,42,student,student_A,E_KD_from_RF,3,Normal,0.9985728356348871,0.9974100026100748,0.9979910803969625,49807.0
pure_group_representative,42,student,student_A,E_KD_from_RF,4,TDMA,0.9810526315789474,0.9433198380566802,0.9618163054695562,988.0
row_level,42,student,student_A,E2_KD_from_MLP,0,Blackhole,0.7996651785714286,0.9012578616352201,0.8474275576581904,1590.0
row_level,42,student,student_A,E2_KD_from_MLP,1,Flooding,0.8882882882882883,0.9959595959595959,0.939047619047619,495.0
row_level,42,student,student_A,E2_KD_from_MLP,2,Grayhole,0.8753056234718827,0.8329455560725919,0.8536003814973772,2149.0
row_level,42,student,student_A,E2_KD_from_MLP,3,Normal,0.9988606227286121,0.9956334442921481,0.9972444226526109,51070.0
row_level,42,student,student_A,E2_KD_from_MLP,4,TDMA,0.9372509960159362,0.9438314944834504,0.9405297351324338,997.0
inverse_test_group_size,42,student,student_A,E2_KD_from_MLP,0,Blackhole,0.7694859038142634,0.9142857142857143,0.8356596127870337,1014.9999999999998
inverse_test_group_size,42,student,student_A,E2_KD_from_MLP,1,Flooding,0.8838951310861424,0.9957805907172996,0.9365079365079365,474.0
inverse_test_group_size,42,student,student_A,E2_KD_from_MLP,2,Grayhole,0.8990518683770219,0.8529100529100527,0.8753733369535703,1890.0000000000002
inverse_test_group_size,42,student,student_A,E2_KD_from_MLP,3,Normal,0.9988317757009346,0.9956431826851647,0.9972349303705194,49807.00000000006
inverse_test_group_size,42,student,student_A,E2_KD_from_MLP,4,TDMA,0.9385699899295066,0.9433198380566802,0.9409389197375063,988.0
pure_group_representative,42,student,student_A,E2_KD_from_MLP,0,Blackhole,0.7694859038142621,0.9142857142857143,0.8356596127870328,1015.0
pure_group_representative,42,student,student_A,E2_KD_from_MLP,1,Flooding,0.8838951310861424,0.9957805907172996,0.9365079365079365,474.0
pure_group_representative,42,student,student_A,E2_KD_from_MLP,2,Grayhole,0.8990518683770218,0.852910052910053,0.8753733369535704,1890.0
pure_group_representative,42,student,student_A,E2_KD_from_MLP,3,Normal,0.9988317757009346,0.9956431826851647,0.9972349303705194,49807.0
pure_group_representative,42,student,student_A,E2_KD_from_MLP,4,TDMA,0.9385699899295066,0.9433198380566802,0.9409389197375063,988.0
row_level,42,student,student_A,F_KD_from_CL_MLP_fair,0,Blackhole,0.7774987443495731,0.9735849056603774,0.8645629712370846,1590.0
row_level,42,student,student_A,F_KD_from_CL_MLP_fair,1,Flooding,0.8931159420289855,0.9959595959595959,0.941738299904489,495.0
row_level,42,student,student_A,F_KD_from_CL_MLP_fair,2,Grayhole,0.9221200648999459,0.793392275476966,0.8529264632316158,2149.0
row_level,42,student,student_A,F_KD_from_CL_MLP_fair,3,Normal,0.9988411148867632,0.9957313491286469,0.9972838077681137,51070.0
row_level,42,student,student_A,F_KD_from_CL_MLP_fair,4,TDMA,0.9418837675350702,0.9428284854563691,0.9423558897243107,997.0
inverse_test_group_size,42,student,student_A,F_KD_from_CL_MLP_fair,0,Blackhole,0.7430293896006046,0.9714285714285712,0.8420153714773707,1014.9999999999998
inverse_test_group_size,42,student,student_A,F_KD_from_CL_MLP_fair,1,Flooding,0.8888888888888888,0.9957805907172996,0.9393034825870646,474.0
inverse_test_group_size,42,student,student_A,F_KD_from_CL_MLP_fair,2,Grayhole,0.9241791044776122,0.8190476190476188,0.8684431977559607,1890.0000000000002
inverse_test_group_size,42,student,student_A,F_KD_from_CL_MLP_fair,3,Normal,0.9988117775003021,0.9957435701808983,0.9972753139421482,49807.00000000006
inverse_test_group_size,42,student,student_A,F_KD_from_CL_MLP_fair,4,TDMA,0.9432624113475178,0.9423076923076923,0.9427848101265823,988.0
pure_group_representative,42,student,student_A,F_KD_from_CL_MLP_fair,0,Blackhole,0.7430293896006028,0.9714285714285714,0.8420153714773698,1015.0
pure_group_representative,42,student,student_A,F_KD_from_CL_MLP_fair,1,Flooding,0.8888888888888888,0.9957805907172996,0.9393034825870646,474.0
pure_group_representative,42,student,student_A,F_KD_from_CL_MLP_fair,2,Grayhole,0.924179104477612,0.819047619047619,0.8684431977559607,1890.0
pure_group_representative,42,student,student_A,F_KD_from_CL_MLP_fair,3,Normal,0.9988117775003021,0.9957435701808983,0.9972753139421482,49807.0
pure_group_representative,42,student,student_A,F_KD_from_CL_MLP_fair,4,TDMA,0.9432624113475178,0.9423076923076923,0.9427848101265823,988.0
row_level,42,student,student_A,F_KD_from_CL_MLP_ext,0,Blackhole,0.7768465165007857,0.9327044025157233,0.8476707630751643,1590.0
row_level,42,student,student_A,F_KD_from_CL_MLP_ext,1,Flooding,0.8898916967509025,0.9959595959595959,0.9399428026692088,495.0
row_level,42,student,student_A,F_KD_from_CL_MLP_ext,2,Grayhole,0.8914728682170543,0.8026989297347603,0.8447600391772772,2149.0
row_level,42,student,student_A,F_KD_from_CL_MLP_ext,3,Normal,0.9988606898719258,0.9956921871940474,0.9972739218262763,51070.0
row_level,42,student,student_A,F_KD_from_CL_MLP_ext,4,TDMA,0.9437185929648241,0.9418254764292878,0.9427710843373494,997.0
inverse_test_group_size,42,student,student_A,F_KD_from_CL_MLP_ext,0,Blackhole,0.7494089834515375,0.9369458128078819,0.8327495621716293,1014.9999999999998
inverse_test_group_size,42,student,student_A,F_KD_from_CL_MLP_ext,1,Flooding,0.8855534709193246,0.9957805907172996,0.9374379344587885,474.0
inverse_test_group_size,42,student,student_A,F_KD_from_CL_MLP_ext,2,Grayhole,0.9061600460564192,0.8328042328042325,0.8679349324510613,1890.0000000000002
inverse_test_group_size,42,student,student_A,F_KD_from_CL_MLP_ext,3,Normal,0.9988318462870839,0.9957034151826049,0.9972651772607533,49807.00000000006
inverse_test_group_size,42,student,student_A,F_KD_from_CL_MLP_ext,4,TDMA,0.9451219512195121,0.9412955465587044,0.9432048681541582,988.0
pure_group_representative,42,student,student_A,F_KD_from_CL_MLP_ext,0,Blackhole,0.7494089834515366,0.9369458128078818,0.8327495621716288,1015.0
pure_group_representative,42,student,student_A,F_KD_from_CL_MLP_ext,1,Flooding,0.8855534709193246,0.9957805907172996,0.9374379344587885,474.0
pure_group_representative,42,student,student_A,F_KD_from_CL_MLP_ext,2,Grayhole,0.9061600460564191,0.8328042328042328,0.8679349324510615,1890.0
pure_group_representative,42,student,student_A,F_KD_from_CL_MLP_ext,3,Normal,0.9988318462870839,0.9957034151826049,0.9972651772607533,49807.0
pure_group_representative,42,student,student_A,F_KD_from_CL_MLP_ext,4,TDMA,0.9451219512195121,0.9412955465587044,0.9432048681541582,988.0
row_level,42,student,student_A,G_KD_random_pacing,0,Blackhole,0.7898773006134969,0.9716981132075472,0.871404399323181,1590.0
row_level,42,student,student_A,G_KD_random_pacing,1,Flooding,0.8835125448028673,0.9959595959595959,0.936372269705603,495.0
row_level,42,student,student_A,G_KD_random_pacing,2,Grayhole,0.9249600851516764,0.8087482550023266,0.8629592850049652,2149.0
row_level,42,student,student_A,G_KD_random_pacing,3,Normal,0.9988608017598649,0.9957900920305464,0.9973230832589746,51070.0
row_level,42,student,student_A,G_KD_random_pacing,4,TDMA,0.9457286432160804,0.9438314944834504,0.9447791164658634,997.0
inverse_test_group_size,42,student,student_A,G_KD_random_pacing,0,Blackhole,0.7563608326908265,0.9665024630541874,0.8486159169550183,1014.9999999999998
inverse_test_group_size,42,student,student_A,G_KD_random_pacing,1,Flooding,0.8805970149253731,0.9957805907172996,0.9346534653465347,474.0
inverse_test_group_size,42,student,student_A,G_KD_random_pacing,2,Grayhole,0.9258823529411766,0.8328042328042324,0.8768802228412255,1890.0000000000002
inverse_test_group_size,42,student,student_A,G_KD_random_pacing,3,Normal,0.9988319874337959,0.9958238801774851,0.9973256655674415,49807.00000000006
inverse_test_group_size,42,student,student_A,G_KD_random_pacing,4,TDMA,0.9471544715447154,0.9433198380566802,0.9452332657200812,988.0
pure_group_representative,42,student,student_A,G_KD_random_pacing,0,Blackhole,0.756360832690825,0.9665024630541872,0.8486159169550173,1015.0
pure_group_representative,42,student,student_A,G_KD_random_pacing,1,Flooding,0.8805970149253731,0.9957805907172996,0.9346534653465347,474.0
pure_group_representative,42,student,student_A,G_KD_random_pacing,2,Grayhole,0.9258823529411765,0.8328042328042328,0.8768802228412256,1890.0
pure_group_representative,42,student,student_A,G_KD_random_pacing,3,Normal,0.9988319874337959,0.9958238801774851,0.9973256655674415,49807.0
pure_group_representative,42,student,student_A,G_KD_random_pacing,4,TDMA,0.9471544715447154,0.9433198380566802,0.9452332657200812,988.0
row_level,42,student,student_A,I_KD_from_SMOTE_MLP,0,Blackhole,0.7908745247148289,0.9157232704402516,0.8487321480617895,1590.0
row_level,42,student,student_A,I_KD_from_SMOTE_MLP,1,Flooding,0.891500904159132,0.9959595959595959,0.9408396946564885,495.0
row_level,42,student,student_A,I_KD_from_SMOTE_MLP,2,Grayhole,0.8921518987341772,0.8199162401116799,0.8545101842870999,2149.0
row_level,42,student,student_A,I_KD_from_SMOTE_MLP,3,Normal,0.9988022306000628,0.9960250636381437,0.9974117139551756,51070.0
row_level,42,student,student_A,I_KD_from_SMOTE_MLP,4,TDMA,0.9352589641434262,0.9418254764292878,0.9385307346326837,997.0
inverse_test_group_size,42,student,student_A,I_KD_from_SMOTE_MLP,0,Blackhole,0.7603574329813172,0.922167487684729,0.8334817453250231,1014.9999999999998
inverse_test_group_size,42,student,student_A,I_KD_from_SMOTE_MLP,1,Flooding,0.8872180451127819,0.9957805907172996,0.9383697813121272,474.0
inverse_test_group_size,42,student,student_A,I_KD_from_SMOTE_MLP,2,Grayhole,0.9118993135011447,0.8433862433862431,0.8763056624518968,1890.0000000000002
inverse_test_group_size,42,student,student_A,I_KD_from_SMOTE_MLP,3,Normal,0.9987920273807127,0.9960447326680989,0.997416488233461,49807.00000000006
inverse_test_group_size,42,student,student_A,I_KD_from_SMOTE_MLP,4,TDMA,0.9365558912386707,0.9412955465587044,0.93891973750631,988.0
pure_group_representative,42,student,student_A,I_KD_from_SMOTE_MLP,0,Blackhole,0.760357432981316,0.9221674876847291,0.8334817453250223,1015.0
pure_group_representative,42,student,student_A,I_KD_from_SMOTE_MLP,1,Flooding,0.8872180451127819,0.9957805907172996,0.9383697813121272,474.0
pure_group_representative,42,student,student_A,I_KD_from_SMOTE_MLP,2,Grayhole,0.9118993135011442,0.8433862433862434,0.8763056624518967,1890.0
pure_group_representative,42,student,student_A,I_KD_from_SMOTE_MLP,3,Normal,0.9987920273807127,0.9960447326680989,0.997416488233461,49807.0
pure_group_representative,42,student,student_A,I_KD_from_SMOTE_MLP,4,TDMA,0.9365558912386707,0.9412955465587044,0.93891973750631,988.0
row_level,42,student,student_A,J_CoDistill_RF_CL,0,Blackhole,0.7865290602933188,0.9106918238993711,0.8440687846109006,1590.0
row_level,42,student,student_A,J_CoDistill_RF_CL,1,Flooding,0.891500904159132,0.9959595959595959,0.9408396946564885,495.0
row_level,42,student,student_A,J_CoDistill_RF_CL,2,Grayhole,0.8893401015228426,0.8152629129827826,0.8506919155134741,2149.0
row_level,42,student,student_A,J_CoDistill_RF_CL,3,Normal,0.9987834072446137,0.9966712355590366,0.9977262035439862,51070.0
row_level,42,student,student_A,J_CoDistill_RF_CL,4,TDMA,0.9651282051282051,0.9438314944834504,0.9543610547667343,997.0
inverse_test_group_size,42,student,student_A,J_CoDistill_RF_CL,0,Blackhole,0.7461724415793723,0.9123152709359603,0.8209219858156033,1014.9999999999998
inverse_test_group_size,42,student,student_A,J_CoDistill_RF_CL,1,Flooding,0.8872180451127819,0.9957805907172996,0.9383697813121272,474.0
inverse_test_group_size,42,student,student_A,J_CoDistill_RF_CL,2,Grayhole,0.9065743944636683,0.8317460317460317,0.8675496688741724,1890.0000000000002
inverse_test_group_size,42,student,student_A,J_CoDistill_RF_CL,3,Normal,0.9987726605098489,0.9966470576425001,0.9977087269365277,49807.00000000006
inverse_test_group_size,42,student,student_A,J_CoDistill_RF_CL,4,TDMA,0.9648033126293996,0.9433198380566802,0.9539406345957011,988.0
pure_group_representative,42,student,student_A,J_CoDistill_RF_CL,0,Blackhole,0.7461724415793715,0.9123152709359605,0.8209219858156028,1015.0
pure_group_representative,42,student,student_A,J_CoDistill_RF_CL,1,Flooding,0.8872180451127819,0.9957805907172996,0.9383697813121272,474.0
pure_group_representative,42,student,student_A,J_CoDistill_RF_CL,2,Grayhole,0.9065743944636678,0.8317460317460318,0.8675496688741722,1890.0
pure_group_representative,42,student,student_A,J_CoDistill_RF_CL,3,Normal,0.9987726605098489,0.9966470576425001,0.9977087269365277,49807.0
pure_group_representative,42,student,student_A,J_CoDistill_RF_CL,4,TDMA,0.9648033126293996,0.9433198380566802,0.9539406345957011,988.0
row_level,42,student,student_B,D_Small_MLP,0,Blackhole,0.8315789473684211,0.9440251572327044,0.884241531664212,1590.0
row_level,42,student,student_B,D_Small_MLP,1,Flooding,0.874113475177305,0.9959595959595959,0.931067044381492,495.0
row_level,42,student,student_B,D_Small_MLP,2,Grayhole,0.9179512680258578,0.859004187994416,0.8875,2149.0
row_level,42,student,student_B,D_Small_MLP,3,Normal,0.9988611596536354,0.9961033875073428,0.9974803674545829,51070.0
row_level,42,student,student_B,D_Small_MLP,4,TDMA,0.9485887096774194,0.9438314944834504,0.9462041226747109,997.0
inverse_test_group_size,42,student,student_B,D_Small_MLP,0,Blackhole,0.8106060606060621,0.948768472906404,0.8742623694961426,1014.9999999999998
inverse_test_group_size,42,student,student_B,D_Small_MLP,1,Flooding,0.8692449355432781,0.9957805907172996,0.928220255653884,474.0
inverse_test_group_size,42,student,student_B,D_Small_MLP,2,Grayhole,0.9307262569832399,0.881481481481481,0.9054347826086953,1890.0000000000002
inverse_test_group_size,42,student,student_B,D_Small_MLP,3,Normal,0.9988323636583254,0.9961451201638324,0.9974869320466425,49807.00000000006
inverse_test_group_size,42,student,student_B,D_Small_MLP,4,TDMA,0.9510204081632653,0.9433198380566802,0.9471544715447154,988.0
pure_group_representative,42,student,student_B,D_Small_MLP,0,Blackhole,0.8106060606060606,0.948768472906404,0.8742623694961417,1015.0
pure_group_representative,42,student,student_B,D_Small_MLP,1,Flooding,0.8692449355432781,0.9957805907172996,0.928220255653884,474.0
pure_group_representative,42,student,student_B,D_Small_MLP,2,Grayhole,0.9307262569832402,0.8814814814814815,0.9054347826086957,1890.0
pure_group_representative,42,student,student_B,D_Small_MLP,3,Normal,0.9988323636583254,0.9961451201638324,0.9974869320466425,49807.0
pure_group_representative,42,student,student_B,D_Small_MLP,4,TDMA,0.9510204081632653,0.9433198380566802,0.9471544715447154,988.0
row_level,42,student,student_B,E_KD_from_RF,0,Blackhole,0.8059191804211725,0.8905660377358491,0.8461308634598148,1590.0
row_level,42,student,student_B,E_KD_from_RF,1,Flooding,0.8931159420289855,0.9959595959595959,0.941738299904489,495.0
row_level,42,student,student_B,E_KD_from_RF,2,Grayhole,0.8869693978282329,0.8362028850628199,0.8608383233532935,2149.0
row_level,42,student,student_B,E_KD_from_RF,3,Normal,0.9986471649282409,0.9973565694145291,0.9980014499284833,51070.0
row_level,42,student,student_B,E_KD_from_RF,4,TDMA,0.9781704781704782,0.9438314944834504,0.9606942317508933,997.0
inverse_test_group_size,42,student,student_B,E_KD_from_RF,0,Blackhole,0.7671691792294826,0.9024630541871924,0.8293345405160717,1014.9999999999998
inverse_test_group_size,42,student,student_B,E_KD_from_RF,1,Flooding,0.8888888888888888,0.9957805907172996,0.9393034825870646,474.0
inverse_test_group_size,42,student,student_B,E_KD_from_RF,2,Grayhole,0.9138619509412433,0.8476190476190474,0.8794949217677736,1890.0000000000002
inverse_test_group_size,42,student,student_B,E_KD_from_RF,3,Normal,0.9986329734837063,0.9973497701126348,0.9979909593169262,49807.00000000006
inverse_test_group_size,42,student,student_B,E_KD_from_RF,4,TDMA,0.9779643231899265,0.9433198380566802,0.9603297269448737,988.0
pure_group_representative,42,student,student_B,E_KD_from_RF,0,Blackhole,0.7671691792294807,0.9024630541871921,0.8293345405160706,1015.0
pure_group_representative,42,student,student_B,E_KD_from_RF,1,Flooding,0.8888888888888888,0.9957805907172996,0.9393034825870646,474.0
pure_group_representative,42,student,student_B,E_KD_from_RF,2,Grayhole,0.9138619509412436,0.8476190476190476,0.8794949217677738,1890.0
pure_group_representative,42,student,student_B,E_KD_from_RF,3,Normal,0.9986329734837063,0.9973497701126348,0.9979909593169262,49807.0
pure_group_representative,42,student,student_B,E_KD_from_RF,4,TDMA,0.9779643231899265,0.9433198380566802,0.9603297269448737,988.0
row_level,42,student,student_B,E2_KD_from_MLP,0,Blackhole,0.7904608788853161,0.9276729559748428,0.8535879629629629,1590.0
row_level,42,student,student_B,E2_KD_from_MLP,1,Flooding,0.8882882882882883,0.9959595959595959,0.939047619047619,495.0
row_level,42,student,student_B,E2_KD_from_MLP,2,Grayhole,0.8946028513238289,0.8175895765472313,0.8543642110381716,2149.0
row_level,42,student,student_B,E2_KD_from_MLP,3,Normal,0.9988413652252465,0.9959467397689445,0.9973919523099851,51070.0
row_level,42,student,student_B,E2_KD_from_MLP,4,TDMA,0.9466800804828974,0.9438314944834504,0.945253641386238,997.0
inverse_test_group_size,42,student,student_B,E2_KD_from_MLP,0,Blackhole,0.7645631067961176,0.9310344827586206,0.8396268325188813,1014.9999999999998
inverse_test_group_size,42,student,student_B,E2_KD_from_MLP,1,Flooding,0.8838951310861424,0.9957805907172996,0.9365079365079365,474.0
inverse_test_group_size,42,student,student_B,E2_KD_from_MLP,2,Grayhole,0.91002277904328,0.8455026455026451,0.876577070762479,1890.0000000000002
inverse_test_group_size,42,student,student_B,E2_KD_from_MLP,3,Normal,0.9988120406725058,0.9959644226715121,0.9973861991314139,49807.00000000006
inverse_test_group_size,42,student,student_B,E2_KD_from_MLP,4,TDMA,0.948118006103764,0.9433198380566802,0.945712836123795,988.0
pure_group_representative,42,student,student_B,E2_KD_from_MLP,0,Blackhole,0.7645631067961165,0.9310344827586207,0.8396268325188805,1015.0
pure_group_representative,42,student,student_B,E2_KD_from_MLP,1,Flooding,0.8838951310861424,0.9957805907172996,0.9365079365079365,474.0
pure_group_representative,42,student,student_B,E2_KD_from_MLP,2,Grayhole,0.9100227790432802,0.8455026455026455,0.8765770707624795,1890.0
pure_group_representative,42,student,student_B,E2_KD_from_MLP,3,Normal,0.9988120406725058,0.9959644226715121,0.9973861991314139,49807.0
pure_group_representative,42,student,student_B,E2_KD_from_MLP,4,TDMA,0.948118006103764,0.9433198380566802,0.945712836123795,988.0
row_level,42,student,student_B,F_KD_from_CL_MLP_fair,0,Blackhole,0.7667004048582996,0.9528301886792453,0.8496915311273135,1590.0
row_level,42,student,student_B,F_KD_from_CL_MLP_fair,1,Flooding,0.8898916967509025,0.9959595959595959,0.9399428026692088,495.0
row_level,42,student,student_B,F_KD_from_CL_MLP_fair,2,Grayhole,0.9080150618612157,0.7854816193578409,0.8423153692614771,2149.0
row_level,42,student,student_B,F_KD_from_CL_MLP_fair,3,Normal,0.9988608912543944,0.9958684158997454,0.997362408934472,51070.0
row_level,42,student,student_B,F_KD_from_CL_MLP_fair,4,TDMA,0.9447236180904522,0.9428284854563691,0.9437751004016064,997.0
inverse_test_group_size,42,student,student_B,F_KD_from_CL_MLP_fair,0,Blackhole,0.724086502609994,0.9566502463054184,0.8242784380305611,1014.9999999999998
inverse_test_group_size,42,student,student_B,F_KD_from_CL_MLP_fair,1,Flooding,0.8855534709193246,0.9957805907172996,0.9374379344587885,474.0
inverse_test_group_size,42,student,student_B,F_KD_from_CL_MLP_fair,2,Grayhole,0.9178743961352662,0.804232804232804,0.8573040045121264,1890.0000000000002
inverse_test_group_size,42,student,student_B,F_KD_from_CL_MLP_fair,3,Normal,0.9988320579943617,0.9958841126749253,0.9973559069842259,49807.00000000006
inverse_test_group_size,42,student,student_B,F_KD_from_CL_MLP_fair,4,TDMA,0.9461382113821138,0.9423076923076923,0.9442190669371197,988.0
pure_group_representative,42,student,student_B,F_KD_from_CL_MLP_fair,0,Blackhole,0.7240865026099925,0.9566502463054187,0.8242784380305602,1015.0
pure_group_representative,42,student,student_B,F_KD_from_CL_MLP_fair,1,Flooding,0.8855534709193246,0.9957805907172996,0.9374379344587885,474.0
pure_group_representative,42,student,student_B,F_KD_from_CL_MLP_fair,2,Grayhole,0.9178743961352657,0.8042328042328042,0.8573040045121263,1890.0
pure_group_representative,42,student,student_B,F_KD_from_CL_MLP_fair,3,Normal,0.9988320579943617,0.9958841126749252,0.9973559069842259,49807.0
pure_group_representative,42,student,student_B,F_KD_from_CL_MLP_fair,4,TDMA,0.9461382113821138,0.9423076923076923,0.9442190669371197,988.0
row_level,42,student,student_B,F_KD_from_CL_MLP_ext,0,Blackhole,0.8076508620689655,0.9427672955974843,0.8699941961694718,1590.0
row_level,42,student,student_B,F_KD_from_CL_MLP_ext,1,Flooding,0.8882882882882883,0.9959595959595959,0.939047619047619,495.0
row_level,42,student,student_B,F_KD_from_CL_MLP_ext,2,Grayhole,0.9045936395759717,0.8338762214983714,0.8677966101694915,2149.0
row_level,42,student,student_B,F_KD_from_CL_MLP_ext,3,Normal,0.9988608465088874,0.9958292539651459,0.9973427464823258,51070.0
row_level,42,student,student_B,F_KD_from_CL_MLP_ext,4,TDMA,0.9456740442655935,0.9428284854563691,0.9442491210447012,997.0
inverse_test_group_size,42,student,student_B,F_KD_from_CL_MLP_ext,0,Blackhole,0.7755102040816341,0.9359605911330049,0.8482142857142866,1014.9999999999998
inverse_test_group_size,42,student,student_B,F_KD_from_CL_MLP_ext,1,Flooding,0.8838951310861424,0.9957805907172996,0.9365079365079365,474.0
inverse_test_group_size,42,student,student_B,F_KD_from_CL_MLP_ext,2,Grayhole,0.9103720405862459,0.8544973544973542,0.8815502183406112,1890.0000000000002
inverse_test_group_size,42,student,student_B,F_KD_from_CL_MLP_ext,3,Normal,0.9988320109549317,0.9958439576766318,0.9973357462423968,49807.00000000006
inverse_test_group_size,42,student,student_B,F_KD_from_CL_MLP_ext,4,TDMA,0.9471007121057986,0.9423076923076923,0.9446981227803145,988.0
pure_group_representative,42,student,student_B,F_KD_from_CL_MLP_ext,0,Blackhole,0.7755102040816326,0.9359605911330049,0.8482142857142857,1015.0
pure_group_representative,42,student,student_B,F_KD_from_CL_MLP_ext,1,Flooding,0.8838951310861424,0.9957805907172996,0.9365079365079365,474.0
pure_group_representative,42,student,student_B,F_KD_from_CL_MLP_ext,2,Grayhole,0.9103720405862458,0.8544973544973545,0.8815502183406113,1890.0
pure_group_representative,42,student,student_B,F_KD_from_CL_MLP_ext,3,Normal,0.9988320109549317,0.9958439576766318,0.9973357462423968,49807.0
pure_group_representative,42,student,student_B,F_KD_from_CL_MLP_ext,4,TDMA,0.9471007121057986,0.9423076923076923,0.9446981227803145,988.0
row_level,42,student,student_B,G_KD_random_pacing,0,Blackhole,0.7884615384615384,0.9283018867924528,0.8526863084922011,1590.0
row_level,42,student,student_B,G_KD_random_pacing,1,Flooding,0.8835125448028673,0.9959595959595959,0.936372269705603,495.0
row_level,42,student,student_B,G_KD_random_pacing,2,Grayhole,0.8975934459805428,0.8157282456956724,0.8547050219405168,2149.0
row_level,42,student,student_B,G_KD_random_pacing,3,Normal,0.9988610478359908,0.996005482670844,0.9974312214443987,51070.0
row_level,42,student,student_B,G_KD_random_pacing,4,TDMA,0.9466800804828974,0.9438314944834504,0.945253641386238,997.0
inverse_test_group_size,42,student,student_B,G_KD_random_pacing,0,Blackhole,0.7580385852090046,0.929064039408867,0.8348826914563975,1014.9999999999998
inverse_test_group_size,42,student,student_B,G_KD_random_pacing,1,Flooding,0.8805970149253731,0.9957805907172996,0.9346534653465347,474.0
inverse_test_group_size,42,student,student_B,G_KD_random_pacing,2,Grayhole,0.9116465863453812,0.8407407407407402,0.8747591522157993,1890.0000000000002
inverse_test_group_size,42,student,student_B,G_KD_random_pacing,3,Normal,0.9988322461141983,0.9960447326680989,0.9974365418446846,49807.00000000006
inverse_test_group_size,42,student,student_B,G_KD_random_pacing,4,TDMA,0.948118006103764,0.9433198380566802,0.945712836123795,988.0
pure_group_representative,42,student,student_B,G_KD_random_pacing,0,Blackhole,0.7580385852090032,0.929064039408867,0.8348826914563966,1015.0
pure_group_representative,42,student,student_B,G_KD_random_pacing,1,Flooding,0.8805970149253731,0.9957805907172996,0.9346534653465347,474.0
pure_group_representative,42,student,student_B,G_KD_random_pacing,2,Grayhole,0.9116465863453815,0.8407407407407408,0.8747591522157996,1890.0
pure_group_representative,42,student,student_B,G_KD_random_pacing,3,Normal,0.9988322461141983,0.9960447326680989,0.9974365418446846,49807.0
pure_group_representative,42,student,student_B,G_KD_random_pacing,4,TDMA,0.948118006103764,0.9433198380566802,0.945712836123795,988.0
row_level,42,student,student_B,I_KD_from_SMOTE_MLP,0,Blackhole,0.8428657435279951,0.8805031446540881,0.8612734543217472,1590.0
row_level,42,student,student_B,I_KD_from_SMOTE_MLP,1,Flooding,0.891500904159132,0.9959595959595959,0.9408396946564885,495.0
row_level,42,student,student_B,I_KD_from_SMOTE_MLP,2,Grayhole,0.8728617660656496,0.8785481619357841,0.87569573283859,2149.0
row_level,42,student,student_B,I_KD_from_SMOTE_MLP,3,Normal,0.9988610925656836,0.9960446446054435,0.9974508804266834,51070.0
row_level,42,student,student_B,I_KD_from_SMOTE_MLP,4,TDMA,0.9418837675350702,0.9428284854563691,0.9423558897243107,997.0
inverse_test_group_size,42,student,student_B,I_KD_from_SMOTE_MLP,0,Blackhole,0.8127812781278138,0.8896551724137933,0.8494825964252124,1014.9999999999998
inverse_test_group_size,42,student,student_B,I_KD_from_SMOTE_MLP,1,Flooding,0.8872180451127819,0.9957805907172996,0.9383697813121272,474.0
inverse_test_group_size,42,student,student_B,I_KD_from_SMOTE_MLP,2,Grayhole,0.8965884861407246,0.8899470899470897,0.8932554434413167,1890.0000000000002
inverse_test_group_size,42,student,student_B,I_KD_from_SMOTE_MLP,3,Normal,0.9988322461141983,0.9960447326680989,0.9974365418446846,49807.00000000006
inverse_test_group_size,42,student,student_B,I_KD_from_SMOTE_MLP,4,TDMA,0.9432624113475178,0.9423076923076923,0.9427848101265823,988.0
pure_group_representative,42,student,student_B,I_KD_from_SMOTE_MLP,0,Blackhole,0.8127812781278128,0.8896551724137931,0.8494825964252116,1015.0
pure_group_representative,42,student,student_B,I_KD_from_SMOTE_MLP,1,Flooding,0.8872180451127819,0.9957805907172996,0.9383697813121272,474.0
pure_group_representative,42,student,student_B,I_KD_from_SMOTE_MLP,2,Grayhole,0.896588486140725,0.8899470899470899,0.893255443441317,1890.0
pure_group_representative,42,student,student_B,I_KD_from_SMOTE_MLP,3,Normal,0.9988322461141983,0.9960447326680989,0.9974365418446846,49807.0
pure_group_representative,42,student,student_B,I_KD_from_SMOTE_MLP,4,TDMA,0.9432624113475178,0.9423076923076923,0.9427848101265823,988.0
row_level,42,student,student_B,J_CoDistill_RF_CL,0,Blackhole,0.8159861989649224,0.8924528301886793,0.8525082607389607,1590.0
row_level,42,student,student_B,J_CoDistill_RF_CL,1,Flooding,0.891500904159132,0.9959595959595959,0.9408396946564885,495.0
row_level,42,student,student_B,J_CoDistill_RF_CL,2,Grayhole,0.8871595330739299,0.8487668683108422,0.867538644470868,2149.0
row_level,42,student,student_B,J_CoDistill_RF_CL,3,Normal,0.9987448519317513,0.997180340708831,0.9979619831471683,51070.0
row_level,42,student,student_B,J_CoDistill_RF_CL,4,TDMA,0.9771547248182763,0.9438314944834504,0.960204081632653,997.0
inverse_test_group_size,42,student,student_B,J_CoDistill_RF_CL,0,Blackhole,0.7809036658141534,0.9024630541871923,0.8372943327239498,1014.9999999999998
inverse_test_group_size,42,student,student_B,J_CoDistill_RF_CL,1,Flooding,0.8872180451127819,0.9957805907172996,0.9383697813121272,474.0
inverse_test_group_size,42,student,student_B,J_CoDistill_RF_CL,2,Grayhole,0.9120940649496077,0.8619047619047617,0.8862894450489659,1890.0000000000002
inverse_test_group_size,42,student,student_B,J_CoDistill_RF_CL,3,Normal,0.9987331335840254,0.9971690726203144,0.9979504902748755,49807.00000000006
inverse_test_group_size,42,student,student_B,J_CoDistill_RF_CL,4,TDMA,0.9769392033542977,0.9433198380566802,0.9598352214212152,988.0
pure_group_representative,42,student,student_B,J_CoDistill_RF_CL,0,Blackhole,0.7809036658141517,0.9024630541871921,0.8372943327239488,1015.0
pure_group_representative,42,student,student_B,J_CoDistill_RF_CL,1,Flooding,0.8872180451127819,0.9957805907172996,0.9383697813121272,474.0
pure_group_representative,42,student,student_B,J_CoDistill_RF_CL,2,Grayhole,0.9120940649496081,0.861904761904762,0.8862894450489662,1890.0
pure_group_representative,42,student,student_B,J_CoDistill_RF_CL,3,Normal,0.9987331335840254,0.9971690726203144,0.9979504902748754,49807.0
pure_group_representative,42,student,student_B,J_CoDistill_RF_CL,4,TDMA,0.9769392033542977,0.9433198380566802,0.9598352214212152,988.0
row_level,123,teacher,,A_RF_500_uncalibrated,0,Blackhole,0.984472049689441,0.9968553459119497,0.990625,1590.0
row_level,123,teacher,,A_RF_500_uncalibrated,1,Flooding,0.924953095684803,0.9959595959595959,0.9591439688715954,495.0
row_level,123,teacher,,A_RF_500_uncalibrated,2,Grayhole,0.9877762106252939,0.9776640297812936,0.9826941066417212,2149.0
row_level,123,teacher,,A_RF_500_uncalibrated,3,Normal,0.9983949264015033,0.9987468180928137,0.9985708412459132,51070.0
row_level,123,teacher,,A_RF_500_uncalibrated,4,TDMA,0.9968186638388123,0.9428284854563691,0.9690721649484536,997.0
inverse_test_group_size,123,teacher,,A_RF_500_uncalibrated,0,Blackhole,0.9824902723735413,0.9950738916256158,0.9887420460107686,1014.9999999999998
inverse_test_group_size,123,teacher,,A_RF_500_uncalibrated,1,Flooding,0.921875,0.9957805907172996,0.9574036511156186,474.0
inverse_test_group_size,123,teacher,,A_RF_500_uncalibrated,2,Grayhole,0.9861481086840703,0.9793650793650792,0.9827448898327582,1890.0000000000002
inverse_test_group_size,123,teacher,,A_RF_500_uncalibrated,3,Normal,0.9983943158782088,0.9987150400546108,0.9985546522131888,49807.00000000006
inverse_test_group_size,123,teacher,,A_RF_500_uncalibrated,4,TDMA,0.9967880085653105,0.9423076923076923,0.9687825182101977,988.0
pure_group_representative,123,teacher,,A_RF_500_uncalibrated,0,Blackhole,0.9824902723735408,0.9950738916256158,0.9887420460107684,1015.0
pure_group_representative,123,teacher,,A_RF_500_uncalibrated,1,Flooding,0.921875,0.9957805907172996,0.9574036511156186,474.0
pure_group_representative,123,teacher,,A_RF_500_uncalibrated,2,Grayhole,0.9861481086840703,0.9793650793650793,0.9827448898327582,1890.0
pure_group_representative,123,teacher,,A_RF_500_uncalibrated,3,Normal,0.9983943158782088,0.9987150400546108,0.9985546522131888,49807.0
pure_group_representative,123,teacher,,A_RF_500_uncalibrated,4,TDMA,0.9967880085653105,0.9423076923076923,0.9687825182101977,988.0
row_level,123,teacher,,A_calibrated_RF_KD_teacher,0,Blackhole,0.989321608040201,0.9905660377358491,0.9899434318038969,1590.0
row_level,123,teacher,,A_calibrated_RF_KD_teacher,1,Flooding,0.924953095684803,0.9959595959595959,0.9591439688715954,495.0
row_level,123,teacher,,A_calibrated_RF_KD_teacher,2,Grayhole,0.9804923362749651,0.9823173569101907,0.9814039981403998,2149.0
row_level,123,teacher,,A_calibrated_RF_KD_teacher,3,Normal,0.9984338599479259,0.9986489132563149,0.9985413750232499,51070.0
row_level,123,teacher,,A_calibrated_RF_KD_teacher,4,TDMA,0.9968152866242038,0.9418254764292878,0.9685404847859721,997.0
inverse_test_group_size,123,teacher,,A_calibrated_RF_KD_teacher,0,Blackhole,0.9871921182266011,0.9871921182266011,0.9871921182266011,1014.9999999999998
inverse_test_group_size,123,teacher,,A_calibrated_RF_KD_teacher,1,Flooding,0.921875,0.9957805907172996,0.9574036511156186,474.0
inverse_test_group_size,123,teacher,,A_calibrated_RF_KD_teacher,2,Grayhole,0.9789251844046365,0.9830687830687829,0.9809926082365363,1890.0000000000002
inverse_test_group_size,123,teacher,,A_calibrated_RF_KD_teacher,3,Normal,0.9984342379958246,0.9986146525588773,0.9985244371279725,49807.00000000006
inverse_test_group_size,123,teacher,,A_calibrated_RF_KD_teacher,4,TDMA,0.9967845659163987,0.9412955465587044,0.9682457053617908,988.0
pure_group_representative,123,teacher,,A_calibrated_RF_KD_teacher,0,Blackhole,0.987192118226601,0.987192118226601,0.987192118226601,1015.0
pure_group_representative,123,teacher,,A_calibrated_RF_KD_teacher,1,Flooding,0.921875,0.9957805907172996,0.9574036511156186,474.0
pure_group_representative,123,teacher,,A_calibrated_RF_KD_teacher,2,Grayhole,0.9789251844046365,0.9830687830687831,0.9809926082365364,1890.0
pure_group_representative,123,teacher,,A_calibrated_RF_KD_teacher,3,Normal,0.9984342379958246,0.9986146525588773,0.9985244371279725,49807.0
pure_group_representative,123,teacher,,A_calibrated_RF_KD_teacher,4,TDMA,0.9967845659163987,0.9412955465587044,0.9682457053617908,988.0
row_level,123,teacher,,B_Full_MLP,0,Blackhole,0.7791225416036308,0.9716981132075472,0.8648194794290512,1590.0
row_level,123,teacher,,B_Full_MLP,1,Flooding,0.8774422735346359,0.997979797979798,0.9338374291115312,495.0
row_level,123,teacher,,B_Full_MLP,2,Grayhole,0.9303969548667754,0.7961842717543043,0.858074222668004,2149.0
row_level,123,teacher,,B_Full_MLP,3,Normal,0.9988611149292124,0.9960642255727433,0.9974607096287146,51070.0
row_level,123,teacher,,B_Full_MLP,4,TDMA,0.9514661274014156,0.9438314944834504,0.9476334340382678,997.0
inverse_test_group_size,123,teacher,,B_Full_MLP,0,Blackhole,0.7477134146341476,0.9665024630541873,0.8431456811345088,1014.9999999999998
inverse_test_group_size,123,teacher,,B_Full_MLP,1,Flooding,0.8743068391866913,0.9978902953586498,0.9320197044334976,474.0
inverse_test_group_size,123,teacher,,B_Full_MLP,2,Grayhole,0.9324162679425839,0.8248677248677244,0.8753509264458168,1890.0000000000002
inverse_test_group_size,123,teacher,,B_Full_MLP,3,Normal,0.9988323166435144,0.996104965165539,0.9974667765737147,49807.00000000006
inverse_test_group_size,123,teacher,,B_Full_MLP,4,TDMA,0.9529652351738241,0.9433198380566802,0.948118006103764,988.0
pure_group_representative,123,teacher,,B_Full_MLP,0,Blackhole,0.7477134146341463,0.9665024630541872,0.8431456811345079,1015.0
pure_group_representative,123,teacher,,B_Full_MLP,1,Flooding,0.8743068391866913,0.9978902953586498,0.9320197044334976,474.0
pure_group_representative,123,teacher,,B_Full_MLP,2,Grayhole,0.9324162679425837,0.8248677248677249,0.8753509264458169,1890.0
pure_group_representative,123,teacher,,B_Full_MLP,3,Normal,0.9988323166435144,0.996104965165539,0.9974667765737147,49807.0
pure_group_representative,123,teacher,,B_Full_MLP,4,TDMA,0.9529652351738241,0.9433198380566802,0.948118006103764,988.0
row_level,123,teacher,,C_CL_MLP_loss_fair,0,Blackhole,0.7761806981519507,0.9509433962264151,0.8547201808931599,1590.0
row_level,123,teacher,,C_CL_MLP_loss_fair,1,Flooding,0.8882882882882883,0.9959595959595959,0.939047619047619,495.0
row_level,123,teacher,,C_CL_MLP_loss_fair,2,Grayhole,0.9091874668082847,0.796649604467194,0.8492063492063492,2149.0
row_level,123,teacher,,C_CL_MLP_loss_fair,3,Normal,0.9988413197172035,0.995907577834345,0.9973722914011177,51070.0
row_level,123,teacher,,C_CL_MLP_loss_fair,4,TDMA,0.9457286432160804,0.9438314944834504,0.9447791164658634,997.0
inverse_test_group_size,123,teacher,,C_CL_MLP_loss_fair,0,Blackhole,0.7430555555555566,0.948768472906404,0.8334054521852018,1014.9999999999998
inverse_test_group_size,123,teacher,,C_CL_MLP_loss_fair,1,Flooding,0.8838951310861424,0.9957805907172996,0.9365079365079365,474.0
inverse_test_group_size,123,teacher,,C_CL_MLP_loss_fair,2,Grayhole,0.9169121979964644,0.8232804232804227,0.8675773626986336,1890.0000000000002
inverse_test_group_size,123,teacher,,C_CL_MLP_loss_fair,3,Normal,0.9988119928316855,0.9959242676732186,0.997366040012064,49807.00000000006
inverse_test_group_size,123,teacher,,C_CL_MLP_loss_fair,4,TDMA,0.9471544715447154,0.9433198380566802,0.9452332657200812,988.0
pure_group_representative,123,teacher,,C_CL_MLP_loss_fair,0,Blackhole,0.7430555555555556,0.948768472906404,0.8334054521852012,1015.0
pure_group_representative,123,teacher,,C_CL_MLP_loss_fair,1,Flooding,0.8838951310861424,0.9957805907172996,0.9365079365079365,474.0
pure_group_representative,123,teacher,,C_CL_MLP_loss_fair,2,Grayhole,0.9169121979964644,0.8232804232804233,0.867577362698634,1890.0
pure_group_representative,123,teacher,,C_CL_MLP_loss_fair,3,Normal,0.9988119928316855,0.9959242676732186,0.997366040012064,49807.0
pure_group_representative,123,teacher,,C_CL_MLP_loss_fair,4,TDMA,0.9471544715447154,0.9433198380566802,0.9452332657200812,988.0
row_level,123,teacher,,C_CL_MLP_loss_ext,0,Blackhole,0.8073951434878587,0.920125786163522,0.8600823045267489,1590.0
row_level,123,teacher,,C_CL_MLP_loss_ext,1,Flooding,0.8803571428571428,0.9959595959595959,0.9345971563981043,495.0
row_level,123,teacher,,C_CL_MLP_loss_ext,2,Grayhole,0.8937965260545906,0.8380642159143787,0.8650336215177714,2149.0
row_level,123,teacher,,C_CL_MLP_loss_ext,3,Normal,0.9988611149292124,0.9960642255727433,0.9974607096287146,51070.0
row_level,123,teacher,,C_CL_MLP_loss_ext,4,TDMA,0.9533941236068896,0.9438314944834504,0.9485887096774194,997.0
inverse_test_group_size,123,teacher,,C_CL_MLP_loss_ext,0,Blackhole,0.7711238720262527,0.9261083743842368,0.8415398388540746,1014.9999999999998
inverse_test_group_size,123,teacher,,C_CL_MLP_loss_ext,1,Flooding,0.8773234200743495,0.9957805907172996,0.932806324110672,474.0
inverse_test_group_size,123,teacher,,C_CL_MLP_loss_ext,2,Grayhole,0.9107344632768359,0.8529100529100526,0.8808743169398905,1890.0000000000002
inverse_test_group_size,123,teacher,,C_CL_MLP_loss_ext,3,Normal,0.9988323166435144,0.996104965165539,0.9974667765737147,49807.00000000006
inverse_test_group_size,123,teacher,,C_CL_MLP_loss_ext,4,TDMA,0.9549180327868853,0.9433198380566802,0.9490835030549898,988.0
pure_group_representative,123,teacher,,C_CL_MLP_loss_ext,0,Blackhole,0.771123872026251,0.9261083743842364,0.8415398388540735,1015.0
pure_group_representative,123,teacher,,C_CL_MLP_loss_ext,1,Flooding,0.8773234200743495,0.9957805907172996,0.932806324110672,474.0
pure_group_representative,123,teacher,,C_CL_MLP_loss_ext,2,Grayhole,0.9107344632768362,0.852910052910053,0.8808743169398907,1890.0
pure_group_representative,123,teacher,,C_CL_MLP_loss_ext,3,Normal,0.9988323166435144,0.996104965165539,0.9974667765737147,49807.0
pure_group_representative,123,teacher,,C_CL_MLP_loss_ext,4,TDMA,0.9549180327868853,0.9433198380566802,0.9490835030549898,988.0
row_level,123,teacher,,C2_CL_MLP_domain,0,Blackhole,0.8103837471783296,0.9031446540880503,0.8542534205829864,1590.0
row_level,123,teacher,,C2_CL_MLP_domain,1,Flooding,0.8850987432675045,0.9959595959595959,0.9372623574144486,495.0
row_level,123,teacher,,C2_CL_MLP_domain,2,Grayhole,0.8801552644347405,0.844113541181945,0.8617577197149644,2149.0
row_level,123,teacher,,C2_CL_MLP_domain,3,Normal,0.9988608688820803,0.9958488349324457,0.9973525778047967,51070.0
row_level,123,teacher,,C2_CL_MLP_domain,4,TDMA,0.9457286432160804,0.9438314944834504,0.9447791164658634,997.0
inverse_test_group_size,123,teacher,,C2_CL_MLP_domain,0,Blackhole,0.7731442869057565,0.9133004926108375,0.8373983739837408,1014.9999999999998
inverse_test_group_size,123,teacher,,C2_CL_MLP_domain,1,Flooding,0.8822429906542056,0.9957805907172996,0.9355797819623389,474.0
inverse_test_group_size,123,teacher,,C2_CL_MLP_domain,2,Grayhole,0.9014476614699327,0.8566137566137565,0.8784590341833964,1890.0000000000002
inverse_test_group_size,123,teacher,,C2_CL_MLP_domain,3,Normal,0.9988320579943617,0.9958841126749253,0.9973559069842259,49807.00000000006
inverse_test_group_size,123,teacher,,C2_CL_MLP_domain,4,TDMA,0.9471544715447154,0.9433198380566802,0.9452332657200812,988.0
pure_group_representative,123,teacher,,C2_CL_MLP_domain,0,Blackhole,0.7731442869057548,0.9133004926108375,0.8373983739837398,1015.0
pure_group_representative,123,teacher,,C2_CL_MLP_domain,1,Flooding,0.8822429906542056,0.9957805907172996,0.9355797819623389,474.0
pure_group_representative,123,teacher,,C2_CL_MLP_domain,2,Grayhole,0.9014476614699332,0.8566137566137566,0.8784590341833967,1890.0
pure_group_representative,123,teacher,,C2_CL_MLP_domain,3,Normal,0.9988320579943617,0.9958841126749252,0.9973559069842259,49807.0
pure_group_representative,123,teacher,,C2_CL_MLP_domain,4,TDMA,0.9471544715447154,0.9433198380566802,0.9452332657200812,988.0
row_level,123,teacher,,G_random_pacing_teacher,0,Blackhole,0.7665487620010106,0.9540880503144654,0.850098066685346,1590.0
row_level,123,teacher,,G_random_pacing_teacher,1,Flooding,0.8850987432675045,0.9959595959595959,0.9372623574144486,495.0
row_level,123,teacher,,G_random_pacing_teacher,2,Grayhole,0.9109071274298056,0.7850162866449512,0.8432891777055737,2149.0
row_level,123,teacher,,G_random_pacing_teacher,3,Normal,0.9988608912543944,0.9958684158997454,0.997362408934472,51070.0
row_level,123,teacher,,G_random_pacing_teacher,4,TDMA,0.9447791164658634,0.9438314944834504,0.9443050677370798,997.0
inverse_test_group_size,123,teacher,,G_random_pacing_teacher,0,Blackhole,0.7342922028766098,0.9556650246305419,0.8304794520547953,1014.9999999999998
inverse_test_group_size,123,teacher,,G_random_pacing_teacher,1,Flooding,0.8822429906542056,0.9957805907172996,0.9355797819623389,474.0
inverse_test_group_size,123,teacher,,G_random_pacing_teacher,2,Grayhole,0.9204545454545455,0.8142857142857138,0.8641212801796742,1890.0000000000002
inverse_test_group_size,123,teacher,,G_random_pacing_teacher,3,Normal,0.9988320815126558,0.995904190174072,0.9973659870511119,49807.00000000006
inverse_test_group_size,123,teacher,,G_random_pacing_teacher,4,TDMA,0.9461928934010152,0.9433198380566802,0.9447541814495691,988.0
pure_group_representative,123,teacher,,G_random_pacing_teacher,0,Blackhole,0.7342922028766087,0.9556650246305419,0.8304794520547946,1015.0
pure_group_representative,123,teacher,,G_random_pacing_teacher,1,Flooding,0.8822429906542056,0.9957805907172996,0.9355797819623389,474.0
pure_group_representative,123,teacher,,G_random_pacing_teacher,2,Grayhole,0.9204545454545454,0.8142857142857143,0.8641212801796744,1890.0
pure_group_representative,123,teacher,,G_random_pacing_teacher,3,Normal,0.9988320815126558,0.995904190174072,0.9973659870511119,49807.0
pure_group_representative,123,teacher,,G_random_pacing_teacher,4,TDMA,0.9461928934010152,0.9433198380566802,0.9447541814495691,988.0
row_level,123,teacher,,I_SMOTE_MLP_teacher,0,Blackhole,0.9095940959409594,0.930188679245283,0.9197761194029851,1590.0
row_level,123,teacher,,I_SMOTE_MLP_teacher,1,Flooding,0.891500904159132,0.9959595959595959,0.9408396946564885,495.0
row_level,123,teacher,,I_SMOTE_MLP_teacher,2,Grayhole,0.9149908592321755,0.9315960912052117,0.923218814848974,2149.0
row_level,123,teacher,,I_SMOTE_MLP_teacher,3,Normal,0.9988413197172035,0.995907577834345,0.9973722914011177,51070.0
row_level,123,teacher,,I_SMOTE_MLP_teacher,4,TDMA,0.928007889546351,0.9438314944834504,0.9358528095474888,997.0
inverse_test_group_size,123,teacher,,I_SMOTE_MLP_teacher,0,Blackhole,0.9015296367112828,0.9290640394088674,0.9150897622513353,1014.9999999999998
inverse_test_group_size,123,teacher,,I_SMOTE_MLP_teacher,1,Flooding,0.8872180451127819,0.9957805907172996,0.9383697813121272,474.0
inverse_test_group_size,123,teacher,,I_SMOTE_MLP_teacher,2,Grayhole,0.9259067357512961,0.9455026455026452,0.935602094240838,1890.0000000000002
inverse_test_group_size,123,teacher,,I_SMOTE_MLP_teacher,3,Normal,0.9988120167525774,0.9959443451723653,0.9973761196730705,49807.00000000006
inverse_test_group_size,123,teacher,,I_SMOTE_MLP_teacher,4,TDMA,0.9301397205588823,0.9433198380566802,0.9366834170854271,988.0
pure_group_representative,123,teacher,,I_SMOTE_MLP_teacher,0,Blackhole,0.9015296367112811,0.929064039408867,0.9150897622513343,1015.0
pure_group_representative,123,teacher,,I_SMOTE_MLP_teacher,1,Flooding,0.8872180451127819,0.9957805907172996,0.9383697813121272,474.0
pure_group_representative,123,teacher,,I_SMOTE_MLP_teacher,2,Grayhole,0.9259067357512953,0.9455026455026455,0.9356020942408377,1890.0
pure_group_representative,123,teacher,,I_SMOTE_MLP_teacher,3,Normal,0.9988120167525774,0.9959443451723653,0.9973761196730705,49807.0
pure_group_representative,123,teacher,,I_SMOTE_MLP_teacher,4,TDMA,0.9301397205588823,0.9433198380566802,0.9366834170854271,988.0
row_level,123,student,student_A,D_Small_MLP,0,Blackhole,0.781591263650546,0.9452830188679245,0.8556789069171649,1590.0
row_level,123,student,student_A,D_Small_MLP,1,Flooding,0.8633975481611208,0.9959595959595959,0.924953095684803,495.0
row_level,123,student,student_A,D_Small_MLP,2,Grayhole,0.8896907216494845,0.80316426244765,0.8442161897774517,2149.0
row_level,123,student,student_A,D_Small_MLP,3,Normal,0.9988007706523021,0.9948110436655571,0.996801914927013,51070.0
row_level,123,student,student_A,D_Small_MLP,4,TDMA,0.9400599400599401,0.9438314944834504,0.9419419419419419,997.0
inverse_test_group_size,123,student,student_A,D_Small_MLP,0,Blackhole,0.7537254901960798,0.9467980295566504,0.839301310043669,1014.9999999999998
inverse_test_group_size,123,student,student_A,D_Small_MLP,1,Flooding,0.8613138686131386,0.9957805907172996,0.923679060665362,474.0
inverse_test_group_size,123,student,student_A,D_Small_MLP,2,Grayhole,0.8988571428571428,0.8322751322751318,0.864285714285714,1890.0000000000002
inverse_test_group_size,123,student,student_A,D_Small_MLP,3,Normal,0.9987704587599774,0.9948601602184431,0.99681147466782,49807.00000000006
inverse_test_group_size,123,student,student_A,D_Small_MLP,4,TDMA,0.942366026289181,0.9433198380566802,0.9428426909458776,988.0
pure_group_representative,123,student,student_A,D_Small_MLP,0,Blackhole,0.7537254901960785,0.9467980295566503,0.8393013100436681,1015.0
pure_group_representative,123,student,student_A,D_Small_MLP,1,Flooding,0.8613138686131386,0.9957805907172996,0.923679060665362,474.0
pure_group_representative,123,student,student_A,D_Small_MLP,2,Grayhole,0.8988571428571429,0.8322751322751323,0.8642857142857143,1890.0
pure_group_representative,123,student,student_A,D_Small_MLP,3,Normal,0.9987704587599774,0.9948601602184431,0.99681147466782,49807.0
pure_group_representative,123,student,student_A,D_Small_MLP,4,TDMA,0.942366026289181,0.9433198380566802,0.9428426909458776,988.0
row_level,123,student,student_A,E_KD_from_RF,0,Blackhole,0.7796514896008994,0.8723270440251573,0.8233897298901751,1590.0
row_level,123,student,student_A,E_KD_from_RF,1,Flooding,0.8931159420289855,0.9959595959595959,0.941738299904489,495.0
row_level,123,student,student_A,E_KD_from_RF,2,Grayhole,0.8678589170392449,0.8129362494183341,0.8395002402691014,2149.0
row_level,123,student,student_A,E_KD_from_RF,3,Normal,0.9986665620833006,0.9972195026434306,0.9979425077890777,51070.0
row_level,123,student,student_A,E_KD_from_RF,4,TDMA,0.9781477627471384,0.9428284854563691,0.9601634320735445,997.0
inverse_test_group_size,123,student,student_A,E_KD_from_RF,0,Blackhole,0.7443796835970039,0.8807881773399016,0.8068592057761742,1014.9999999999998
inverse_test_group_size,123,student,student_A,E_KD_from_RF,1,Flooding,0.8888888888888888,0.9957805907172996,0.9393034825870646,474.0
inverse_test_group_size,123,student,student_A,E_KD_from_RF,2,Grayhole,0.8968660968660972,0.8328042328042328,0.8636488340192046,1890.0000000000002
inverse_test_group_size,123,student,student_A,E_KD_from_RF,3,Normal,0.9986528601588419,0.9972092276186079,0.9979305217897972,49807.00000000006
inverse_test_group_size,123,student,student_A,E_KD_from_RF,4,TDMA,0.9779411764705882,0.9423076923076923,0.9597938144329897,988.0
pure_group_representative,123,student,student_A,E_KD_from_RF,0,Blackhole,0.7443796835970025,0.8807881773399014,0.8068592057761733,1015.0
pure_group_representative,123,student,student_A,E_KD_from_RF,1,Flooding,0.8888888888888888,0.9957805907172996,0.9393034825870646,474.0
pure_group_representative,123,student,student_A,E_KD_from_RF,2,Grayhole,0.8968660968660969,0.8328042328042328,0.8636488340192043,1890.0
pure_group_representative,123,student,student_A,E_KD_from_RF,3,Normal,0.9986528601588419,0.9972092276186079,0.9979305217897972,49807.0
pure_group_representative,123,student,student_A,E_KD_from_RF,4,TDMA,0.9779411764705882,0.9423076923076923,0.9597938144329897,988.0
row_level,123,student,student_A,E2_KD_from_MLP,0,Blackhole,0.7780692549842603,0.9327044025157233,0.8483981693363845,1590.0
row_level,123,student,student_A,E2_KD_from_MLP,1,Flooding,0.8850987432675045,0.9959595959595959,0.9372623574144486,495.0
row_level,123,student,student_A,E2_KD_from_MLP,2,Grayhole,0.9027196652719666,0.80316426244765,0.8500369367150948,2149.0
row_level,123,student,student_A,E2_KD_from_MLP,3,Normal,0.9988613385162063,0.9962600352457411,0.9975589910496339,51070.0
row_level,123,student,student_A,E2_KD_from_MLP,4,TDMA,0.9504550050556118,0.9428284854563691,0.94662638469285,997.0
inverse_test_group_size,123,student,student_A,E2_KD_from_MLP,0,Blackhole,0.746855345911951,0.9359605911330052,0.8307826847398347,1014.9999999999998
inverse_test_group_size,123,student,student_A,E2_KD_from_MLP,1,Flooding,0.8822429906542056,0.9957805907172996,0.9355797819623389,474.0
inverse_test_group_size,123,student,student_A,E2_KD_from_MLP,2,Grayhole,0.9180327868852461,0.8296296296296293,0.8715953307392996,1890.0000000000002
inverse_test_group_size,123,student,student_A,E2_KD_from_MLP,3,Normal,0.9988325516797166,0.996305740157006,0.9975675458346736,49807.00000000006
inverse_test_group_size,123,student,student_A,E2_KD_from_MLP,4,TDMA,0.9519427402862985,0.9423076923076923,0.9471007121057986,988.0
pure_group_representative,123,student,student_A,E2_KD_from_MLP,0,Blackhole,0.7468553459119497,0.9359605911330049,0.8307826847398339,1015.0
pure_group_representative,123,student,student_A,E2_KD_from_MLP,1,Flooding,0.8822429906542056,0.9957805907172996,0.9355797819623389,474.0
pure_group_representative,123,student,student_A,E2_KD_from_MLP,2,Grayhole,0.9180327868852459,0.8296296296296296,0.8715953307392996,1890.0
pure_group_representative,123,student,student_A,E2_KD_from_MLP,3,Normal,0.9988325516797166,0.996305740157006,0.9975675458346736,49807.0
pure_group_representative,123,student,student_A,E2_KD_from_MLP,4,TDMA,0.9519427402862985,0.9423076923076923,0.9471007121057986,988.0
row_level,123,student,student_A,F_KD_from_CL_MLP_fair,0,Blackhole,0.7826982492276005,0.9559748427672956,0.8607021517553793,1590.0
row_level,123,student,student_A,F_KD_from_CL_MLP_fair,1,Flooding,0.8864864864864865,0.9939393939393939,0.9371428571428572,495.0
row_level,123,student,student_A,F_KD_from_CL_MLP_fair,2,Grayhole,0.915694591728526,0.8036295951605398,0.8560099132589839,2149.0
row_level,123,student,student_A,F_KD_from_CL_MLP_fair,3,Normal,0.9988608241348156,0.9958096729978461,0.9973329149670537,51070.0
row_level,123,student,student_A,F_KD_from_CL_MLP_fair,4,TDMA,0.9362549800796812,0.9428284854563691,0.9395302348825587,997.0
inverse_test_group_size,123,student,student_A,F_KD_from_CL_MLP_fair,0,Blackhole,0.7517564402810315,0.9487684729064041,0.8388501742160286,1014.9999999999998
inverse_test_group_size,123,student,student_A,F_KD_from_CL_MLP_fair,1,Flooding,0.8820224719101124,0.9936708860759493,0.9345238095238095,474.0
inverse_test_group_size,123,student,student_A,F_KD_from_CL_MLP_fair,2,Grayhole,0.9198361614979522,0.8317460317460315,0.873575993331481,1890.0000000000002
inverse_test_group_size,123,student,student_A,F_KD_from_CL_MLP_fair,3,Normal,0.9988320344751204,0.9958640351757785,0.9973458267146562,49807.00000000006
inverse_test_group_size,123,student,student_A,F_KD_from_CL_MLP_fair,4,TDMA,0.9394550958627649,0.9423076923076923,0.9408792319353209,988.0
pure_group_representative,123,student,student_A,F_KD_from_CL_MLP_fair,0,Blackhole,0.7517564402810304,0.948768472906404,0.8388501742160279,1015.0
pure_group_representative,123,student,student_A,F_KD_from_CL_MLP_fair,1,Flooding,0.8820224719101124,0.9936708860759493,0.9345238095238095,474.0
pure_group_representative,123,student,student_A,F_KD_from_CL_MLP_fair,2,Grayhole,0.919836161497952,0.8317460317460318,0.873575993331481,1890.0
pure_group_representative,123,student,student_A,F_KD_from_CL_MLP_fair,3,Normal,0.9988320344751204,0.9958640351757785,0.9973458267146562,49807.0
pure_group_representative,123,student,student_A,F_KD_from_CL_MLP_fair,4,TDMA,0.9394550958627649,0.9423076923076923,0.9408792319353209,988.0
row_level,123,student,student_A,F_KD_from_CL_MLP_ext,0,Blackhole,0.7828200972447326,0.9113207547169812,0.8421970357454228,1590.0
row_level,123,student,student_A,F_KD_from_CL_MLP_ext,1,Flooding,0.8866906474820144,0.9959595959595959,0.9381541389153187,495.0
row_level,123,student,student_A,F_KD_from_CL_MLP_ext,2,Grayhole,0.8850632911392405,0.8134015821312238,0.8477206595538312,2149.0
row_level,123,student,student_A,F_KD_from_CL_MLP_ext,3,Normal,0.9988610702012763,0.9960250636381437,0.9974410510319134,51070.0
row_level,123,student,student_A,F_KD_from_CL_MLP_ext,4,TDMA,0.9446680080482898,0.9418254764292878,0.9432446007031643,997.0
inverse_test_group_size,123,student,student_A,F_KD_from_CL_MLP_ext,0,Blackhole,0.7518189167340354,0.9162561576354682,0.8259325044404984,1014.9999999999998
inverse_test_group_size,123,student,student_A,F_KD_from_CL_MLP_ext,1,Flooding,0.8838951310861424,0.9957805907172996,0.9365079365079365,474.0
inverse_test_group_size,123,student,student_A,F_KD_from_CL_MLP_ext,2,Grayhole,0.9046259280411189,0.8380952380952378,0.8700906344410871,1890.0000000000002
inverse_test_group_size,123,student,student_A,F_KD_from_CL_MLP_ext,3,Normal,0.998832269624917,0.9960648101672456,0.9974466202903213,49807.00000000006
inverse_test_group_size,123,student,student_A,F_KD_from_CL_MLP_ext,4,TDMA,0.9460834181078331,0.9412955465587044,0.943683409436834,988.0
pure_group_representative,123,student,student_A,F_KD_from_CL_MLP_ext,0,Blackhole,0.751818916734034,0.916256157635468,0.8259325044404974,1015.0
pure_group_representative,123,student,student_A,F_KD_from_CL_MLP_ext,1,Flooding,0.8838951310861424,0.9957805907172996,0.9365079365079365,474.0
pure_group_representative,123,student,student_A,F_KD_from_CL_MLP_ext,2,Grayhole,0.9046259280411194,0.8380952380952381,0.8700906344410876,1890.0
pure_group_representative,123,student,student_A,F_KD_from_CL_MLP_ext,3,Normal,0.998832269624917,0.9960648101672456,0.9974466202903213,49807.0
pure_group_representative,123,student,student_A,F_KD_from_CL_MLP_ext,4,TDMA,0.9460834181078331,0.9412955465587044,0.943683409436834,988.0
row_level,123,student,student_A,G_KD_random_pacing,0,Blackhole,0.7741935483870968,0.9207547169811321,0.8411376041367423,1590.0
row_level,123,student,student_A,G_KD_random_pacing,1,Flooding,0.8866906474820144,0.9959595959595959,0.9381541389153187,495.0
row_level,123,student,student_A,G_KD_random_pacing,2,Grayhole,0.8876288659793814,0.8013029315960912,0.8422597212032281,2149.0
row_level,123,student,student_A,G_KD_random_pacing,3,Normal,0.9988609807348638,0.9959467397689445,0.9974017315253306,51070.0
row_level,123,student,student_A,G_KD_random_pacing,4,TDMA,0.94662638469285,0.9428284854563691,0.9447236180904522,997.0
inverse_test_group_size,123,student,student_A,G_KD_random_pacing,0,Blackhole,0.7456418383518234,0.9270935960591131,0.8265261308739574,1014.9999999999998
inverse_test_group_size,123,student,student_A,G_KD_random_pacing,1,Flooding,0.8838951310861424,0.9957805907172996,0.9365079365079365,474.0
inverse_test_group_size,123,student,student_A,G_KD_random_pacing,2,Grayhole,0.9064124783362218,0.8301587301587298,0.8666114333057164,1890.0000000000002
inverse_test_group_size,123,student,student_A,G_KD_random_pacing,3,Normal,0.9988321755763616,0.9959845001706588,0.9974063052919414,49807.00000000006
inverse_test_group_size,123,student,student_A,G_KD_random_pacing,4,TDMA,0.9480651731160896,0.9423076923076923,0.9451776649746193,988.0
pure_group_representative,123,student,student_A,G_KD_random_pacing,0,Blackhole,0.7456418383518225,0.9270935960591133,0.826526130873957,1015.0
pure_group_representative,123,student,student_A,G_KD_random_pacing,1,Flooding,0.8838951310861424,0.9957805907172996,0.9365079365079365,474.0
pure_group_representative,123,student,student_A,G_KD_random_pacing,2,Grayhole,0.9064124783362218,0.8301587301587302,0.8666114333057167,1890.0
pure_group_representative,123,student,student_A,G_KD_random_pacing,3,Normal,0.9988321755763616,0.9959845001706588,0.9974063052919414,49807.0
pure_group_representative,123,student,student_A,G_KD_random_pacing,4,TDMA,0.9480651731160896,0.9423076923076923,0.9451776649746193,988.0
row_level,123,student,student_A,I_KD_from_SMOTE_MLP,0,Blackhole,0.8113636363636364,0.8981132075471698,0.8525373134328358,1590.0
row_level,123,student,student_A,I_KD_from_SMOTE_MLP,1,Flooding,0.891500904159132,0.9959595959595959,0.9408396946564885,495.0
row_level,123,student,student_A,I_KD_from_SMOTE_MLP,2,Grayhole,0.8806404657933042,0.8445788738948348,0.8622327790973872,2149.0
row_level,123,student,student_A,I_KD_from_SMOTE_MLP,3,Normal,0.9988212412329817,0.9955159584883493,0.9971658608820154,51070.0
row_level,123,student,student_A,I_KD_from_SMOTE_MLP,4,TDMA,0.9161793372319688,0.9428284854563691,0.9293129016312407,997.0
inverse_test_group_size,123,student,student_A,I_KD_from_SMOTE_MLP,0,Blackhole,0.7761824324324338,0.9054187192118227,0.8358344702137345,1014.9999999999998
inverse_test_group_size,123,student,student_A,I_KD_from_SMOTE_MLP,1,Flooding,0.8872180451127819,0.9957805907172996,0.9383697813121272,474.0
inverse_test_group_size,123,student,student_A,I_KD_from_SMOTE_MLP,2,Grayhole,0.9017212659633536,0.8592592592592591,0.8799783256570034,1890.0000000000002
inverse_test_group_size,123,student,student_A,I_KD_from_SMOTE_MLP,3,Normal,0.998811657838023,0.9956431826851647,0.9972249034749034,49807.00000000006
inverse_test_group_size,123,student,student_A,I_KD_from_SMOTE_MLP,4,TDMA,0.9236111111111112,0.9423076923076923,0.9328657314629258,988.0
pure_group_representative,123,student,student_A,I_KD_from_SMOTE_MLP,0,Blackhole,0.7761824324324325,0.9054187192118227,0.8358344702137335,1015.0
pure_group_representative,123,student,student_A,I_KD_from_SMOTE_MLP,1,Flooding,0.8872180451127819,0.9957805907172996,0.9383697813121272,474.0
pure_group_representative,123,student,student_A,I_KD_from_SMOTE_MLP,2,Grayhole,0.9017212659633537,0.8592592592592593,0.8799783256570035,1890.0
pure_group_representative,123,student,student_A,I_KD_from_SMOTE_MLP,3,Normal,0.998811657838023,0.9956431826851647,0.9972249034749034,49807.0
pure_group_representative,123,student,student_A,I_KD_from_SMOTE_MLP,4,TDMA,0.9236111111111112,0.9423076923076923,0.9328657314629258,988.0
row_level,123,student,student_A,J_CoDistill_RF_CL,0,Blackhole,0.7793880837359098,0.9132075471698113,0.8410078192875761,1590.0
row_level,123,student,student_A,J_CoDistill_RF_CL,1,Flooding,0.8931159420289855,0.9959595959595959,0.941738299904489,495.0
row_level,123,student,student_A,J_CoDistill_RF_CL,2,Grayhole,0.8951446280991735,0.8064215914378781,0.848470012239902,2149.0
row_level,123,student,student_A,J_CoDistill_RF_CL,3,Normal,0.9987641970223033,0.9969845310358332,0.9978735705396428,51070.0
row_level,123,student,student_A,J_CoDistill_RF_CL,4,TDMA,0.9680741503604532,0.9428284854563691,0.9552845528455285,997.0
inverse_test_group_size,123,student,student_A,J_CoDistill_RF_CL,0,Blackhole,0.7476114649681542,0.9251231527093599,0.8269484808454435,1014.9999999999998
inverse_test_group_size,123,student,student_A,J_CoDistill_RF_CL,1,Flooding,0.8888888888888888,0.9957805907172996,0.9393034825870646,474.0
inverse_test_group_size,123,student,student_A,J_CoDistill_RF_CL,2,Grayhole,0.9191564147627411,0.8301587301587301,0.8723936613844868,1890.0000000000002
inverse_test_group_size,123,student,student_A,J_CoDistill_RF_CL,3,Normal,0.9987529667323706,0.9969682976288473,0.9978598342125095,49807.00000000006
inverse_test_group_size,123,student,student_A,J_CoDistill_RF_CL,4,TDMA,0.9677754677754677,0.9423076923076923,0.9548717948717949,988.0
pure_group_representative,123,student,student_A,J_CoDistill_RF_CL,0,Blackhole,0.7476114649681529,0.9251231527093596,0.8269484808454426,1015.0
pure_group_representative,123,student,student_A,J_CoDistill_RF_CL,1,Flooding,0.8888888888888888,0.9957805907172996,0.9393034825870646,474.0
pure_group_representative,123,student,student_A,J_CoDistill_RF_CL,2,Grayhole,0.9191564147627417,0.8301587301587302,0.872393661384487,1890.0
pure_group_representative,123,student,student_A,J_CoDistill_RF_CL,3,Normal,0.9987529667323706,0.9969682976288473,0.9978598342125095,49807.0
pure_group_representative,123,student,student_A,J_CoDistill_RF_CL,4,TDMA,0.9677754677754677,0.9423076923076923,0.9548717948717949,988.0
row_level,123,student,student_B,D_Small_MLP,0,Blackhole,0.8494882600842866,0.8874213836477988,0.868040602891418,1590.0
row_level,123,student,student_B,D_Small_MLP,1,Flooding,0.8679577464788732,0.9959595959595959,0.9275634995296331,495.0
row_level,123,student,student_B,D_Small_MLP,2,Grayhole,0.8800370541917555,0.8841321544904607,0.8820798514391829,2149.0
row_level,123,student,student_B,D_Small_MLP,3,Normal,0.9988609359963864,0.995907577834345,0.9973820706154586,51070.0
row_level,123,student,student_B,D_Small_MLP,4,TDMA,0.9466800804828974,0.9438314944834504,0.945253641386238,997.0
inverse_test_group_size,123,student,student_B,D_Small_MLP,0,Blackhole,0.8164726947179958,0.8985221674876849,0.8555347091932465,1014.9999999999998
inverse_test_group_size,123,student,student_B,D_Small_MLP,1,Flooding,0.8676470588235294,0.9957805907172996,0.9273084479371316,474.0
inverse_test_group_size,123,student,student_B,D_Small_MLP,2,Grayhole,0.9040214477211794,0.892063492063492,0.8980026631158453,1890.0000000000002
inverse_test_group_size,123,student,student_B,D_Small_MLP,3,Normal,0.9988321755763616,0.9959845001706588,0.9974063052919414,49807.00000000006
inverse_test_group_size,123,student,student_B,D_Small_MLP,4,TDMA,0.948118006103764,0.9433198380566802,0.945712836123795,988.0
pure_group_representative,123,student,student_B,D_Small_MLP,0,Blackhole,0.8164726947179947,0.8985221674876848,0.8555347091932458,1015.0
pure_group_representative,123,student,student_B,D_Small_MLP,1,Flooding,0.8676470588235294,0.9957805907172996,0.9273084479371316,474.0
pure_group_representative,123,student,student_B,D_Small_MLP,2,Grayhole,0.9040214477211796,0.8920634920634921,0.8980026631158455,1890.0
pure_group_representative,123,student,student_B,D_Small_MLP,3,Normal,0.9988321755763616,0.9959845001706588,0.9974063052919414,49807.0
pure_group_representative,123,student,student_B,D_Small_MLP,4,TDMA,0.948118006103764,0.9433198380566802,0.945712836123795,988.0
row_level,123,student,student_B,E_KD_from_RF,0,Blackhole,0.8778195488721805,0.8811320754716981,0.879472693032015,1590.0
row_level,123,student,student_B,E_KD_from_RF,1,Flooding,0.8931159420289855,0.9959595959595959,0.941738299904489,495.0
row_level,123,student,student_B,E_KD_from_RF,2,Grayhole,0.8900091659028414,0.9036761284318288,0.8967905795428307,2149.0
row_level,123,student,student_B,E_KD_from_RF,3,Normal,0.9986277738571316,0.9974936361856276,0.9980603828294901,51070.0
row_level,123,student,student_B,E_KD_from_RF,4,TDMA,0.9812304483837331,0.9438314944834504,0.9621676891615542,997.0
inverse_test_group_size,123,student,student_B,E_KD_from_RF,0,Blackhole,0.8529411764705893,0.8857142857142857,0.8690188496858391,1014.9999999999998
inverse_test_group_size,123,student,student_B,E_KD_from_RF,1,Flooding,0.8888888888888888,0.9957805907172996,0.9393034825870646,474.0
inverse_test_group_size,123,student,student_B,E_KD_from_RF,2,Grayhole,0.912652196929592,0.912169312169312,0.9124106906589041,1890.0000000000002
inverse_test_group_size,123,student,student_B,E_KD_from_RF,3,Normal,0.9986130653266332,0.997470235107515,0.9980413230611609,49807.00000000006
inverse_test_group_size,123,student,student_B,E_KD_from_RF,4,TDMA,0.9810526315789474,0.9433198380566802,0.9618163054695562,988.0
pure_group_representative,123,student,student_B,E_KD_from_RF,0,Blackhole,0.8529411764705882,0.8857142857142857,0.8690188496858385,1015.0
pure_group_representative,123,student,student_B,E_KD_from_RF,1,Flooding,0.8888888888888888,0.9957805907172996,0.9393034825870646,474.0
pure_group_representative,123,student,student_B,E_KD_from_RF,2,Grayhole,0.9126521969295924,0.9121693121693122,0.9124106906589045,1890.0
pure_group_representative,123,student,student_B,E_KD_from_RF,3,Normal,0.9986130653266332,0.997470235107515,0.9980413230611609,49807.0
pure_group_representative,123,student,student_B,E_KD_from_RF,4,TDMA,0.9810526315789474,0.9433198380566802,0.9618163054695562,988.0
row_level,123,student,student_B,E2_KD_from_MLP,0,Blackhole,0.7923526287838556,0.9383647798742139,0.859199539303196,1590.0
row_level,123,student,student_B,E2_KD_from_MLP,1,Flooding,0.8882882882882883,0.9959595959595959,0.939047619047619,495.0
row_level,123,student,student_B,E2_KD_from_MLP,2,Grayhole,0.9052523171987642,0.818054909260121,0.859447567831826,2149.0
row_level,123,student,student_B,E2_KD_from_MLP,3,Normal,0.998861025469827,0.9959859017035442,0.9974213916641338,51070.0
row_level,123,student,student_B,E2_KD_from_MLP,4,TDMA,0.9428857715430862,0.9438314944834504,0.943358395989975,997.0
inverse_test_group_size,123,student,student_B,E2_KD_from_MLP,0,Blackhole,0.7657004830917886,0.9369458128078818,0.8427115640230403,1014.9999999999998
inverse_test_group_size,123,student,student_B,E2_KD_from_MLP,1,Flooding,0.8838951310861424,0.9957805907172996,0.9365079365079365,474.0
inverse_test_group_size,123,student,student_B,E2_KD_from_MLP,2,Grayhole,0.9163323782234952,0.8460317460317457,0.8797799174690504,1890.0000000000002
inverse_test_group_size,123,student,student_B,E2_KD_from_MLP,3,Normal,0.9988321990899207,0.9960045776698054,0.9974163843455008,49807.00000000006
inverse_test_group_size,123,student,student_B,E2_KD_from_MLP,4,TDMA,0.9442755825734549,0.9433198380566802,0.9437974683544303,988.0
pure_group_representative,123,student,student_B,E2_KD_from_MLP,0,Blackhole,0.7657004830917874,0.9369458128078818,0.8427115640230395,1015.0
pure_group_representative,123,student,student_B,E2_KD_from_MLP,1,Flooding,0.8838951310861424,0.9957805907172996,0.9365079365079365,474.0
pure_group_representative,123,student,student_B,E2_KD_from_MLP,2,Grayhole,0.9163323782234957,0.846031746031746,0.8797799174690509,1890.0
pure_group_representative,123,student,student_B,E2_KD_from_MLP,3,Normal,0.9988321990899207,0.9960045776698054,0.9974163843455008,49807.0
pure_group_representative,123,student,student_B,E2_KD_from_MLP,4,TDMA,0.9442755825734549,0.9433198380566802,0.9437974683544303,988.0
row_level,123,student,student_B,F_KD_from_CL_MLP_fair,0,Blackhole,0.7917997870074548,0.9352201257861635,0.8575547866205305,1590.0
row_level,123,student,student_B,F_KD_from_CL_MLP_fair,1,Flooding,0.8866906474820144,0.9959595959595959,0.9381541389153187,495.0
row_level,123,student,student_B,F_KD_from_CL_MLP_fair,2,Grayhole,0.9020010261672653,0.818054909260121,0.8579795021961932,2149.0
row_level,123,student,student_B,F_KD_from_CL_MLP_fair,3,Normal,0.9988609807348638,0.9959467397689445,0.9974017315253306,51070.0
row_level,123,student,student_B,F_KD_from_CL_MLP_fair,4,TDMA,0.9438314944834504,0.9438314944834504,0.9438314944834504,997.0
inverse_test_group_size,123,student,student_B,F_KD_from_CL_MLP_fair,0,Blackhole,0.7618283881315171,0.9359605911330052,0.8399646330680824,1014.9999999999998
inverse_test_group_size,123,student,student_B,F_KD_from_CL_MLP_fair,1,Flooding,0.8838951310861424,0.9957805907172996,0.9365079365079365,474.0
inverse_test_group_size,123,student,student_B,F_KD_from_CL_MLP_fair,2,Grayhole,0.9144661308840415,0.8428571428571425,0.8772026431718062,1890.0000000000002
inverse_test_group_size,123,student,student_B,F_KD_from_CL_MLP_fair,3,Normal,0.9988321755763616,0.9959845001706588,0.9974063052919414,49807.00000000006
inverse_test_group_size,123,student,student_B,F_KD_from_CL_MLP_fair,4,TDMA,0.9452332657200812,0.9433198380566802,0.9442755825734549,988.0
pure_group_representative,123,student,student_B,F_KD_from_CL_MLP_fair,0,Blackhole,0.7618283881315157,0.9359605911330049,0.8399646330680813,1015.0
pure_group_representative,123,student,student_B,F_KD_from_CL_MLP_fair,1,Flooding,0.8838951310861424,0.9957805907172996,0.9365079365079365,474.0
pure_group_representative,123,student,student_B,F_KD_from_CL_MLP_fair,2,Grayhole,0.9144661308840414,0.8428571428571429,0.8772026431718062,1890.0
pure_group_representative,123,student,student_B,F_KD_from_CL_MLP_fair,3,Normal,0.9988321755763616,0.9959845001706588,0.9974063052919414,49807.0
pure_group_representative,123,student,student_B,F_KD_from_CL_MLP_fair,4,TDMA,0.9452332657200812,0.9433198380566802,0.9442755825734549,988.0
row_level,123,student,student_B,F_KD_from_CL_MLP_ext,0,Blackhole,0.7907725321888412,0.9270440251572327,0.8535031847133758,1590.0
row_level,123,student,student_B,F_KD_from_CL_MLP_ext,1,Flooding,0.8898916967509025,0.9959595959595959,0.9399428026692088,495.0
row_level,123,student,student_B,F_KD_from_CL_MLP_ext,2,Grayhole,0.9001536098310292,0.818054909260121,0.8571428571428571,2149.0
row_level,123,student,student_B,F_KD_from_CL_MLP_ext,3,Normal,0.9988220974518042,0.9962404542784413,0.9975296055211356,51070.0
row_level,123,student,student_B,F_KD_from_CL_MLP_ext,4,TDMA,0.9485887096774194,0.9438314944834504,0.9462041226747109,997.0
inverse_test_group_size,123,student,student_B,F_KD_from_CL_MLP_ext,0,Blackhole,0.7592295345104347,0.9320197044334978,0.8367978770455561,1014.9999999999998
inverse_test_group_size,123,student,student_B,F_KD_from_CL_MLP_ext,1,Flooding,0.8855534709193246,0.9957805907172996,0.9374379344587885,474.0
inverse_test_group_size,123,student,student_B,F_KD_from_CL_MLP_ext,2,Grayhole,0.9169550173010383,0.8412698412698411,0.8774834437086092,1890.0000000000002
inverse_test_group_size,123,student,student_B,F_KD_from_CL_MLP_ext,3,Normal,0.9988123993558776,0.9962655851587127,0.9975373666911255,49807.00000000006
inverse_test_group_size,123,student,student_B,F_KD_from_CL_MLP_ext,4,TDMA,0.9500509683995922,0.9433198380566802,0.94667343829355,988.0
pure_group_representative,123,student,student_B,F_KD_from_CL_MLP_ext,0,Blackhole,0.7592295345104334,0.9320197044334976,0.8367978770455551,1015.0
pure_group_representative,123,student,student_B,F_KD_from_CL_MLP_ext,1,Flooding,0.8855534709193246,0.9957805907172996,0.9374379344587885,474.0
pure_group_representative,123,student,student_B,F_KD_from_CL_MLP_ext,2,Grayhole,0.916955017301038,0.8412698412698413,0.8774834437086093,1890.0
pure_group_representative,123,student,student_B,F_KD_from_CL_MLP_ext,3,Normal,0.9988123993558776,0.9962655851587127,0.9975373666911255,49807.0
pure_group_representative,123,student,student_B,F_KD_from_CL_MLP_ext,4,TDMA,0.9500509683995922,0.9433198380566802,0.94667343829355,988.0
row_level,123,student,student_B,G_KD_random_pacing,0,Blackhole,0.7928416485900217,0.919496855345912,0.8514851485148515,1590.0
row_level,123,student,student_B,G_KD_random_pacing,1,Flooding,0.8850987432675045,0.9959595959595959,0.9372623574144486,495.0
row_level,123,student,student_B,G_KD_random_pacing,2,Grayhole,0.8942307692307693,0.8222429036761284,0.8567272727272728,2149.0
row_level,123,student,student_B,G_KD_random_pacing,3,Normal,0.9988611820145298,0.9961229684746427,0.9974901960784314,51070.0
row_level,123,student,student_B,G_KD_random_pacing,4,TDMA,0.9466800804828974,0.9438314944834504,0.945253641386238,997.0
inverse_test_group_size,123,student,student_B,G_KD_random_pacing,0,Blackhole,0.7556270096463036,0.9261083743842364,0.8322266489597175,1014.9999999999998
inverse_test_group_size,123,student,student_B,G_KD_random_pacing,1,Flooding,0.8822429906542056,0.9957805907172996,0.9355797819623389,474.0
inverse_test_group_size,123,student,student_B,G_KD_random_pacing,2,Grayhole,0.9125431530494824,0.839153439153439,0.8743109151047409,1890.0000000000002
inverse_test_group_size,123,student,student_B,G_KD_random_pacing,3,Normal,0.9988323871643113,0.9961651976629791,0.9974970094791971,49807.00000000006
inverse_test_group_size,123,student,student_B,G_KD_random_pacing,4,TDMA,0.948118006103764,0.9433198380566802,0.945712836123795,988.0
pure_group_representative,123,student,student_B,G_KD_random_pacing,0,Blackhole,0.7556270096463023,0.9261083743842364,0.8322266489597167,1015.0
pure_group_representative,123,student,student_B,G_KD_random_pacing,1,Flooding,0.8822429906542056,0.9957805907172996,0.9355797819623389,474.0
pure_group_representative,123,student,student_B,G_KD_random_pacing,2,Grayhole,0.9125431530494822,0.8391534391534392,0.8743109151047409,1890.0
pure_group_representative,123,student,student_B,G_KD_random_pacing,3,Normal,0.9988323871643113,0.9961651976629791,0.9974970094791971,49807.0
pure_group_representative,123,student,student_B,G_KD_random_pacing,4,TDMA,0.948118006103764,0.9433198380566802,0.945712836123795,988.0
row_level,123,student,student_B,I_KD_from_SMOTE_MLP,0,Blackhole,0.8389380530973451,0.8943396226415095,0.8657534246575342,1590.0
row_level,123,student,student_B,I_KD_from_SMOTE_MLP,1,Flooding,0.891500904159132,0.9959595959595959,0.9408396946564885,495.0
row_level,123,student,student_B,I_KD_from_SMOTE_MLP,2,Grayhole,0.8885727833096254,0.8720335039553281,0.8802254579614842,2149.0
row_level,123,student,student_B,I_KD_from_SMOTE_MLP,3,Normal,0.9988219818192527,0.9961425494419425,0.9974804662607962,51070.0
row_level,123,student,student_B,I_KD_from_SMOTE_MLP,4,TDMA,0.9307616221562809,0.9438314944834504,0.9372509960159362,997.0
inverse_test_group_size,123,student,student_B,I_KD_from_SMOTE_MLP,0,Blackhole,0.8033216783216804,0.9054187192118228,0.8513200555812889,1014.9999999999998
inverse_test_group_size,123,student,student_B,I_KD_from_SMOTE_MLP,1,Flooding,0.8872180451127819,0.9957805907172996,0.9383697813121272,474.0
inverse_test_group_size,123,student,student_B,I_KD_from_SMOTE_MLP,2,Grayhole,0.9122325836533184,0.8798941798941796,0.8957716132507403,1890.0000000000002
inverse_test_group_size,123,student,student_B,I_KD_from_SMOTE_MLP,3,Normal,0.9987921732828731,0.9961651976629791,0.9974769558618055,49807.00000000006
inverse_test_group_size,123,student,student_B,I_KD_from_SMOTE_MLP,4,TDMA,0.9329329329329329,0.9433198380566802,0.9380976346250629,988.0
pure_group_representative,123,student,student_B,I_KD_from_SMOTE_MLP,0,Blackhole,0.8033216783216783,0.9054187192118227,0.8513200555812876,1015.0
pure_group_representative,123,student,student_B,I_KD_from_SMOTE_MLP,1,Flooding,0.8872180451127819,0.9957805907172996,0.9383697813121272,474.0
pure_group_representative,123,student,student_B,I_KD_from_SMOTE_MLP,2,Grayhole,0.9122325836533187,0.8798941798941798,0.8957716132507406,1890.0
pure_group_representative,123,student,student_B,I_KD_from_SMOTE_MLP,3,Normal,0.9987921732828731,0.9961651976629791,0.9974769558618055,49807.0
pure_group_representative,123,student,student_B,I_KD_from_SMOTE_MLP,4,TDMA,0.9329329329329329,0.9433198380566802,0.9380976346250629,988.0
row_level,123,student,student_B,J_CoDistill_RF_CL,0,Blackhole,0.8523693803159174,0.8823899371069183,0.8671199011124846,1590.0
row_level,123,student,student_B,J_CoDistill_RF_CL,1,Flooding,0.891500904159132,0.9959595959595959,0.9408396946564885,495.0
row_level,123,student,student_B,J_CoDistill_RF_CL,2,Grayhole,0.8801480795927811,0.8850628199162401,0.8825986078886311,2149.0
row_level,123,student,student_B,J_CoDistill_RF_CL,3,Normal,0.9987835027273084,0.9967495594282357,0.9977654945313419,51070.0
row_level,123,student,student_B,J_CoDistill_RF_CL,4,TDMA,0.9651282051282051,0.9438314944834504,0.9543610547667343,997.0
inverse_test_group_size,123,student,student_B,J_CoDistill_RF_CL,0,Blackhole,0.8234758871701557,0.891625615763547,0.856196783349102,1014.9999999999998
inverse_test_group_size,123,student,student_B,J_CoDistill_RF_CL,1,Flooding,0.8872180451127819,0.9957805907172996,0.9383697813121272,474.0
inverse_test_group_size,123,student,student_B,J_CoDistill_RF_CL,2,Grayhole,0.9043292357028323,0.8952380952380949,0.8997607019409728,1890.0000000000002
inverse_test_group_size,123,student,student_B,J_CoDistill_RF_CL,3,Normal,0.9987526907678999,0.9967474451382335,0.9977490604337078,49807.00000000006
inverse_test_group_size,123,student,student_B,J_CoDistill_RF_CL,4,TDMA,0.9658031088082901,0.9433198380566802,0.9544290834613415,988.0
pure_group_representative,123,student,student_B,J_CoDistill_RF_CL,0,Blackhole,0.8234758871701547,0.8916256157635468,0.8561967833491012,1015.0
pure_group_representative,123,student,student_B,J_CoDistill_RF_CL,1,Flooding,0.8872180451127819,0.9957805907172996,0.9383697813121272,474.0
pure_group_representative,123,student,student_B,J_CoDistill_RF_CL,2,Grayhole,0.9043292357028327,0.8952380952380953,0.8997607019409731,1890.0
pure_group_representative,123,student,student_B,J_CoDistill_RF_CL,3,Normal,0.9987526907678999,0.9967474451382335,0.9977490604337078,49807.0
pure_group_representative,123,student,student_B,J_CoDistill_RF_CL,4,TDMA,0.9658031088082901,0.9433198380566802,0.9544290834613415,988.0
row_level,456,teacher,,A_RF_500_uncalibrated,0,Blackhole,0.9825978868862648,0.9943396226415094,0.9884338855892466,1590.0
row_level,456,teacher,,A_RF_500_uncalibrated,1,Flooding,0.9232209737827716,0.9959595959595959,0.9582118561710399,495.0
row_level,456,teacher,,A_RF_500_uncalibrated,2,Grayhole,0.9849694692343823,0.9758026989297348,0.9803646563814866,2149.0
row_level,456,teacher,,A_RF_500_uncalibrated,3,Normal,0.9983752887288102,0.9986880751909144,0.9985316574650535,51070.0
row_level,456,teacher,,A_RF_500_uncalibrated,4,TDMA,0.9968186638388123,0.9428284854563691,0.9690721649484536,997.0
inverse_test_group_size,456,teacher,,A_RF_500_uncalibrated,0,Blackhole,0.9795520934761446,0.9911330049261083,0.9853085210577867,1014.9999999999998
inverse_test_group_size,456,teacher,,A_RF_500_uncalibrated,1,Flooding,0.9200779727095516,0.9957805907172996,0.9564336372847011,474.0
inverse_test_group_size,456,teacher,,A_RF_500_uncalibrated,2,Grayhole,0.982969664715274,0.9772486772486771,0.9801008224993367,1890.0000000000002
inverse_test_group_size,456,teacher,,A_RF_500_uncalibrated,3,Normal,0.9983741795628349,0.9986548075571707,0.9985144738426949,49807.00000000006
inverse_test_group_size,456,teacher,,A_RF_500_uncalibrated,4,TDMA,0.9967880085653105,0.9423076923076923,0.9687825182101977,988.0
pure_group_representative,456,teacher,,A_RF_500_uncalibrated,0,Blackhole,0.9795520934761441,0.9911330049261083,0.9853085210577864,1015.0
pure_group_representative,456,teacher,,A_RF_500_uncalibrated,1,Flooding,0.9200779727095516,0.9957805907172996,0.9564336372847011,474.0
pure_group_representative,456,teacher,,A_RF_500_uncalibrated,2,Grayhole,0.982969664715274,0.9772486772486773,0.9801008224993367,1890.0
pure_group_representative,456,teacher,,A_RF_500_uncalibrated,3,Normal,0.9983741795628349,0.9986548075571707,0.9985144738426949,49807.0
pure_group_representative,456,teacher,,A_RF_500_uncalibrated,4,TDMA,0.9967880085653105,0.9423076923076923,0.9687825182101977,988.0
row_level,456,teacher,,A_calibrated_RF_KD_teacher,0,Blackhole,0.9886934673366834,0.989937106918239,0.9893148962916405,1590.0
row_level,456,teacher,,A_calibrated_RF_KD_teacher,1,Flooding,0.930188679245283,0.9959595959595959,0.9619512195121951,495.0
row_level,456,teacher,,A_calibrated_RF_KD_teacher,2,Grayhole,0.9805375347544022,0.9846440204746394,0.9825864871140004,2149.0
row_level,456,teacher,,A_calibrated_RF_KD_teacher,3,Normal,0.9985512353655194,0.9987076561582142,0.9986294396366057,51070.0
row_level,456,teacher,,A_calibrated_RF_KD_teacher,4,TDMA,0.9968186638388123,0.9428284854563691,0.9690721649484536,997.0
inverse_test_group_size,456,teacher,,A_calibrated_RF_KD_teacher,0,Blackhole,0.9862068965517242,0.9862068965517242,0.9862068965517242,1014.9999999999998
inverse_test_group_size,456,teacher,,A_calibrated_RF_KD_teacher,1,Flooding,0.9273084479371316,0.9957805907172996,0.960325534079349,474.0
inverse_test_group_size,456,teacher,,A_calibrated_RF_KD_teacher,2,Grayhole,0.9789584429247764,0.9846560846560845,0.9817989976259561,1890.0000000000002
inverse_test_group_size,456,teacher,,A_calibrated_RF_KD_teacher,3,Normal,0.9985145036635552,0.9986748850563174,0.9985946879203389,49807.00000000006
inverse_test_group_size,456,teacher,,A_calibrated_RF_KD_teacher,4,TDMA,0.9967880085653105,0.9423076923076923,0.9687825182101977,988.0
pure_group_representative,456,teacher,,A_calibrated_RF_KD_teacher,0,Blackhole,0.9862068965517241,0.9862068965517241,0.9862068965517241,1015.0
pure_group_representative,456,teacher,,A_calibrated_RF_KD_teacher,1,Flooding,0.9273084479371316,0.9957805907172996,0.960325534079349,474.0
pure_group_representative,456,teacher,,A_calibrated_RF_KD_teacher,2,Grayhole,0.9789584429247764,0.9846560846560847,0.9817989976259562,1890.0
pure_group_representative,456,teacher,,A_calibrated_RF_KD_teacher,3,Normal,0.9985145036635552,0.9986748850563174,0.9985946879203389,49807.0
pure_group_representative,456,teacher,,A_calibrated_RF_KD_teacher,4,TDMA,0.9967880085653105,0.9423076923076923,0.9687825182101977,988.0
row_level,456,teacher,,B_Full_MLP,0,Blackhole,0.8264367816091954,0.9044025157232705,0.8636636636636636,1590.0
row_level,456,teacher,,B_Full_MLP,1,Flooding,0.8681898066783831,0.997979797979798,0.9285714285714286,495.0
row_level,456,teacher,,B_Full_MLP,2,Grayhole,0.8824653607262303,0.8594695207073058,0.8708156529938709,2149.0
row_level,456,teacher,,B_Full_MLP,3,Normal,0.9988801351696497,0.9955355394556491,0.9972050329021566,51070.0
row_level,456,teacher,,B_Full_MLP,4,TDMA,0.941,0.9438314944834504,0.9424136204306459,997.0
inverse_test_group_size,456,teacher,,B_Full_MLP,0,Blackhole,0.7899659863945597,0.9152709359605911,0.8480146052031048,1014.9999999999998
inverse_test_group_size,456,teacher,,B_Full_MLP,1,Flooding,0.8663003663003663,0.9978902953586498,0.9274509803921569,474.0
inverse_test_group_size,456,teacher,,B_Full_MLP,2,Grayhole,0.9032435404068164,0.8693121693121693,0.8859530870854676,1890.0000000000002
inverse_test_group_size,456,teacher,,B_Full_MLP,3,Normal,0.9988518481216638,0.9956030276868714,0.9972247918593895,49807.00000000006
inverse_test_group_size,456,teacher,,B_Full_MLP,4,TDMA,0.9433198380566802,0.9433198380566802,0.9433198380566802,988.0
pure_group_representative,456,teacher,,B_Full_MLP,0,Blackhole,0.7899659863945578,0.9152709359605912,0.8480146052031036,1015.0
pure_group_representative,456,teacher,,B_Full_MLP,1,Flooding,0.8663003663003663,0.9978902953586498,0.9274509803921569,474.0
pure_group_representative,456,teacher,,B_Full_MLP,2,Grayhole,0.903243540406817,0.8693121693121693,0.8859530870854678,1890.0
pure_group_representative,456,teacher,,B_Full_MLP,3,Normal,0.9988518481216638,0.9956030276868714,0.9972247918593895,49807.0
pure_group_representative,456,teacher,,B_Full_MLP,4,TDMA,0.9433198380566802,0.9433198380566802,0.9433198380566802,988.0
row_level,456,teacher,,C_CL_MLP_loss_fair,0,Blackhole,0.7538538040775733,0.9534591194968554,0.8419883365731741,1590.0
row_level,456,teacher,,C_CL_MLP_loss_fair,1,Flooding,0.8850987432675045,0.9959595959595959,0.9372623574144486,495.0
row_level,456,teacher,,C_CL_MLP_loss_fair,2,Grayhole,0.9082921471718836,0.7696603071195905,0.8332493702770781,2149.0
row_level,456,teacher,,C_CL_MLP_loss_fair,3,Normal,0.9988413197172035,0.995907577834345,0.9973722914011177,51070.0
row_level,456,teacher,,C_CL_MLP_loss_fair,4,TDMA,0.9485887096774194,0.9438314944834504,0.9462041226747109,997.0
inverse_test_group_size,456,teacher,,C_CL_MLP_loss_fair,0,Blackhole,0.7197026022304844,0.9536945812807883,0.8203389830508483,1014.9999999999998
inverse_test_group_size,456,teacher,,C_CL_MLP_loss_fair,1,Flooding,0.8822429906542056,0.9957805907172996,0.9355797819623389,474.0
inverse_test_group_size,456,teacher,,C_CL_MLP_loss_fair,2,Grayhole,0.9175257731958765,0.8005291005291001,0.8550437976829611,1890.0000000000002
inverse_test_group_size,456,teacher,,C_CL_MLP_loss_fair,3,Normal,0.9988120167525774,0.9959443451723653,0.9973761196730705,49807.00000000006
inverse_test_group_size,456,teacher,,C_CL_MLP_loss_fair,4,TDMA,0.9500509683995922,0.9433198380566802,0.94667343829355,988.0
pure_group_representative,456,teacher,,C_CL_MLP_loss_fair,0,Blackhole,0.7197026022304833,0.9536945812807882,0.8203389830508474,1015.0
pure_group_representative,456,teacher,,C_CL_MLP_loss_fair,1,Flooding,0.8822429906542056,0.9957805907172996,0.9355797819623389,474.0
pure_group_representative,456,teacher,,C_CL_MLP_loss_fair,2,Grayhole,0.9175257731958762,0.8005291005291005,0.8550437976829612,1890.0
pure_group_representative,456,teacher,,C_CL_MLP_loss_fair,3,Normal,0.9988120167525774,0.9959443451723653,0.9973761196730705,49807.0
pure_group_representative,456,teacher,,C_CL_MLP_loss_fair,4,TDMA,0.9500509683995922,0.9433198380566802,0.94667343829355,988.0
row_level,456,teacher,,C_CL_MLP_loss_ext,0,Blackhole,0.8023887079261672,0.929559748427673,0.8613053613053613,1590.0
row_level,456,teacher,,C_CL_MLP_loss_ext,1,Flooding,0.8819320214669052,0.9959595959595959,0.9354838709677419,495.0
row_level,456,teacher,,C_CL_MLP_loss_ext,2,Grayhole,0.8933933933933934,0.8306188925081434,0.8608632746563781,2149.0
row_level,456,teacher,,C_CL_MLP_loss_ext,3,Normal,0.9988606003457489,0.9956138633248482,0.9972345892090141,51070.0
row_level,456,teacher,,C_CL_MLP_loss_ext,4,TDMA,0.9428857715430862,0.9438314944834504,0.943358395989975,997.0
inverse_test_group_size,456,teacher,,C_CL_MLP_loss_ext,0,Blackhole,0.7651821862348195,0.9310344827586207,0.840000000000001,1014.9999999999998
inverse_test_group_size,456,teacher,,C_CL_MLP_loss_ext,1,Flooding,0.8789571694599627,0.9957805907172996,0.933728981206726,474.0
inverse_test_group_size,456,teacher,,C_CL_MLP_loss_ext,2,Grayhole,0.9054895302773058,0.8465608465608463,0.8750341810226958,1890.0000000000002
inverse_test_group_size,456,teacher,,C_CL_MLP_loss_ext,3,Normal,0.9988317757009346,0.9956431826851647,0.9972349303705194,49807.00000000006
inverse_test_group_size,456,teacher,,C_CL_MLP_loss_ext,4,TDMA,0.9442755825734549,0.9433198380566802,0.9437974683544303,988.0
pure_group_representative,456,teacher,,C_CL_MLP_loss_ext,0,Blackhole,0.7651821862348178,0.9310344827586207,0.84,1015.0
pure_group_representative,456,teacher,,C_CL_MLP_loss_ext,1,Flooding,0.8789571694599627,0.9957805907172996,0.933728981206726,474.0
pure_group_representative,456,teacher,,C_CL_MLP_loss_ext,2,Grayhole,0.9054895302773062,0.8465608465608465,0.8750341810226961,1890.0
pure_group_representative,456,teacher,,C_CL_MLP_loss_ext,3,Normal,0.9988317757009346,0.9956431826851647,0.9972349303705194,49807.0
pure_group_representative,456,teacher,,C_CL_MLP_loss_ext,4,TDMA,0.9442755825734549,0.9433198380566802,0.9437974683544303,988.0
row_level,456,teacher,,C2_CL_MLP_domain,0,Blackhole,0.7942984907769703,0.8937106918238994,0.8410772417875111,1590.0
row_level,456,teacher,,C2_CL_MLP_domain,1,Flooding,0.8819320214669052,0.9959595959595959,0.9354838709677419,495.0
row_level,456,teacher,,C2_CL_MLP_domain,2,Grayhole,0.8729769494850417,0.8282922289436947,0.8500477554918816,2149.0
row_level,456,teacher,,C2_CL_MLP_domain,3,Normal,0.9988411376492772,0.9957509300959467,0.9972936400541272,51070.0
row_level,456,teacher,,C2_CL_MLP_domain,4,TDMA,0.9391217564870259,0.9438314944834504,0.9414707353676839,997.0
inverse_test_group_size,456,teacher,,C2_CL_MLP_domain,0,Blackhole,0.75825082508251,0.9054187192118229,0.8253255500673563,1014.9999999999998
inverse_test_group_size,456,teacher,,C2_CL_MLP_domain,1,Flooding,0.8789571694599627,0.9957805907172996,0.933728981206726,474.0
inverse_test_group_size,456,teacher,,C2_CL_MLP_domain,2,Grayhole,0.8976377952755902,0.8444444444444444,0.8702290076335877,1890.0000000000002
inverse_test_group_size,456,teacher,,C2_CL_MLP_domain,3,Normal,0.9988118253584662,0.9957837251791917,0.9972954767099323,49807.00000000006
inverse_test_group_size,456,teacher,,C2_CL_MLP_domain,4,TDMA,0.9404641775983855,0.9433198380566802,0.94188984335523,988.0
pure_group_representative,456,teacher,,C2_CL_MLP_domain,0,Blackhole,0.7582508250825083,0.9054187192118227,0.8253255500673552,1015.0
pure_group_representative,456,teacher,,C2_CL_MLP_domain,1,Flooding,0.8789571694599627,0.9957805907172996,0.933728981206726,474.0
pure_group_representative,456,teacher,,C2_CL_MLP_domain,2,Grayhole,0.8976377952755905,0.8444444444444444,0.8702290076335878,1890.0
pure_group_representative,456,teacher,,C2_CL_MLP_domain,3,Normal,0.9988118253584662,0.9957837251791917,0.9972954767099323,49807.0
pure_group_representative,456,teacher,,C2_CL_MLP_domain,4,TDMA,0.9404641775983855,0.9433198380566802,0.94188984335523,988.0
row_level,456,teacher,,G_random_pacing_teacher,0,Blackhole,0.779839518555667,0.9779874213836478,0.8677455357142857,1590.0
row_level,456,teacher,,G_random_pacing_teacher,1,Flooding,0.8866906474820144,0.9959595959595959,0.9381541389153187,495.0
row_level,456,teacher,,G_random_pacing_teacher,2,Grayhole,0.9339158929546696,0.7957189390414147,0.8592964824120602,2149.0
row_level,456,teacher,,G_random_pacing_teacher,3,Normal,0.9988415017279296,0.9960642255727433,0.9974509304104002,51070.0
row_level,456,teacher,,G_random_pacing_teacher,4,TDMA,0.9485887096774194,0.9438314944834504,0.9462041226747109,997.0
inverse_test_group_size,456,teacher,,G_random_pacing_teacher,0,Blackhole,0.7492424242424257,0.9743842364532022,0.8471092077087804,1014.9999999999998
inverse_test_group_size,456,teacher,,G_random_pacing_teacher,1,Flooding,0.8822429906542056,0.9957805907172996,0.9355797819623389,474.0
inverse_test_group_size,456,teacher,,G_random_pacing_teacher,2,Grayhole,0.9352129574085184,0.8248677248677244,0.8765813888107955,1890.0000000000002
inverse_test_group_size,456,teacher,,G_random_pacing_teacher,3,Normal,0.9988121841718508,0.9960848876663922,0.9974466716258872,49807.00000000006
inverse_test_group_size,456,teacher,,G_random_pacing_teacher,4,TDMA,0.9500509683995922,0.9433198380566802,0.94667343829355,988.0
pure_group_representative,456,teacher,,G_random_pacing_teacher,0,Blackhole,0.7492424242424243,0.9743842364532019,0.8471092077087794,1015.0
pure_group_representative,456,teacher,,G_random_pacing_teacher,1,Flooding,0.8822429906542056,0.9957805907172996,0.9355797819623389,474.0
pure_group_representative,456,teacher,,G_random_pacing_teacher,2,Grayhole,0.9352129574085183,0.8248677248677249,0.8765813888107956,1890.0
pure_group_representative,456,teacher,,G_random_pacing_teacher,3,Normal,0.9988121841718508,0.9960848876663922,0.9974466716258872,49807.0
pure_group_representative,456,teacher,,G_random_pacing_teacher,4,TDMA,0.9500509683995922,0.9433198380566802,0.94667343829355,988.0
row_level,456,teacher,,I_SMOTE_MLP_teacher,0,Blackhole,0.9204212990052663,0.9893081761006289,0.9536223097908457,1590.0
row_level,456,teacher,,I_SMOTE_MLP_teacher,1,Flooding,0.891500904159132,0.9959595959595959,0.9408396946564885,495.0
row_level,456,teacher,,I_SMOTE_MLP_teacher,2,Grayhole,0.9472941176470588,0.9367147510469986,0.941974730931212,2149.0
row_level,456,teacher,,I_SMOTE_MLP_teacher,3,Normal,0.998840682229034,0.9953593107499511,0.9970969576901199,51070.0
row_level,456,teacher,,I_SMOTE_MLP_teacher,4,TDMA,0.9197651663405088,0.9428284854563691,0.9311540366518078,997.0
inverse_test_group_size,456,teacher,,I_SMOTE_MLP_teacher,0,Blackhole,0.9041591320072351,0.9852216748768474,0.942951438000944,1014.9999999999998
inverse_test_group_size,456,teacher,,I_SMOTE_MLP_teacher,1,Flooding,0.8872180451127819,0.9957805907172996,0.9383697813121272,474.0
inverse_test_group_size,456,teacher,,I_SMOTE_MLP_teacher,2,Grayhole,0.943915343915344,0.9439153439153437,0.9439153439153438,1890.0000000000002
inverse_test_group_size,456,teacher,,I_SMOTE_MLP_teacher,3,Normal,0.9988113466032719,0.9953821751962576,0.9970938125358245,49807.00000000006
inverse_test_group_size,456,teacher,,I_SMOTE_MLP_teacher,4,TDMA,0.9217821782178218,0.9423076923076923,0.9319319319319319,988.0
pure_group_representative,456,teacher,,I_SMOTE_MLP_teacher,0,Blackhole,0.9041591320072333,0.9852216748768473,0.9429514380009429,1015.0
pure_group_representative,456,teacher,,I_SMOTE_MLP_teacher,1,Flooding,0.8872180451127819,0.9957805907172996,0.9383697813121272,474.0
pure_group_representative,456,teacher,,I_SMOTE_MLP_teacher,2,Grayhole,0.9439153439153439,0.9439153439153439,0.9439153439153439,1890.0
pure_group_representative,456,teacher,,I_SMOTE_MLP_teacher,3,Normal,0.9988113466032719,0.9953821751962576,0.9970938125358245,49807.0
pure_group_representative,456,teacher,,I_SMOTE_MLP_teacher,4,TDMA,0.9217821782178218,0.9423076923076923,0.9319319319319319,988.0
row_level,456,student,student_A,D_Small_MLP,0,Blackhole,0.7864637985309548,0.9427672955974843,0.8575514874141876,1590.0
row_level,456,student,student_A,D_Small_MLP,1,Flooding,0.8803571428571428,0.9959595959595959,0.9345971563981043,495.0
row_level,456,student,student_A,D_Small_MLP,2,Grayhole,0.8589047853971387,0.8101442531409958,0.8338122605363985,2149.0
row_level,456,student,student_A,D_Small_MLP,3,Normal,0.9988782839712683,0.9938907382024672,0.9963782696177063,51070.0
row_level,456,student,student_A,D_Small_MLP,4,TDMA,0.9476334340382678,0.9438314944834504,0.9457286432160804,997.0
inverse_test_group_size,456,student,student_A,D_Small_MLP,0,Blackhole,0.7593328038125507,0.9418719211822663,0.8408091468777491,1014.9999999999998
inverse_test_group_size,456,student,student_A,D_Small_MLP,1,Flooding,0.8773234200743495,0.9957805907172996,0.932806324110672,474.0
inverse_test_group_size,456,student,student_A,D_Small_MLP,2,Grayhole,0.8647764449291165,0.8391534391534388,0.8517722878625131,1890.0000000000002
inverse_test_group_size,456,student,student_A,D_Small_MLP,3,Normal,0.9988499021407962,0.9939165177585481,0.9963771032928106,49807.00000000006
inverse_test_group_size,456,student,student_A,D_Small_MLP,4,TDMA,0.9490835030549898,0.9433198380566802,0.9461928934010152,988.0
pure_group_representative,456,student,student_A,D_Small_MLP,0,Blackhole,0.7593328038125496,0.941871921182266,0.8408091468777484,1015.0
pure_group_representative,456,student,student_A,D_Small_MLP,1,Flooding,0.8773234200743495,0.9957805907172996,0.932806324110672,474.0
pure_group_representative,456,student,student_A,D_Small_MLP,2,Grayhole,0.8647764449291166,0.8391534391534392,0.8517722878625135,1890.0
pure_group_representative,456,student,student_A,D_Small_MLP,3,Normal,0.9988499021407962,0.993916517758548,0.9963771032928106,49807.0
pure_group_representative,456,student,student_A,D_Small_MLP,4,TDMA,0.9490835030549898,0.9433198380566802,0.9461928934010152,988.0
row_level,456,student,student_A,E_KD_from_RF,0,Blackhole,0.7620596205962059,0.8842767295597485,0.8186317321688501,1590.0
row_level,456,student,student_A,E_KD_from_RF,1,Flooding,0.8931159420289855,0.9959595959595959,0.941738299904489,495.0
row_level,456,student,student_A,E_KD_from_RF,2,Grayhole,0.877720207253886,0.7882736156351792,0.8305957342485903,2149.0
row_level,456,student,student_A,E_KD_from_RF,3,Normal,0.9985492756180282,0.9973565694145291,0.9979525661497468,51070.0
row_level,456,student,student_A,E_KD_from_RF,4,TDMA,0.9751295336787564,0.9438314944834504,0.9592252803261978,997.0
inverse_test_group_size,456,student,student_A,E_KD_from_RF,0,Blackhole,0.7403846153846166,0.9103448275862069,0.816615112682281,1014.9999999999998
inverse_test_group_size,456,student,student_A,E_KD_from_RF,1,Flooding,0.8888888888888888,0.9957805907172996,0.9393034825870646,474.0
inverse_test_group_size,456,student,student_A,E_KD_from_RF,2,Grayhole,0.9166666666666674,0.8206349206349206,0.8659966499162483,1890.0000000000002
inverse_test_group_size,456,student,student_A,E_KD_from_RF,3,Normal,0.9985325748286329,0.997329692613488,0.9979307712397292,49807.00000000006
inverse_test_group_size,456,student,student_A,E_KD_from_RF,4,TDMA,0.9748953974895398,0.9433198380566802,0.9588477366255144,988.0
pure_group_representative,456,student,student_A,E_KD_from_RF,0,Blackhole,0.7403846153846154,0.9103448275862069,0.8166151126822802,1015.0
pure_group_representative,456,student,student_A,E_KD_from_RF,1,Flooding,0.8888888888888888,0.9957805907172996,0.9393034825870646,474.0
pure_group_representative,456,student,student_A,E_KD_from_RF,2,Grayhole,0.9166666666666666,0.8206349206349206,0.8659966499162479,1890.0
pure_group_representative,456,student,student_A,E_KD_from_RF,3,Normal,0.9985325748286329,0.997329692613488,0.9979307712397292,49807.0
pure_group_representative,456,student,student_A,E_KD_from_RF,4,TDMA,0.9748953974895398,0.9433198380566802,0.9588477366255144,988.0
row_level,456,student,student_A,E2_KD_from_MLP,0,Blackhole,0.7867450561197221,0.9257861635220126,0.8506212077434268,1590.0
row_level,456,student,student_A,E2_KD_from_MLP,1,Flooding,0.8803571428571428,0.9959595959595959,0.9345971563981043,495.0
row_level,456,student,student_A,E2_KD_from_MLP,2,Grayhole,0.8969759097898513,0.8143322475570033,0.8536585365853658,2149.0
row_level,456,student,student_A,E2_KD_from_MLP,3,Normal,0.9988608912543944,0.9958684158997454,0.997362408934472,51070.0
row_level,456,student,student_A,E2_KD_from_MLP,4,TDMA,0.9391217564870259,0.9438314944834504,0.9414707353676839,997.0
inverse_test_group_size,456,student,student_A,E2_KD_from_MLP,0,Blackhole,0.7504000000000014,0.9241379310344829,0.8282560706401776,1014.9999999999998
inverse_test_group_size,456,student,student_A,E2_KD_from_MLP,1,Flooding,0.8773234200743495,0.9957805907172996,0.932806324110672,474.0
inverse_test_group_size,456,student,student_A,E2_KD_from_MLP,2,Grayhole,0.9100346020761251,0.8349206349206347,0.870860927152318,1890.0000000000002
inverse_test_group_size,456,student,student_A,E2_KD_from_MLP,3,Normal,0.9988320815126558,0.995904190174072,0.9973659870511119,49807.00000000006
inverse_test_group_size,456,student,student_A,E2_KD_from_MLP,4,TDMA,0.9404641775983855,0.9433198380566802,0.94188984335523,988.0
pure_group_representative,456,student,student_A,E2_KD_from_MLP,0,Blackhole,0.7504,0.9241379310344827,0.8282560706401766,1015.0
pure_group_representative,456,student,student_A,E2_KD_from_MLP,1,Flooding,0.8773234200743495,0.9957805907172996,0.932806324110672,474.0
pure_group_representative,456,student,student_A,E2_KD_from_MLP,2,Grayhole,0.9100346020761245,0.834920634920635,0.8708609271523179,1890.0
pure_group_representative,456,student,student_A,E2_KD_from_MLP,3,Normal,0.9988320815126558,0.995904190174072,0.9973659870511119,49807.0
pure_group_representative,456,student,student_A,E2_KD_from_MLP,4,TDMA,0.9404641775983855,0.9433198380566802,0.94188984335523,988.0
row_level,456,student,student_A,F_KD_from_CL_MLP_fair,0,Blackhole,0.7693888032871083,0.9421383647798742,0.847045518801244,1590.0
row_level,456,student,student_A,F_KD_from_CL_MLP_fair,1,Flooding,0.8866906474820144,0.9959595959595959,0.9381541389153187,495.0
row_level,456,student,student_A,F_KD_from_CL_MLP_fair,2,Grayhole,0.9051172707889126,0.790134946486738,0.8437267080745342,2149.0
row_level,456,student,student_A,F_KD_from_CL_MLP_fair,3,Normal,0.9988218661639963,0.9960446446054435,0.9974313221827878,51070.0
row_level,456,student,student_A,F_KD_from_CL_MLP_fair,4,TDMA,0.9466800804828974,0.9438314944834504,0.945253641386238,997.0
inverse_test_group_size,456,student,student_A,F_KD_from_CL_MLP_fair,0,Blackhole,0.7405112316034094,0.9418719211822664,0.8291413703382488,1014.9999999999998
inverse_test_group_size,456,student,student_A,F_KD_from_CL_MLP_fair,1,Flooding,0.8838951310861424,0.9957805907172996,0.9365079365079365,474.0
inverse_test_group_size,456,student,student_A,F_KD_from_CL_MLP_fair,2,Grayhole,0.9168141592920352,0.822222222222222,0.8669456066945606,1890.0000000000002
inverse_test_group_size,456,student,student_A,F_KD_from_CL_MLP_fair,3,Normal,0.9988121841718508,0.9960848876663922,0.9974466716258872,49807.00000000006
inverse_test_group_size,456,student,student_A,F_KD_from_CL_MLP_fair,4,TDMA,0.948118006103764,0.9433198380566802,0.945712836123795,988.0
pure_group_representative,456,student,student_A,F_KD_from_CL_MLP_fair,0,Blackhole,0.7405112316034083,0.941871921182266,0.8291413703382481,1015.0
pure_group_representative,456,student,student_A,F_KD_from_CL_MLP_fair,1,Flooding,0.8838951310861424,0.9957805907172996,0.9365079365079365,474.0
pure_group_representative,456,student,student_A,F_KD_from_CL_MLP_fair,2,Grayhole,0.9168141592920354,0.8222222222222222,0.8669456066945607,1890.0
pure_group_representative,456,student,student_A,F_KD_from_CL_MLP_fair,3,Normal,0.9988121841718508,0.9960848876663922,0.9974466716258872,49807.0
pure_group_representative,456,student,student_A,F_KD_from_CL_MLP_fair,4,TDMA,0.948118006103764,0.9433198380566802,0.945712836123795,988.0
row_level,456,student,student_A,F_KD_from_CL_MLP_ext,0,Blackhole,0.75311100049776,0.9515723270440252,0.8407891080855793,1590.0
row_level,456,student,student_A,F_KD_from_CL_MLP_ext,1,Flooding,0.8850987432675045,0.9959595959595959,0.9372623574144486,495.0
row_level,456,student,student_A,F_KD_from_CL_MLP_ext,2,Grayhole,0.9076923076923077,0.7687296416938111,0.8324514991181657,2149.0
row_level,456,student,student_A,F_KD_from_CL_MLP_ext,3,Normal,0.9988606227286121,0.9956334442921481,0.9972444226526109,51070.0
row_level,456,student,student_A,F_KD_from_CL_MLP_ext,4,TDMA,0.9316831683168317,0.9438314944834504,0.9377179870453413,997.0
inverse_test_group_size,456,student,student_A,F_KD_from_CL_MLP_ext,0,Blackhole,0.7216804201050273,0.9477832512315271,0.8194207836456566,1014.9999999999998
inverse_test_group_size,456,student,student_A,F_KD_from_CL_MLP_ext,1,Flooding,0.8822429906542056,0.9957805907172996,0.9355797819623389,474.0
inverse_test_group_size,456,student,student_A,F_KD_from_CL_MLP_ext,2,Grayhole,0.91556091676719,0.8031746031746028,0.8556933483652762,1890.0000000000002
inverse_test_group_size,456,student,student_A,F_KD_from_CL_MLP_ext,3,Normal,0.9988317992305988,0.9956632601843114,0.9972450128700129,49807.00000000006
inverse_test_group_size,456,student,student_A,F_KD_from_CL_MLP_ext,4,TDMA,0.9329329329329329,0.9433198380566802,0.9380976346250629,988.0
pure_group_representative,456,student,student_A,F_KD_from_CL_MLP_ext,0,Blackhole,0.7216804201050263,0.9477832512315271,0.8194207836456558,1015.0
pure_group_representative,456,student,student_A,F_KD_from_CL_MLP_ext,1,Flooding,0.8822429906542056,0.9957805907172996,0.9355797819623389,474.0
pure_group_representative,456,student,student_A,F_KD_from_CL_MLP_ext,2,Grayhole,0.9155609167671894,0.8031746031746032,0.8556933483652762,1890.0
pure_group_representative,456,student,student_A,F_KD_from_CL_MLP_ext,3,Normal,0.9988317992305988,0.9956632601843114,0.9972450128700129,49807.0
pure_group_representative,456,student,student_A,F_KD_from_CL_MLP_ext,4,TDMA,0.9329329329329329,0.9433198380566802,0.9380976346250629,988.0
row_level,456,student,student_A,G_KD_random_pacing,0,Blackhole,0.7683557394002068,0.9345911949685535,0.8433598183881952,1590.0
row_level,456,student,student_A,G_KD_random_pacing,1,Flooding,0.8866906474820144,0.9959595959595959,0.9381541389153187,495.0
row_level,456,student,student_A,G_KD_random_pacing,2,Grayhole,0.899364406779661,0.790134946486738,0.8412187267773099,2149.0
row_level,456,student,student_A,G_KD_random_pacing,3,Normal,0.9988021129941284,0.9959271588016448,0.9973625640975361,51070.0
row_level,456,student,student_A,G_KD_random_pacing,4,TDMA,0.941,0.9438314944834504,0.9424136204306459,997.0
inverse_test_group_size,456,student,student_A,G_KD_random_pacing,0,Blackhole,0.7374608150470228,0.9270935960591131,0.8214753382802273,1014.9999999999998
inverse_test_group_size,456,student,student_A,G_KD_random_pacing,1,Flooding,0.8838951310861424,0.9957805907172996,0.9365079365079365,474.0
inverse_test_group_size,456,student,student_A,G_KD_random_pacing,2,Grayhole,0.9087185488589822,0.8216931216931213,0.8630175048624616,1890.0000000000002
inverse_test_group_size,456,student,student_A,G_KD_random_pacing,3,Normal,0.9987919300930214,0.9959644226715121,0.9973761724286992,49807.00000000006
inverse_test_group_size,456,student,student_A,G_KD_random_pacing,4,TDMA,0.942366026289181,0.9433198380566802,0.9428426909458776,988.0
pure_group_representative,456,student,student_A,G_KD_random_pacing,0,Blackhole,0.737460815047022,0.9270935960591133,0.821475338280227,1015.0
pure_group_representative,456,student,student_A,G_KD_random_pacing,1,Flooding,0.8838951310861424,0.9957805907172996,0.9365079365079365,474.0
pure_group_representative,456,student,student_A,G_KD_random_pacing,2,Grayhole,0.9087185488589818,0.8216931216931217,0.8630175048624618,1890.0
pure_group_representative,456,student,student_A,G_KD_random_pacing,3,Normal,0.9987919300930214,0.9959644226715121,0.9973761724286992,49807.0
pure_group_representative,456,student,student_A,G_KD_random_pacing,4,TDMA,0.942366026289181,0.9433198380566802,0.9428426909458776,988.0
row_level,456,student,student_A,I_KD_from_SMOTE_MLP,0,Blackhole,0.7660123966942148,0.9327044025157233,0.8411798071469087,1590.0
row_level,456,student,student_A,I_KD_from_SMOTE_MLP,1,Flooding,0.891500904159132,0.9959595959595959,0.9408396946564885,495.0
row_level,456,student,student_A,I_KD_from_SMOTE_MLP,2,Grayhole,0.895877378435518,0.7887389483480689,0.8389012620638456,2149.0
row_level,456,student,student_A,I_KD_from_SMOTE_MLP,3,Normal,0.9988409099838906,0.9955551204229489,0.9971953085160632,51070.0
row_level,456,student,student_A,I_KD_from_SMOTE_MLP,4,TDMA,0.9243614931237721,0.9438314944834504,0.9339950372208436,997.0
inverse_test_group_size,456,student,student_A,I_KD_from_SMOTE_MLP,0,Blackhole,0.7357910906298014,0.9438423645320198,0.8269313767803201,1014.9999999999998
inverse_test_group_size,456,student,student_A,I_KD_from_SMOTE_MLP,1,Flooding,0.8872180451127819,0.9957805907172996,0.9383697813121272,474.0
inverse_test_group_size,456,student,student_A,I_KD_from_SMOTE_MLP,2,Grayhole,0.9147424511545297,0.8174603174603173,0.8633696563285835,1890.0000000000002
inverse_test_group_size,456,student,student_A,I_KD_from_SMOTE_MLP,3,Normal,0.9988115381516397,0.9955427951894312,0.9971744879387839,49807.00000000006
inverse_test_group_size,456,student,student_A,I_KD_from_SMOTE_MLP,4,TDMA,0.9255213505461768,0.9433198380566802,0.9343358395989975,988.0
pure_group_representative,456,student,student_A,I_KD_from_SMOTE_MLP,0,Blackhole,0.7357910906298003,0.9438423645320198,0.8269313767803194,1015.0
pure_group_representative,456,student,student_A,I_KD_from_SMOTE_MLP,1,Flooding,0.8872180451127819,0.9957805907172996,0.9383697813121272,474.0
pure_group_representative,456,student,student_A,I_KD_from_SMOTE_MLP,2,Grayhole,0.9147424511545293,0.8174603174603174,0.8633696563285834,1890.0
pure_group_representative,456,student,student_A,I_KD_from_SMOTE_MLP,3,Normal,0.9988115381516397,0.9955427951894312,0.9971744879387839,49807.0
pure_group_representative,456,student,student_A,I_KD_from_SMOTE_MLP,4,TDMA,0.9255213505461768,0.9433198380566802,0.9343358395989975,988.0
row_level,456,student,student_A,J_CoDistill_RF_CL,0,Blackhole,0.7777777777777778,0.8849056603773585,0.8278905560458959,1590.0
row_level,456,student,student_A,J_CoDistill_RF_CL,1,Flooding,0.891500904159132,0.9959595959595959,0.9408396946564885,495.0
row_level,456,student,student_A,J_CoDistill_RF_CL,2,Grayhole,0.8748743718592965,0.8101442531409958,0.8412660062817106,2149.0
row_level,456,student,student_A,J_CoDistill_RF_CL,3,Normal,0.9987443840615252,0.9968083023301351,0.9977754040042728,51070.0
row_level,456,student,student_A,J_CoDistill_RF_CL,4,TDMA,0.9621676891615542,0.9438314944834504,0.9529113924050633,997.0
inverse_test_group_size,456,student,student_A,J_CoDistill_RF_CL,0,Blackhole,0.747532894736843,0.8955665024630539,0.8148812191842227,1014.9999999999998
inverse_test_group_size,456,student,student_A,J_CoDistill_RF_CL,1,Flooding,0.8872180451127819,0.9957805907172996,0.9383697813121272,474.0
inverse_test_group_size,456,student,student_A,J_CoDistill_RF_CL,2,Grayhole,0.9032627361190614,0.834920634920635,0.8677481440747871,1890.0000000000002
inverse_test_group_size,456,student,student_A,J_CoDistill_RF_CL,3,Normal,0.9987327003540393,0.9968277551348204,0.9977793185220912,49807.00000000006
inverse_test_group_size,456,student,student_A,J_CoDistill_RF_CL,4,TDMA,0.9638055842812823,0.9433198380566802,0.9534526854219949,988.0
pure_group_representative,456,student,student_A,J_CoDistill_RF_CL,0,Blackhole,0.7475328947368421,0.8955665024630541,0.8148812191842223,1015.0
pure_group_representative,456,student,student_A,J_CoDistill_RF_CL,1,Flooding,0.8872180451127819,0.9957805907172996,0.9383697813121272,474.0
pure_group_representative,456,student,student_A,J_CoDistill_RF_CL,2,Grayhole,0.9032627361190613,0.834920634920635,0.867748144074787,1890.0
pure_group_representative,456,student,student_A,J_CoDistill_RF_CL,3,Normal,0.9987327003540393,0.9968277551348204,0.9977793185220912,49807.0
pure_group_representative,456,student,student_A,J_CoDistill_RF_CL,4,TDMA,0.9638055842812823,0.9433198380566802,0.9534526854219949,988.0
row_level,456,student,student_B,D_Small_MLP,0,Blackhole,0.8600799543118218,0.9471698113207547,0.9015264890751272,1590.0
row_level,456,student,student_B,D_Small_MLP,1,Flooding,0.8787878787878788,0.9959595959595959,0.9337121212121212,495.0
row_level,456,student,student_B,D_Small_MLP,2,Grayhole,0.9260340632603407,0.8855281526291299,0.9053282588011418,2149.0
row_level,456,student,student_B,D_Small_MLP,3,Normal,0.9988222361809045,0.9963579400822401,0.9975885662752171,51070.0
row_level,456,student,student_B,D_Small_MLP,4,TDMA,0.9505050505050505,0.9438314944834504,0.9471565173628586,997.0
inverse_test_group_size,456,student,student_B,D_Small_MLP,0,Blackhole,0.8367166813768769,0.9339901477832514,0.8826815642458108,1014.9999999999998
inverse_test_group_size,456,student,student_B,D_Small_MLP,1,Flooding,0.8740740740740741,0.9957805907172996,0.9309664694280079,474.0
inverse_test_group_size,456,student,student_B,D_Small_MLP,2,Grayhole,0.9281045751633991,0.9015873015873013,0.9146537842190016,1890.0000000000002
inverse_test_group_size,456,student,student_B,D_Small_MLP,3,Normal,0.998792416374834,0.9963659726544462,0.9975777190355101,49807.00000000006
inverse_test_group_size,456,student,student_B,D_Small_MLP,4,TDMA,0.9519918283963228,0.9433198380566802,0.9476359938993391,988.0
pure_group_representative,456,student,student_B,D_Small_MLP,0,Blackhole,0.8367166813768756,0.9339901477832512,0.88268156424581,1015.0
pure_group_representative,456,student,student_B,D_Small_MLP,1,Flooding,0.8740740740740741,0.9957805907172996,0.9309664694280079,474.0
pure_group_representative,456,student,student_B,D_Small_MLP,2,Grayhole,0.9281045751633987,0.9015873015873016,0.9146537842190016,1890.0
pure_group_representative,456,student,student_B,D_Small_MLP,3,Normal,0.998792416374834,0.9963659726544462,0.9975777190355101,49807.0
pure_group_representative,456,student,student_B,D_Small_MLP,4,TDMA,0.9519918283963228,0.9433198380566802,0.9476359938993391,988.0
row_level,456,student,student_B,E_KD_from_RF,0,Blackhole,0.8888888888888888,0.9157232704402516,0.9021065675340768,1590.0
row_level,456,student,student_B,E_KD_from_RF,1,Flooding,0.8931159420289855,0.9959595959595959,0.941738299904489,495.0
row_level,456,student,student_B,E_KD_from_RF,2,Grayhole,0.9138576779026217,0.908329455560726,0.9110851808634772,2149.0
row_level,456,student,student_B,E_KD_from_RF,3,Normal,0.9985690202689458,0.9974740552183278,0.9980212374123271,51070.0
row_level,456,student,student_B,E_KD_from_RF,4,TDMA,0.9791883454734651,0.9438314944834504,0.9611848825331971,997.0
inverse_test_group_size,456,student,student_B,E_KD_from_RF,0,Blackhole,0.8616527390900668,0.914285714285714,0.8871892925430217,1014.9999999999998
inverse_test_group_size,456,student,student_B,E_KD_from_RF,1,Flooding,0.8888888888888888,0.9957805907172996,0.9393034825870646,474.0
inverse_test_group_size,456,student,student_B,E_KD_from_RF,2,Grayhole,0.9274973147153596,0.9137566137566134,0.9205756929637524,1890.0000000000002
inverse_test_group_size,456,student,student_B,E_KD_from_RF,3,Normal,0.9985528219971056,0.9974501576083683,0.9980011852268504,49807.00000000006
inverse_test_group_size,456,student,student_B,E_KD_from_RF,4,TDMA,0.9789915966386554,0.9433198380566802,0.9608247422680413,988.0
pure_group_representative,456,student,student_B,E_KD_from_RF,0,Blackhole,0.861652739090065,0.9142857142857143,0.887189292543021,1015.0
pure_group_representative,456,student,student_B,E_KD_from_RF,1,Flooding,0.8888888888888888,0.9957805907172996,0.9393034825870646,474.0
pure_group_representative,456,student,student_B,E_KD_from_RF,2,Grayhole,0.9274973147153598,0.9137566137566138,0.9205756929637526,1890.0
pure_group_representative,456,student,student_B,E_KD_from_RF,3,Normal,0.9985528219971056,0.9974501576083683,0.9980011852268504,49807.0
pure_group_representative,456,student,student_B,E_KD_from_RF,4,TDMA,0.9789915966386554,0.9433198380566802,0.9608247422680413,988.0
row_level,456,student,student_B,E2_KD_from_MLP,0,Blackhole,0.8110697179350719,0.9584905660377359,0.8786393773421736,1590.0
row_level,456,student,student_B,E2_KD_from_MLP,1,Flooding,0.8803571428571428,0.9959595959595959,0.9345971563981043,495.0
row_level,456,student,student_B,E2_KD_from_MLP,2,Grayhole,0.9181585677749361,0.8352722196370405,0.8747563352826511,2149.0
row_level,456,student,student_B,E2_KD_from_MLP,3,Normal,0.9988607570073265,0.9957509300959467,0.9973034192643728,51070.0
row_level,456,student,student_B,E2_KD_from_MLP,4,TDMA,0.9437751004016064,0.9428284854563691,0.9433015554440541,997.0
inverse_test_group_size,456,student,student_B,E2_KD_from_MLP,0,Blackhole,0.7776879547291848,0.9477832512315272,0.8543516873889885,1014.9999999999998
inverse_test_group_size,456,student,student_B,E2_KD_from_MLP,1,Flooding,0.8773234200743495,0.9957805907172996,0.932806324110672,474.0
inverse_test_group_size,456,student,student_B,E2_KD_from_MLP,2,Grayhole,0.9187038089823766,0.8550264550264547,0.8857221156481228,1890.0000000000002
inverse_test_group_size,456,student,student_B,E2_KD_from_MLP,3,Normal,0.998831940388682,0.9957837251791917,0.9973055036094187,49807.00000000006
inverse_test_group_size,456,student,student_B,E2_KD_from_MLP,4,TDMA,0.9451776649746193,0.9423076923076923,0.9437404967055246,988.0
pure_group_representative,456,student,student_B,E2_KD_from_MLP,0,Blackhole,0.7776879547291835,0.9477832512315271,0.8543516873889876,1015.0
pure_group_representative,456,student,student_B,E2_KD_from_MLP,1,Flooding,0.8773234200743495,0.9957805907172996,0.932806324110672,474.0
pure_group_representative,456,student,student_B,E2_KD_from_MLP,2,Grayhole,0.9187038089823764,0.855026455026455,0.8857221156481228,1890.0
pure_group_representative,456,student,student_B,E2_KD_from_MLP,3,Normal,0.998831940388682,0.9957837251791917,0.9973055036094187,49807.0
pure_group_representative,456,student,student_B,E2_KD_from_MLP,4,TDMA,0.9451776649746193,0.9423076923076923,0.9437404967055246,988.0
row_level,456,student,student_B,F_KD_from_CL_MLP_fair,0,Blackhole,0.8129456939111355,0.9320754716981132,0.868444184002344,1590.0
row_level,456,student,student_B,F_KD_from_CL_MLP_fair,1,Flooding,0.8866906474820144,0.9959595959595959,0.9381541389153187,495.0
row_level,456,student,student_B,F_KD_from_CL_MLP_fair,2,Grayhole,0.9,0.8417868776174965,0.8699206540033662,2149.0
row_level,456,student,student_B,F_KD_from_CL_MLP_fair,3,Normal,0.9988609136258297,0.9958879968670452,0.9973722398713574,51070.0
row_level,456,student,student_B,F_KD_from_CL_MLP_fair,4,TDMA,0.9456740442655935,0.9428284854563691,0.9442491210447012,997.0
inverse_test_group_size,456,student,student_B,F_KD_from_CL_MLP_fair,0,Blackhole,0.7770491803278706,0.9339901477832514,0.8483221476510078,1014.9999999999998
inverse_test_group_size,456,student,student_B,F_KD_from_CL_MLP_fair,1,Flooding,0.8822429906542056,0.9957805907172996,0.9355797819623389,474.0
inverse_test_group_size,456,student,student_B,F_KD_from_CL_MLP_fair,2,Grayhole,0.9121126760563378,0.8566137566137564,0.8834924965893586,1890.0000000000002
inverse_test_group_size,456,student,student_B,F_KD_from_CL_MLP_fair,3,Normal,0.9988320815126558,0.995904190174072,0.9973659870511119,49807.00000000006
inverse_test_group_size,456,student,student_B,F_KD_from_CL_MLP_fair,4,TDMA,0.9471007121057986,0.9423076923076923,0.9446981227803145,988.0
pure_group_representative,456,student,student_B,F_KD_from_CL_MLP_fair,0,Blackhole,0.7770491803278688,0.9339901477832512,0.8483221476510067,1015.0
pure_group_representative,456,student,student_B,F_KD_from_CL_MLP_fair,1,Flooding,0.8822429906542056,0.9957805907172996,0.9355797819623389,474.0
pure_group_representative,456,student,student_B,F_KD_from_CL_MLP_fair,2,Grayhole,0.9121126760563381,0.8566137566137566,0.8834924965893588,1890.0
pure_group_representative,456,student,student_B,F_KD_from_CL_MLP_fair,3,Normal,0.9988320815126558,0.995904190174072,0.9973659870511119,49807.0
pure_group_representative,456,student,student_B,F_KD_from_CL_MLP_fair,4,TDMA,0.9471007121057986,0.9423076923076923,0.9446981227803145,988.0
row_level,456,student,student_B,F_KD_from_CL_MLP_ext,0,Blackhole,0.8140814081408141,0.9308176100628931,0.8685446009389671,1590.0
row_level,456,student,student_B,F_KD_from_CL_MLP_ext,1,Flooding,0.8803571428571428,0.9959595959595959,0.9345971563981043,495.0
row_level,456,student,student_B,F_KD_from_CL_MLP_ext,2,Grayhole,0.8974231912784936,0.842717543043276,0.8692104631629469,2149.0
row_level,456,student,student_B,F_KD_from_CL_MLP_ext,3,Normal,0.9988607346297388,0.9957313491286469,0.9972935869778388,51070.0
row_level,456,student,student_B,F_KD_from_CL_MLP_ext,4,TDMA,0.9457286432160804,0.9438314944834504,0.9447791164658634,997.0
inverse_test_group_size,456,student,student_B,F_KD_from_CL_MLP_ext,0,Blackhole,0.7788861180382393,0.9231527093596059,0.8449053201082064,1014.9999999999998
inverse_test_group_size,456,student,student_B,F_KD_from_CL_MLP_ext,1,Flooding,0.8773234200743495,0.9957805907172996,0.932806324110672,474.0
inverse_test_group_size,456,student,student_B,F_KD_from_CL_MLP_ext,2,Grayhole,0.9047353760445681,0.8592592592592591,0.8814111261872455,1890.0000000000002
inverse_test_group_size,456,student,student_B,F_KD_from_CL_MLP_ext,3,Normal,0.9988319168647037,0.995763647680045,0.9972954223263389,49807.00000000006
inverse_test_group_size,456,student,student_B,F_KD_from_CL_MLP_ext,4,TDMA,0.9471544715447154,0.9433198380566802,0.9452332657200812,988.0
pure_group_representative,456,student,student_B,F_KD_from_CL_MLP_ext,0,Blackhole,0.7788861180382377,0.9231527093596059,0.8449053201082056,1015.0
pure_group_representative,456,student,student_B,F_KD_from_CL_MLP_ext,1,Flooding,0.8773234200743495,0.9957805907172996,0.932806324110672,474.0
pure_group_representative,456,student,student_B,F_KD_from_CL_MLP_ext,2,Grayhole,0.9047353760445682,0.8592592592592593,0.8814111261872456,1890.0
pure_group_representative,456,student,student_B,F_KD_from_CL_MLP_ext,3,Normal,0.9988319168647037,0.995763647680045,0.9972954223263389,49807.0
pure_group_representative,456,student,student_B,F_KD_from_CL_MLP_ext,4,TDMA,0.9471544715447154,0.9433198380566802,0.9452332657200812,988.0
row_level,456,student,student_B,G_KD_random_pacing,0,Blackhole,0.811848601206802,0.9308176100628931,0.8672721945502491,1590.0
row_level,456,student,student_B,G_KD_random_pacing,1,Flooding,0.8898916967509025,0.9959595959595959,0.9399428026692088,495.0
row_level,456,student,student_B,G_KD_random_pacing,2,Grayhole,0.9016475287069395,0.8403908794788274,0.869942196531792,2149.0
row_level,456,student,student_B,G_KD_random_pacing,3,Normal,0.9988610925656836,0.9960446446054435,0.9974508804266834,51070.0
row_level,456,student,student_B,G_KD_random_pacing,4,TDMA,0.9457286432160804,0.9438314944834504,0.9447791164658634,997.0
inverse_test_group_size,456,student,student_B,G_KD_random_pacing,0,Blackhole,0.7879799666110198,0.9300492610837442,0.8531405332128342,1014.9999999999998
inverse_test_group_size,456,student,student_B,G_KD_random_pacing,1,Flooding,0.8855534709193246,0.9957805907172996,0.9374379344587885,474.0
inverse_test_group_size,456,student,student_B,G_KD_random_pacing,2,Grayhole,0.9139664804469274,0.8656084656084652,0.8891304347826086,1890.0000000000002
inverse_test_group_size,456,student,student_B,G_KD_random_pacing,3,Normal,0.998832269624917,0.9960648101672456,0.9974466202903213,49807.00000000006
inverse_test_group_size,456,student,student_B,G_KD_random_pacing,4,TDMA,0.9471544715447154,0.9433198380566802,0.9452332657200812,988.0
pure_group_representative,456,student,student_B,G_KD_random_pacing,0,Blackhole,0.7879799666110183,0.9300492610837439,0.8531405332128332,1015.0
pure_group_representative,456,student,student_B,G_KD_random_pacing,1,Flooding,0.8855534709193246,0.9957805907172996,0.9374379344587885,474.0
pure_group_representative,456,student,student_B,G_KD_random_pacing,2,Grayhole,0.9139664804469274,0.8656084656084656,0.8891304347826087,1890.0
pure_group_representative,456,student,student_B,G_KD_random_pacing,3,Normal,0.998832269624917,0.9960648101672456,0.9974466202903213,49807.0
pure_group_representative,456,student,student_B,G_KD_random_pacing,4,TDMA,0.9471544715447154,0.9433198380566802,0.9452332657200812,988.0
row_level,456,student,student_B,I_KD_from_SMOTE_MLP,0,Blackhole,0.8262176788935659,0.8641509433962264,0.8447586842914233,1590.0
row_level,456,student,student_B,I_KD_from_SMOTE_MLP,1,Flooding,0.891500904159132,0.9959595959595959,0.9408396946564885,495.0
row_level,456,student,student_B,I_KD_from_SMOTE_MLP,2,Grayhole,0.8524289642529789,0.865518845974872,0.858924036019395,2149.0
row_level,456,student,student_B,I_KD_from_SMOTE_MLP,3,Normal,0.998840682229034,0.9953593107499511,0.9970969576901199,51070.0
row_level,456,student,student_B,I_KD_from_SMOTE_MLP,4,TDMA,0.9307616221562809,0.9438314944834504,0.9372509960159362,997.0
inverse_test_group_size,456,student,student_B,I_KD_from_SMOTE_MLP,0,Blackhole,0.7910714285714295,0.8729064039408867,0.8299765807962535,1014.9999999999998
inverse_test_group_size,456,student,student_B,I_KD_from_SMOTE_MLP,1,Flooding,0.8872180451127819,0.9957805907172996,0.9383697813121272,474.0
inverse_test_group_size,456,student,student_B,I_KD_from_SMOTE_MLP,2,Grayhole,0.8775834658187599,0.8761904761904759,0.8768864177918981,1890.0000000000002
inverse_test_group_size,456,student,student_B,I_KD_from_SMOTE_MLP,3,Normal,0.9988113226553843,0.9953620976971108,0.9970837271977635,49807.00000000006
inverse_test_group_size,456,student,student_B,I_KD_from_SMOTE_MLP,4,TDMA,0.932,0.9433198380566802,0.937625754527163,988.0
pure_group_representative,456,student,student_B,I_KD_from_SMOTE_MLP,0,Blackhole,0.7910714285714285,0.8729064039408867,0.8299765807962529,1015.0
pure_group_representative,456,student,student_B,I_KD_from_SMOTE_MLP,1,Flooding,0.8872180451127819,0.9957805907172996,0.9383697813121272,474.0
pure_group_representative,456,student,student_B,I_KD_from_SMOTE_MLP,2,Grayhole,0.8775834658187599,0.8761904761904762,0.8768864177918984,1890.0
pure_group_representative,456,student,student_B,I_KD_from_SMOTE_MLP,3,Normal,0.9988113226553843,0.9953620976971108,0.9970837271977635,49807.0
pure_group_representative,456,student,student_B,I_KD_from_SMOTE_MLP,4,TDMA,0.932,0.9433198380566802,0.937625754527163,988.0
row_level,456,student,student_B,J_CoDistill_RF_CL,0,Blackhole,0.8275097060454798,0.9383647798742139,0.8794577070439139,1590.0
row_level,456,student,student_B,J_CoDistill_RF_CL,1,Flooding,0.891500904159132,0.9959595959595959,0.9408396946564885,495.0
row_level,456,student,student_B,J_CoDistill_RF_CL,2,Grayhole,0.91921726041144,0.85248953001396,0.8845968131337518,2149.0
row_level,456,student,student_B,J_CoDistill_RF_CL,3,Normal,0.9987445811020224,0.9969649500685334,0.9978539721114367,51070.0
row_level,456,student,student_B,J_CoDistill_RF_CL,4,TDMA,0.9671120246659815,0.9438314944834504,0.9553299492385787,997.0
inverse_test_group_size,456,student,student_B,J_CoDistill_RF_CL,0,Blackhole,0.7909319899244348,0.9280788177339904,0.8540344514959213,1014.9999999999998
inverse_test_group_size,456,student,student_B,J_CoDistill_RF_CL,1,Flooding,0.8872180451127819,0.9957805907172996,0.9383697813121272,474.0
inverse_test_group_size,456,student,student_B,J_CoDistill_RF_CL,2,Grayhole,0.9248162803843986,0.8656084656084654,0.8942333971030337,1890.0000000000002
inverse_test_group_size,456,student,student_B,J_CoDistill_RF_CL,3,Normal,0.9987328787787365,0.9969682976288473,0.9978498080903483,49807.00000000006
inverse_test_group_size,456,student,student_B,J_CoDistill_RF_CL,4,TDMA,0.9678089304257529,0.9433198380566802,0.955407483341876,988.0
pure_group_representative,456,student,student_B,J_CoDistill_RF_CL,0,Blackhole,0.7909319899244333,0.9280788177339901,0.8540344514959202,1015.0
pure_group_representative,456,student,student_B,J_CoDistill_RF_CL,1,Flooding,0.8872180451127819,0.9957805907172996,0.9383697813121272,474.0
pure_group_representative,456,student,student_B,J_CoDistill_RF_CL,2,Grayhole,0.924816280384398,0.8656084656084656,0.8942333971030336,1890.0
pure_group_representative,456,student,student_B,J_CoDistill_RF_CL,3,Normal,0.9987328787787365,0.9969682976288473,0.9978498080903483,49807.0
pure_group_representative,456,student,student_B,J_CoDistill_RF_CL,4,TDMA,0.9678089304257529,0.9433198380566802,0.955407483341876,988.0
row_level,789,teacher,,A_RF_500_uncalibrated,0,Blackhole,0.9826625386996904,0.9981132075471698,0.9903276131045242,1590.0
row_level,789,teacher,,A_RF_500_uncalibrated,1,Flooding,0.9214953271028037,0.9959595959595959,0.9572815533980582,495.0
row_level,789,teacher,,A_RF_500_uncalibrated,2,Grayhole,0.9877704609595485,0.9771986970684039,0.9824561403508771,2149.0
row_level,789,teacher,,A_RF_500_uncalibrated,3,Normal,0.998433890607259,0.9986684942236147,0.9985511786357585,51070.0
row_level,789,teacher,,A_RF_500_uncalibrated,4,TDMA,0.9968186638388123,0.9428284854563691,0.9690721649484536,997.0
inverse_test_group_size,789,teacher,,A_RF_500_uncalibrated,0,Blackhole,0.9796708615682487,0.9970443349753695,0.9882812500000004,1014.9999999999998
inverse_test_group_size,789,teacher,,A_RF_500_uncalibrated,1,Flooding,0.9182879377431906,0.9957805907172996,0.9554655870445344,474.0
inverse_test_group_size,789,teacher,,A_RF_500_uncalibrated,2,Grayhole,0.9861333333333333,0.9783068783068782,0.9822045152722444,1890.0000000000002
inverse_test_group_size,789,teacher,,A_RF_500_uncalibrated,3,Normal,0.9984142277891526,0.998634730058024,0.9985244667503137,49807.00000000006
inverse_test_group_size,789,teacher,,A_RF_500_uncalibrated,4,TDMA,0.9967880085653105,0.9423076923076923,0.9687825182101977,988.0
pure_group_representative,789,teacher,,A_RF_500_uncalibrated,0,Blackhole,0.9796708615682478,0.9970443349753695,0.98828125,1015.0
pure_group_representative,789,teacher,,A_RF_500_uncalibrated,1,Flooding,0.9182879377431906,0.9957805907172996,0.9554655870445344,474.0
pure_group_representative,789,teacher,,A_RF_500_uncalibrated,2,Grayhole,0.9861333333333333,0.9783068783068783,0.9822045152722444,1890.0
pure_group_representative,789,teacher,,A_RF_500_uncalibrated,3,Normal,0.9984142277891526,0.998634730058024,0.9985244667503137,49807.0
pure_group_representative,789,teacher,,A_RF_500_uncalibrated,4,TDMA,0.9967880085653105,0.9423076923076923,0.9687825182101977,988.0
row_level,789,teacher,,A_calibrated_RF_KD_teacher,0,Blackhole,0.9874529485570891,0.989937106918239,0.9886934673366834,1590.0
row_level,789,teacher,,A_calibrated_RF_KD_teacher,1,Flooding,0.9283018867924528,0.9939393939393939,0.96,495.0
row_level,789,teacher,,A_calibrated_RF_KD_teacher,2,Grayhole,0.9804469273743017,0.9799906933457422,0.9802187572725157,2149.0
row_level,789,teacher,,A_calibrated_RF_KD_teacher,3,Normal,0.9983753205316421,0.9987076561582142,0.9985414606928551,51070.0
row_level,789,teacher,,A_calibrated_RF_KD_teacher,4,TDMA,0.9968152866242038,0.9418254764292878,0.9685404847859721,997.0
inverse_test_group_size,789,teacher,,A_calibrated_RF_KD_teacher,0,Blackhole,0.9862068965517241,0.9862068965517242,0.9862068965517242,1014.9999999999998
inverse_test_group_size,789,teacher,,A_calibrated_RF_KD_teacher,1,Flooding,0.925343811394892,0.9936708860759493,0.9582909460834181,474.0
inverse_test_group_size,789,teacher,,A_calibrated_RF_KD_teacher,2,Grayhole,0.9788918205804751,0.9814814814814814,0.9801849405548216,1890.0000000000002
inverse_test_group_size,789,teacher,,A_calibrated_RF_KD_teacher,3,Normal,0.9983742121954157,0.9986748850563174,0.9985245259914282,49807.00000000006
inverse_test_group_size,789,teacher,,A_calibrated_RF_KD_teacher,4,TDMA,0.9967845659163987,0.9412955465587044,0.9682457053617908,988.0
pure_group_representative,789,teacher,,A_calibrated_RF_KD_teacher,0,Blackhole,0.9862068965517241,0.9862068965517241,0.9862068965517241,1015.0
pure_group_representative,789,teacher,,A_calibrated_RF_KD_teacher,1,Flooding,0.925343811394892,0.9936708860759493,0.9582909460834181,474.0
pure_group_representative,789,teacher,,A_calibrated_RF_KD_teacher,2,Grayhole,0.978891820580475,0.9814814814814815,0.9801849405548216,1890.0
pure_group_representative,789,teacher,,A_calibrated_RF_KD_teacher,3,Normal,0.9983742121954157,0.9986748850563174,0.9985245259914282,49807.0
pure_group_representative,789,teacher,,A_calibrated_RF_KD_teacher,4,TDMA,0.9967845659163987,0.9412955465587044,0.9682457053617908,988.0
row_level,789,teacher,,B_Full_MLP,0,Blackhole,0.7947089947089947,0.9446540880503145,0.8632183908045977,1590.0
row_level,789,teacher,,B_Full_MLP,1,Flooding,0.8835125448028673,0.9959595959595959,0.936372269705603,495.0
row_level,789,teacher,,B_Full_MLP,2,Grayhole,0.9129082426127527,0.8194509073987901,0.8636586562040216,2149.0
row_level,789,teacher,,B_Full_MLP,3,Normal,0.9988414334806087,0.996005482670844,0.9974214422275601,51070.0
row_level,789,teacher,,B_Full_MLP,4,TDMA,0.9419419419419419,0.9438314944834504,0.9428857715430862,997.0
inverse_test_group_size,789,teacher,,B_Full_MLP,0,Blackhole,0.767123287671234,0.9379310344827585,0.8439716312056744,1014.9999999999998
inverse_test_group_size,789,teacher,,B_Full_MLP,1,Flooding,0.8805970149253731,0.9957805907172996,0.9346534653465347,474.0
inverse_test_group_size,789,teacher,,B_Full_MLP,2,Grayhole,0.9201149425287358,0.8470899470899466,0.8820936639118454,1890.0000000000002
inverse_test_group_size,789,teacher,,B_Full_MLP,3,Normal,0.9988121363425879,0.9960447326680989,0.9974265149382766,49807.00000000006
inverse_test_group_size,789,teacher,,B_Full_MLP,4,TDMA,0.9433198380566802,0.9433198380566802,0.9433198380566802,988.0
pure_group_representative,789,teacher,,B_Full_MLP,0,Blackhole,0.7671232876712328,0.9379310344827586,0.8439716312056738,1015.0
pure_group_representative,789,teacher,,B_Full_MLP,1,Flooding,0.8805970149253731,0.9957805907172996,0.9346534653465347,474.0
pure_group_representative,789,teacher,,B_Full_MLP,2,Grayhole,0.9201149425287356,0.8470899470899471,0.8820936639118457,1890.0
pure_group_representative,789,teacher,,B_Full_MLP,3,Normal,0.9988121363425879,0.9960447326680989,0.9974265149382766,49807.0
pure_group_representative,789,teacher,,B_Full_MLP,4,TDMA,0.9433198380566802,0.9433198380566802,0.9433198380566802,988.0
row_level,789,teacher,,C_CL_MLP_loss_fair,0,Blackhole,0.7634245187436677,0.9477987421383648,0.845679012345679,1590.0
row_level,789,teacher,,C_CL_MLP_loss_fair,1,Flooding,0.8819320214669052,0.9959595959595959,0.9354838709677419,495.0
row_level,789,teacher,,C_CL_MLP_loss_fair,2,Grayhole,0.90625,0.7826896230805026,0.8399500624219726,2149.0
row_level,789,teacher,,C_CL_MLP_loss_fair,3,Normal,0.9988607570073265,0.9957509300959467,0.9973034192643728,51070.0
row_level,789,teacher,,C_CL_MLP_loss_fair,4,TDMA,0.9400599400599401,0.9438314944834504,0.9419419419419419,997.0
inverse_test_group_size,789,teacher,,C_CL_MLP_loss_fair,0,Blackhole,0.7300380228136893,0.9458128078817735,0.8240343347639494,1014.9999999999998
inverse_test_group_size,789,teacher,,C_CL_MLP_loss_fair,1,Flooding,0.8789571694599627,0.9957805907172996,0.933728981206726,474.0
inverse_test_group_size,789,teacher,,C_CL_MLP_loss_fair,2,Grayhole,0.9153249850924268,0.8121693121693119,0.8606672273619286,1890.0000000000002
inverse_test_group_size,789,teacher,,C_CL_MLP_loss_fair,3,Normal,0.998831940388682,0.9957837251791917,0.9973055036094187,49807.00000000006
inverse_test_group_size,789,teacher,,C_CL_MLP_loss_fair,4,TDMA,0.9414141414141414,0.9433198380566802,0.942366026289181,988.0
pure_group_representative,789,teacher,,C_CL_MLP_loss_fair,0,Blackhole,0.7300380228136882,0.9458128078817734,0.8240343347639485,1015.0
pure_group_representative,789,teacher,,C_CL_MLP_loss_fair,1,Flooding,0.8789571694599627,0.9957805907172996,0.933728981206726,474.0
pure_group_representative,789,teacher,,C_CL_MLP_loss_fair,2,Grayhole,0.915324985092427,0.8121693121693122,0.8606672273619288,1890.0
pure_group_representative,789,teacher,,C_CL_MLP_loss_fair,3,Normal,0.998831940388682,0.9957837251791917,0.9973055036094187,49807.0
pure_group_representative,789,teacher,,C_CL_MLP_loss_fair,4,TDMA,0.9414141414141414,0.9433198380566802,0.942366026289181,988.0
row_level,789,teacher,,C_CL_MLP_loss_ext,0,Blackhole,0.7786540483701367,0.9314465408805032,0.8482245131729668,1590.0
row_level,789,teacher,,C_CL_MLP_loss_ext,1,Flooding,0.8819320214669052,0.9959595959595959,0.9354838709677419,495.0
row_level,789,teacher,,C_CL_MLP_loss_ext,2,Grayhole,0.8948731227343345,0.8040949278734295,0.8470588235294118,2149.0
row_level,789,teacher,,C_CL_MLP_loss_ext,3,Normal,0.9988608241348156,0.9958096729978461,0.9973329149670537,51070.0
row_level,789,teacher,,C_CL_MLP_loss_ext,4,TDMA,0.9457286432160804,0.9438314944834504,0.9447791164658634,997.0
inverse_test_group_size,789,teacher,,C_CL_MLP_loss_ext,0,Blackhole,0.7500000000000013,0.936945812807882,0.8331143232588709,1014.9999999999998
inverse_test_group_size,789,teacher,,C_CL_MLP_loss_ext,1,Flooding,0.8789571694599627,0.9957805907172996,0.933728981206726,474.0
inverse_test_group_size,789,teacher,,C_CL_MLP_loss_ext,2,Grayhole,0.9108280254777067,0.8322751322751318,0.8697815869505111,1890.0000000000002
inverse_test_group_size,789,teacher,,C_CL_MLP_loss_ext,3,Normal,0.9988320109549317,0.9958439576766318,0.9973357462423968,49807.00000000006
inverse_test_group_size,789,teacher,,C_CL_MLP_loss_ext,4,TDMA,0.9471544715447154,0.9433198380566802,0.9452332657200812,988.0
pure_group_representative,789,teacher,,C_CL_MLP_loss_ext,0,Blackhole,0.75,0.9369458128078818,0.8331143232588699,1015.0
pure_group_representative,789,teacher,,C_CL_MLP_loss_ext,1,Flooding,0.8789571694599627,0.9957805907172996,0.933728981206726,474.0
pure_group_representative,789,teacher,,C_CL_MLP_loss_ext,2,Grayhole,0.910828025477707,0.8322751322751323,0.8697815869505114,1890.0
pure_group_representative,789,teacher,,C_CL_MLP_loss_ext,3,Normal,0.9988320109549317,0.9958439576766318,0.9973357462423968,49807.0
pure_group_representative,789,teacher,,C_CL_MLP_loss_ext,4,TDMA,0.9471544715447154,0.9433198380566802,0.9452332657200812,988.0
row_level,789,teacher,,C2_CL_MLP_domain,0,Blackhole,0.7985409652076318,0.8949685534591195,0.8440094899169632,1590.0
row_level,789,teacher,,C2_CL_MLP_domain,1,Flooding,0.8866906474820144,0.9959595959595959,0.9381541389153187,495.0
row_level,789,teacher,,C2_CL_MLP_domain,2,Grayhole,0.8731707317073171,0.8329455560725919,0.8525839485591807,2149.0
row_level,789,teacher,,C2_CL_MLP_domain,3,Normal,0.9988610702012763,0.9960250636381437,0.9974410510319134,51070.0
row_level,789,teacher,,C2_CL_MLP_domain,4,TDMA,0.9524291497975709,0.9438314944834504,0.9481108312342569,997.0
inverse_test_group_size,789,teacher,,C2_CL_MLP_domain,0,Blackhole,0.7618257261410806,0.9044334975369458,0.827027027027028,1014.9999999999998
inverse_test_group_size,789,teacher,,C2_CL_MLP_domain,1,Flooding,0.8822429906542056,0.9957805907172996,0.9355797819623389,474.0
inverse_test_group_size,789,teacher,,C2_CL_MLP_domain,2,Grayhole,0.896031302403577,0.8481481481481481,0.8714324544713236,1890.0000000000002
inverse_test_group_size,789,teacher,,C2_CL_MLP_domain,3,Normal,0.9988322461141983,0.9960447326680989,0.9974365418446846,49807.00000000006
inverse_test_group_size,789,teacher,,C2_CL_MLP_domain,4,TDMA,0.9539406345957011,0.9433198380566802,0.9486005089058525,988.0
pure_group_representative,789,teacher,,C2_CL_MLP_domain,0,Blackhole,0.7618257261410788,0.9044334975369458,0.827027027027027,1015.0
pure_group_representative,789,teacher,,C2_CL_MLP_domain,1,Flooding,0.8822429906542056,0.9957805907172996,0.9355797819623389,474.0
pure_group_representative,789,teacher,,C2_CL_MLP_domain,2,Grayhole,0.8960313024035774,0.8481481481481481,0.8714324544713238,1890.0
pure_group_representative,789,teacher,,C2_CL_MLP_domain,3,Normal,0.9988322461141983,0.9960447326680989,0.9974365418446846,49807.0
pure_group_representative,789,teacher,,C2_CL_MLP_domain,4,TDMA,0.9539406345957011,0.9433198380566802,0.9486005089058525,988.0
row_level,789,teacher,,G_random_pacing_teacher,0,Blackhole,0.824332006822058,0.9119496855345912,0.8659301283965363,1590.0
row_level,789,teacher,,G_random_pacing_teacher,1,Flooding,0.8850987432675045,0.9959595959595959,0.9372623574144486,495.0
row_level,789,teacher,,G_random_pacing_teacher,2,Grayhole,0.8897485493230174,0.8562121917170777,0.8726582878823809,2149.0
row_level,789,teacher,,G_random_pacing_teacher,3,Normal,0.9988413424716718,0.9959271588016448,0.997382121951937,51070.0
row_level,789,teacher,,G_random_pacing_teacher,4,TDMA,0.9447791164658634,0.9438314944834504,0.9443050677370798,997.0
inverse_test_group_size,789,teacher,,G_random_pacing_teacher,0,Blackhole,0.7886728655959443,0.9192118226600983,0.848953594176525,1014.9999999999998
inverse_test_group_size,789,teacher,,G_random_pacing_teacher,1,Flooding,0.8822429906542056,0.9957805907172996,0.9355797819623389,474.0
inverse_test_group_size,789,teacher,,G_random_pacing_teacher,2,Grayhole,0.9080841638981169,0.8677248677248675,0.8874458874458871,1890.0000000000002
inverse_test_group_size,789,teacher,,G_random_pacing_teacher,3,Normal,0.9988120406725058,0.9959644226715121,0.9973861991314139,49807.00000000006
inverse_test_group_size,789,teacher,,G_random_pacing_teacher,4,TDMA,0.9461928934010152,0.9433198380566802,0.9447541814495691,988.0
pure_group_representative,789,teacher,,G_random_pacing_teacher,0,Blackhole,0.7886728655959425,0.9192118226600985,0.8489535941765242,1015.0
pure_group_representative,789,teacher,,G_random_pacing_teacher,1,Flooding,0.8822429906542056,0.9957805907172996,0.9355797819623389,474.0
pure_group_representative,789,teacher,,G_random_pacing_teacher,2,Grayhole,0.9080841638981174,0.8677248677248677,0.8874458874458875,1890.0
pure_group_representative,789,teacher,,G_random_pacing_teacher,3,Normal,0.9988120406725058,0.9959644226715121,0.9973861991314139,49807.0
pure_group_representative,789,teacher,,G_random_pacing_teacher,4,TDMA,0.9461928934010152,0.9433198380566802,0.9447541814495691,988.0
row_level,789,teacher,,I_SMOTE_MLP_teacher,0,Blackhole,0.946256038647343,0.9855345911949686,0.9654959950708565,1590.0
row_level,789,teacher,,I_SMOTE_MLP_teacher,1,Flooding,0.8898916967509025,0.9959595959595959,0.9399428026692088,495.0
row_level,789,teacher,,I_SMOTE_MLP_teacher,2,Grayhole,0.9501845018450185,0.9585853885528153,0.9543664581885569,2149.0
row_level,789,teacher,,I_SMOTE_MLP_teacher,3,Normal,0.998840386013876,0.9951047581750538,0.99696907277168,51070.0
row_level,789,teacher,,I_SMOTE_MLP_teacher,4,TDMA,0.9013409961685823,0.9438314944834504,0.9220970112689858,997.0
inverse_test_group_size,789,teacher,,I_SMOTE_MLP_teacher,0,Blackhole,0.9333958724202651,0.9802955665024632,0.9562710235463733,1014.9999999999998
inverse_test_group_size,789,teacher,,I_SMOTE_MLP_teacher,1,Flooding,0.8855534709193246,0.9957805907172996,0.9374379344587885,474.0
inverse_test_group_size,789,teacher,,I_SMOTE_MLP_teacher,2,Grayhole,0.9473958333333334,0.9624338624338622,0.9548556430446193,1890.0000000000002
inverse_test_group_size,789,teacher,,I_SMOTE_MLP_teacher,3,Normal,0.9988110352054491,0.9951211677073504,0.996962687317711,49807.00000000006
inverse_test_group_size,789,teacher,,I_SMOTE_MLP_teacher,4,TDMA,0.9031007751937985,0.9433198380566802,0.9227722772277228,988.0
pure_group_representative,789,teacher,,I_SMOTE_MLP_teacher,0,Blackhole,0.9333958724202627,0.9802955665024631,0.956271023546372,1015.0
pure_group_representative,789,teacher,,I_SMOTE_MLP_teacher,1,Flooding,0.8855534709193246,0.9957805907172996,0.9374379344587885,474.0
pure_group_representative,789,teacher,,I_SMOTE_MLP_teacher,2,Grayhole,0.9473958333333333,0.9624338624338624,0.9548556430446195,1890.0
pure_group_representative,789,teacher,,I_SMOTE_MLP_teacher,3,Normal,0.9988110352054491,0.9951211677073504,0.996962687317711,49807.0
pure_group_representative,789,teacher,,I_SMOTE_MLP_teacher,4,TDMA,0.9031007751937985,0.9433198380566802,0.9227722772277228,988.0
row_level,789,student,student_A,D_Small_MLP,0,Blackhole,0.8492401215805471,0.8786163522012579,0.863678516228748,1590.0
row_level,789,student,student_A,D_Small_MLP,1,Flooding,0.874113475177305,0.9959595959595959,0.931067044381492,495.0
row_level,789,student,student_A,D_Small_MLP,2,Grayhole,0.8038884192730347,0.8850628199162401,0.8425249169435216,2149.0
row_level,789,student,student_A,D_Small_MLP,3,Normal,0.998816941399164,0.9918934795378892,0.9953431709665377,51070.0
row_level,789,student,student_A,D_Small_MLP,4,TDMA,0.9316831683168317,0.9438314944834504,0.9377179870453413,997.0
inverse_test_group_size,789,student,student_A,D_Small_MLP,0,Blackhole,0.8203266787658814,0.8906403940886702,0.8540387340576295,1014.9999999999998
inverse_test_group_size,789,student,student_A,D_Small_MLP,1,Flooding,0.8708487084870848,0.9957805907172996,0.9291338582677166,474.0
inverse_test_group_size,789,student,student_A,D_Small_MLP,2,Grayhole,0.8170849420849423,0.8957671957671957,0.8546188793538617,1890.0000000000002
inverse_test_group_size,789,student,student_A,D_Small_MLP,3,Normal,0.9987869475556993,0.9918686128455839,0.9953157581923864,49807.00000000006
inverse_test_group_size,789,student,student_A,D_Small_MLP,4,TDMA,0.9357429718875502,0.9433198380566802,0.9395161290322581,988.0
pure_group_representative,789,student,student_A,D_Small_MLP,0,Blackhole,0.8203266787658802,0.8906403940886699,0.8540387340576288,1015.0
pure_group_representative,789,student,student_A,D_Small_MLP,1,Flooding,0.8708487084870848,0.9957805907172996,0.9291338582677166,474.0
pure_group_representative,789,student,student_A,D_Small_MLP,2,Grayhole,0.8170849420849421,0.8957671957671958,0.8546188793538617,1890.0
pure_group_representative,789,student,student_A,D_Small_MLP,3,Normal,0.9987869475556993,0.9918686128455839,0.9953157581923864,49807.0
pure_group_representative,789,student,student_A,D_Small_MLP,4,TDMA,0.9357429718875502,0.9433198380566802,0.9395161290322581,988.0
row_level,789,student,student_A,E_KD_from_RF,0,Blackhole,0.7530589543937709,0.8515723270440252,0.7992916174734357,1590.0
row_level,789,student,student_A,E_KD_from_RF,1,Flooding,0.8931159420289855,0.9959595959595959,0.941738299904489,495.0
row_level,789,student,student_A,E_KD_from_RF,2,Grayhole,0.8494731560461616,0.7878082829222894,0.8174794785127958,2149.0
row_level,789,student,student_A,E_KD_from_RF,3,Normal,0.998627370237465,0.9971999216761308,0.9979131354894334,51070.0
row_level,789,student,student_A,E_KD_from_RF,4,TDMA,0.9791883454734651,0.9438314944834504,0.9611848825331971,997.0
inverse_test_group_size,789,student,student_A,E_KD_from_RF,0,Blackhole,0.7210401891252973,0.9014778325123158,0.801225919439581,1014.9999999999998
inverse_test_group_size,789,student,student_A,E_KD_from_RF,1,Flooding,0.8888888888888888,0.9957805907172996,0.9393034825870646,474.0
inverse_test_group_size,789,student,student_A,E_KD_from_RF,2,Grayhole,0.9045077105575341,0.806878306878307,0.8529082774049224,1890.0000000000002
inverse_test_group_size,789,student,student_A,E_KD_from_RF,3,Normal,0.9986126749235966,0.9971891501194611,0.9979004048501653,49807.00000000006
inverse_test_group_size,789,student,student_A,E_KD_from_RF,4,TDMA,0.9789915966386554,0.9433198380566802,0.9608247422680413,988.0
pure_group_representative,789,student,student_A,E_KD_from_RF,0,Blackhole,0.7210401891252955,0.9014778325123153,0.8012259194395797,1015.0
pure_group_representative,789,student,student_A,E_KD_from_RF,1,Flooding,0.8888888888888888,0.9957805907172996,0.9393034825870646,474.0
pure_group_representative,789,student,student_A,E_KD_from_RF,2,Grayhole,0.9045077105575327,0.8068783068783069,0.8529082774049217,1890.0
pure_group_representative,789,student,student_A,E_KD_from_RF,3,Normal,0.9986126749235966,0.9971891501194611,0.9979004048501653,49807.0
pure_group_representative,789,student,student_A,E_KD_from_RF,4,TDMA,0.9789915966386554,0.9433198380566802,0.9608247422680413,988.0
row_level,789,student,student_A,E2_KD_from_MLP,0,Blackhole,0.7711157455683003,0.930188679245283,0.8432155074116305,1590.0
row_level,789,student,student_A,E2_KD_from_MLP,1,Flooding,0.8850987432675045,0.9959595959595959,0.9372623574144486,495.0
row_level,789,student,student_A,E2_KD_from_MLP,2,Grayhole,0.893883951907998,0.7957189390414147,0.8419497784342689,2149.0
row_level,789,student,student_A,E2_KD_from_MLP,3,Normal,0.9988608688820803,0.9958488349324457,0.9973525778047967,51070.0
row_level,789,student,student_A,E2_KD_from_MLP,4,TDMA,0.9438314944834504,0.9438314944834504,0.9438314944834504,997.0
inverse_test_group_size,789,student,student_A,E2_KD_from_MLP,0,Blackhole,0.73967264224474,0.9349753694581283,0.825935596170584,1014.9999999999998
inverse_test_group_size,789,student,student_A,E2_KD_from_MLP,1,Flooding,0.8822429906542056,0.9957805907172996,0.9355797819623389,474.0
inverse_test_group_size,789,student,student_A,E2_KD_from_MLP,2,Grayhole,0.9099415204678364,0.823280423280423,0.8644444444444443,1890.0000000000002
inverse_test_group_size,789,student,student_A,E2_KD_from_MLP,3,Normal,0.9988320579943617,0.9958841126749253,0.9973559069842259,49807.00000000006
inverse_test_group_size,789,student,student_A,E2_KD_from_MLP,4,TDMA,0.9452332657200812,0.9433198380566802,0.9442755825734549,988.0
pure_group_representative,789,student,student_A,E2_KD_from_MLP,0,Blackhole,0.7396726422447389,0.9349753694581281,0.8259355961705831,1015.0
pure_group_representative,789,student,student_A,E2_KD_from_MLP,1,Flooding,0.8822429906542056,0.9957805907172996,0.9355797819623389,474.0
pure_group_representative,789,student,student_A,E2_KD_from_MLP,2,Grayhole,0.9099415204678363,0.8232804232804233,0.8644444444444445,1890.0
pure_group_representative,789,student,student_A,E2_KD_from_MLP,3,Normal,0.9988320579943617,0.9958841126749252,0.9973559069842259,49807.0
pure_group_representative,789,student,student_A,E2_KD_from_MLP,4,TDMA,0.9452332657200812,0.9433198380566802,0.9442755825734549,988.0
row_level,789,student,student_A,F_KD_from_CL_MLP_fair,0,Blackhole,0.7755741127348643,0.9345911949685535,0.8476896748431261,1590.0
row_level,789,student,student_A,F_KD_from_CL_MLP_fair,1,Flooding,0.8898916967509025,0.9959595959595959,0.9399428026692088,495.0
row_level,789,student,student_A,F_KD_from_CL_MLP_fair,2,Grayhole,0.8967136150234741,0.799906933457422,0.8455484505656665,2149.0
row_level,789,student,student_A,F_KD_from_CL_MLP_fair,3,Normal,0.9988605779620061,0.9955942823575484,0.9972247555725535,51070.0
row_level,789,student,student_A,F_KD_from_CL_MLP_fair,4,TDMA,0.9297725024727992,0.9428284854563691,0.9362549800796812,997.0
inverse_test_group_size,789,student,student_A,F_KD_from_CL_MLP_fair,0,Blackhole,0.7410015649452278,0.9330049261083743,0.825992150021806,1014.9999999999998
inverse_test_group_size,789,student,student_A,F_KD_from_CL_MLP_fair,1,Flooding,0.8855534709193246,0.9957805907172996,0.9374379344587885,474.0
inverse_test_group_size,789,student,student_A,F_KD_from_CL_MLP_fair,2,Grayhole,0.9079790331974378,0.8248677248677245,0.8644302744663155,1890.0000000000002
inverse_test_group_size,789,student,student_A,F_KD_from_CL_MLP_fair,3,Normal,0.9988317757009346,0.9956431826851647,0.9972349303705194,49807.00000000006
inverse_test_group_size,789,student,student_A,F_KD_from_CL_MLP_fair,4,TDMA,0.9328657314629258,0.9423076923076923,0.9375629405840886,988.0
pure_group_representative,789,student,student_A,F_KD_from_CL_MLP_fair,0,Blackhole,0.741001564945227,0.9330049261083744,0.8259921500218055,1015.0
pure_group_representative,789,student,student_A,F_KD_from_CL_MLP_fair,1,Flooding,0.8855534709193246,0.9957805907172996,0.9374379344587885,474.0
pure_group_representative,789,student,student_A,F_KD_from_CL_MLP_fair,2,Grayhole,0.9079790331974374,0.8248677248677249,0.8644302744663155,1890.0
pure_group_representative,789,student,student_A,F_KD_from_CL_MLP_fair,3,Normal,0.9988317757009346,0.9956431826851647,0.9972349303705194,49807.0
pure_group_representative,789,student,student_A,F_KD_from_CL_MLP_fair,4,TDMA,0.9328657314629258,0.9423076923076923,0.9375629405840886,988.0
row_level,789,student,student_A,F_KD_from_CL_MLP_ext,0,Blackhole,0.7605210420841684,0.9547169811320755,0.8466257668711656,1590.0
row_level,789,student,student_A,F_KD_from_CL_MLP_ext,1,Flooding,0.8866906474820144,0.9959595959595959,0.9381541389153187,495.0
row_level,789,student,student_A,F_KD_from_CL_MLP_ext,2,Grayhole,0.9061822125813449,0.7775709632387157,0.8369646882043577,2149.0
row_level,789,student,student_A,F_KD_from_CL_MLP_ext,3,Normal,0.998860510805501,0.9955355394556491,0.9971952535059331,51070.0
row_level,789,student,student_A,F_KD_from_CL_MLP_ext,4,TDMA,0.936318407960199,0.9438314944834504,0.9400599400599401,997.0
inverse_test_group_size,789,student,student_A,F_KD_from_CL_MLP_ext,0,Blackhole,0.7303030303030316,0.949753694581281,0.8256959314775171,1014.9999999999998
inverse_test_group_size,789,student,student_A,F_KD_from_CL_MLP_ext,1,Flooding,0.8838951310861424,0.9957805907172996,0.9365079365079365,474.0
inverse_test_group_size,789,student,student_A,F_KD_from_CL_MLP_ext,2,Grayhole,0.9120095124851371,0.8116402116402112,0.8589025755879057,1890.0000000000002
inverse_test_group_size,789,student,student_A,F_KD_from_CL_MLP_ext,3,Normal,0.9988317521703225,0.995623105186018,0.9972248476682688,49807.00000000006
inverse_test_group_size,789,student,student_A,F_KD_from_CL_MLP_ext,4,TDMA,0.9404641775983855,0.9433198380566802,0.94188984335523,988.0
pure_group_representative,789,student,student_A,F_KD_from_CL_MLP_ext,0,Blackhole,0.7303030303030303,0.9497536945812808,0.8256959314775161,1015.0
pure_group_representative,789,student,student_A,F_KD_from_CL_MLP_ext,1,Flooding,0.8838951310861424,0.9957805907172996,0.9365079365079365,474.0
pure_group_representative,789,student,student_A,F_KD_from_CL_MLP_ext,2,Grayhole,0.9120095124851367,0.8116402116402116,0.858902575587906,1890.0
pure_group_representative,789,student,student_A,F_KD_from_CL_MLP_ext,3,Normal,0.9988317521703225,0.995623105186018,0.9972248476682688,49807.0
pure_group_representative,789,student,student_A,F_KD_from_CL_MLP_ext,4,TDMA,0.9404641775983855,0.9433198380566802,0.94188984335523,988.0
row_level,789,student,student_A,G_KD_random_pacing,0,Blackhole,0.7717778909831889,0.9528301886792453,0.8528004503236701,1590.0
row_level,789,student,student_A,G_KD_random_pacing,1,Flooding,0.8882882882882883,0.9959595959595959,0.939047619047619,495.0
row_level,789,student,student_A,G_KD_random_pacing,2,Grayhole,0.9134873723804406,0.7910656119125175,0.8478802992518704,2149.0
row_level,789,student,student_A,G_KD_random_pacing,3,Normal,0.998841160410897,0.9957705110632465,0.9973034721473186,51070.0
row_level,789,student,student_A,G_KD_random_pacing,4,TDMA,0.9326065411298315,0.9438314944834504,0.938185443668993,997.0
inverse_test_group_size,789,student,student_A,G_KD_random_pacing,0,Blackhole,0.7422600619195058,0.9448275862068969,0.8313827481577815,1014.9999999999998
inverse_test_group_size,789,student,student_A,G_KD_random_pacing,1,Flooding,0.8838951310861424,0.9957805907172996,0.9365079365079365,474.0
inverse_test_group_size,789,student,student_A,G_KD_random_pacing,2,Grayhole,0.9185360094451007,0.8232804232804231,0.8683035714285715,1890.0000000000002
inverse_test_group_size,789,student,student_A,G_KD_random_pacing,3,Normal,0.9988118732127754,0.9958238801774851,0.9973156386668678,49807.00000000006
inverse_test_group_size,789,student,student_A,G_KD_random_pacing,4,TDMA,0.9357429718875502,0.9433198380566802,0.9395161290322581,988.0
pure_group_representative,789,student,student_A,G_KD_random_pacing,0,Blackhole,0.7422600619195047,0.9448275862068966,0.8313827481577807,1015.0
pure_group_representative,789,student,student_A,G_KD_random_pacing,1,Flooding,0.8838951310861424,0.9957805907172996,0.9365079365079365,474.0
pure_group_representative,789,student,student_A,G_KD_random_pacing,2,Grayhole,0.9185360094451004,0.8232804232804233,0.8683035714285714,1890.0
pure_group_representative,789,student,student_A,G_KD_random_pacing,3,Normal,0.9988118732127754,0.9958238801774851,0.9973156386668678,49807.0
pure_group_representative,789,student,student_A,G_KD_random_pacing,4,TDMA,0.9357429718875502,0.9433198380566802,0.9395161290322581,988.0
row_level,789,student,student_A,I_KD_from_SMOTE_MLP,0,Blackhole,0.8193111236589498,0.9125786163522013,0.8634335019339482,1590.0
row_level,789,student,student_A,I_KD_from_SMOTE_MLP,1,Flooding,0.891500904159132,0.9959595959595959,0.9408396946564885,495.0
row_level,789,student,student_A,I_KD_from_SMOTE_MLP,2,Grayhole,0.8946078431372549,0.849232201023732,0.871329672952972,2149.0
row_level,789,student,student_A,I_KD_from_SMOTE_MLP,3,Normal,0.9987818535473604,0.9953984726845506,0.9970872929477184,51070.0
row_level,789,student,student_A,I_KD_from_SMOTE_MLP,4,TDMA,0.9048076923076923,0.9438314944834504,0.9239077074128621,997.0
inverse_test_group_size,789,student,student_A,I_KD_from_SMOTE_MLP,0,Blackhole,0.7960413080895021,0.9113300492610839,0.8497932935231979,1014.9999999999998
inverse_test_group_size,789,student,student_A,I_KD_from_SMOTE_MLP,1,Flooding,0.8872180451127819,0.9957805907172996,0.9383697813121272,474.0
inverse_test_group_size,789,student,student_A,I_KD_from_SMOTE_MLP,2,Grayhole,0.9100937672366244,0.8730158730158728,0.8911693221712124,1890.0000000000002
inverse_test_group_size,789,student,student_A,I_KD_from_SMOTE_MLP,3,Normal,0.9987711275408448,0.9954022526954043,0.9970838444985218,49807.00000000006
inverse_test_group_size,789,student,student_A,I_KD_from_SMOTE_MLP,4,TDMA,0.9066147859922179,0.9433198380566802,0.9246031746031746,988.0
pure_group_representative,789,student,student_A,I_KD_from_SMOTE_MLP,0,Blackhole,0.7960413080895009,0.9113300492610837,0.8497932935231971,1015.0
pure_group_representative,789,student,student_A,I_KD_from_SMOTE_MLP,1,Flooding,0.8872180451127819,0.9957805907172996,0.9383697813121272,474.0
pure_group_representative,789,student,student_A,I_KD_from_SMOTE_MLP,2,Grayhole,0.9100937672366244,0.873015873015873,0.8911693221712126,1890.0
pure_group_representative,789,student,student_A,I_KD_from_SMOTE_MLP,3,Normal,0.9987711275408448,0.9954022526954043,0.9970838444985218,49807.0
pure_group_representative,789,student,student_A,I_KD_from_SMOTE_MLP,4,TDMA,0.9066147859922179,0.9433198380566802,0.9246031746031746,988.0
row_level,789,student,student_A,J_CoDistill_RF_CL,0,Blackhole,0.7859988616960728,0.8685534591194969,0.8252166118912458,1590.0
row_level,789,student,student_A,J_CoDistill_RF_CL,1,Flooding,0.8931159420289855,0.9959595959595959,0.941738299904489,495.0
row_level,789,student,student_A,J_CoDistill_RF_CL,2,Grayhole,0.863013698630137,0.8208469055374593,0.8414023372287145,2149.0
row_level,789,student,student_A,J_CoDistill_RF_CL,3,Normal,0.9986855012752599,0.9967299784609359,0.9977067816542532,51070.0
row_level,789,student,student_A,J_CoDistill_RF_CL,4,TDMA,0.9621676891615542,0.9438314944834504,0.9529113924050633,997.0
inverse_test_group_size,789,student,student_A,J_CoDistill_RF_CL,0,Blackhole,0.7504215851602039,0.8768472906403941,0.8087233075874611,1014.9999999999998
inverse_test_group_size,789,student,student_A,J_CoDistill_RF_CL,1,Flooding,0.8888888888888888,0.9957805907172996,0.9393034825870646,474.0
inverse_test_group_size,789,student,student_A,J_CoDistill_RF_CL,2,Grayhole,0.891451068616423,0.8386243386243386,0.8642311886586695,1890.0000000000002
inverse_test_group_size,789,student,student_A,J_CoDistill_RF_CL,3,Normal,0.9986522368844545,0.9967474451382335,0.9976989318622574,49807.00000000006
inverse_test_group_size,789,student,student_A,J_CoDistill_RF_CL,4,TDMA,0.9638055842812823,0.9433198380566802,0.9534526854219949,988.0
pure_group_representative,789,student,student_A,J_CoDistill_RF_CL,0,Blackhole,0.7504215851602024,0.8768472906403941,0.8087233075874602,1015.0
pure_group_representative,789,student,student_A,J_CoDistill_RF_CL,1,Flooding,0.8888888888888888,0.9957805907172996,0.9393034825870646,474.0
pure_group_representative,789,student,student_A,J_CoDistill_RF_CL,2,Grayhole,0.891451068616423,0.8386243386243386,0.8642311886586695,1890.0
pure_group_representative,789,student,student_A,J_CoDistill_RF_CL,3,Normal,0.9986522368844545,0.9967474451382335,0.9976989318622574,49807.0
pure_group_representative,789,student,student_A,J_CoDistill_RF_CL,4,TDMA,0.9638055842812823,0.9433198380566802,0.9534526854219949,988.0
row_level,789,student,student_B,D_Small_MLP,0,Blackhole,0.8206229860365198,0.9610062893081761,0.8852838933951332,1590.0
row_level,789,student,student_B,D_Small_MLP,1,Flooding,0.8787878787878788,0.9959595959595959,0.9337121212121212,495.0
row_level,789,student,student_B,D_Small_MLP,2,Grayhole,0.9269289729177312,0.844113541181945,0.8835849975645397,2149.0
row_level,789,student,student_B,D_Small_MLP,3,Normal,0.9987826189400931,0.9960250636381437,0.9974019353130913,51070.0
row_level,789,student,student_B,D_Small_MLP,4,TDMA,0.9485887096774194,0.9438314944834504,0.9462041226747109,997.0
inverse_test_group_size,789,student,student_B,D_Small_MLP,0,Blackhole,0.7962202136401002,0.9546798029556652,0.8682795698924742,1014.9999999999998
inverse_test_group_size,789,student,student_B,D_Small_MLP,1,Flooding,0.87569573283859,0.9957805907172996,0.9318854886475815,474.0
inverse_test_group_size,789,student,student_B,D_Small_MLP,2,Grayhole,0.9302721088435377,0.868253968253968,0.8981937602627258,1890.0000000000002
inverse_test_group_size,789,student,student_B,D_Small_MLP,3,Normal,0.998751837014072,0.9960648101672456,0.9974065138721351,49807.00000000006
inverse_test_group_size,789,student,student_B,D_Small_MLP,4,TDMA,0.9500509683995922,0.9433198380566802,0.94667343829355,988.0
pure_group_representative,789,student,student_B,D_Small_MLP,0,Blackhole,0.7962202136400987,0.954679802955665,0.8682795698924731,1015.0
pure_group_representative,789,student,student_B,D_Small_MLP,1,Flooding,0.87569573283859,0.9957805907172996,0.9318854886475815,474.0
pure_group_representative,789,student,student_B,D_Small_MLP,2,Grayhole,0.9302721088435374,0.8682539682539683,0.8981937602627258,1890.0
pure_group_representative,789,student,student_B,D_Small_MLP,3,Normal,0.998751837014072,0.9960648101672456,0.9974065138721351,49807.0
pure_group_representative,789,student,student_B,D_Small_MLP,4,TDMA,0.9500509683995922,0.9433198380566802,0.94667343829355,988.0
row_level,789,student,student_B,E_KD_from_RF,0,Blackhole,0.7997691863819966,0.8716981132075472,0.8341859765272345,1590.0
row_level,789,student,student_B,E_KD_from_RF,1,Flooding,0.891500904159132,0.9959595959595959,0.9408396946564885,495.0
row_level,789,student,student_B,E_KD_from_RF,2,Grayhole,0.8847675568743818,0.8324802233597022,0.8578278590266123,2149.0
row_level,789,student,student_B,E_KD_from_RF,3,Normal,0.9986088524011991,0.9979635794008224,0.9982861116279981,51070.0
row_level,789,student,student_B,E_KD_from_RF,4,TDMA,0.9843096234309623,0.9438314944834504,0.9636456733230927,997.0
inverse_test_group_size,789,student,student_B,E_KD_from_RF,0,Blackhole,0.7658119658119672,0.8827586206896549,0.8201372997711677,1014.9999999999998
inverse_test_group_size,789,student,student_B,E_KD_from_RF,1,Flooding,0.8872180451127819,0.9957805907172996,0.9383697813121272,474.0
inverse_test_group_size,789,student,student_B,E_KD_from_RF,2,Grayhole,0.9155251141552512,0.8486772486772487,0.8808347062053816,1890.0000000000002
inverse_test_group_size,789,student,student_B,E_KD_from_RF,3,Normal,0.9985936150121552,0.9979119400887425,0.9982526611769431,49807.00000000006
inverse_test_group_size,789,student,student_B,E_KD_from_RF,4,TDMA,0.9841605068637803,0.9433198380566802,0.9633074935400516,988.0
pure_group_representative,789,student,student_B,E_KD_from_RF,0,Blackhole,0.7658119658119659,0.8827586206896552,0.820137299771167,1015.0
pure_group_representative,789,student,student_B,E_KD_from_RF,1,Flooding,0.8872180451127819,0.9957805907172996,0.9383697813121272,474.0
pure_group_representative,789,student,student_B,E_KD_from_RF,2,Grayhole,0.9155251141552512,0.8486772486772487,0.8808347062053816,1890.0
pure_group_representative,789,student,student_B,E_KD_from_RF,3,Normal,0.9985936150121552,0.9979119400887425,0.9982526611769431,49807.0
pure_group_representative,789,student,student_B,E_KD_from_RF,4,TDMA,0.9841605068637803,0.9433198380566802,0.9633074935400516,988.0
row_level,789,student,student_B,E2_KD_from_MLP,0,Blackhole,0.8062632696390658,0.9553459119496855,0.874496257915947,1590.0
row_level,789,student,student_B,E2_KD_from_MLP,1,Flooding,0.8898916967509025,0.9959595959595959,0.9399428026692088,495.0
row_level,789,student,student_B,E2_KD_from_MLP,2,Grayhole,0.9224004138644594,0.8296882270823639,0.8735913767760901,2149.0
row_level,789,student,student_B,E2_KD_from_MLP,3,Normal,0.9988415472216768,0.9961033875073428,0.9974705882352941,51070.0
row_level,789,student,student_B,E2_KD_from_MLP,4,TDMA,0.941,0.9438314944834504,0.9424136204306459,997.0
inverse_test_group_size,789,student,student_B,E2_KD_from_MLP,0,Blackhole,0.7738572574178039,0.9507389162561575,0.853227232537578,1014.9999999999998
inverse_test_group_size,789,student,student_B,E2_KD_from_MLP,1,Flooding,0.8855534709193246,0.9957805907172996,0.9374379344587885,474.0
inverse_test_group_size,789,student,student_B,E2_KD_from_MLP,2,Grayhole,0.9278290993071595,0.85026455026455,0.8873550524572058,1890.0000000000002
inverse_test_group_size,789,student,student_B,E2_KD_from_MLP,3,Normal,0.9988122559085236,0.9961451201638324,0.9974769051376645,49807.00000000006
inverse_test_group_size,789,student,student_B,E2_KD_from_MLP,4,TDMA,0.9433198380566802,0.9433198380566802,0.9433198380566802,988.0
pure_group_representative,789,student,student_B,E2_KD_from_MLP,0,Blackhole,0.7738572574178028,0.9507389162561576,0.8532272325375774,1015.0
pure_group_representative,789,student,student_B,E2_KD_from_MLP,1,Flooding,0.8855534709193246,0.9957805907172996,0.9374379344587885,474.0
pure_group_representative,789,student,student_B,E2_KD_from_MLP,2,Grayhole,0.9278290993071594,0.8502645502645503,0.8873550524572059,1890.0
pure_group_representative,789,student,student_B,E2_KD_from_MLP,3,Normal,0.9988122559085236,0.9961451201638324,0.9974769051376645,49807.0
pure_group_representative,789,student,student_B,E2_KD_from_MLP,4,TDMA,0.9433198380566802,0.9433198380566802,0.9433198380566802,988.0
row_level,789,student,student_B,F_KD_from_CL_MLP_fair,0,Blackhole,0.7748171368861024,0.9327044025157233,0.8464611872146118,1590.0
row_level,789,student,student_B,F_KD_from_CL_MLP_fair,1,Flooding,0.8850987432675045,0.9959595959595959,0.9372623574144486,495.0
row_level,789,student,student_B,F_KD_from_CL_MLP_fair,2,Grayhole,0.8985355648535565,0.7994416007445323,0.8460970204383157,2149.0
row_level,789,student,student_B,F_KD_from_CL_MLP_fair,3,Normal,0.9988607570073265,0.9957509300959467,0.9973034192643728,51070.0
row_level,789,student,student_B,F_KD_from_CL_MLP_fair,4,TDMA,0.9344587884806356,0.9438314944834504,0.9391217564870259,997.0
inverse_test_group_size,789,student,student_B,F_KD_from_CL_MLP_fair,0,Blackhole,0.7427677873338558,0.9359605911330052,0.8282476024411517,1014.9999999999998
inverse_test_group_size,789,student,student_B,F_KD_from_CL_MLP_fair,1,Flooding,0.8822429906542056,0.9957805907172996,0.9355797819623389,474.0
inverse_test_group_size,789,student,student_B,F_KD_from_CL_MLP_fair,2,Grayhole,0.9133996489174958,0.8259259259259256,0.8674631842178383,1890.0000000000002
inverse_test_group_size,789,student,student_B,F_KD_from_CL_MLP_fair,3,Normal,0.998831940388682,0.9957837251791917,0.9973055036094187,49807.00000000006
inverse_test_group_size,789,student,student_B,F_KD_from_CL_MLP_fair,4,TDMA,0.9357429718875502,0.9433198380566802,0.9395161290322581,988.0
pure_group_representative,789,student,student_B,F_KD_from_CL_MLP_fair,0,Blackhole,0.7427677873338546,0.9359605911330049,0.8282476024411508,1015.0
pure_group_representative,789,student,student_B,F_KD_from_CL_MLP_fair,1,Flooding,0.8822429906542056,0.9957805907172996,0.9355797819623389,474.0
pure_group_representative,789,student,student_B,F_KD_from_CL_MLP_fair,2,Grayhole,0.9133996489174956,0.825925925925926,0.8674631842178383,1890.0
pure_group_representative,789,student,student_B,F_KD_from_CL_MLP_fair,3,Normal,0.998831940388682,0.9957837251791917,0.9973055036094187,49807.0
pure_group_representative,789,student,student_B,F_KD_from_CL_MLP_fair,4,TDMA,0.9357429718875502,0.9433198380566802,0.9395161290322581,988.0
row_level,789,student,student_B,F_KD_from_CL_MLP_ext,0,Blackhole,0.8009554140127388,0.9490566037735849,0.8687392055267703,1590.0
row_level,789,student,student_B,F_KD_from_CL_MLP_ext,1,Flooding,0.8866906474820144,0.9959595959595959,0.9381541389153187,495.0
row_level,789,student,student_B,F_KD_from_CL_MLP_ext,2,Grayhole,0.9088114754098361,0.8255002326663564,0.8651548402828578,2149.0
row_level,789,student,student_B,F_KD_from_CL_MLP_ext,3,Normal,0.998860645110596,0.9956530252594478,0.9972542559033498,51070.0
row_level,789,student,student_B,F_KD_from_CL_MLP_ext,4,TDMA,0.9371884346959123,0.9428284854563691,0.94,997.0
inverse_test_group_size,789,student,student_B,F_KD_from_CL_MLP_ext,0,Blackhole,0.7714514835605469,0.9477832512315275,0.8505747126436793,1014.9999999999998
inverse_test_group_size,789,student,student_B,F_KD_from_CL_MLP_ext,1,Flooding,0.8838951310861424,0.9957805907172996,0.9365079365079365,474.0
inverse_test_group_size,789,student,student_B,F_KD_from_CL_MLP_ext,2,Grayhole,0.9166190748143923,0.8492063492063487,0.8816259269431476,1890.0000000000002
inverse_test_group_size,789,student,student_B,F_KD_from_CL_MLP_ext,3,Normal,0.9988318227593153,0.9956833376834582,0.9972550951667555,49807.00000000006
inverse_test_group_size,789,student,student_B,F_KD_from_CL_MLP_ext,4,TDMA,0.938508064516129,0.9423076923076923,0.9404040404040404,988.0
pure_group_representative,789,student,student_B,F_KD_from_CL_MLP_ext,0,Blackhole,0.7714514835605453,0.9477832512315271,0.8505747126436781,1015.0
pure_group_representative,789,student,student_B,F_KD_from_CL_MLP_ext,1,Flooding,0.8838951310861424,0.9957805907172996,0.9365079365079365,474.0
pure_group_representative,789,student,student_B,F_KD_from_CL_MLP_ext,2,Grayhole,0.9166190748143918,0.8492063492063492,0.8816259269431475,1890.0
pure_group_representative,789,student,student_B,F_KD_from_CL_MLP_ext,3,Normal,0.9988318227593153,0.9956833376834582,0.9972550951667555,49807.0
pure_group_representative,789,student,student_B,F_KD_from_CL_MLP_ext,4,TDMA,0.938508064516129,0.9423076923076923,0.9404040404040404,988.0
row_level,789,student,student_B,G_KD_random_pacing,0,Blackhole,0.810446957458266,0.9465408805031447,0.8732230925442414,1590.0
row_level,789,student,student_B,G_KD_random_pacing,1,Flooding,0.8898916967509025,0.9959595959595959,0.9399428026692088,495.0
row_level,789,student,student_B,G_KD_random_pacing,2,Grayhole,0.909919028340081,0.8366682177757097,0.8717575757575757,2149.0
row_level,789,student,student_B,G_KD_random_pacing,3,Normal,0.9988609807348638,0.9959467397689445,0.9974017315253306,51070.0
row_level,789,student,student_B,G_KD_random_pacing,4,TDMA,0.94662638469285,0.9428284854563691,0.9447236180904522,997.0
inverse_test_group_size,789,student,student_B,G_KD_random_pacing,0,Blackhole,0.7816091954023006,0.9379310344827587,0.8526645768025087,1014.9999999999998
inverse_test_group_size,789,student,student_B,G_KD_random_pacing,1,Flooding,0.8855534709193246,0.9957805907172996,0.9374379344587885,474.0
inverse_test_group_size,789,student,student_B,G_KD_random_pacing,2,Grayhole,0.9144625773776028,0.8597883597883594,0.886283065175893,1890.0000000000002
inverse_test_group_size,789,student,student_B,G_KD_random_pacing,3,Normal,0.9988321520618557,0.9959644226715121,0.997396226035729,49807.00000000006
inverse_test_group_size,789,student,student_B,G_KD_random_pacing,4,TDMA,0.9480651731160896,0.9423076923076923,0.9451776649746193,988.0
pure_group_representative,789,student,student_B,G_KD_random_pacing,0,Blackhole,0.7816091954022989,0.9379310344827586,0.8526645768025078,1015.0
pure_group_representative,789,student,student_B,G_KD_random_pacing,1,Flooding,0.8855534709193246,0.9957805907172996,0.9374379344587885,474.0
pure_group_representative,789,student,student_B,G_KD_random_pacing,2,Grayhole,0.9144625773776027,0.8597883597883598,0.8862830651758931,1890.0
pure_group_representative,789,student,student_B,G_KD_random_pacing,3,Normal,0.9988321520618557,0.9959644226715121,0.997396226035729,49807.0
pure_group_representative,789,student,student_B,G_KD_random_pacing,4,TDMA,0.9480651731160896,0.9423076923076923,0.9451776649746193,988.0
row_level,789,student,student_B,I_KD_from_SMOTE_MLP,0,Blackhole,0.8185507246376812,0.8880503144654088,0.8518853695324283,1590.0
row_level,789,student,student_B,I_KD_from_SMOTE_MLP,1,Flooding,0.8898916967509025,0.9959595959595959,0.9399428026692088,495.0
row_level,789,student,student_B,I_KD_from_SMOTE_MLP,2,Grayhole,0.8749403341288783,0.8529548627268497,0.8638077285579642,2149.0
row_level,789,student,student_B,I_KD_from_SMOTE_MLP,3,Normal,0.9988016894214714,0.9955747013902487,0.9971855847021329,51070.0
row_level,789,student,student_B,I_KD_from_SMOTE_MLP,4,TDMA,0.9207436399217221,0.9438314944834504,0.9321446260525013,997.0
inverse_test_group_size,789,student,student_B,I_KD_from_SMOTE_MLP,0,Blackhole,0.7849740932642505,0.8955665024630548,0.8366313851817776,1014.9999999999998
inverse_test_group_size,789,student,student_B,I_KD_from_SMOTE_MLP,1,Flooding,0.8855534709193246,0.9957805907172996,0.9374379344587885,474.0
inverse_test_group_size,789,student,student_B,I_KD_from_SMOTE_MLP,2,Grayhole,0.8980821917808227,0.8671957671957671,0.8823687752355319,1890.0000000000002
inverse_test_group_size,789,student,student_B,I_KD_from_SMOTE_MLP,3,Normal,0.9987914677624026,0.9955829501877246,0.9971846280692581,49807.00000000006
inverse_test_group_size,789,student,student_B,I_KD_from_SMOTE_MLP,4,TDMA,0.9218595450049456,0.9433198380566802,0.9324662331165583,988.0
pure_group_representative,789,student,student_B,I_KD_from_SMOTE_MLP,0,Blackhole,0.7849740932642487,0.8955665024630541,0.8366313851817764,1015.0
pure_group_representative,789,student,student_B,I_KD_from_SMOTE_MLP,1,Flooding,0.8855534709193246,0.9957805907172996,0.9374379344587885,474.0
pure_group_representative,789,student,student_B,I_KD_from_SMOTE_MLP,2,Grayhole,0.8980821917808219,0.8671957671957672,0.8823687752355316,1890.0
pure_group_representative,789,student,student_B,I_KD_from_SMOTE_MLP,3,Normal,0.9987914677624026,0.9955829501877246,0.9971846280692581,49807.0
pure_group_representative,789,student,student_B,I_KD_from_SMOTE_MLP,4,TDMA,0.9218595450049456,0.9433198380566802,0.9324662331165583,988.0
row_level,789,student,student_B,J_CoDistill_RF_CL,0,Blackhole,0.8031496062992126,0.8981132075471698,0.8479809976247031,1590.0
row_level,789,student,student_B,J_CoDistill_RF_CL,1,Flooding,0.891500904159132,0.9959595959595959,0.9408396946564885,495.0
row_level,789,student,student_B,J_CoDistill_RF_CL,2,Grayhole,0.8907103825136612,0.8343415542112611,0.861604997597309,2149.0
row_level,789,student,student_B,J_CoDistill_RF_CL,3,Normal,0.9987445811020224,0.9969649500685334,0.9978539721114367,51070.0
row_level,789,student,student_B,J_CoDistill_RF_CL,4,TDMA,0.9621676891615542,0.9438314944834504,0.9529113924050633,997.0
inverse_test_group_size,789,student,student_B,J_CoDistill_RF_CL,0,Blackhole,0.7705882352941191,0.9034482758620689,0.8317460317460325,1014.9999999999998
inverse_test_group_size,789,student,student_B,J_CoDistill_RF_CL,1,Flooding,0.8872180451127819,0.9957805907172996,0.9383697813121272,474.0
inverse_test_group_size,789,student,student_B,J_CoDistill_RF_CL,2,Grayhole,0.9133144475920676,0.8529100529100526,0.8820793433652527,1890.0000000000002
inverse_test_group_size,789,student,student_B,J_CoDistill_RF_CL,3,Normal,0.9987329042638777,0.9969883751279941,0.9978598772192471,49807.00000000006
inverse_test_group_size,789,student,student_B,J_CoDistill_RF_CL,4,TDMA,0.9638055842812823,0.9433198380566802,0.9534526854219949,988.0
pure_group_representative,789,student,student_B,J_CoDistill_RF_CL,0,Blackhole,0.7705882352941177,0.903448275862069,0.8317460317460318,1015.0
pure_group_representative,789,student,student_B,J_CoDistill_RF_CL,1,Flooding,0.8872180451127819,0.9957805907172996,0.9383697813121272,474.0
pure_group_representative,789,student,student_B,J_CoDistill_RF_CL,2,Grayhole,0.913314447592068,0.852910052910053,0.8820793433652531,1890.0
pure_group_representative,789,student,student_B,J_CoDistill_RF_CL,3,Normal,0.9987329042638777,0.9969883751279941,0.9978598772192471,49807.0
pure_group_representative,789,student,student_B,J_CoDistill_RF_CL,4,TDMA,0.9638055842812823,0.9433198380566802,0.9534526854219949,988.0
row_level,1001,teacher,,A_RF_500_uncalibrated,0,Blackhole,0.9838308457711443,0.9949685534591195,0.9893683552220137,1590.0
row_level,1001,teacher,,A_RF_500_uncalibrated,1,Flooding,0.9232209737827716,0.9959595959595959,0.9582118561710399,495.0
row_level,1001,teacher,,A_RF_500_uncalibrated,2,Grayhole,0.985941893158388,0.9790600279199628,0.9824889096427738,2149.0
row_level,1001,teacher,,A_RF_500_uncalibrated,3,Normal,0.9984730433420774,0.9987076561582142,0.9985903359699272,51070.0
row_level,1001,teacher,,A_RF_500_uncalibrated,4,TDMA,0.9968186638388123,0.9428284854563691,0.9690721649484536,997.0
inverse_test_group_size,1001,teacher,,A_RF_500_uncalibrated,0,Blackhole,0.9814814814814817,0.9921182266009853,0.9867711905928468,1014.9999999999998
inverse_test_group_size,1001,teacher,,A_RF_500_uncalibrated,1,Flooding,0.9200779727095516,0.9957805907172996,0.9564336372847011,474.0
inverse_test_group_size,1001,teacher,,A_RF_500_uncalibrated,2,Grayhole,0.9840679766330324,0.9804232804232803,0.98224224754837,1890.0000000000002
inverse_test_group_size,1001,teacher,,A_RF_500_uncalibrated,3,Normal,0.9984543739210727,0.9986748850563174,0.998564617314931,49807.00000000006
inverse_test_group_size,1001,teacher,,A_RF_500_uncalibrated,4,TDMA,0.9967880085653105,0.9423076923076923,0.9687825182101977,988.0
pure_group_representative,1001,teacher,,A_RF_500_uncalibrated,0,Blackhole,0.9814814814814815,0.9921182266009853,0.9867711905928467,1015.0
pure_group_representative,1001,teacher,,A_RF_500_uncalibrated,1,Flooding,0.9200779727095516,0.9957805907172996,0.9564336372847011,474.0
pure_group_representative,1001,teacher,,A_RF_500_uncalibrated,2,Grayhole,0.9840679766330324,0.9804232804232804,0.98224224754837,1890.0
pure_group_representative,1001,teacher,,A_RF_500_uncalibrated,3,Normal,0.9984543739210727,0.9986748850563174,0.998564617314931,49807.0
pure_group_representative,1001,teacher,,A_RF_500_uncalibrated,4,TDMA,0.9967880085653105,0.9423076923076923,0.9687825182101977,988.0
row_level,1001,teacher,,A_calibrated_RF_KD_teacher,0,Blackhole,0.9893014474512272,0.9886792452830189,0.9889902485058194,1590.0
row_level,1001,teacher,,A_calibrated_RF_KD_teacher,1,Flooding,0.9335863377609108,0.9939393939393939,0.9628180039138943,495.0
row_level,1001,teacher,,A_calibrated_RF_KD_teacher,2,Grayhole,0.9786938397406206,0.9832480223359702,0.9809656453110492,2149.0
row_level,1001,teacher,,A_calibrated_RF_KD_teacher,3,Normal,0.9984534972495742,0.9987076561582142,0.9985805605317514,51070.0
row_level,1001,teacher,,A_calibrated_RF_KD_teacher,4,TDMA,0.9968186638388123,0.9428284854563691,0.9690721649484536,997.0
inverse_test_group_size,1001,teacher,,A_calibrated_RF_KD_teacher,0,Blackhole,0.9871541501976285,0.9842364532019705,0.9856931425752344,1014.9999999999998
inverse_test_group_size,1001,teacher,,A_calibrated_RF_KD_teacher,1,Flooding,0.9308300395256917,0.9936708860759493,0.9612244897959183,474.0
inverse_test_group_size,1001,teacher,,A_calibrated_RF_KD_teacher,2,Grayhole,0.976878612716763,0.9835978835978834,0.9802267334563669,1890.0000000000002
inverse_test_group_size,1001,teacher,,A_calibrated_RF_KD_teacher,3,Normal,0.9984343322828639,0.9986748850563174,0.9985545941822416,49807.00000000006
inverse_test_group_size,1001,teacher,,A_calibrated_RF_KD_teacher,4,TDMA,0.9967880085653105,0.9423076923076923,0.9687825182101977,988.0
pure_group_representative,1001,teacher,,A_calibrated_RF_KD_teacher,0,Blackhole,0.9871541501976284,0.9842364532019704,0.9856931425752343,1015.0
pure_group_representative,1001,teacher,,A_calibrated_RF_KD_teacher,1,Flooding,0.9308300395256917,0.9936708860759493,0.9612244897959183,474.0
pure_group_representative,1001,teacher,,A_calibrated_RF_KD_teacher,2,Grayhole,0.976878612716763,0.9835978835978836,0.980226733456367,1890.0
pure_group_representative,1001,teacher,,A_calibrated_RF_KD_teacher,3,Normal,0.9984343322828639,0.9986748850563174,0.9985545941822416,49807.0
pure_group_representative,1001,teacher,,A_calibrated_RF_KD_teacher,4,TDMA,0.9967880085653105,0.9423076923076923,0.9687825182101977,988.0
row_level,1001,teacher,,B_Full_MLP,0,Blackhole,0.7941787941787942,0.9610062893081761,0.8696642003414912,1590.0
row_level,1001,teacher,,B_Full_MLP,1,Flooding,0.8850987432675045,0.9959595959595959,0.9372623574144486,495.0
row_level,1001,teacher,,B_Full_MLP,2,Grayhole,0.9221462388216728,0.8157282456956724,0.865679012345679,2149.0
row_level,1001,teacher,,B_Full_MLP,3,Normal,0.9988608688820803,0.9958488349324457,0.9973525778047967,51070.0
row_level,1001,teacher,,B_Full_MLP,4,TDMA,0.938185443668993,0.9438314944834504,0.941,997.0
inverse_test_group_size,1001,teacher,,B_Full_MLP,0,Blackhole,0.7674050632911406,0.9556650246305421,0.8512505484861791,1014.9999999999998
inverse_test_group_size,1001,teacher,,B_Full_MLP,1,Flooding,0.8822429906542056,0.9957805907172996,0.9355797819623389,474.0
inverse_test_group_size,1001,teacher,,B_Full_MLP,2,Grayhole,0.9262913522925134,0.844444444444444,0.8834763354553001,1890.0000000000002
inverse_test_group_size,1001,teacher,,B_Full_MLP,3,Normal,0.9988320815126558,0.995904190174072,0.9973659870511119,49807.00000000006
inverse_test_group_size,1001,teacher,,B_Full_MLP,4,TDMA,0.9404641775983855,0.9433198380566802,0.94188984335523,988.0
pure_group_representative,1001,teacher,,B_Full_MLP,0,Blackhole,0.7674050632911392,0.9556650246305419,0.8512505484861781,1015.0
pure_group_representative,1001,teacher,,B_Full_MLP,1,Flooding,0.8822429906542056,0.9957805907172996,0.9355797819623389,474.0
pure_group_representative,1001,teacher,,B_Full_MLP,2,Grayhole,0.926291352292513,0.8444444444444444,0.8834763354553004,1890.0
pure_group_representative,1001,teacher,,B_Full_MLP,3,Normal,0.9988320815126558,0.995904190174072,0.9973659870511119,49807.0
pure_group_representative,1001,teacher,,B_Full_MLP,4,TDMA,0.9404641775983855,0.9433198380566802,0.94188984335523,988.0
row_level,1001,teacher,,C_CL_MLP_loss_fair,0,Blackhole,0.7977900552486188,0.9081761006289308,0.8494117647058823,1590.0
row_level,1001,teacher,,C_CL_MLP_loss_fair,1,Flooding,0.8697183098591549,0.997979797979798,0.929444967074318,495.0
row_level,1001,teacher,,C_CL_MLP_loss_fair,2,Grayhole,0.8827313211281543,0.8301535597952536,0.8556354916067146,2149.0
row_level,1001,teacher,,C_CL_MLP_loss_fair,3,Normal,0.9988803111556368,0.9956921871940474,0.9972837012267473,51070.0
row_level,1001,teacher,,C_CL_MLP_loss_fair,4,TDMA,0.9447236180904522,0.9428284854563691,0.9437751004016064,997.0
inverse_test_group_size,1001,teacher,,C_CL_MLP_loss_fair,0,Blackhole,0.75713121434393,0.9152709359605908,0.8287243532560223,1014.9999999999998
inverse_test_group_size,1001,teacher,,C_CL_MLP_loss_fair,1,Flooding,0.8678899082568807,0.9978902953586498,0.9283611383709519,474.0
inverse_test_group_size,1001,teacher,,C_CL_MLP_loss_fair,2,Grayhole,0.9020385050962623,0.8428571428571426,0.8714442013129099,1890.0000000000002
inverse_test_group_size,1001,teacher,,C_CL_MLP_loss_fair,3,Normal,0.9988520099895271,0.9957435701808983,0.9972953679405584,49807.00000000006
inverse_test_group_size,1001,teacher,,C_CL_MLP_loss_fair,4,TDMA,0.9461382113821138,0.9423076923076923,0.9442190669371197,988.0
pure_group_representative,1001,teacher,,C_CL_MLP_loss_fair,0,Blackhole,0.7571312143439283,0.9152709359605912,0.8287243532560215,1015.0
pure_group_representative,1001,teacher,,C_CL_MLP_loss_fair,1,Flooding,0.8678899082568807,0.9978902953586498,0.9283611383709519,474.0
pure_group_representative,1001,teacher,,C_CL_MLP_loss_fair,2,Grayhole,0.9020385050962627,0.8428571428571429,0.8714442013129103,1890.0
pure_group_representative,1001,teacher,,C_CL_MLP_loss_fair,3,Normal,0.9988520099895271,0.9957435701808983,0.9972953679405584,49807.0
pure_group_representative,1001,teacher,,C_CL_MLP_loss_fair,4,TDMA,0.9461382113821138,0.9423076923076923,0.9442190669371197,988.0
row_level,1001,teacher,,C_CL_MLP_loss_ext,0,Blackhole,0.7904616945712836,0.979874213836478,0.875035102499298,1590.0
row_level,1001,teacher,,C_CL_MLP_loss_ext,1,Flooding,0.8725663716814159,0.9959595959595959,0.930188679245283,495.0
row_level,1001,teacher,,C_CL_MLP_loss_ext,2,Grayhole,0.9353448275862069,0.8078175895765473,0.866916354556804,2149.0
row_level,1001,teacher,,C_CL_MLP_loss_ext,3,Normal,0.9988413652252465,0.9959467397689445,0.9973919523099851,51070.0
row_level,1001,teacher,,C_CL_MLP_loss_ext,4,TDMA,0.9523809523809523,0.9428284854563691,0.9475806451612904,997.0
inverse_test_group_size,1001,teacher,,C_CL_MLP_loss_ext,0,Blackhole,0.760802469135804,0.9714285714285713,0.8533102553007365,1014.9999999999998
inverse_test_group_size,1001,teacher,,C_CL_MLP_loss_ext,1,Flooding,0.8708487084870848,0.9957805907172996,0.9291338582677166,474.0
inverse_test_group_size,1001,teacher,,C_CL_MLP_loss_ext,2,Grayhole,0.9332545776727703,0.8359788359788356,0.8819425062796538,1890.0000000000002
inverse_test_group_size,1001,teacher,,C_CL_MLP_loss_ext,3,Normal,0.9988120885094731,0.9960045776698054,0.9974063574401351,49807.00000000006
inverse_test_group_size,1001,teacher,,C_CL_MLP_loss_ext,4,TDMA,0.9538934426229508,0.9423076923076923,0.9480651731160896,988.0
pure_group_representative,1001,teacher,,C_CL_MLP_loss_ext,0,Blackhole,0.7608024691358025,0.9714285714285714,0.8533102553007356,1015.0
pure_group_representative,1001,teacher,,C_CL_MLP_loss_ext,1,Flooding,0.8708487084870848,0.9957805907172996,0.9291338582677166,474.0
pure_group_representative,1001,teacher,,C_CL_MLP_loss_ext,2,Grayhole,0.9332545776727702,0.8359788359788359,0.8819425062796539,1890.0
pure_group_representative,1001,teacher,,C_CL_MLP_loss_ext,3,Normal,0.9988120885094731,0.9960045776698054,0.9974063574401351,49807.0
pure_group_representative,1001,teacher,,C_CL_MLP_loss_ext,4,TDMA,0.9538934426229508,0.9423076923076923,0.9480651731160896,988.0
row_level,1001,teacher,,C2_CL_MLP_domain,0,Blackhole,0.8023127753303965,0.9163522012578617,0.8555490311215502,1590.0
row_level,1001,teacher,,C2_CL_MLP_domain,1,Flooding,0.8850987432675045,0.9959595959595959,0.9372623574144486,495.0
row_level,1001,teacher,,C2_CL_MLP_domain,2,Grayhole,0.8852621167161226,0.8329455560725919,0.8583073603452409,2149.0
row_level,1001,teacher,,C2_CL_MLP_domain,3,Normal,0.9988608017598649,0.9957900920305464,0.9973230832589746,51070.0
row_level,1001,teacher,,C2_CL_MLP_domain,4,TDMA,0.9476334340382678,0.9438314944834504,0.9457286432160804,997.0
inverse_test_group_size,1001,teacher,,C2_CL_MLP_domain,0,Blackhole,0.765188834154353,0.9182266009852215,0.8347514554411115,1014.9999999999998
inverse_test_group_size,1001,teacher,,C2_CL_MLP_domain,1,Flooding,0.8822429906542056,0.9957805907172996,0.9355797819623389,474.0
inverse_test_group_size,1001,teacher,,C2_CL_MLP_domain,2,Grayhole,0.9001122334455663,0.8486772486772484,0.873638344226579,1890.0000000000002
inverse_test_group_size,1001,teacher,,C2_CL_MLP_domain,3,Normal,0.9988319874337959,0.9958238801774851,0.9973256655674415,49807.00000000006
inverse_test_group_size,1001,teacher,,C2_CL_MLP_domain,4,TDMA,0.9490835030549898,0.9433198380566802,0.9461928934010152,988.0
pure_group_representative,1001,teacher,,C2_CL_MLP_domain,0,Blackhole,0.7651888341543513,0.9182266009852217,0.8347514554411106,1015.0
pure_group_representative,1001,teacher,,C2_CL_MLP_domain,1,Flooding,0.8822429906542056,0.9957805907172996,0.9355797819623389,474.0
pure_group_representative,1001,teacher,,C2_CL_MLP_domain,2,Grayhole,0.9001122334455668,0.8486772486772487,0.8736383442265795,1890.0
pure_group_representative,1001,teacher,,C2_CL_MLP_domain,3,Normal,0.9988319874337959,0.9958238801774851,0.9973256655674415,49807.0
pure_group_representative,1001,teacher,,C2_CL_MLP_domain,4,TDMA,0.9490835030549898,0.9433198380566802,0.9461928934010152,988.0
row_level,1001,teacher,,G_random_pacing_teacher,0,Blackhole,0.7988505747126436,0.9616352201257862,0.872716894977169,1590.0
row_level,1001,teacher,,G_random_pacing_teacher,1,Flooding,0.8681898066783831,0.997979797979798,0.9285714285714286,495.0
row_level,1001,teacher,,G_random_pacing_teacher,2,Grayhole,0.9211899791231732,0.821312238250349,0.8683886838868389,2149.0
row_level,1001,teacher,,G_random_pacing_teacher,3,Normal,0.9988609359963864,0.995907577834345,0.9973820706154586,51070.0
row_level,1001,teacher,,G_random_pacing_teacher,4,TDMA,0.9572736520854527,0.9438314944834504,0.9505050505050505,997.0
inverse_test_group_size,1001,teacher,,G_random_pacing_teacher,0,Blackhole,0.7647521636506701,0.9576354679802955,0.8503937007874024,1014.9999999999998
inverse_test_group_size,1001,teacher,,G_random_pacing_teacher,1,Flooding,0.8663003663003663,0.9978902953586498,0.9274509803921569,474.0
inverse_test_group_size,1001,teacher,,G_random_pacing_teacher,2,Grayhole,0.9250435793143523,0.842328042328042,0.8817502076986984,1890.0000000000002
inverse_test_group_size,1001,teacher,,G_random_pacing_teacher,3,Normal,0.9988321520618557,0.9959644226715121,0.997396226035729,49807.00000000006
inverse_test_group_size,1001,teacher,,G_random_pacing_teacher,4,TDMA,0.9588477366255144,0.9433198380566802,0.9510204081632653,988.0
pure_group_representative,1001,teacher,,G_random_pacing_teacher,0,Blackhole,0.7647521636506688,0.9576354679802955,0.8503937007874016,1015.0
pure_group_representative,1001,teacher,,G_random_pacing_teacher,1,Flooding,0.8663003663003663,0.9978902953586498,0.9274509803921569,474.0
pure_group_representative,1001,teacher,,G_random_pacing_teacher,2,Grayhole,0.9250435793143521,0.8423280423280424,0.8817502076986984,1890.0
pure_group_representative,1001,teacher,,G_random_pacing_teacher,3,Normal,0.9988321520618557,0.9959644226715121,0.997396226035729,49807.0
pure_group_representative,1001,teacher,,G_random_pacing_teacher,4,TDMA,0.9588477366255144,0.9433198380566802,0.9510204081632653,988.0
row_level,1001,teacher,,I_SMOTE_MLP_teacher,0,Blackhole,0.9157270029673591,0.970440251572327,0.9422900763358779,1590.0
row_level,1001,teacher,,I_SMOTE_MLP_teacher,1,Flooding,0.8931159420289855,0.9959595959595959,0.941738299904489,495.0
row_level,1001,teacher,,I_SMOTE_MLP_teacher,2,Grayhole,0.9352283317800559,0.9339227547696604,0.9345750873108265,2149.0
row_level,1001,teacher,,I_SMOTE_MLP_teacher,3,Normal,0.9988411148867632,0.9957313491286469,0.9972838077681137,51070.0
row_level,1001,teacher,,I_SMOTE_MLP_teacher,4,TDMA,0.9344587884806356,0.9438314944834504,0.9391217564870259,997.0
inverse_test_group_size,1001,teacher,,I_SMOTE_MLP_teacher,0,Blackhole,0.9063948100092689,0.9635467980295567,0.934097421203439,1014.9999999999998
inverse_test_group_size,1001,teacher,,I_SMOTE_MLP_teacher,1,Flooding,0.8888888888888888,0.9957805907172996,0.9393034825870646,474.0
inverse_test_group_size,1001,teacher,,I_SMOTE_MLP_teacher,2,Grayhole,0.9346917450365725,0.9465608465608462,0.940588853838065,1890.0000000000002
inverse_test_group_size,1001,teacher,,I_SMOTE_MLP_teacher,3,Normal,0.998811801429866,0.995763647680045,0.9972853954273994,49807.00000000006
inverse_test_group_size,1001,teacher,,I_SMOTE_MLP_teacher,4,TDMA,0.9366834170854271,0.9433198380566802,0.9399899142713061,988.0
pure_group_representative,1001,teacher,,I_SMOTE_MLP_teacher,0,Blackhole,0.9063948100092678,0.9635467980295567,0.9340974212034384,1015.0
pure_group_representative,1001,teacher,,I_SMOTE_MLP_teacher,1,Flooding,0.8888888888888888,0.9957805907172996,0.9393034825870646,474.0
pure_group_representative,1001,teacher,,I_SMOTE_MLP_teacher,2,Grayhole,0.9346917450365726,0.9465608465608466,0.9405888538380652,1890.0
pure_group_representative,1001,teacher,,I_SMOTE_MLP_teacher,3,Normal,0.998811801429866,0.995763647680045,0.9972853954273994,49807.0
pure_group_representative,1001,teacher,,I_SMOTE_MLP_teacher,4,TDMA,0.9366834170854271,0.9433198380566802,0.9399899142713061,988.0
row_level,1001,student,student_A,D_Small_MLP,0,Blackhole,0.8233650083845724,0.9264150943396227,0.8718555785735425,1590.0
row_level,1001,student,student_A,D_Small_MLP,1,Flooding,0.8636363636363636,0.997979797979798,0.9259606373008434,495.0
row_level,1001,student,student_A,D_Small_MLP,2,Grayhole,0.8953545232273838,0.8520241973010703,0.8731521220791607,2149.0
row_level,1001,student,student_A,D_Small_MLP,3,Normal,0.9988600404882172,0.9951243391423537,0.9969886904236432,51070.0
row_level,1001,student,student_A,D_Small_MLP,4,TDMA,0.9261811023622047,0.9438314944834504,0.934923000496771,997.0
inverse_test_group_size,1001,student,student_A,D_Small_MLP,0,Blackhole,0.78481012658228,0.9162561576354679,0.8454545454545462,1014.9999999999998
inverse_test_group_size,1001,student,student_A,D_Small_MLP,1,Flooding,0.86,0.9978902953586498,0.923828125,474.0
inverse_test_group_size,1001,student,student_A,D_Small_MLP,2,Grayhole,0.9017660044150116,0.8645502645502643,0.882766072393301,1890.0000000000002
inverse_test_group_size,1001,student,student_A,D_Small_MLP,3,Normal,0.9988514085358482,0.9952215552030839,0.9970331781199401,49807.00000000006
inverse_test_group_size,1001,student,student_A,D_Small_MLP,4,TDMA,0.9310689310689311,0.9433198380566802,0.9371543489190548,988.0
pure_group_representative,1001,student,student_A,D_Small_MLP,0,Blackhole,0.7848101265822784,0.916256157635468,0.8454545454545455,1015.0
pure_group_representative,1001,student,student_A,D_Small_MLP,1,Flooding,0.86,0.9978902953586498,0.923828125,474.0
pure_group_representative,1001,student,student_A,D_Small_MLP,2,Grayhole,0.9017660044150111,0.8645502645502645,0.882766072393301,1890.0
pure_group_representative,1001,student,student_A,D_Small_MLP,3,Normal,0.9988514085358482,0.9952215552030839,0.9970331781199401,49807.0
pure_group_representative,1001,student,student_A,D_Small_MLP,4,TDMA,0.9310689310689311,0.9433198380566802,0.9371543489190548,988.0
row_level,1001,student,student_A,E_KD_from_RF,0,Blackhole,0.7954415954415954,0.8779874213836478,0.8346786248131539,1590.0
row_level,1001,student,student_A,E_KD_from_RF,1,Flooding,0.8929219600725953,0.9939393939393939,0.9407265774378585,495.0
row_level,1001,student,student_A,E_KD_from_RF,2,Grayhole,0.8756756756756757,0.8292228943694742,0.8518164435946463,2149.0
row_level,1001,student,student_A,E_KD_from_RF,3,Normal,0.9986667712336287,0.9973761503818288,0.9980210435566353,51070.0
row_level,1001,student,student_A,E_KD_from_RF,4,TDMA,0.9832635983263598,0.9428284854563691,0.9626216077828981,997.0
inverse_test_group_size,1001,student,student_A,E_KD_from_RF,0,Blackhole,0.7560771165129939,0.8886699507389161,0.8170289855072471,1014.9999999999998
inverse_test_group_size,1001,student,student_A,E_KD_from_RF,1,Flooding,0.8886792452830189,0.9936708860759493,0.9382470119521913,474.0
inverse_test_group_size,1001,student,student_A,E_KD_from_RF,2,Grayhole,0.9040318001135714,0.8423280423280424,0.8720898384004381,1890.0000000000002
inverse_test_group_size,1001,student,student_A,E_KD_from_RF,3,Normal,0.9986530768148282,0.9973698476117815,0.9980110497237569,49807.00000000006
inverse_test_group_size,1001,student,student_A,E_KD_from_RF,4,TDMA,0.9831045406546991,0.9423076923076923,0.9622739018087856,988.0
pure_group_representative,1001,student,student_A,E_KD_from_RF,0,Blackhole,0.7560771165129925,0.8886699507389163,0.8170289855072463,1015.0
pure_group_representative,1001,student,student_A,E_KD_from_RF,1,Flooding,0.8886792452830189,0.9936708860759493,0.9382470119521913,474.0
pure_group_representative,1001,student,student_A,E_KD_from_RF,2,Grayhole,0.9040318001135719,0.8423280423280424,0.8720898384004382,1890.0
pure_group_representative,1001,student,student_A,E_KD_from_RF,3,Normal,0.9986530768148282,0.9973698476117815,0.9980110497237569,49807.0
pure_group_representative,1001,student,student_A,E_KD_from_RF,4,TDMA,0.9831045406546991,0.9423076923076923,0.9622739018087856,988.0
row_level,1001,student,student_A,E2_KD_from_MLP,0,Blackhole,0.8191068400226117,0.9113207547169812,0.8627567728490623,1590.0
row_level,1001,student,student_A,E2_KD_from_MLP,1,Flooding,0.8866906474820144,0.9959595959595959,0.9381541389153187,495.0
row_level,1001,student,student_A,E2_KD_from_MLP,2,Grayhole,0.8870029097963142,0.8510935318752908,0.8686772738066968,2149.0
row_level,1001,student,student_A,E2_KD_from_MLP,3,Normal,0.9988607122512719,0.9957117681613472,0.9972837544984752,51070.0
row_level,1001,student,student_A,E2_KD_from_MLP,4,TDMA,0.936318407960199,0.9438314944834504,0.9400599400599401,997.0
inverse_test_group_size,1001,student,student_A,E2_KD_from_MLP,0,Blackhole,0.7829059829059845,0.9024630541871922,0.8384439359267744,1014.9999999999998
inverse_test_group_size,1001,student,student_A,E2_KD_from_MLP,1,Flooding,0.8822429906542056,0.9957805907172996,0.9355797819623389,474.0
inverse_test_group_size,1001,student,student_A,E2_KD_from_MLP,2,Grayhole,0.8974218321448163,0.8656084656084654,0.8812281174252624,1890.0000000000002
inverse_test_group_size,1001,student,student_A,E2_KD_from_MLP,3,Normal,0.9988318698139048,0.9957234926817515,0.9972752591520124,49807.00000000006
inverse_test_group_size,1001,student,student_A,E2_KD_from_MLP,4,TDMA,0.937625754527163,0.9433198380566802,0.9404641775983855,988.0
pure_group_representative,1001,student,student_A,E2_KD_from_MLP,0,Blackhole,0.7829059829059829,0.9024630541871921,0.8384439359267735,1015.0
pure_group_representative,1001,student,student_A,E2_KD_from_MLP,1,Flooding,0.8822429906542056,0.9957805907172996,0.9355797819623389,474.0
pure_group_representative,1001,student,student_A,E2_KD_from_MLP,2,Grayhole,0.8974218321448162,0.8656084656084656,0.8812281174252626,1890.0
pure_group_representative,1001,student,student_A,E2_KD_from_MLP,3,Normal,0.9988318698139048,0.9957234926817515,0.9972752591520124,49807.0
pure_group_representative,1001,student,student_A,E2_KD_from_MLP,4,TDMA,0.937625754527163,0.9433198380566802,0.9404641775983855,988.0
row_level,1001,student,student_A,F_KD_from_CL_MLP_fair,0,Blackhole,0.8049482163406214,0.879874213836478,0.8407451923076923,1590.0
row_level,1001,student,student_A,F_KD_from_CL_MLP_fair,1,Flooding,0.8850987432675045,0.9959595959595959,0.9372623574144486,495.0
row_level,1001,student,student_A,F_KD_from_CL_MLP_fair,2,Grayhole,0.8661567877629063,0.8431828757561657,0.8545154444706438,2149.0
row_level,1001,student,student_A,F_KD_from_CL_MLP_fair,3,Normal,0.9988608241348156,0.9958096729978461,0.9973329149670537,51070.0
row_level,1001,student,student_A,F_KD_from_CL_MLP_fair,4,TDMA,0.94,0.9428284854563691,0.9414121181772659,997.0
inverse_test_group_size,1001,student,student_A,F_KD_from_CL_MLP_fair,0,Blackhole,0.7683134582623526,0.8886699507389163,0.8241206030150763,1014.9999999999998
inverse_test_group_size,1001,student,student_A,F_KD_from_CL_MLP_fair,1,Flooding,0.8822429906542056,0.9957805907172996,0.9355797819623389,474.0
inverse_test_group_size,1001,student,student_A,F_KD_from_CL_MLP_fair,2,Grayhole,0.891089108910891,0.857142857142857,0.8737864077669902,1890.0000000000002
inverse_test_group_size,1001,student,student_A,F_KD_from_CL_MLP_fair,3,Normal,0.9988320109549317,0.9958439576766318,0.9973357462423968,49807.00000000006
inverse_test_group_size,1001,student,student_A,F_KD_from_CL_MLP_fair,4,TDMA,0.9413549039433772,0.9423076923076923,0.9418310571573091,988.0
pure_group_representative,1001,student,student_A,F_KD_from_CL_MLP_fair,0,Blackhole,0.768313458262351,0.8886699507389163,0.8241206030150754,1015.0
pure_group_representative,1001,student,student_A,F_KD_from_CL_MLP_fair,1,Flooding,0.8822429906542056,0.9957805907172996,0.9355797819623389,474.0
pure_group_representative,1001,student,student_A,F_KD_from_CL_MLP_fair,2,Grayhole,0.8910891089108911,0.8571428571428571,0.8737864077669902,1890.0
pure_group_representative,1001,student,student_A,F_KD_from_CL_MLP_fair,3,Normal,0.9988320109549317,0.9958439576766318,0.9973357462423968,49807.0
pure_group_representative,1001,student,student_A,F_KD_from_CL_MLP_fair,4,TDMA,0.9413549039433772,0.9423076923076923,0.9418310571573091,988.0
row_level,1001,student,student_A,F_KD_from_CL_MLP_ext,0,Blackhole,0.7647058823529411,0.9238993710691824,0.8367986328681287,1590.0
row_level,1001,student,student_A,F_KD_from_CL_MLP_ext,1,Flooding,0.8850987432675045,0.9959595959595959,0.9372623574144486,495.0
row_level,1001,student,student_A,F_KD_from_CL_MLP_ext,2,Grayhole,0.8880753138075314,0.790134946486738,0.8362472297463679,2149.0
row_level,1001,student,student_A,F_KD_from_CL_MLP_ext,3,Normal,0.998861137291863,0.996083806540043,0.9974705386380125,51070.0
row_level,1001,student,student_A,F_KD_from_CL_MLP_ext,4,TDMA,0.9552390640895219,0.9418254764292878,0.9484848484848485,997.0
inverse_test_group_size,1001,student,student_A,F_KD_from_CL_MLP_ext,0,Blackhole,0.7326578332034301,0.9261083743842363,0.8181026979982597,1014.9999999999998
inverse_test_group_size,1001,student,student_A,F_KD_from_CL_MLP_ext,1,Flooding,0.8822429906542056,0.9957805907172996,0.9355797819623389,474.0
inverse_test_group_size,1001,student,student_A,F_KD_from_CL_MLP_ext,2,Grayhole,0.9042056074766356,0.8190476190476186,0.8595224875069404,1890.0000000000002
inverse_test_group_size,1001,student,student_A,F_KD_from_CL_MLP_ext,3,Normal,0.9988323401513931,0.9961250426646857,0.9974768544114838,49807.00000000006
inverse_test_group_size,1001,student,student_A,F_KD_from_CL_MLP_ext,4,TDMA,0.9567901234567902,0.9412955465587044,0.9489795918367347,988.0
pure_group_representative,1001,student,student_A,F_KD_from_CL_MLP_ext,0,Blackhole,0.7326578332034295,0.9261083743842364,0.8181026979982594,1015.0
pure_group_representative,1001,student,student_A,F_KD_from_CL_MLP_ext,1,Flooding,0.8822429906542056,0.9957805907172996,0.9355797819623389,474.0
pure_group_representative,1001,student,student_A,F_KD_from_CL_MLP_ext,2,Grayhole,0.9042056074766355,0.819047619047619,0.8595224875069406,1890.0
pure_group_representative,1001,student,student_A,F_KD_from_CL_MLP_ext,3,Normal,0.9988323401513931,0.9961250426646857,0.9974768544114838,49807.0
pure_group_representative,1001,student,student_A,F_KD_from_CL_MLP_ext,4,TDMA,0.9567901234567902,0.9412955465587044,0.9489795918367347,988.0
row_level,1001,student,student_A,G_KD_random_pacing,0,Blackhole,0.8103254769921436,0.9081761006289308,0.8564650059311981,1590.0
row_level,1001,student,student_A,G_KD_random_pacing,1,Flooding,0.8850987432675045,0.9959595959595959,0.9372623574144486,495.0
row_level,1001,student,student_A,G_KD_random_pacing,2,Grayhole,0.879553181155901,0.842717543043276,0.8607414448669202,2149.0
row_level,1001,student,student_A,G_KD_random_pacing,3,Normal,0.9988607793840352,0.9957705110632465,0.9973132513580828,51070.0
row_level,1001,student,student_A,G_KD_random_pacing,4,TDMA,0.9495459132189707,0.9438314944834504,0.9466800804828974,997.0
inverse_test_group_size,1001,student,student_A,G_KD_random_pacing,0,Blackhole,0.7811447811447826,0.9142857142857146,0.8424875170222433,1014.9999999999998
inverse_test_group_size,1001,student,student_A,G_KD_random_pacing,1,Flooding,0.8822429906542056,0.9957805907172996,0.9355797819623389,474.0
inverse_test_group_size,1001,student,student_A,G_KD_random_pacing,2,Grayhole,0.8980716253443531,0.8624338624338621,0.8798920377867747,1890.0000000000002
inverse_test_group_size,1001,student,student_A,G_KD_random_pacing,3,Normal,0.9988319639117126,0.9958038026783383,0.9973155846897841,49807.00000000006
inverse_test_group_size,1001,student,student_A,G_KD_random_pacing,4,TDMA,0.9510204081632653,0.9433198380566802,0.9471544715447154,988.0
pure_group_representative,1001,student,student_A,G_KD_random_pacing,0,Blackhole,0.7811447811447811,0.9142857142857143,0.8424875170222424,1015.0
pure_group_representative,1001,student,student_A,G_KD_random_pacing,1,Flooding,0.8822429906542056,0.9957805907172996,0.9355797819623389,474.0
pure_group_representative,1001,student,student_A,G_KD_random_pacing,2,Grayhole,0.8980716253443526,0.8624338624338624,0.8798920377867746,1890.0
pure_group_representative,1001,student,student_A,G_KD_random_pacing,3,Normal,0.9988319639117126,0.9958038026783383,0.9973155846897841,49807.0
pure_group_representative,1001,student,student_A,G_KD_random_pacing,4,TDMA,0.9510204081632653,0.9433198380566802,0.9471544715447154,988.0
row_level,1001,student,student_A,I_KD_from_SMOTE_MLP,0,Blackhole,0.8061879743140689,0.8685534591194969,0.836209506509234,1590.0
row_level,1001,student,student_A,I_KD_from_SMOTE_MLP,1,Flooding,0.891500904159132,0.9959595959595959,0.9408396946564885,495.0
row_level,1001,student,student_A,I_KD_from_SMOTE_MLP,2,Grayhole,0.8595080416272469,0.8455095393206142,0.8524513253577293,2149.0
row_level,1001,student,student_A,I_KD_from_SMOTE_MLP,3,Normal,0.9988608465088874,0.9958292539651459,0.9973427464823258,51070.0
row_level,1001,student,student_A,I_KD_from_SMOTE_MLP,4,TDMA,0.9343936381709742,0.9428284854563691,0.9385921118322517,997.0
inverse_test_group_size,1001,student,student_A,I_KD_from_SMOTE_MLP,0,Blackhole,0.771673819742491,0.8857142857142862,0.8247706422018362,1014.9999999999998
inverse_test_group_size,1001,student,student_A,I_KD_from_SMOTE_MLP,1,Flooding,0.8872180451127819,0.9957805907172996,0.9383697813121272,474.0
inverse_test_group_size,1001,student,student_A,I_KD_from_SMOTE_MLP,2,Grayhole,0.8903508771929826,0.8592592592592591,0.8745288099084544,1890.0000000000002
inverse_test_group_size,1001,student,student_A,I_KD_from_SMOTE_MLP,3,Normal,0.9988320815126558,0.995904190174072,0.9973659870511119,49807.00000000006
inverse_test_group_size,1001,student,student_A,I_KD_from_SMOTE_MLP,4,TDMA,0.938508064516129,0.9423076923076923,0.9404040404040404,988.0
pure_group_representative,1001,student,student_A,I_KD_from_SMOTE_MLP,0,Blackhole,0.7716738197424893,0.8857142857142857,0.8247706422018348,1015.0
pure_group_representative,1001,student,student_A,I_KD_from_SMOTE_MLP,1,Flooding,0.8872180451127819,0.9957805907172996,0.9383697813121272,474.0
pure_group_representative,1001,student,student_A,I_KD_from_SMOTE_MLP,2,Grayhole,0.8903508771929824,0.8592592592592593,0.8745288099084545,1890.0
pure_group_representative,1001,student,student_A,I_KD_from_SMOTE_MLP,3,Normal,0.9988320815126558,0.995904190174072,0.9973659870511119,49807.0
pure_group_representative,1001,student,student_A,I_KD_from_SMOTE_MLP,4,TDMA,0.938508064516129,0.9423076923076923,0.9404040404040404,988.0
row_level,1001,student,student_A,J_CoDistill_RF_CL,0,Blackhole,0.8101193860147812,0.8962264150943396,0.851000298596596,1590.0
row_level,1001,student,student_A,J_CoDistill_RF_CL,1,Flooding,0.8931159420289855,0.9959595959595959,0.941738299904489,495.0
row_level,1001,student,student_A,J_CoDistill_RF_CL,2,Grayhole,0.885896180215475,0.8417868776174965,0.863278453829635,2149.0
row_level,1001,student,student_A,J_CoDistill_RF_CL,3,Normal,0.9987444333274479,0.9968474642647347,0.9977950471859902,51070.0
row_level,1001,student,student_A,J_CoDistill_RF_CL,4,TDMA,0.9651282051282051,0.9438314944834504,0.9543610547667343,997.0
inverse_test_group_size,1001,student,student_A,J_CoDistill_RF_CL,0,Blackhole,0.7725724020442942,0.8935960591133002,0.8286888990406585,1014.9999999999998
inverse_test_group_size,1001,student,student_A,J_CoDistill_RF_CL,1,Flooding,0.8888888888888888,0.9957805907172996,0.9393034825870646,474.0
inverse_test_group_size,1001,student,student_A,J_CoDistill_RF_CL,2,Grayhole,0.9034059184812958,0.8560846560846559,0.8791089377886445,1890.0000000000002
inverse_test_group_size,1001,student,student_A,J_CoDistill_RF_CL,3,Normal,0.9987327513376514,0.9968679101331138,0.9977994594105767,49807.00000000006
inverse_test_group_size,1001,student,student_A,J_CoDistill_RF_CL,4,TDMA,0.966804979253112,0.9433198380566802,0.9549180327868853,988.0
pure_group_representative,1001,student,student_A,J_CoDistill_RF_CL,0,Blackhole,0.772572402044293,0.8935960591133005,0.8286888990406578,1015.0
pure_group_representative,1001,student,student_A,J_CoDistill_RF_CL,1,Flooding,0.8888888888888888,0.9957805907172996,0.9393034825870646,474.0
pure_group_representative,1001,student,student_A,J_CoDistill_RF_CL,2,Grayhole,0.9034059184812954,0.8560846560846561,0.8791089377886444,1890.0
pure_group_representative,1001,student,student_A,J_CoDistill_RF_CL,3,Normal,0.9987327513376514,0.9968679101331138,0.9977994594105767,49807.0
pure_group_representative,1001,student,student_A,J_CoDistill_RF_CL,4,TDMA,0.966804979253112,0.9433198380566802,0.9549180327868853,988.0
row_level,1001,student,student_B,D_Small_MLP,0,Blackhole,0.8476297968397292,0.9446540880503145,0.8935157644259369,1590.0
row_level,1001,student,student_B,D_Small_MLP,1,Flooding,0.8710247349823321,0.9959595959595959,0.9293119698397738,495.0
row_level,1001,student,student_B,D_Small_MLP,2,Grayhole,0.9196865817825661,0.8738948348068869,0.8962061560486757,2149.0
row_level,1001,student,student_B,D_Small_MLP,3,Normal,0.9988413197172035,0.995907577834345,0.9973722914011177,51070.0
row_level,1001,student,student_B,D_Small_MLP,4,TDMA,0.9400599400599401,0.9438314944834504,0.9419419419419419,997.0
inverse_test_group_size,1001,student,student_B,D_Small_MLP,0,Blackhole,0.8185726569217561,0.9379310344827589,0.8741965105601481,1014.9999999999998
inverse_test_group_size,1001,student,student_B,D_Small_MLP,1,Flooding,0.8676470588235294,0.9957805907172996,0.9273084479371316,474.0
inverse_test_group_size,1001,student,student_B,D_Small_MLP,2,Grayhole,0.9250275633958109,0.8878306878306877,0.9060475161987043,1890.0000000000002
inverse_test_group_size,1001,student,student_B,D_Small_MLP,3,Normal,0.9988119928316855,0.9959242676732186,0.997366040012064,49807.00000000006
inverse_test_group_size,1001,student,student_B,D_Small_MLP,4,TDMA,0.9414141414141414,0.9433198380566802,0.942366026289181,988.0
pure_group_representative,1001,student,student_B,D_Small_MLP,0,Blackhole,0.8185726569217541,0.9379310344827586,0.8741965105601469,1015.0
pure_group_representative,1001,student,student_B,D_Small_MLP,1,Flooding,0.8676470588235294,0.9957805907172996,0.9273084479371316,474.0
pure_group_representative,1001,student,student_B,D_Small_MLP,2,Grayhole,0.9250275633958104,0.8878306878306879,0.906047516198704,1890.0
pure_group_representative,1001,student,student_B,D_Small_MLP,3,Normal,0.9988119928316855,0.9959242676732186,0.997366040012064,49807.0
pure_group_representative,1001,student,student_B,D_Small_MLP,4,TDMA,0.9414141414141414,0.9433198380566802,0.942366026289181,988.0
row_level,1001,student,student_B,E_KD_from_RF,0,Blackhole,0.8853182104599874,0.8836477987421384,0.8844822159269752,1590.0
row_level,1001,student,student_B,E_KD_from_RF,1,Flooding,0.8931159420289855,0.9959595959595959,0.941738299904489,495.0
row_level,1001,student,student_B,E_KD_from_RF,2,Grayhole,0.8932481751824818,0.9111214518380643,0.9020962911771481,2149.0
row_level,1001,student,student_B,E_KD_from_RF,3,Normal,0.9986864805520702,0.9974740552183278,0.9980798996845549,51070.0
row_level,1001,student,student_B,E_KD_from_RF,4,TDMA,0.9781704781704782,0.9438314944834504,0.9606942317508933,997.0
inverse_test_group_size,1001,student,student_B,E_KD_from_RF,0,Blackhole,0.8645038167938939,0.8926108374384238,0.8783325254483766,1014.9999999999998
inverse_test_group_size,1001,student,student_B,E_KD_from_RF,1,Flooding,0.8888888888888888,0.9957805907172996,0.9393034825870646,474.0
inverse_test_group_size,1001,student,student_B,E_KD_from_RF,2,Grayhole,0.9177215189873416,0.9206349206349204,0.9191759112519807,1890.0000000000002
inverse_test_group_size,1001,student,student_B,E_KD_from_RF,3,Normal,0.9986732868313667,0.997470235107515,0.9980713984370292,49807.00000000006
inverse_test_group_size,1001,student,student_B,E_KD_from_RF,4,TDMA,0.9789915966386554,0.9433198380566802,0.9608247422680413,988.0
pure_group_representative,1001,student,student_B,E_KD_from_RF,0,Blackhole,0.8645038167938931,0.8926108374384236,0.8783325254483761,1015.0
pure_group_representative,1001,student,student_B,E_KD_from_RF,1,Flooding,0.8888888888888888,0.9957805907172996,0.9393034825870646,474.0
pure_group_representative,1001,student,student_B,E_KD_from_RF,2,Grayhole,0.9177215189873418,0.9206349206349206,0.919175911251981,1890.0
pure_group_representative,1001,student,student_B,E_KD_from_RF,3,Normal,0.9986732868313667,0.997470235107515,0.9980713984370292,49807.0
pure_group_representative,1001,student,student_B,E_KD_from_RF,4,TDMA,0.9789915966386554,0.9433198380566802,0.9608247422680413,988.0
row_level,1001,student,student_B,E2_KD_from_MLP,0,Blackhole,0.8194217130387343,0.9446540880503145,0.8775927548933684,1590.0
row_level,1001,student,student_B,E2_KD_from_MLP,1,Flooding,0.891500904159132,0.9959595959595959,0.9408396946564885,495.0
row_level,1001,student,student_B,E2_KD_from_MLP,2,Grayhole,0.9094547273636818,0.845974872033504,0.8765670202507232,2149.0
row_level,1001,student,student_B,E2_KD_from_MLP,3,Normal,0.9988609807348638,0.9959467397689445,0.9974017315253306,51070.0
row_level,1001,student,student_B,E2_KD_from_MLP,4,TDMA,0.9457286432160804,0.9438314944834504,0.9447791164658634,997.0
inverse_test_group_size,1001,student,student_B,E2_KD_from_MLP,0,Blackhole,0.7956448911222798,0.9359605911330053,0.8601177003168867,1014.9999999999998
inverse_test_group_size,1001,student,student_B,E2_KD_from_MLP,1,Flooding,0.8872180451127819,0.9957805907172996,0.9383697813121272,474.0
inverse_test_group_size,1001,student,student_B,E2_KD_from_MLP,2,Grayhole,0.9144444444444448,0.8708994708994705,0.8921409214092141,1890.0000000000002
inverse_test_group_size,1001,student,student_B,E2_KD_from_MLP,3,Normal,0.9988321520618557,0.9959644226715121,0.997396226035729,49807.00000000006
inverse_test_group_size,1001,student,student_B,E2_KD_from_MLP,4,TDMA,0.9471544715447154,0.9433198380566802,0.9452332657200812,988.0
pure_group_representative,1001,student,student_B,E2_KD_from_MLP,0,Blackhole,0.7956448911222781,0.9359605911330049,0.8601177003168855,1015.0
pure_group_representative,1001,student,student_B,E2_KD_from_MLP,1,Flooding,0.8872180451127819,0.9957805907172996,0.9383697813121272,474.0
pure_group_representative,1001,student,student_B,E2_KD_from_MLP,2,Grayhole,0.9144444444444444,0.870899470899471,0.8921409214092141,1890.0
pure_group_representative,1001,student,student_B,E2_KD_from_MLP,3,Normal,0.9988321520618557,0.9959644226715121,0.997396226035729,49807.0
pure_group_representative,1001,student,student_B,E2_KD_from_MLP,4,TDMA,0.9471544715447154,0.9433198380566802,0.9452332657200812,988.0
row_level,1001,student,student_B,F_KD_from_CL_MLP_fair,0,Blackhole,0.8350857775318207,0.9490566037735849,0.8884309685016191,1590.0
row_level,1001,student,student_B,F_KD_from_CL_MLP_fair,1,Flooding,0.8850987432675045,0.9959595959595959,0.9372623574144486,495.0
row_level,1001,student,student_B,F_KD_from_CL_MLP_fair,2,Grayhole,0.914074074074074,0.8613308515588646,0.8869190225203641,2149.0
row_level,1001,student,student_B,F_KD_from_CL_MLP_fair,3,Normal,0.9988607793840352,0.9957705110632465,0.9973132513580828,51070.0
row_level,1001,student,student_B,F_KD_from_CL_MLP_fair,4,TDMA,0.941,0.9438314944834504,0.9424136204306459,997.0
inverse_test_group_size,1001,student,student_B,F_KD_from_CL_MLP_fair,0,Blackhole,0.7986688851913498,0.9458128078817737,0.8660351826792977,1014.9999999999998
inverse_test_group_size,1001,student,student_B,F_KD_from_CL_MLP_fair,1,Flooding,0.8822429906542056,0.9957805907172996,0.9355797819623389,474.0
inverse_test_group_size,1001,student,student_B,F_KD_from_CL_MLP_fair,2,Grayhole,0.9196428571428574,0.8719576719576718,0.8951656708310701,1890.0000000000002
inverse_test_group_size,1001,student,student_B,F_KD_from_CL_MLP_fair,3,Normal,0.9988319639117126,0.9958038026783383,0.9973155846897841,49807.00000000006
inverse_test_group_size,1001,student,student_B,F_KD_from_CL_MLP_fair,4,TDMA,0.942366026289181,0.9433198380566802,0.9428426909458776,988.0
pure_group_representative,1001,student,student_B,F_KD_from_CL_MLP_fair,0,Blackhole,0.7986688851913477,0.9458128078817734,0.8660351826792964,1015.0
pure_group_representative,1001,student,student_B,F_KD_from_CL_MLP_fair,1,Flooding,0.8822429906542056,0.9957805907172996,0.9355797819623389,474.0
pure_group_representative,1001,student,student_B,F_KD_from_CL_MLP_fair,2,Grayhole,0.9196428571428571,0.8719576719576719,0.8951656708310701,1890.0
pure_group_representative,1001,student,student_B,F_KD_from_CL_MLP_fair,3,Normal,0.9988319639117126,0.9958038026783383,0.9973155846897841,49807.0
pure_group_representative,1001,student,student_B,F_KD_from_CL_MLP_fair,4,TDMA,0.942366026289181,0.9433198380566802,0.9428426909458776,988.0
row_level,1001,student,student_B,F_KD_from_CL_MLP_ext,0,Blackhole,0.8471051152332771,0.9477987421383648,0.8946274859008608,1590.0
row_level,1001,student,student_B,F_KD_from_CL_MLP_ext,1,Flooding,0.8819320214669052,0.9959595959595959,0.9354838709677419,495.0
row_level,1001,student,student_B,F_KD_from_CL_MLP_ext,2,Grayhole,0.91650390625,0.8734295020939972,0.8944484155349058,2149.0
row_level,1001,student,student_B,F_KD_from_CL_MLP_ext,3,Normal,0.9988610031027847,0.9959663207362444,0.997411561691113,51070.0
row_level,1001,student,student_B,F_KD_from_CL_MLP_ext,4,TDMA,0.9476334340382678,0.9438314944834504,0.9457286432160804,997.0
inverse_test_group_size,1001,student,student_B,F_KD_from_CL_MLP_ext,0,Blackhole,0.8120748299319749,0.9408866995073896,0.8717480602464641,1014.9999999999998
inverse_test_group_size,1001,student,student_B,F_KD_from_CL_MLP_ext,1,Flooding,0.8789571694599627,0.9957805907172996,0.933728981206726,474.0
inverse_test_group_size,1001,student,student_B,F_KD_from_CL_MLP_ext,2,Grayhole,0.9205736348593496,0.883068783068783,0.9014312719416692,1890.0000000000002
inverse_test_group_size,1001,student,student_B,F_KD_from_CL_MLP_ext,3,Normal,0.9988321990899207,0.9960045776698054,0.9974163843455008,49807.00000000006
inverse_test_group_size,1001,student,student_B,F_KD_from_CL_MLP_ext,4,TDMA,0.9490835030549898,0.9433198380566802,0.9461928934010152,988.0
pure_group_representative,1001,student,student_B,F_KD_from_CL_MLP_ext,0,Blackhole,0.8120748299319728,0.9408866995073891,0.8717480602464628,1015.0
pure_group_representative,1001,student,student_B,F_KD_from_CL_MLP_ext,1,Flooding,0.8789571694599627,0.9957805907172996,0.933728981206726,474.0
pure_group_representative,1001,student,student_B,F_KD_from_CL_MLP_ext,2,Grayhole,0.9205736348593492,0.8830687830687831,0.9014312719416689,1890.0
pure_group_representative,1001,student,student_B,F_KD_from_CL_MLP_ext,3,Normal,0.9988321990899207,0.9960045776698054,0.9974163843455008,49807.0
pure_group_representative,1001,student,student_B,F_KD_from_CL_MLP_ext,4,TDMA,0.9490835030549898,0.9433198380566802,0.9461928934010152,988.0
row_level,1001,student,student_B,G_KD_random_pacing,0,Blackhole,0.8349241998877035,0.9352201257861635,0.8822307920498369,1590.0
row_level,1001,student,student_B,G_KD_random_pacing,1,Flooding,0.8694885361552028,0.9959595959595959,0.928436911487759,495.0
row_level,1001,student,student_B,G_KD_random_pacing,2,Grayhole,0.9053196681307956,0.8631921824104235,0.883754168651739,2149.0
row_level,1001,student,student_B,G_KD_random_pacing,3,Normal,0.9988608465088874,0.9958292539651459,0.9973427464823258,51070.0
row_level,1001,student,student_B,G_KD_random_pacing,4,TDMA,0.9504550050556118,0.9428284854563691,0.94662638469285,997.0
inverse_test_group_size,1001,student,student_B,G_KD_random_pacing,0,Blackhole,0.8127147766323036,0.9320197044334977,0.8682882055988992,1014.9999999999998
inverse_test_group_size,1001,student,student_B,G_KD_random_pacing,1,Flooding,0.8676470588235294,0.9957805907172996,0.9273084479371316,474.0
inverse_test_group_size,1001,student,student_B,G_KD_random_pacing,2,Grayhole,0.9146608315098472,0.8846560846560844,0.8994082840236686,1890.0000000000002
inverse_test_group_size,1001,student,student_B,G_KD_random_pacing,3,Normal,0.9988320579943617,0.9958841126749253,0.9973559069842259,49807.00000000006
inverse_test_group_size,1001,student,student_B,G_KD_random_pacing,4,TDMA,0.9519427402862985,0.9423076923076923,0.9471007121057986,988.0
pure_group_representative,1001,student,student_B,G_KD_random_pacing,0,Blackhole,0.8127147766323024,0.9320197044334976,0.8682882055988986,1015.0
pure_group_representative,1001,student,student_B,G_KD_random_pacing,1,Flooding,0.8676470588235294,0.9957805907172996,0.9273084479371316,474.0
pure_group_representative,1001,student,student_B,G_KD_random_pacing,2,Grayhole,0.9146608315098468,0.8846560846560847,0.8994082840236687,1890.0
pure_group_representative,1001,student,student_B,G_KD_random_pacing,3,Normal,0.9988320579943617,0.9958841126749252,0.9973559069842259,49807.0
pure_group_representative,1001,student,student_B,G_KD_random_pacing,4,TDMA,0.9519427402862985,0.9423076923076923,0.9471007121057986,988.0
row_level,1001,student,student_B,I_KD_from_SMOTE_MLP,0,Blackhole,0.8232044198895028,0.9371069182389937,0.8764705882352941,1590.0
row_level,1001,student,student_B,I_KD_from_SMOTE_MLP,1,Flooding,0.891500904159132,0.9959595959595959,0.9408396946564885,495.0
row_level,1001,student,student_B,I_KD_from_SMOTE_MLP,2,Grayhole,0.9072880515617253,0.8515588645881805,0.8785405664906385,2149.0
row_level,1001,student,student_B,I_KD_from_SMOTE_MLP,3,Normal,0.9988609583660644,0.9959271588016448,0.997391901166781,51070.0
row_level,1001,student,student_B,I_KD_from_SMOTE_MLP,4,TDMA,0.9400599400599401,0.9438314944834504,0.9419419419419419,997.0
inverse_test_group_size,1001,student,student_B,I_KD_from_SMOTE_MLP,0,Blackhole,0.786367414796344,0.9320197044334978,0.8530207394048703,1014.9999999999998
inverse_test_group_size,1001,student,student_B,I_KD_from_SMOTE_MLP,1,Flooding,0.8872180451127819,0.9957805907172996,0.9383697813121272,474.0
inverse_test_group_size,1001,student,student_B,I_KD_from_SMOTE_MLP,2,Grayhole,0.914893617021277,0.8645502645502643,0.8890097932535366,1890.0000000000002
inverse_test_group_size,1001,student,student_B,I_KD_from_SMOTE_MLP,3,Normal,0.9988321285464028,0.9959443451723653,0.9973861465768573,49807.00000000006
inverse_test_group_size,1001,student,student_B,I_KD_from_SMOTE_MLP,4,TDMA,0.9414141414141414,0.9433198380566802,0.942366026289181,988.0
pure_group_representative,1001,student,student_B,I_KD_from_SMOTE_MLP,0,Blackhole,0.7863674147963424,0.9320197044334976,0.8530207394048692,1015.0
pure_group_representative,1001,student,student_B,I_KD_from_SMOTE_MLP,1,Flooding,0.8872180451127819,0.9957805907172996,0.9383697813121272,474.0
pure_group_representative,1001,student,student_B,I_KD_from_SMOTE_MLP,2,Grayhole,0.9148936170212766,0.8645502645502645,0.8890097932535365,1890.0
pure_group_representative,1001,student,student_B,I_KD_from_SMOTE_MLP,3,Normal,0.9988321285464028,0.9959443451723653,0.9973861465768573,49807.0
pure_group_representative,1001,student,student_B,I_KD_from_SMOTE_MLP,4,TDMA,0.9414141414141414,0.9433198380566802,0.942366026289181,988.0
row_level,1001,student,student_B,J_CoDistill_RF_CL,0,Blackhole,0.7894736842105263,0.9433962264150944,0.8595988538681948,1590.0
row_level,1001,student,student_B,J_CoDistill_RF_CL,1,Flooding,0.891500904159132,0.9959595959595959,0.9408396946564885,495.0
row_level,1001,student,student_B,J_CoDistill_RF_CL,2,Grayhole,0.9173249078462349,0.8106095858538855,0.8606719367588933,2149.0
row_level,1001,student,student_B,J_CoDistill_RF_CL,3,Normal,0.9987248651299657,0.9968670452320345,0.9977950904012935,51070.0
row_level,1001,student,student_B,J_CoDistill_RF_CL,4,TDMA,0.9661190965092402,0.9438314944834504,0.9548452562151192,997.0
inverse_test_group_size,1001,student,student_B,J_CoDistill_RF_CL,0,Blackhole,0.7605746209098178,0.9389162561576355,0.8403880070546746,1014.9999999999998
inverse_test_group_size,1001,student,student_B,J_CoDistill_RF_CL,1,Flooding,0.8872180451127819,0.9957805907172996,0.9383697813121272,474.0
inverse_test_group_size,1001,student,student_B,J_CoDistill_RF_CL,2,Grayhole,0.9257744009351255,0.8380952380952377,0.8797556234379336,1890.0000000000002
inverse_test_group_size,1001,student,student_B,J_CoDistill_RF_CL,3,Normal,0.9987126362795189,0.9968478326339671,0.997779363149486,49807.00000000006
inverse_test_group_size,1001,student,student_B,J_CoDistill_RF_CL,4,TDMA,0.966804979253112,0.9433198380566802,0.9549180327868853,988.0
pure_group_representative,1001,student,student_B,J_CoDistill_RF_CL,0,Blackhole,0.7605746209098164,0.9389162561576355,0.8403880070546738,1015.0
pure_group_representative,1001,student,student_B,J_CoDistill_RF_CL,1,Flooding,0.8872180451127819,0.9957805907172996,0.9383697813121272,474.0
pure_group_representative,1001,student,student_B,J_CoDistill_RF_CL,2,Grayhole,0.9257744009351256,0.8380952380952381,0.8797556234379339,1890.0
pure_group_representative,1001,student,student_B,J_CoDistill_RF_CL,3,Normal,0.9987126362795189,0.9968478326339671,0.997779363149486,49807.0
pure_group_representative,1001,student,student_B,J_CoDistill_RF_CL,4,TDMA,0.966804979253112,0.9433198380566802,0.9549180327868853,988.0
row_level,2024,teacher,,A_RF_500_uncalibrated,0,Blackhole,0.9825978868862648,0.9943396226415094,0.9884338855892466,1590.0
row_level,2024,teacher,,A_RF_500_uncalibrated,1,Flooding,0.924953095684803,0.9959595959595959,0.9591439688715954,495.0
row_level,2024,teacher,,A_RF_500_uncalibrated,2,Grayhole,0.9859088774072334,0.9767333643555142,0.981299672744273,2149.0
row_level,2024,teacher,,A_RF_500_uncalibrated,3,Normal,0.9984144694344941,0.9987468180928137,0.9985806161104966,51070.0
row_level,2024,teacher,,A_RF_500_uncalibrated,4,TDMA,0.9968186638388123,0.9428284854563691,0.9690721649484536,997.0
inverse_test_group_size,2024,teacher,,A_RF_500_uncalibrated,0,Blackhole,0.9795520934761446,0.9911330049261083,0.9853085210577867,1014.9999999999998
inverse_test_group_size,2024,teacher,,A_RF_500_uncalibrated,1,Flooding,0.921875,0.9957805907172996,0.9574036511156186,474.0
inverse_test_group_size,2024,teacher,,A_RF_500_uncalibrated,2,Grayhole,0.9840340606705694,0.9783068783068782,0.9811621119660388,1890.0000000000002
inverse_test_group_size,2024,teacher,,A_RF_500_uncalibrated,3,Normal,0.9984143551041709,0.9987150400546108,0.9985646749440424,49807.00000000006
inverse_test_group_size,2024,teacher,,A_RF_500_uncalibrated,4,TDMA,0.9967880085653105,0.9423076923076923,0.9687825182101977,988.0
pure_group_representative,2024,teacher,,A_RF_500_uncalibrated,0,Blackhole,0.9795520934761441,0.9911330049261083,0.9853085210577864,1015.0
pure_group_representative,2024,teacher,,A_RF_500_uncalibrated,1,Flooding,0.921875,0.9957805907172996,0.9574036511156186,474.0
pure_group_representative,2024,teacher,,A_RF_500_uncalibrated,2,Grayhole,0.9840340606705694,0.9783068783068783,0.9811621119660388,1890.0
pure_group_representative,2024,teacher,,A_RF_500_uncalibrated,3,Normal,0.9984143551041709,0.9987150400546108,0.9985646749440424,49807.0
pure_group_representative,2024,teacher,,A_RF_500_uncalibrated,4,TDMA,0.9967880085653105,0.9423076923076923,0.9687825182101977,988.0
row_level,2024,teacher,,A_calibrated_RF_KD_teacher,0,Blackhole,0.9893081761006289,0.9893081761006289,0.9893081761006289,1590.0
row_level,2024,teacher,,A_calibrated_RF_KD_teacher,1,Flooding,0.9318181818181818,0.9939393939393939,0.9618768328445748,495.0
row_level,2024,teacher,,A_calibrated_RF_KD_teacher,2,Grayhole,0.9800278680910358,0.9818520241973011,0.9809390980939098,2149.0
row_level,2024,teacher,,A_calibrated_RF_KD_teacher,3,Normal,0.9983949578187086,0.9987663990601136,0.9985806438982371,51070.0
row_level,2024,teacher,,A_calibrated_RF_KD_teacher,4,TDMA,0.997874601487779,0.9418254764292878,0.9690402476780186,997.0
inverse_test_group_size,2024,teacher,,A_calibrated_RF_KD_teacher,0,Blackhole,0.987166831194472,0.9852216748768474,0.9861932938856017,1014.9999999999998
inverse_test_group_size,2024,teacher,,A_calibrated_RF_KD_teacher,1,Flooding,0.9289940828402367,0.9936708860759493,0.9602446483180428,474.0
inverse_test_group_size,2024,teacher,,A_calibrated_RF_KD_teacher,2,Grayhole,0.9783983140147524,0.9825396825396823,0.9804646251319956,1890.0000000000002
inverse_test_group_size,2024,teacher,,A_calibrated_RF_KD_teacher,3,Normal,0.9983943481053308,0.9987351175537575,0.9985647037568628,49807.00000000006
inverse_test_group_size,2024,teacher,,A_calibrated_RF_KD_teacher,4,TDMA,0.9978540772532188,0.9412955465587044,0.96875,988.0
pure_group_representative,2024,teacher,,A_calibrated_RF_KD_teacher,0,Blackhole,0.9871668311944719,0.9852216748768473,0.9861932938856016,1015.0
pure_group_representative,2024,teacher,,A_calibrated_RF_KD_teacher,1,Flooding,0.9289940828402367,0.9936708860759493,0.9602446483180428,474.0
pure_group_representative,2024,teacher,,A_calibrated_RF_KD_teacher,2,Grayhole,0.9783983140147524,0.9825396825396825,0.9804646251319957,1890.0
pure_group_representative,2024,teacher,,A_calibrated_RF_KD_teacher,3,Normal,0.9983943481053308,0.9987351175537575,0.9985647037568628,49807.0
pure_group_representative,2024,teacher,,A_calibrated_RF_KD_teacher,4,TDMA,0.9978540772532188,0.9412955465587044,0.96875,988.0
row_level,2024,teacher,,B_Full_MLP,0,Blackhole,0.7805372529143436,0.9685534591194969,0.8644400785854617,1590.0
row_level,2024,teacher,,B_Full_MLP,1,Flooding,0.8898916967509025,0.9959595959595959,0.9399428026692088,495.0
row_level,2024,teacher,,B_Full_MLP,2,Grayhole,0.9261057173678533,0.7989762680316427,0.8578566075443418,2149.0
row_level,2024,teacher,,B_Full_MLP,3,Normal,0.9988611596536354,0.9961033875073428,0.9974803674545829,51070.0
row_level,2024,teacher,,B_Full_MLP,4,TDMA,0.9495459132189707,0.9438314944834504,0.9466800804828974,997.0
inverse_test_group_size,2024,teacher,,B_Full_MLP,0,Blackhole,0.7490406753645447,0.9615763546798031,0.8421052631578956,1014.9999999999998
inverse_test_group_size,2024,teacher,,B_Full_MLP,1,Flooding,0.8855534709193246,0.9957805907172996,0.9374379344587885,474.0
inverse_test_group_size,2024,teacher,,B_Full_MLP,2,Grayhole,0.9276393831553976,0.8275132275132271,0.8747203579418343,1890.0000000000002
inverse_test_group_size,2024,teacher,,B_Full_MLP,3,Normal,0.9988323401513931,0.9961250426646857,0.9974768544114838,49807.00000000006
inverse_test_group_size,2024,teacher,,B_Full_MLP,4,TDMA,0.9510204081632653,0.9433198380566802,0.9471544715447154,988.0
pure_group_representative,2024,teacher,,B_Full_MLP,0,Blackhole,0.7490406753645433,0.961576354679803,0.8421052631578947,1015.0
pure_group_representative,2024,teacher,,B_Full_MLP,1,Flooding,0.8855534709193246,0.9957805907172996,0.9374379344587885,474.0
pure_group_representative,2024,teacher,,B_Full_MLP,2,Grayhole,0.9276393831553974,0.8275132275132275,0.8747203579418344,1890.0
pure_group_representative,2024,teacher,,B_Full_MLP,3,Normal,0.9988323401513931,0.9961250426646857,0.9974768544114838,49807.0
pure_group_representative,2024,teacher,,B_Full_MLP,4,TDMA,0.9510204081632653,0.9433198380566802,0.9471544715447154,988.0
row_level,2024,teacher,,C_CL_MLP_loss_fair,0,Blackhole,0.775879917184265,0.9427672955974843,0.8512208972174901,1590.0
row_level,2024,teacher,,C_CL_MLP_loss_fair,1,Flooding,0.8803571428571428,0.9959595959595959,0.9345971563981043,495.0
row_level,2024,teacher,,C_CL_MLP_loss_fair,2,Grayhole,0.8984824699110413,0.7989762680316427,0.8458128078817734,2149.0
row_level,2024,teacher,,C_CL_MLP_loss_fair,3,Normal,0.9988606898719258,0.9956921871940474,0.9972739218262763,51070.0
row_level,2024,teacher,,C_CL_MLP_loss_fair,4,TDMA,0.9505050505050505,0.9438314944834504,0.9471565173628586,997.0
inverse_test_group_size,2024,teacher,,C_CL_MLP_loss_fair,0,Blackhole,0.7413127413127428,0.9458128078817735,0.831168831168832,1014.9999999999998
inverse_test_group_size,2024,teacher,,C_CL_MLP_loss_fair,1,Flooding,0.8773234200743495,0.9957805907172996,0.932806324110672,474.0
inverse_test_group_size,2024,teacher,,C_CL_MLP_loss_fair,2,Grayhole,0.9099415204678357,0.8232804232804231,0.8644444444444441,1890.0000000000002
inverse_test_group_size,2024,teacher,,C_CL_MLP_loss_fair,3,Normal,0.9988318698139048,0.9957234926817515,0.9972752591520124,49807.00000000006
inverse_test_group_size,2024,teacher,,C_CL_MLP_loss_fair,4,TDMA,0.9519918283963228,0.9433198380566802,0.9476359938993391,988.0
pure_group_representative,2024,teacher,,C_CL_MLP_loss_fair,0,Blackhole,0.7413127413127413,0.9458128078817734,0.8311688311688312,1015.0
pure_group_representative,2024,teacher,,C_CL_MLP_loss_fair,1,Flooding,0.8773234200743495,0.9957805907172996,0.932806324110672,474.0
pure_group_representative,2024,teacher,,C_CL_MLP_loss_fair,2,Grayhole,0.9099415204678363,0.8232804232804233,0.8644444444444445,1890.0
pure_group_representative,2024,teacher,,C_CL_MLP_loss_fair,3,Normal,0.9988318698139048,0.9957234926817515,0.9972752591520124,49807.0
pure_group_representative,2024,teacher,,C_CL_MLP_loss_fair,4,TDMA,0.9519918283963228,0.9433198380566802,0.9476359938993391,988.0
row_level,2024,teacher,,C_CL_MLP_loss_ext,0,Blackhole,0.7768347478781827,0.9786163522012579,0.8661285833565265,1590.0
row_level,2024,teacher,,C_CL_MLP_loss_ext,1,Flooding,0.8710247349823321,0.9959595959595959,0.9293119698397738,495.0
row_level,2024,teacher,,C_CL_MLP_loss_ext,2,Grayhole,0.9326396495071194,0.7924616100511866,0.8568553459119497,2149.0
row_level,2024,teacher,,C_CL_MLP_loss_ext,3,Normal,0.9988607793840352,0.9957705110632465,0.9973132513580828,51070.0
row_level,2024,teacher,,C_CL_MLP_loss_ext,4,TDMA,0.9466800804828974,0.9438314944834504,0.945253641386238,997.0
inverse_test_group_size,2024,teacher,,C_CL_MLP_loss_ext,0,Blackhole,0.7448902346707051,0.9694581280788176,0.8424657534246582,1014.9999999999998
inverse_test_group_size,2024,teacher,,C_CL_MLP_loss_ext,1,Flooding,0.8692449355432781,0.9957805907172996,0.928220255653884,474.0
inverse_test_group_size,2024,teacher,,C_CL_MLP_loss_ext,2,Grayhole,0.9305389221556887,0.8222222222222216,0.8730337078651682,1890.0000000000002
inverse_test_group_size,2024,teacher,,C_CL_MLP_loss_ext,3,Normal,0.9988319874337959,0.9958238801774851,0.9973256655674415,49807.00000000006
inverse_test_group_size,2024,teacher,,C_CL_MLP_loss_ext,4,TDMA,0.948118006103764,0.9433198380566802,0.945712836123795,988.0
pure_group_representative,2024,teacher,,C_CL_MLP_loss_ext,0,Blackhole,0.744890234670704,0.9694581280788177,0.8424657534246576,1015.0
pure_group_representative,2024,teacher,,C_CL_MLP_loss_ext,1,Flooding,0.8692449355432781,0.9957805907172996,0.928220255653884,474.0
pure_group_representative,2024,teacher,,C_CL_MLP_loss_ext,2,Grayhole,0.9305389221556887,0.8222222222222222,0.8730337078651685,1890.0
pure_group_representative,2024,teacher,,C_CL_MLP_loss_ext,3,Normal,0.9988319874337959,0.9958238801774851,0.9973256655674415,49807.0
pure_group_representative,2024,teacher,,C_CL_MLP_loss_ext,4,TDMA,0.948118006103764,0.9433198380566802,0.945712836123795,988.0
row_level,2024,teacher,,C2_CL_MLP_domain,0,Blackhole,0.7584830339321357,0.9559748427672956,0.8458542014468559,1590.0
row_level,2024,teacher,,C2_CL_MLP_domain,1,Flooding,0.8787878787878788,0.9959595959595959,0.9337121212121212,495.0
row_level,2024,teacher,,C2_CL_MLP_domain,2,Grayhole,0.9093886462882096,0.7752442996742671,0.836975634262748,2149.0
row_level,2024,teacher,,C2_CL_MLP_domain,3,Normal,0.9988411831716227,0.9957900920305464,0.9973133040476938,51070.0
row_level,2024,teacher,,C2_CL_MLP_domain,4,TDMA,0.9505050505050505,0.9438314944834504,0.9471565173628586,997.0
inverse_test_group_size,2024,teacher,,C2_CL_MLP_domain,0,Blackhole,0.7262443438914039,0.9487684729064043,0.8227253310551056,1014.9999999999998
inverse_test_group_size,2024,teacher,,C2_CL_MLP_domain,1,Flooding,0.87569573283859,0.9957805907172996,0.9318854886475815,474.0
inverse_test_group_size,2024,teacher,,C2_CL_MLP_domain,2,Grayhole,0.9138755980861247,0.8084656084656079,0.8579449747332957,1890.0000000000002
inverse_test_group_size,2024,teacher,,C2_CL_MLP_domain,3,Normal,0.9988118732127754,0.9958238801774851,0.9973156386668678,49807.00000000006
inverse_test_group_size,2024,teacher,,C2_CL_MLP_domain,4,TDMA,0.9519918283963228,0.9433198380566802,0.9476359938993391,988.0
pure_group_representative,2024,teacher,,C2_CL_MLP_domain,0,Blackhole,0.7262443438914027,0.948768472906404,0.8227253310551047,1015.0
pure_group_representative,2024,teacher,,C2_CL_MLP_domain,1,Flooding,0.87569573283859,0.9957805907172996,0.9318854886475815,474.0
pure_group_representative,2024,teacher,,C2_CL_MLP_domain,2,Grayhole,0.9138755980861244,0.8084656084656084,0.8579449747332959,1890.0
pure_group_representative,2024,teacher,,C2_CL_MLP_domain,3,Normal,0.9988118732127754,0.9958238801774851,0.9973156386668678,49807.0
pure_group_representative,2024,teacher,,C2_CL_MLP_domain,4,TDMA,0.9519918283963228,0.9433198380566802,0.9476359938993391,988.0
row_level,2024,teacher,,G_random_pacing_teacher,0,Blackhole,0.8272463768115942,0.8974842767295598,0.8609351432880845,1590.0
row_level,2024,teacher,,G_random_pacing_teacher,1,Flooding,0.875886524822695,0.997979797979798,0.9329556185080264,495.0
row_level,2024,teacher,,G_random_pacing_teacher,2,Grayhole,0.8777251184834123,0.8617961842717543,0.8696877201220944,2149.0
row_level,2024,teacher,,G_random_pacing_teacher,3,Normal,0.9988798490744016,0.995280986880752,0.9970771705441563,51070.0
row_level,2024,teacher,,G_random_pacing_teacher,4,TDMA,0.9261811023622047,0.9438314944834504,0.934923000496771,997.0
inverse_test_group_size,2024,teacher,,G_random_pacing_teacher,0,Blackhole,0.791018998272886,0.902463054187192,0.8430740911182706,1014.9999999999998
inverse_test_group_size,2024,teacher,,G_random_pacing_teacher,1,Flooding,0.8743068391866913,0.9978902953586498,0.9320197044334976,474.0
inverse_test_group_size,2024,teacher,,G_random_pacing_teacher,2,Grayhole,0.8966829798803692,0.8724867724867721,0.8844194153928663,1890.0000000000002
inverse_test_group_size,2024,teacher,,G_random_pacing_teacher,3,Normal,0.9988515473887815,0.9953420201979641,0.9970936956324983,49807.00000000006
inverse_test_group_size,2024,teacher,,G_random_pacing_teacher,4,TDMA,0.9282868525896414,0.9433198380566802,0.9357429718875502,988.0
pure_group_representative,2024,teacher,,G_random_pacing_teacher,0,Blackhole,0.7910189982728842,0.9024630541871921,0.8430740911182697,1015.0
pure_group_representative,2024,teacher,,G_random_pacing_teacher,1,Flooding,0.8743068391866913,0.9978902953586498,0.9320197044334976,474.0
pure_group_representative,2024,teacher,,G_random_pacing_teacher,2,Grayhole,0.8966829798803697,0.8724867724867725,0.8844194153928667,1890.0
pure_group_representative,2024,teacher,,G_random_pacing_teacher,3,Normal,0.9988515473887815,0.9953420201979641,0.9970936956324983,49807.0
pure_group_representative,2024,teacher,,G_random_pacing_teacher,4,TDMA,0.9282868525896414,0.9433198380566802,0.9357429718875502,988.0
row_level,2024,teacher,,I_SMOTE_MLP_teacher,0,Blackhole,0.8079186730872124,0.949685534591195,0.8730847065625903,1590.0
row_level,2024,teacher,,I_SMOTE_MLP_teacher,1,Flooding,0.891500904159132,0.9959595959595959,0.9408396946564885,495.0
row_level,2024,teacher,,I_SMOTE_MLP_teacher,2,Grayhole,0.9104781281790437,0.8329455560725919,0.8699878493317132,2149.0
row_level,2024,teacher,,I_SMOTE_MLP_teacher,3,Normal,0.9988411148867632,0.9957313491286469,0.9972838077681137,51070.0
row_level,2024,teacher,,I_SMOTE_MLP_teacher,4,TDMA,0.9391217564870259,0.9438314944834504,0.9414707353676839,997.0
inverse_test_group_size,2024,teacher,,I_SMOTE_MLP_teacher,0,Blackhole,0.7812752219531887,0.9536945812807881,0.8589174800354928,1014.9999999999998
inverse_test_group_size,2024,teacher,,I_SMOTE_MLP_teacher,1,Flooding,0.8872180451127819,0.9957805907172996,0.9383697813121272,474.0
inverse_test_group_size,2024,teacher,,I_SMOTE_MLP_teacher,2,Grayhole,0.9209328782707628,0.8566137566137563,0.8876096491228072,1890.0000000000002
inverse_test_group_size,2024,teacher,,I_SMOTE_MLP_teacher,3,Normal,0.998811801429866,0.995763647680045,0.9972853954273994,49807.00000000006
inverse_test_group_size,2024,teacher,,I_SMOTE_MLP_teacher,4,TDMA,0.9414141414141414,0.9433198380566802,0.942366026289181,988.0
pure_group_representative,2024,teacher,,I_SMOTE_MLP_teacher,0,Blackhole,0.7812752219531881,0.9536945812807882,0.8589174800354925,1015.0
pure_group_representative,2024,teacher,,I_SMOTE_MLP_teacher,1,Flooding,0.8872180451127819,0.9957805907172996,0.9383697813121272,474.0
pure_group_representative,2024,teacher,,I_SMOTE_MLP_teacher,2,Grayhole,0.9209328782707622,0.8566137566137566,0.887609649122807,1890.0
pure_group_representative,2024,teacher,,I_SMOTE_MLP_teacher,3,Normal,0.998811801429866,0.995763647680045,0.9972853954273994,49807.0
pure_group_representative,2024,teacher,,I_SMOTE_MLP_teacher,4,TDMA,0.9414141414141414,0.9433198380566802,0.942366026289181,988.0
row_level,2024,student,student_A,D_Small_MLP,0,Blackhole,0.7871900826446281,0.9584905660377359,0.8644356211003971,1590.0
row_level,2024,student,student_A,D_Small_MLP,1,Flooding,0.8710247349823321,0.9959595959595959,0.9293119698397738,495.0
row_level,2024,student,student_A,D_Small_MLP,2,Grayhole,0.8953608247422681,0.808282922289437,0.8495964783565664,2149.0
row_level,2024,student,student_A,D_Small_MLP,3,Normal,0.9988203373835083,0.9947523007636577,0.9967821685044932,51070.0
row_level,2024,student,student_A,D_Small_MLP,4,TDMA,0.9418254764292878,0.9418254764292878,0.9418254764292878,997.0
inverse_test_group_size,2024,student,student_A,D_Small_MLP,0,Blackhole,0.7578616352201272,0.949753694581281,0.8430257979886324,1014.9999999999998
inverse_test_group_size,2024,student,student_A,D_Small_MLP,1,Flooding,0.8660550458715597,0.9957805907172996,0.9263984298331698,474.0
inverse_test_group_size,2024,student,student_A,D_Small_MLP,2,Grayhole,0.8958687040181101,0.8375661375661371,0.8657369428493299,1890.0000000000002
inverse_test_group_size,2024,student,student_A,D_Small_MLP,3,Normal,0.9988105797919523,0.994739695223563,0.9967709810785527,49807.00000000006
inverse_test_group_size,2024,student,student_A,D_Small_MLP,4,TDMA,0.9432048681541582,0.9412955465587044,0.9422492401215805,988.0
pure_group_representative,2024,student,student_A,D_Small_MLP,0,Blackhole,0.7578616352201258,0.9497536945812808,0.8430257979886314,1015.0
pure_group_representative,2024,student,student_A,D_Small_MLP,1,Flooding,0.8660550458715597,0.9957805907172996,0.9263984298331698,474.0
pure_group_representative,2024,student,student_A,D_Small_MLP,2,Grayhole,0.8958687040181098,0.8375661375661375,0.86573694284933,1890.0
pure_group_representative,2024,student,student_A,D_Small_MLP,3,Normal,0.9988105797919523,0.994739695223563,0.9967709810785527,49807.0
pure_group_representative,2024,student,student_A,D_Small_MLP,4,TDMA,0.9432048681541582,0.9412955465587044,0.9422492401215805,988.0
row_level,2024,student,student_A,E_KD_from_RF,0,Blackhole,0.7901092581943646,0.8641509433962264,0.8254731150495644,1590.0
row_level,2024,student,student_A,E_KD_from_RF,1,Flooding,0.891500904159132,0.9959595959595959,0.9408396946564885,495.0
row_level,2024,student,student_A,E_KD_from_RF,2,Grayhole,0.8658178256611165,0.8227082363890181,0.8437127177284658,2149.0
row_level,2024,student,student_A,E_KD_from_RF,3,Normal,0.9985494746746119,0.9974936361856276,0.998021276178908,51070.0
row_level,2024,student,student_A,E_KD_from_RF,4,TDMA,0.9894847528916929,0.9438314944834504,0.9661190965092402,997.0
inverse_test_group_size,2024,student,student_A,E_KD_from_RF,0,Blackhole,0.7538200339558588,0.8748768472906405,0.8098495212038312,1014.9999999999998
inverse_test_group_size,2024,student,student_A,E_KD_from_RF,1,Flooding,0.8872180451127819,0.9957805907172996,0.9383697813121272,474.0
inverse_test_group_size,2024,student,student_A,E_KD_from_RF,2,Grayhole,0.8970005659309561,0.8386243386243392,0.8668307355756086,1890.0000000000002
inverse_test_group_size,2024,student,student_A,E_KD_from_RF,3,Normal,0.9985328107727867,0.9974903126066618,0.9980112894477813,49807.00000000006
inverse_test_group_size,2024,student,student_A,E_KD_from_RF,4,TDMA,0.9893842887473461,0.9433198380566802,0.9658031088082901,988.0
pure_group_representative,2024,student,student_A,E_KD_from_RF,0,Blackhole,0.7538200339558574,0.8748768472906404,0.8098495212038304,1015.0
pure_group_representative,2024,student,student_A,E_KD_from_RF,1,Flooding,0.8872180451127819,0.9957805907172996,0.9383697813121272,474.0
pure_group_representative,2024,student,student_A,E_KD_from_RF,2,Grayhole,0.8970005659309565,0.8386243386243386,0.8668307355756084,1890.0
pure_group_representative,2024,student,student_A,E_KD_from_RF,3,Normal,0.9985328107727867,0.9974903126066618,0.9980112894477813,49807.0
pure_group_representative,2024,student,student_A,E_KD_from_RF,4,TDMA,0.9893842887473461,0.9433198380566802,0.9658031088082901,988.0
row_level,2024,student,student_A,E2_KD_from_MLP,0,Blackhole,0.7852386237513873,0.889937106918239,0.8343160377358491,1590.0
row_level,2024,student,student_A,E2_KD_from_MLP,1,Flooding,0.891500904159132,0.9959595959595959,0.9408396946564885,495.0
row_level,2024,student,student_A,E2_KD_from_MLP,2,Grayhole,0.8758689175769613,0.8208469055374593,0.8474657698774922,2149.0
row_level,2024,student,student_A,E2_KD_from_MLP,3,Normal,0.9988608688820803,0.9958488349324457,0.9973525778047967,51070.0
row_level,2024,student,student_A,E2_KD_from_MLP,4,TDMA,0.9261811023622047,0.9438314944834504,0.934923000496771,997.0
inverse_test_group_size,2024,student,student_A,E2_KD_from_MLP,0,Blackhole,0.7477477477477492,0.8995073891625617,0.8166368515205733,1014.9999999999998
inverse_test_group_size,2024,student,student_A,E2_KD_from_MLP,1,Flooding,0.8872180451127819,0.9957805907172996,0.9383697813121272,474.0
inverse_test_group_size,2024,student,student_A,E2_KD_from_MLP,2,Grayhole,0.9010238907849827,0.8380952380952381,0.8684210526315789,1890.0000000000002
inverse_test_group_size,2024,student,student_A,E2_KD_from_MLP,3,Normal,0.9988320344751204,0.9958640351757785,0.9973458267146562,49807.00000000006
inverse_test_group_size,2024,student,student_A,E2_KD_from_MLP,4,TDMA,0.9282868525896414,0.9433198380566802,0.9357429718875502,988.0
pure_group_representative,2024,student,student_A,E2_KD_from_MLP,0,Blackhole,0.7477477477477478,0.8995073891625616,0.8166368515205724,1015.0
pure_group_representative,2024,student,student_A,E2_KD_from_MLP,1,Flooding,0.8872180451127819,0.9957805907172996,0.9383697813121272,474.0
pure_group_representative,2024,student,student_A,E2_KD_from_MLP,2,Grayhole,0.9010238907849829,0.8380952380952381,0.868421052631579,1890.0
pure_group_representative,2024,student,student_A,E2_KD_from_MLP,3,Normal,0.9988320344751204,0.9958640351757785,0.9973458267146562,49807.0
pure_group_representative,2024,student,student_A,E2_KD_from_MLP,4,TDMA,0.9282868525896414,0.9433198380566802,0.9357429718875502,988.0
row_level,2024,student,student_A,F_KD_from_CL_MLP_fair,0,Blackhole,0.7632113821138211,0.9446540880503145,0.8442945474985947,1590.0
row_level,2024,student,student_A,F_KD_from_CL_MLP_fair,1,Flooding,0.8787878787878788,0.9959595959595959,0.9337121212121212,495.0
row_level,2024,student,student_A,F_KD_from_CL_MLP_fair,2,Grayhole,0.9034334763948498,0.783620288506282,0.8392723648143533,2149.0
row_level,2024,student,student_A,F_KD_from_CL_MLP_fair,3,Normal,0.9988608688820803,0.9958488349324457,0.9973525778047967,51070.0
row_level,2024,student,student_A,F_KD_from_CL_MLP_fair,4,TDMA,0.9485887096774194,0.9438314944834504,0.9462041226747109,997.0
inverse_test_group_size,2024,student,student_A,F_KD_from_CL_MLP_fair,0,Blackhole,0.7299771167048068,0.9428571428571428,0.8228718830610497,1014.9999999999998
inverse_test_group_size,2024,student,student_A,F_KD_from_CL_MLP_fair,1,Flooding,0.87569573283859,0.9957805907172996,0.9318854886475815,474.0
inverse_test_group_size,2024,student,student_A,F_KD_from_CL_MLP_fair,2,Grayhole,0.9132501485442661,0.8132275132275129,0.8603414497621045,1890.0000000000002
inverse_test_group_size,2024,student,student_A,F_KD_from_CL_MLP_fair,3,Normal,0.9988320579943617,0.9958841126749253,0.9973559069842259,49807.00000000006
inverse_test_group_size,2024,student,student_A,F_KD_from_CL_MLP_fair,4,TDMA,0.9500509683995922,0.9433198380566802,0.94667343829355,988.0
pure_group_representative,2024,student,student_A,F_KD_from_CL_MLP_fair,0,Blackhole,0.7299771167048055,0.9428571428571428,0.822871883061049,1015.0
pure_group_representative,2024,student,student_A,F_KD_from_CL_MLP_fair,1,Flooding,0.87569573283859,0.9957805907172996,0.9318854886475815,474.0
pure_group_representative,2024,student,student_A,F_KD_from_CL_MLP_fair,2,Grayhole,0.9132501485442662,0.8132275132275132,0.8603414497621047,1890.0
pure_group_representative,2024,student,student_A,F_KD_from_CL_MLP_fair,3,Normal,0.9988320579943617,0.9958841126749252,0.9973559069842259,49807.0
pure_group_representative,2024,student,student_A,F_KD_from_CL_MLP_fair,4,TDMA,0.9500509683995922,0.9433198380566802,0.94667343829355,988.0
row_level,2024,student,student_A,F_KD_from_CL_MLP_ext,0,Blackhole,0.770096463022508,0.9037735849056604,0.8315972222222222,1590.0
row_level,2024,student,student_A,F_KD_from_CL_MLP_ext,1,Flooding,0.8819320214669052,0.9959595959595959,0.9354838709677419,495.0
row_level,2024,student,student_A,F_KD_from_CL_MLP_ext,2,Grayhole,0.878323108384458,0.7994416007445323,0.8370280146163216,2149.0
row_level,2024,student,student_A,F_KD_from_CL_MLP_ext,3,Normal,0.9988216579272963,0.9958684158997454,0.9973428506995853,51070.0
row_level,2024,student,student_A,F_KD_from_CL_MLP_ext,4,TDMA,0.939060939060939,0.9428284854563691,0.9409409409409409,997.0
inverse_test_group_size,2024,student,student_A,F_KD_from_CL_MLP_ext,0,Blackhole,0.7345483359746449,0.9133004926108375,0.8142292490118584,1014.9999999999998
inverse_test_group_size,2024,student,student_A,F_KD_from_CL_MLP_ext,1,Flooding,0.8789571694599627,0.9957805907172996,0.933728981206726,474.0
inverse_test_group_size,2024,student,student_A,F_KD_from_CL_MLP_ext,2,Grayhole,0.9019152640742887,0.8222222222222221,0.8602269582064764,1890.0000000000002
inverse_test_group_size,2024,student,student_A,F_KD_from_CL_MLP_ext,3,Normal,0.9988119689098305,0.995904190174072,0.9973559601483879,49807.00000000006
inverse_test_group_size,2024,student,student_A,F_KD_from_CL_MLP_ext,4,TDMA,0.9404040404040404,0.9423076923076923,0.9413549039433772,988.0
pure_group_representative,2024,student,student_A,F_KD_from_CL_MLP_ext,0,Blackhole,0.7345483359746434,0.9133004926108375,0.8142292490118577,1015.0
pure_group_representative,2024,student,student_A,F_KD_from_CL_MLP_ext,1,Flooding,0.8789571694599627,0.9957805907172996,0.933728981206726,474.0
pure_group_representative,2024,student,student_A,F_KD_from_CL_MLP_ext,2,Grayhole,0.901915264074289,0.8222222222222222,0.8602269582064767,1890.0
pure_group_representative,2024,student,student_A,F_KD_from_CL_MLP_ext,3,Normal,0.9988119689098305,0.995904190174072,0.9973559601483879,49807.0
pure_group_representative,2024,student,student_A,F_KD_from_CL_MLP_ext,4,TDMA,0.9404040404040404,0.9423076923076923,0.9413549039433772,988.0
row_level,2024,student,student_A,G_KD_random_pacing,0,Blackhole,0.7863924050632911,0.9377358490566038,0.8554216867469879,1590.0
row_level,2024,student,student_A,G_KD_random_pacing,1,Flooding,0.8850987432675045,0.9959595959595959,0.9372623574144486,495.0
row_level,2024,student,student_A,G_KD_random_pacing,2,Grayhole,0.9004127966976264,0.8120055839925546,0.8539270858820651,2149.0
row_level,2024,student,student_A,G_KD_random_pacing,3,Normal,0.9988407733417164,0.9954376346191501,0.9971363003354059,51070.0
row_level,2024,student,student_A,G_KD_random_pacing,4,TDMA,0.9270216962524654,0.9428284854563691,0.9348582794629537,997.0
inverse_test_group_size,2024,student,student_A,G_KD_random_pacing,0,Blackhole,0.7571656050955425,0.9369458128078817,0.8375165125495384,1014.9999999999998
inverse_test_group_size,2024,student,student_A,G_KD_random_pacing,1,Flooding,0.8822429906542056,0.9957805907172996,0.9355797819623389,474.0
inverse_test_group_size,2024,student,student_A,G_KD_random_pacing,2,Grayhole,0.9114942528735633,0.8391534391534391,0.8738292011019284,1890.0000000000002
inverse_test_group_size,2024,student,student_A,G_KD_random_pacing,3,Normal,0.9988114663282367,0.9954825626919911,0.9971442361837343,49807.00000000006
inverse_test_group_size,2024,student,student_A,G_KD_random_pacing,4,TDMA,0.9291417165668663,0.9423076923076923,0.935678391959799,988.0
pure_group_representative,2024,student,student_A,G_KD_random_pacing,0,Blackhole,0.7571656050955414,0.9369458128078818,0.8375165125495376,1015.0
pure_group_representative,2024,student,student_A,G_KD_random_pacing,1,Flooding,0.8822429906542056,0.9957805907172996,0.9355797819623389,474.0
pure_group_representative,2024,student,student_A,G_KD_random_pacing,2,Grayhole,0.9114942528735632,0.8391534391534392,0.8738292011019284,1890.0
pure_group_representative,2024,student,student_A,G_KD_random_pacing,3,Normal,0.9988114663282367,0.9954825626919911,0.9971442361837343,49807.0
pure_group_representative,2024,student,student_A,G_KD_random_pacing,4,TDMA,0.9291417165668663,0.9423076923076923,0.935678391959799,988.0
row_level,2024,student,student_A,I_KD_from_SMOTE_MLP,0,Blackhole,0.7770508303975843,0.9710691823899371,0.8632932625104837,1590.0
row_level,2024,student,student_A,I_KD_from_SMOTE_MLP,1,Flooding,0.8850987432675045,0.9959595959595959,0.9372623574144486,495.0
row_level,2024,student,student_A,I_KD_from_SMOTE_MLP,2,Grayhole,0.9245794899620184,0.7929269427640763,0.8537074148296593,2149.0
row_level,2024,student,student_A,I_KD_from_SMOTE_MLP,3,Normal,0.9988211949154208,0.9954767965537498,0.9971461914895704,51070.0
row_level,2024,student,student_A,I_KD_from_SMOTE_MLP,4,TDMA,0.9270935960591133,0.9438314944834504,0.9353876739562624,997.0
inverse_test_group_size,2024,student,student_A,I_KD_from_SMOTE_MLP,0,Blackhole,0.7500000000000013,0.9665024630541873,0.8445975032285846,1014.9999999999998
inverse_test_group_size,2024,student,student_A,I_KD_from_SMOTE_MLP,1,Flooding,0.8822429906542056,0.9957805907172996,0.9355797819623389,474.0
inverse_test_group_size,2024,student,student_A,I_KD_from_SMOTE_MLP,2,Grayhole,0.9270029673590506,0.8264550264550261,0.8738461538461538,1890.0000000000002
inverse_test_group_size,2024,student,student_A,I_KD_from_SMOTE_MLP,3,Normal,0.9988115142114699,0.9955227176902846,0.9971644042232277,49807.00000000006
inverse_test_group_size,2024,student,student_A,I_KD_from_SMOTE_MLP,4,TDMA,0.9292123629112662,0.9433198380566802,0.9362129583124058,988.0
pure_group_representative,2024,student,student_A,I_KD_from_SMOTE_MLP,0,Blackhole,0.75,0.9665024630541872,0.8445975032285837,1015.0
pure_group_representative,2024,student,student_A,I_KD_from_SMOTE_MLP,1,Flooding,0.8822429906542056,0.9957805907172996,0.9355797819623389,474.0
pure_group_representative,2024,student,student_A,I_KD_from_SMOTE_MLP,2,Grayhole,0.9270029673590504,0.8264550264550264,0.8738461538461538,1890.0
pure_group_representative,2024,student,student_A,I_KD_from_SMOTE_MLP,3,Normal,0.9988115142114699,0.9955227176902846,0.9971644042232277,49807.0
pure_group_representative,2024,student,student_A,I_KD_from_SMOTE_MLP,4,TDMA,0.9292123629112662,0.9433198380566802,0.9362129583124058,988.0
row_level,2024,student,student_A,J_CoDistill_RF_CL,0,Blackhole,0.8018171493469619,0.8880503144654088,0.8427335123843629,1590.0
row_level,2024,student,student_A,J_CoDistill_RF_CL,1,Flooding,0.891500904159132,0.9959595959595959,0.9408396946564885,495.0
row_level,2024,student,student_A,J_CoDistill_RF_CL,2,Grayhole,0.8808239333006376,0.8357375523499302,0.8576886341929322,2149.0
row_level,2024,student,student_A,J_CoDistill_RF_CL,3,Normal,0.9987836697859651,0.9968866261993342,0.9978342463471281,51070.0
row_level,2024,student,student_A,J_CoDistill_RF_CL,4,TDMA,0.9651282051282051,0.9438314944834504,0.9543610547667343,997.0
inverse_test_group_size,2024,student,student_A,J_CoDistill_RF_CL,0,Blackhole,0.7687763713080186,0.8975369458128079,0.8281818181818191,1014.9999999999998
inverse_test_group_size,2024,student,student_A,J_CoDistill_RF_CL,1,Flooding,0.8872180451127819,0.9957805907172996,0.9383697813121272,474.0
inverse_test_group_size,2024,student,student_A,J_CoDistill_RF_CL,2,Grayhole,0.9066891512085439,0.8534391534391534,0.8792586535840827,1890.0000000000002
inverse_test_group_size,2024,student,student_A,J_CoDistill_RF_CL,3,Normal,0.9987729814539164,0.9969080651314073,0.9978396519327579,49807.00000000006
inverse_test_group_size,2024,student,student_A,J_CoDistill_RF_CL,4,TDMA,0.966804979253112,0.9433198380566802,0.9549180327868853,988.0
pure_group_representative,2024,student,student_A,J_CoDistill_RF_CL,0,Blackhole,0.7687763713080169,0.8975369458128079,0.8281818181818181,1015.0
pure_group_representative,2024,student,student_A,J_CoDistill_RF_CL,1,Flooding,0.8872180451127819,0.9957805907172996,0.9383697813121272,474.0
pure_group_representative,2024,student,student_A,J_CoDistill_RF_CL,2,Grayhole,0.9066891512085441,0.8534391534391534,0.8792586535840828,1890.0
pure_group_representative,2024,student,student_A,J_CoDistill_RF_CL,3,Normal,0.9987729814539164,0.9969080651314073,0.9978396519327579,49807.0
pure_group_representative,2024,student,student_A,J_CoDistill_RF_CL,4,TDMA,0.966804979253112,0.9433198380566802,0.9549180327868853,988.0
row_level,2024,student,student_B,D_Small_MLP,0,Blackhole,0.8947368421052632,0.919496855345912,0.9069478908188585,1590.0
row_level,2024,student,student_B,D_Small_MLP,1,Flooding,0.8835125448028673,0.9959595959595959,0.936372269705603,495.0
row_level,2024,student,student_B,D_Small_MLP,2,Grayhole,0.9012289485662267,0.9213587715216379,0.9111826967326278,2149.0
row_level,2024,student,student_B,D_Small_MLP,3,Normal,0.998841228690392,0.9958292539651459,0.9973329672700174,51070.0
row_level,2024,student,student_B,D_Small_MLP,4,TDMA,0.9437751004016064,0.9428284854563691,0.9433015554440541,997.0
inverse_test_group_size,2024,student,student_B,D_Small_MLP,0,Blackhole,0.8780260707635016,0.9290640394088673,0.9028243178554337,1014.9999999999998
inverse_test_group_size,2024,student,student_B,D_Small_MLP,1,Flooding,0.8805970149253731,0.9957805907172996,0.9346534653465347,474.0
inverse_test_group_size,2024,student,student_B,D_Small_MLP,2,Grayhole,0.9181865554976548,0.9322751322751319,0.9251772118666314,1890.0000000000002
inverse_test_group_size,2024,student,student_B,D_Small_MLP,3,Normal,0.9988119689098305,0.995904190174072,0.9973559601483879,49807.00000000006
inverse_test_group_size,2024,student,student_B,D_Small_MLP,4,TDMA,0.9471007121057986,0.9423076923076923,0.9446981227803145,988.0
pure_group_representative,2024,student,student_B,D_Small_MLP,0,Blackhole,0.8780260707635009,0.929064039408867,0.9028243178554333,1015.0
pure_group_representative,2024,student,student_B,D_Small_MLP,1,Flooding,0.8805970149253731,0.9957805907172996,0.9346534653465347,474.0
pure_group_representative,2024,student,student_B,D_Small_MLP,2,Grayhole,0.918186555497655,0.9322751322751323,0.9251772118666317,1890.0
pure_group_representative,2024,student,student_B,D_Small_MLP,3,Normal,0.9988119689098305,0.995904190174072,0.9973559601483879,49807.0
pure_group_representative,2024,student,student_B,D_Small_MLP,4,TDMA,0.9471007121057986,0.9423076923076923,0.9446981227803145,988.0
row_level,2024,student,student_B,E_KD_from_RF,0,Blackhole,0.8770442156268928,0.9106918238993711,0.8935513730330145,1590.0
row_level,2024,student,student_B,E_KD_from_RF,1,Flooding,0.8931159420289855,0.9959595959595959,0.941738299904489,495.0
row_level,2024,student,student_B,E_KD_from_RF,2,Grayhole,0.911487758945386,0.9008841321544905,0.9061549262813012,2149.0
row_level,2024,student,student_B,E_KD_from_RF,3,Normal,0.998666954186352,0.9975132171529274,0.9980897522555617,51070.0
row_level,2024,student,student_B,E_KD_from_RF,4,TDMA,0.9771547248182763,0.9438314944834504,0.960204081632653,997.0
inverse_test_group_size,2024,student,student_B,E_KD_from_RF,0,Blackhole,0.8506493506493517,0.9034482758620688,0.876254180602007,1014.9999999999998
inverse_test_group_size,2024,student,student_B,E_KD_from_RF,1,Flooding,0.8888888888888888,0.9957805907172996,0.9393034825870646,474.0
inverse_test_group_size,2024,student,student_B,E_KD_from_RF,2,Grayhole,0.9237379162191196,0.9100529100529098,0.9168443496801707,1890.0000000000002
inverse_test_group_size,2024,student,student_B,E_KD_from_RF,3,Normal,0.9986532663316583,0.9975103901058084,0.99808150104965,49807.00000000006
inverse_test_group_size,2024,student,student_B,E_KD_from_RF,4,TDMA,0.9779643231899265,0.9433198380566802,0.9603297269448737,988.0
pure_group_representative,2024,student,student_B,E_KD_from_RF,0,Blackhole,0.8506493506493507,0.903448275862069,0.8762541806020067,1015.0
pure_group_representative,2024,student,student_B,E_KD_from_RF,1,Flooding,0.8888888888888888,0.9957805907172996,0.9393034825870646,474.0
pure_group_representative,2024,student,student_B,E_KD_from_RF,2,Grayhole,0.9237379162191193,0.91005291005291,0.9168443496801706,1890.0
pure_group_representative,2024,student,student_B,E_KD_from_RF,3,Normal,0.9986532663316583,0.9975103901058084,0.99808150104965,49807.0
pure_group_representative,2024,student,student_B,E_KD_from_RF,4,TDMA,0.9779643231899265,0.9433198380566802,0.9603297269448737,988.0
row_level,2024,student,student_B,E2_KD_from_MLP,0,Blackhole,0.7896995708154506,0.9257861635220126,0.8523451071221771,1590.0
row_level,2024,student,student_B,E2_KD_from_MLP,1,Flooding,0.8898916967509025,0.9959595959595959,0.9399428026692088,495.0
row_level,2024,student,student_B,E2_KD_from_MLP,2,Grayhole,0.8955147808358818,0.8175895765472313,0.8547798589151058,2149.0
row_level,2024,student,student_B,E2_KD_from_MLP,3,Normal,0.9988608912543944,0.9958684158997454,0.997362408934472,51070.0
row_level,2024,student,student_B,E2_KD_from_MLP,4,TDMA,0.9362549800796812,0.9428284854563691,0.9395302348825587,997.0
inverse_test_group_size,2024,student,student_B,E2_KD_from_MLP,0,Blackhole,0.7612903225806464,0.9300492610837441,0.8372505543237259,1014.9999999999998
inverse_test_group_size,2024,student,student_B,E2_KD_from_MLP,1,Flooding,0.8855534709193246,0.9957805907172996,0.9374379344587885,474.0
inverse_test_group_size,2024,student,student_B,E2_KD_from_MLP,2,Grayhole,0.9118993135011441,0.8433862433862429,0.8763056624518962,1890.0000000000002
inverse_test_group_size,2024,student,student_B,E2_KD_from_MLP,3,Normal,0.9988320815126558,0.995904190174072,0.9973659870511119,49807.00000000006
inverse_test_group_size,2024,student,student_B,E2_KD_from_MLP,4,TDMA,0.938508064516129,0.9423076923076923,0.9404040404040404,988.0
pure_group_representative,2024,student,student_B,E2_KD_from_MLP,0,Blackhole,0.7612903225806451,0.9300492610837439,0.8372505543237251,1015.0
pure_group_representative,2024,student,student_B,E2_KD_from_MLP,1,Flooding,0.8855534709193246,0.9957805907172996,0.9374379344587885,474.0
pure_group_representative,2024,student,student_B,E2_KD_from_MLP,2,Grayhole,0.9118993135011442,0.8433862433862434,0.8763056624518967,1890.0
pure_group_representative,2024,student,student_B,E2_KD_from_MLP,3,Normal,0.9988320815126558,0.995904190174072,0.9973659870511119,49807.0
pure_group_representative,2024,student,student_B,E2_KD_from_MLP,4,TDMA,0.938508064516129,0.9423076923076923,0.9404040404040404,988.0
row_level,2024,student,student_B,F_KD_from_CL_MLP_fair,0,Blackhole,0.7911458333333333,0.9553459119496855,0.8655270655270655,1590.0
row_level,2024,student,student_B,F_KD_from_CL_MLP_fair,1,Flooding,0.8835125448028673,0.9959595959595959,0.936372269705603,495.0
row_level,2024,student,student_B,F_KD_from_CL_MLP_fair,2,Grayhole,0.9117954070981211,0.8129362494183341,0.8595325953259533,2149.0
row_level,2024,student,student_B,F_KD_from_CL_MLP_fair,3,Normal,0.9988215190619292,0.9957509300959467,0.9972838610356628,51070.0
row_level,2024,student,student_B,F_KD_from_CL_MLP_fair,4,TDMA,0.9456740442655935,0.9428284854563691,0.9442491210447012,997.0
inverse_test_group_size,2024,student,student_B,F_KD_from_CL_MLP_fair,0,Blackhole,0.7618670886075961,0.948768472906404,0.8451075032909179,1014.9999999999998
inverse_test_group_size,2024,student,student_B,F_KD_from_CL_MLP_fair,1,Flooding,0.8805970149253731,0.9957805907172996,0.9346534653465347,474.0
inverse_test_group_size,2024,student,student_B,F_KD_from_CL_MLP_fair,2,Grayhole,0.915850144092219,0.8407407407407403,0.8766896551724136,1890.0000000000002
inverse_test_group_size,2024,student,student_B,F_KD_from_CL_MLP_fair,3,Normal,0.9988118253584662,0.9957837251791917,0.9972954767099323,49807.00000000006
inverse_test_group_size,2024,student,student_B,F_KD_from_CL_MLP_fair,4,TDMA,0.9471007121057986,0.9423076923076923,0.9446981227803145,988.0
pure_group_representative,2024,student,student_B,F_KD_from_CL_MLP_fair,0,Blackhole,0.7618670886075949,0.948768472906404,0.8451075032909171,1015.0
pure_group_representative,2024,student,student_B,F_KD_from_CL_MLP_fair,1,Flooding,0.8805970149253731,0.9957805907172996,0.9346534653465347,474.0
pure_group_representative,2024,student,student_B,F_KD_from_CL_MLP_fair,2,Grayhole,0.915850144092219,0.8407407407407408,0.8766896551724138,1890.0
pure_group_representative,2024,student,student_B,F_KD_from_CL_MLP_fair,3,Normal,0.9988118253584662,0.9957837251791917,0.9972954767099323,49807.0
pure_group_representative,2024,student,student_B,F_KD_from_CL_MLP_fair,4,TDMA,0.9471007121057986,0.9423076923076923,0.9446981227803145,988.0
row_level,2024,student,student_B,F_KD_from_CL_MLP_ext,0,Blackhole,0.7859818084537186,0.9238993710691824,0.8493784330731425,1590.0
row_level,2024,student,student_B,F_KD_from_CL_MLP_ext,1,Flooding,0.8725663716814159,0.9959595959595959,0.930188679245283,495.0
row_level,2024,student,student_B,F_KD_from_CL_MLP_ext,2,Grayhole,0.8918918918918919,0.8138669148441136,0.8510948905109489,2149.0
row_level,2024,student,student_B,F_KD_from_CL_MLP_ext,3,Normal,0.9988605331918823,0.9955551204229489,0.9972050877210187,51070.0
row_level,2024,student,student_B,F_KD_from_CL_MLP_ext,4,TDMA,0.9353233830845771,0.9428284854563691,0.939060939060939,997.0
inverse_test_group_size,2024,student,student_B,F_KD_from_CL_MLP_ext,0,Blackhole,0.7548076923076935,0.9280788177339901,0.8325231992929747,1014.9999999999998
inverse_test_group_size,2024,student,student_B,F_KD_from_CL_MLP_ext,1,Flooding,0.8692449355432781,0.9957805907172996,0.928220255653884,474.0
inverse_test_group_size,2024,student,student_B,F_KD_from_CL_MLP_ext,2,Grayhole,0.9082568807339447,0.8380952380952378,0.8717666483214087,1890.0000000000002
inverse_test_group_size,2024,student,student_B,F_KD_from_CL_MLP_ext,3,Normal,0.9988317051062544,0.9955829501877246,0.9972046816554719,49807.00000000006
inverse_test_group_size,2024,student,student_B,F_KD_from_CL_MLP_ext,4,TDMA,0.9366197183098591,0.9423076923076923,0.9394550958627649,988.0
pure_group_representative,2024,student,student_B,F_KD_from_CL_MLP_ext,0,Blackhole,0.7548076923076923,0.9280788177339901,0.8325231992929739,1015.0
pure_group_representative,2024,student,student_B,F_KD_from_CL_MLP_ext,1,Flooding,0.8692449355432781,0.9957805907172996,0.928220255653884,474.0
pure_group_representative,2024,student,student_B,F_KD_from_CL_MLP_ext,2,Grayhole,0.908256880733945,0.8380952380952381,0.8717666483214089,1890.0
pure_group_representative,2024,student,student_B,F_KD_from_CL_MLP_ext,3,Normal,0.9988317051062544,0.9955829501877246,0.9972046816554719,49807.0
pure_group_representative,2024,student,student_B,F_KD_from_CL_MLP_ext,4,TDMA,0.9366197183098591,0.9423076923076923,0.9394550958627649,988.0
row_level,2024,student,student_B,G_KD_random_pacing,0,Blackhole,0.8036480686695279,0.9421383647798742,0.8674001158077591,1590.0
row_level,2024,student,student_B,G_KD_random_pacing,1,Flooding,0.8850987432675045,0.9959595959595959,0.9372623574144486,495.0
row_level,2024,student,student_B,G_KD_random_pacing,2,Grayhole,0.9018715225088518,0.8296882270823639,0.8642753271934076,2149.0
row_level,2024,student,student_B,G_KD_random_pacing,3,Normal,0.9988602197024781,0.995280986880752,0.9970673911550948,51070.0
row_level,2024,student,student_B,G_KD_random_pacing,4,TDMA,0.9251968503937008,0.9428284854563691,0.9339294585196225,997.0
inverse_test_group_size,2024,student,student_B,G_KD_random_pacing,0,Blackhole,0.7766911165444184,0.9389162561576354,0.8501338090990194,1014.9999999999998
inverse_test_group_size,2024,student,student_B,G_KD_random_pacing,1,Flooding,0.8822429906542056,0.9957805907172996,0.9355797819623389,474.0
inverse_test_group_size,2024,student,student_B,G_KD_random_pacing,2,Grayhole,0.9099099099099097,0.8550264550264546,0.8816148390616472,1890.0000000000002
inverse_test_group_size,2024,student,student_B,G_KD_random_pacing,3,Normal,0.9988313990973565,0.9953219426988175,0.9970735827995052,49807.00000000006
inverse_test_group_size,2024,student,student_B,G_KD_random_pacing,4,TDMA,0.9272908366533864,0.9423076923076923,0.9347389558232931,988.0
pure_group_representative,2024,student,student_B,G_KD_random_pacing,0,Blackhole,0.7766911165444172,0.9389162561576355,0.8501338090990187,1015.0
pure_group_representative,2024,student,student_B,G_KD_random_pacing,1,Flooding,0.8822429906542056,0.9957805907172996,0.9355797819623389,474.0
pure_group_representative,2024,student,student_B,G_KD_random_pacing,2,Grayhole,0.9099099099099099,0.855026455026455,0.8816148390616476,1890.0
pure_group_representative,2024,student,student_B,G_KD_random_pacing,3,Normal,0.9988313990973565,0.9953219426988175,0.9970735827995052,49807.0
pure_group_representative,2024,student,student_B,G_KD_random_pacing,4,TDMA,0.9272908366533864,0.9423076923076923,0.9347389558232931,988.0
row_level,2024,student,student_B,I_KD_from_SMOTE_MLP,0,Blackhole,0.8165487207403375,0.9433962264150944,0.8754012255617157,1590.0
row_level,2024,student,student_B,I_KD_from_SMOTE_MLP,1,Flooding,0.891500904159132,0.9959595959595959,0.9408396946564885,495.0
row_level,2024,student,student_B,I_KD_from_SMOTE_MLP,2,Grayhole,0.9063595393089634,0.8422522103303862,0.8731307284129282,2149.0
row_level,2024,student,student_B,I_KD_from_SMOTE_MLP,3,Normal,0.9988212412329817,0.9955159584883493,0.9971658608820154,51070.0
row_level,2024,student,student_B,I_KD_from_SMOTE_MLP,4,TDMA,0.928923988153998,0.9438314944834504,0.936318407960199,997.0
inverse_test_group_size,2024,student,student_B,I_KD_from_SMOTE_MLP,0,Blackhole,0.7899090157154689,0.9408866995073892,0.8588129496402888,1014.9999999999998
inverse_test_group_size,2024,student,student_B,I_KD_from_SMOTE_MLP,1,Flooding,0.8872180451127819,0.9957805907172996,0.9383697813121272,474.0
inverse_test_group_size,2024,student,student_B,I_KD_from_SMOTE_MLP,2,Grayhole,0.9144295302013417,0.8650793650793648,0.8890701468189228,1890.0000000000002
inverse_test_group_size,2024,student,student_B,I_KD_from_SMOTE_MLP,3,Normal,0.9988115381516397,0.9955427951894312,0.9971744879387839,49807.00000000006
inverse_test_group_size,2024,student,student_B,I_KD_from_SMOTE_MLP,4,TDMA,0.9310689310689311,0.9433198380566802,0.9371543489190548,988.0
pure_group_representative,2024,student,student_B,I_KD_from_SMOTE_MLP,0,Blackhole,0.7899090157154673,0.9408866995073891,0.8588129496402878,1015.0
pure_group_representative,2024,student,student_B,I_KD_from_SMOTE_MLP,1,Flooding,0.8872180451127819,0.9957805907172996,0.9383697813121272,474.0
pure_group_representative,2024,student,student_B,I_KD_from_SMOTE_MLP,2,Grayhole,0.9144295302013423,0.8650793650793651,0.8890701468189234,1890.0
pure_group_representative,2024,student,student_B,I_KD_from_SMOTE_MLP,3,Normal,0.9988115381516397,0.9955427951894312,0.9971744879387839,49807.0
pure_group_representative,2024,student,student_B,I_KD_from_SMOTE_MLP,4,TDMA,0.9310689310689311,0.9433198380566802,0.9371543489190548,988.0
row_level,2024,student,student_B,J_CoDistill_RF_CL,0,Blackhole,0.8088154269972452,0.9232704402515723,0.8622613803230543,1590.0
row_level,2024,student,student_B,J_CoDistill_RF_CL,1,Flooding,0.891500904159132,0.9959595959595959,0.9408396946564885,495.0
row_level,2024,student,student_B,J_CoDistill_RF_CL,2,Grayhole,0.9049773755656109,0.8375988832014891,0.8699855002416627,2149.0
row_level,2024,student,student_B,J_CoDistill_RF_CL,3,Normal,0.9988031706168576,0.9968083023301351,0.9978047394108077,51070.0
row_level,2024,student,student_B,J_CoDistill_RF_CL,4,TDMA,0.9641393442622951,0.9438314944834504,0.9538773441459706,997.0
inverse_test_group_size,2024,student,student_B,J_CoDistill_RF_CL,0,Blackhole,0.7719734660033182,0.9172413793103448,0.8383610986042331,1014.9999999999998
inverse_test_group_size,2024,student,student_B,J_CoDistill_RF_CL,1,Flooding,0.8872180451127819,0.9957805907172996,0.9383697813121272,474.0
inverse_test_group_size,2024,student,student_B,J_CoDistill_RF_CL,2,Grayhole,0.9160045402951191,0.8539682539682537,0.8838992332968235,1890.0000000000002
inverse_test_group_size,2024,student,student_B,J_CoDistill_RF_CL,3,Normal,0.9987929751151703,0.9968277551348204,0.9978093974838217,49807.00000000006
inverse_test_group_size,2024,student,student_B,J_CoDistill_RF_CL,4,TDMA,0.9658031088082901,0.9433198380566802,0.9544290834613415,988.0
pure_group_representative,2024,student,student_B,J_CoDistill_RF_CL,0,Blackhole,0.7719734660033167,0.9172413793103448,0.8383610986042324,1015.0
pure_group_representative,2024,student,student_B,J_CoDistill_RF_CL,1,Flooding,0.8872180451127819,0.9957805907172996,0.9383697813121272,474.0
pure_group_representative,2024,student,student_B,J_CoDistill_RF_CL,2,Grayhole,0.9160045402951191,0.8539682539682539,0.8838992332968236,1890.0
pure_group_representative,2024,student,student_B,J_CoDistill_RF_CL,3,Normal,0.9987929751151703,0.9968277551348204,0.9978093974838217,49807.0
pure_group_representative,2024,student,student_B,J_CoDistill_RF_CL,4,TDMA,0.9658031088082901,0.9433198380566802,0.9544290834613415,988.0
row_level,3141,teacher,,A_RF_500_uncalibrated,0,Blackhole,0.9826302729528535,0.9962264150943396,0.9893816364772018,1590.0
row_level,3141,teacher,,A_RF_500_uncalibrated,1,Flooding,0.924953095684803,0.9959595959595959,0.9591439688715954,495.0
row_level,3141,teacher,,A_RF_500_uncalibrated,2,Grayhole,0.9863657733897508,0.9762680316426244,0.9812909260991581,2149.0
row_level,3141,teacher,,A_RF_500_uncalibrated,3,Normal,0.9983948635634029,0.9987076561582142,0.9985512353655194,51070.0
row_level,3141,teacher,,A_RF_500_uncalibrated,4,TDMA,0.9968186638388123,0.9428284854563691,0.9690721649484536,997.0
inverse_test_group_size,3141,teacher,,A_RF_500_uncalibrated,0,Blackhole,0.9796116504854375,0.994088669950739,0.9867970660146702,1014.9999999999998
inverse_test_group_size,3141,teacher,,A_RF_500_uncalibrated,1,Flooding,0.921875,0.9957805907172996,0.9574036511156186,474.0
inverse_test_group_size,3141,teacher,,A_RF_500_uncalibrated,2,Grayhole,0.9845498135322323,0.9777777777777776,0.9811521104327051,1890.0000000000002
inverse_test_group_size,3141,teacher,,A_RF_500_uncalibrated,3,Normal,0.9983942514200839,0.9986748850563174,0.9985345485204963,49807.00000000006
inverse_test_group_size,3141,teacher,,A_RF_500_uncalibrated,4,TDMA,0.9967880085653105,0.9423076923076923,0.9687825182101977,988.0
pure_group_representative,3141,teacher,,A_RF_500_uncalibrated,0,Blackhole,0.9796116504854369,0.994088669950739,0.9867970660146699,1015.0
pure_group_representative,3141,teacher,,A_RF_500_uncalibrated,1,Flooding,0.921875,0.9957805907172996,0.9574036511156186,474.0
pure_group_representative,3141,teacher,,A_RF_500_uncalibrated,2,Grayhole,0.9845498135322323,0.9777777777777777,0.9811521104327051,1890.0
pure_group_representative,3141,teacher,,A_RF_500_uncalibrated,3,Normal,0.9983942514200839,0.9986748850563174,0.9985345485204963,49807.0
pure_group_representative,3141,teacher,,A_RF_500_uncalibrated,4,TDMA,0.9967880085653105,0.9423076923076923,0.9687825182101977,988.0
row_level,3141,teacher,,A_calibrated_RF_KD_teacher,0,Blackhole,0.9874450721908349,0.9893081761006289,0.9883757461514294,1590.0
row_level,3141,teacher,,A_calibrated_RF_KD_teacher,1,Flooding,0.9281663516068053,0.9919191919191919,0.958984375,495.0
row_level,3141,teacher,,A_calibrated_RF_KD_teacher,2,Grayhole,0.9791280148423006,0.9823173569101907,0.9807200929152149,2149.0
row_level,3141,teacher,,A_calibrated_RF_KD_teacher,3,Normal,0.9984534064212999,0.9986489132563149,0.9985511502692119,51070.0
row_level,3141,teacher,,A_calibrated_RF_KD_teacher,4,TDMA,0.9968186638388123,0.9428284854563691,0.9690721649484536,997.0
inverse_test_group_size,3141,teacher,,A_calibrated_RF_KD_teacher,0,Blackhole,0.9852216748768474,0.9852216748768474,0.9852216748768474,1014.9999999999998
inverse_test_group_size,3141,teacher,,A_calibrated_RF_KD_teacher,1,Flooding,0.9251968503937008,0.9915611814345991,0.9572301425661914,474.0
inverse_test_group_size,3141,teacher,,A_calibrated_RF_KD_teacher,2,Grayhole,0.9773803261441346,0.9830687830687829,0.9802163017673435,1890.0000000000002
inverse_test_group_size,3141,teacher,,A_calibrated_RF_KD_teacher,3,Normal,0.9984342379958246,0.9986146525588773,0.9985244371279725,49807.00000000006
inverse_test_group_size,3141,teacher,,A_calibrated_RF_KD_teacher,4,TDMA,0.9967880085653105,0.9423076923076923,0.9687825182101977,988.0
pure_group_representative,3141,teacher,,A_calibrated_RF_KD_teacher,0,Blackhole,0.9852216748768473,0.9852216748768473,0.9852216748768473,1015.0
pure_group_representative,3141,teacher,,A_calibrated_RF_KD_teacher,1,Flooding,0.9251968503937008,0.9915611814345991,0.9572301425661914,474.0
pure_group_representative,3141,teacher,,A_calibrated_RF_KD_teacher,2,Grayhole,0.9773803261441346,0.9830687830687831,0.9802163017673438,1890.0
pure_group_representative,3141,teacher,,A_calibrated_RF_KD_teacher,3,Normal,0.9984342379958246,0.9986146525588773,0.9985244371279725,49807.0
pure_group_representative,3141,teacher,,A_calibrated_RF_KD_teacher,4,TDMA,0.9967880085653105,0.9423076923076923,0.9687825182101977,988.0
row_level,3141,teacher,,B_Full_MLP,0,Blackhole,0.8444313494401886,0.9012578616352201,0.8719196836020687,1590.0
row_level,3141,teacher,,B_Full_MLP,1,Flooding,0.874113475177305,0.9959595959595959,0.931067044381492,495.0
row_level,3141,teacher,,B_Full_MLP,2,Grayhole,0.8837318330989217,0.8771521637971149,0.880429705744979,2149.0
row_level,3141,teacher,,B_Full_MLP,3,Normal,0.998841160410897,0.9957705110632465,0.9973034721473186,51070.0
row_level,3141,teacher,,B_Full_MLP,4,TDMA,0.9466800804828974,0.9438314944834504,0.945253641386238,997.0
inverse_test_group_size,3141,teacher,,B_Full_MLP,0,Blackhole,0.8111888111888131,0.9142857142857145,0.8596572487262633,1014.9999999999998
inverse_test_group_size,3141,teacher,,B_Full_MLP,1,Flooding,0.8724584103512015,0.9957805907172996,0.9300492610837439,474.0
inverse_test_group_size,3141,teacher,,B_Full_MLP,2,Grayhole,0.9058441558441553,0.8857142857142855,0.8956661316211875,1890.0000000000002
inverse_test_group_size,3141,teacher,,B_Full_MLP,3,Normal,0.9988118732127754,0.9958238801774851,0.9973156386668678,49807.00000000006
inverse_test_group_size,3141,teacher,,B_Full_MLP,4,TDMA,0.948118006103764,0.9433198380566802,0.945712836123795,988.0
pure_group_representative,3141,teacher,,B_Full_MLP,0,Blackhole,0.8111888111888111,0.9142857142857143,0.8596572487262621,1015.0
pure_group_representative,3141,teacher,,B_Full_MLP,1,Flooding,0.8724584103512015,0.9957805907172996,0.9300492610837439,474.0
pure_group_representative,3141,teacher,,B_Full_MLP,2,Grayhole,0.9058441558441559,0.8857142857142857,0.8956661316211878,1890.0
pure_group_representative,3141,teacher,,B_Full_MLP,3,Normal,0.9988118732127754,0.9958238801774851,0.9973156386668678,49807.0
pure_group_representative,3141,teacher,,B_Full_MLP,4,TDMA,0.948118006103764,0.9433198380566802,0.945712836123795,988.0
row_level,3141,teacher,,C_CL_MLP_loss_fair,0,Blackhole,0.8245714285714286,0.9075471698113208,0.8640718562874251,1590.0
row_level,3141,teacher,,C_CL_MLP_loss_fair,1,Flooding,0.8819320214669052,0.9959595959595959,0.9354838709677419,495.0
row_level,3141,teacher,,C_CL_MLP_loss_fair,2,Grayhole,0.8846708313310908,0.8566775244299675,0.8704491725768322,2149.0
row_level,3141,teacher,,C_CL_MLP_loss_fair,3,Normal,0.9988411831716227,0.9957900920305464,0.9973133040476938,51070.0
row_level,3141,teacher,,C_CL_MLP_loss_fair,4,TDMA,0.9438314944834504,0.9438314944834504,0.9438314944834504,997.0
inverse_test_group_size,3141,teacher,,C_CL_MLP_loss_fair,0,Blackhole,0.7898305084745779,0.9182266009852217,0.8492027334851945,1014.9999999999998
inverse_test_group_size,3141,teacher,,C_CL_MLP_loss_fair,1,Flooding,0.8789571694599627,0.9957805907172996,0.933728981206726,474.0
inverse_test_group_size,3141,teacher,,C_CL_MLP_loss_fair,2,Grayhole,0.9051296194153331,0.8682539682539683,0.8863083985957328,1890.0000000000002
inverse_test_group_size,3141,teacher,,C_CL_MLP_loss_fair,3,Normal,0.9988118732127754,0.9958238801774851,0.9973156386668678,49807.00000000006
inverse_test_group_size,3141,teacher,,C_CL_MLP_loss_fair,4,TDMA,0.9452332657200812,0.9433198380566802,0.9442755825734549,988.0
pure_group_representative,3141,teacher,,C_CL_MLP_loss_fair,0,Blackhole,0.7898305084745763,0.9182266009852217,0.8492027334851936,1015.0
pure_group_representative,3141,teacher,,C_CL_MLP_loss_fair,1,Flooding,0.8789571694599627,0.9957805907172996,0.933728981206726,474.0
pure_group_representative,3141,teacher,,C_CL_MLP_loss_fair,2,Grayhole,0.9051296194153337,0.8682539682539683,0.8863083985957332,1890.0
pure_group_representative,3141,teacher,,C_CL_MLP_loss_fair,3,Normal,0.9988118732127754,0.9958238801774851,0.9973156386668678,49807.0
pure_group_representative,3141,teacher,,C_CL_MLP_loss_fair,4,TDMA,0.9452332657200812,0.9433198380566802,0.9442755825734549,988.0
row_level,3141,teacher,,C_CL_MLP_loss_ext,0,Blackhole,0.7864077669902912,0.9679245283018868,0.8677755850014096,1590.0
row_level,3141,teacher,,C_CL_MLP_loss_ext,1,Flooding,0.8850987432675045,0.9959595959595959,0.9372623574144486,495.0
row_level,3141,teacher,,C_CL_MLP_loss_ext,2,Grayhole,0.9266595289079229,0.8054909260120986,0.8618371919342793,2149.0
row_level,3141,teacher,,C_CL_MLP_loss_ext,3,Normal,0.9988415927118511,0.9961425494419425,0.9974902452893081,51070.0
row_level,3141,teacher,,C_CL_MLP_loss_ext,4,TDMA,0.9533941236068896,0.9438314944834504,0.9485887096774194,997.0
inverse_test_group_size,3141,teacher,,C_CL_MLP_loss_ext,0,Blackhole,0.7560030983733552,0.9615763546798031,0.8464874241110156,1014.9999999999998
inverse_test_group_size,3141,teacher,,C_CL_MLP_loss_ext,1,Flooding,0.8822429906542056,0.9957805907172996,0.9355797819623389,474.0
inverse_test_group_size,3141,teacher,,C_CL_MLP_loss_ext,2,Grayhole,0.9286556603773587,0.8333333333333327,0.8784160624651419,1890.0000000000002
inverse_test_group_size,3141,teacher,,C_CL_MLP_loss_ext,3,Normal,0.9988123037281584,0.9961852751621258,0.9974970597991617,49807.00000000006
inverse_test_group_size,3141,teacher,,C_CL_MLP_loss_ext,4,TDMA,0.9549180327868853,0.9433198380566802,0.9490835030549898,988.0
pure_group_representative,3141,teacher,,C_CL_MLP_loss_ext,0,Blackhole,0.756003098373354,0.961576354679803,0.8464874241110147,1015.0
pure_group_representative,3141,teacher,,C_CL_MLP_loss_ext,1,Flooding,0.8822429906542056,0.9957805907172996,0.9355797819623389,474.0
pure_group_representative,3141,teacher,,C_CL_MLP_loss_ext,2,Grayhole,0.9286556603773585,0.8333333333333334,0.8784160624651423,1890.0
pure_group_representative,3141,teacher,,C_CL_MLP_loss_ext,3,Normal,0.9988123037281584,0.9961852751621258,0.9974970597991617,49807.0
pure_group_representative,3141,teacher,,C_CL_MLP_loss_ext,4,TDMA,0.9549180327868853,0.9433198380566802,0.9490835030549898,988.0
row_level,3141,teacher,,C2_CL_MLP_domain,0,Blackhole,0.7971014492753623,0.89937106918239,0.8451536643026005,1590.0
row_level,3141,teacher,,C2_CL_MLP_domain,1,Flooding,0.8819320214669052,0.9959595959595959,0.9354838709677419,495.0
row_level,3141,teacher,,C2_CL_MLP_domain,2,Grayhole,0.8749386954389407,0.8301535597952536,0.8519579751671442,2149.0
row_level,3141,teacher,,C2_CL_MLP_domain,3,Normal,0.9988411148867632,0.9957313491286469,0.9972838077681137,51070.0
row_level,3141,teacher,,C2_CL_MLP_domain,4,TDMA,0.9428857715430862,0.9438314944834504,0.943358395989975,997.0
inverse_test_group_size,3141,teacher,,C2_CL_MLP_domain,0,Blackhole,0.7600657354149565,0.911330049261084,0.828853046594983,1014.9999999999998
inverse_test_group_size,3141,teacher,,C2_CL_MLP_domain,1,Flooding,0.8805970149253731,0.9957805907172996,0.9346534653465347,474.0
inverse_test_group_size,3141,teacher,,C2_CL_MLP_domain,2,Grayhole,0.898200224971878,0.8449735449735448,0.8707742639040347,1890.0000000000002
inverse_test_group_size,3141,teacher,,C2_CL_MLP_domain,3,Normal,0.9988118253584662,0.9957837251791917,0.9972954767099323,49807.00000000006
inverse_test_group_size,3141,teacher,,C2_CL_MLP_domain,4,TDMA,0.9442755825734549,0.9433198380566802,0.9437974683544303,988.0
pure_group_representative,3141,teacher,,C2_CL_MLP_domain,0,Blackhole,0.7600657354149548,0.9113300492610837,0.828853046594982,1015.0
pure_group_representative,3141,teacher,,C2_CL_MLP_domain,1,Flooding,0.8805970149253731,0.9957805907172996,0.9346534653465347,474.0
pure_group_representative,3141,teacher,,C2_CL_MLP_domain,2,Grayhole,0.8982002249718786,0.8449735449735449,0.8707742639040349,1890.0
pure_group_representative,3141,teacher,,C2_CL_MLP_domain,3,Normal,0.9988118253584662,0.9957837251791917,0.9972954767099323,49807.0
pure_group_representative,3141,teacher,,C2_CL_MLP_domain,4,TDMA,0.9442755825734549,0.9433198380566802,0.9437974683544303,988.0
row_level,3141,teacher,,G_random_pacing_teacher,0,Blackhole,0.7802690582959642,0.9849056603773585,0.8707256046705588,1590.0
row_level,3141,teacher,,G_random_pacing_teacher,1,Flooding,0.8787878787878788,0.9959595959595959,0.9337121212121212,495.0
row_level,3141,teacher,,G_random_pacing_teacher,2,Grayhole,0.9379120879120879,0.7943229409027455,0.8601662887377173,2149.0
row_level,3141,teacher,,G_random_pacing_teacher,3,Normal,0.9988412059314544,0.9958096729978461,0.9973231357552581,51070.0
row_level,3141,teacher,,G_random_pacing_teacher,4,TDMA,0.9428857715430862,0.9438314944834504,0.943358395989975,997.0
inverse_test_group_size,3141,teacher,,G_random_pacing_teacher,0,Blackhole,0.7479245283018882,0.9763546798029556,0.8470085470085478,1014.9999999999998
inverse_test_group_size,3141,teacher,,G_random_pacing_teacher,1,Flooding,0.87569573283859,0.9957805907172996,0.9318854886475815,474.0
inverse_test_group_size,3141,teacher,,G_random_pacing_teacher,2,Grayhole,0.9344951923076923,0.8227513227513223,0.8750703432751826,1890.0000000000002
inverse_test_group_size,3141,teacher,,G_random_pacing_teacher,3,Normal,0.9988118971384845,0.9958439576766318,0.9973257193412824,49807.00000000006
inverse_test_group_size,3141,teacher,,G_random_pacing_teacher,4,TDMA,0.9442755825734549,0.9433198380566802,0.9437974683544303,988.0
pure_group_representative,3141,teacher,,G_random_pacing_teacher,0,Blackhole,0.7479245283018868,0.9763546798029556,0.847008547008547,1015.0
pure_group_representative,3141,teacher,,G_random_pacing_teacher,1,Flooding,0.87569573283859,0.9957805907172996,0.9318854886475815,474.0
pure_group_representative,3141,teacher,,G_random_pacing_teacher,2,Grayhole,0.9344951923076923,0.8227513227513228,0.8750703432751828,1890.0
pure_group_representative,3141,teacher,,G_random_pacing_teacher,3,Normal,0.9988118971384845,0.9958439576766318,0.9973257193412824,49807.0
pure_group_representative,3141,teacher,,G_random_pacing_teacher,4,TDMA,0.9442755825734549,0.9433198380566802,0.9437974683544303,988.0
row_level,3141,teacher,,I_SMOTE_MLP_teacher,0,Blackhole,0.967881408276714,0.9855345911949686,0.9766282330944219,1590.0
row_level,3141,teacher,,I_SMOTE_MLP_teacher,1,Flooding,0.8931159420289855,0.9959595959595959,0.941738299904489,495.0
row_level,3141,teacher,,I_SMOTE_MLP_teacher,2,Grayhole,0.9514739229024943,0.9762680316426244,0.9637115296279284,2149.0
row_level,3141,teacher,,I_SMOTE_MLP_teacher,3,Normal,0.9988600628930817,0.9951439201096535,0.9969985286905346,51070.0
row_level,3141,teacher,,I_SMOTE_MLP_teacher,4,TDMA,0.9004784688995215,0.9438314944834504,0.921645445641528,997.0
inverse_test_group_size,3141,teacher,,I_SMOTE_MLP_teacher,0,Blackhole,0.9576515880654504,0.9802955665024632,0.9688412852969831,1014.9999999999998
inverse_test_group_size,3141,teacher,,I_SMOTE_MLP_teacher,1,Flooding,0.8888888888888888,0.9957805907172996,0.9393034825870646,474.0
inverse_test_group_size,3141,teacher,,I_SMOTE_MLP_teacher,2,Grayhole,0.9486389316897792,0.9772486772486771,0.9627313004951785,1890.0000000000002
inverse_test_group_size,3141,teacher,,I_SMOTE_MLP_teacher,3,Normal,0.998831234256927,0.9951814002047905,0.9970029769088422,49807.00000000006
inverse_test_group_size,3141,teacher,,I_SMOTE_MLP_teacher,4,TDMA,0.9031007751937985,0.9433198380566802,0.9227722772277228,988.0
pure_group_representative,3141,teacher,,I_SMOTE_MLP_teacher,0,Blackhole,0.9576515880654476,0.9802955665024631,0.9688412852969815,1015.0
pure_group_representative,3141,teacher,,I_SMOTE_MLP_teacher,1,Flooding,0.8888888888888888,0.9957805907172996,0.9393034825870646,474.0
pure_group_representative,3141,teacher,,I_SMOTE_MLP_teacher,2,Grayhole,0.9486389316897792,0.9772486772486773,0.9627313004951785,1890.0
pure_group_representative,3141,teacher,,I_SMOTE_MLP_teacher,3,Normal,0.998831234256927,0.9951814002047905,0.9970029769088422,49807.0
pure_group_representative,3141,teacher,,I_SMOTE_MLP_teacher,4,TDMA,0.9031007751937985,0.9433198380566802,0.9227722772277228,988.0
row_level,3141,student,student_A,D_Small_MLP,0,Blackhole,0.7690732206861239,0.9446540880503145,0.8478690375388089,1590.0
row_level,3141,student,student_A,D_Small_MLP,1,Flooding,0.8803571428571428,0.9959595959595959,0.9345971563981043,495.0
row_level,3141,student,student_A,D_Small_MLP,2,Grayhole,0.8932140978432404,0.790134946486738,0.8385185185185186,2149.0
row_level,3141,student,student_A,D_Small_MLP,3,Normal,0.9988402264506998,0.9949676914039554,0.9969001981518902,51070.0
row_level,3141,student,student_A,D_Small_MLP,4,TDMA,0.9261083743842364,0.9428284854563691,0.9343936381709742,997.0
inverse_test_group_size,3141,student,student_A,D_Small_MLP,0,Blackhole,0.7420849420849432,0.9467980295566503,0.8320346320346328,1014.9999999999998
inverse_test_group_size,3141,student,student_A,D_Small_MLP,1,Flooding,0.8773234200743495,0.9957805907172996,0.932806324110672,474.0
inverse_test_group_size,3141,student,student_A,D_Small_MLP,2,Grayhole,0.9046511627906977,0.8232804232804231,0.8620498614958447,1890.0000000000002
inverse_test_group_size,3141,student,student_A,D_Small_MLP,3,Normal,0.9988109633212414,0.9950609352099102,0.996932422782544,49807.00000000006
inverse_test_group_size,3141,student,student_A,D_Small_MLP,4,TDMA,0.9300699300699301,0.9423076923076923,0.9361488185017597,988.0
pure_group_representative,3141,student,student_A,D_Small_MLP,0,Blackhole,0.7420849420849421,0.9467980295566503,0.832034632034632,1015.0
pure_group_representative,3141,student,student_A,D_Small_MLP,1,Flooding,0.8773234200743495,0.9957805907172996,0.932806324110672,474.0
pure_group_representative,3141,student,student_A,D_Small_MLP,2,Grayhole,0.9046511627906977,0.8232804232804233,0.8620498614958448,1890.0
pure_group_representative,3141,student,student_A,D_Small_MLP,3,Normal,0.9988109633212414,0.9950609352099102,0.996932422782544,49807.0
pure_group_representative,3141,student,student_A,D_Small_MLP,4,TDMA,0.9300699300699301,0.9423076923076923,0.9361488185017597,988.0
row_level,3141,student,student_A,E_KD_from_RF,0,Blackhole,0.7649442755825735,0.949685534591195,0.8473625140291807,1590.0
row_level,3141,student,student_A,E_KD_from_RF,1,Flooding,0.8929219600725953,0.9939393939393939,0.9407265774378585,495.0
row_level,3141,student,student_A,E_KD_from_RF,2,Grayhole,0.9239250275633958,0.7798976268031642,0.8458238708049457,2149.0
row_level,3141,student,student_A,E_KD_from_RF,3,Normal,0.9986472444958535,0.9974153123164284,0.9980308982434829,51070.0
row_level,3141,student,student_A,E_KD_from_RF,4,TDMA,0.9842931937172775,0.9428284854563691,0.9631147540983607,997.0
inverse_test_group_size,3141,student,student_A,E_KD_from_RF,0,Blackhole,0.7272727272727283,0.9458128078817736,0.8222698072805146,1014.9999999999998
inverse_test_group_size,3141,student,student_A,E_KD_from_RF,1,Flooding,0.8886792452830189,0.9936708860759493,0.9382470119521913,474.0
inverse_test_group_size,3141,student,student_A,E_KD_from_RF,2,Grayhole,0.9325980392156866,0.8052910052910051,0.8642816581487792,1890.0000000000002
inverse_test_group_size,3141,student,student_A,E_KD_from_RF,3,Normal,0.9986330559240943,0.9974100026100748,0.9980211545608871,49807.00000000006
inverse_test_group_size,3141,student,student_A,E_KD_from_RF,4,TDMA,0.9841437632135307,0.9423076923076923,0.9627714581178903,988.0
pure_group_representative,3141,student,student_A,E_KD_from_RF,0,Blackhole,0.7272727272727273,0.9458128078817734,0.8222698072805139,1015.0
pure_group_representative,3141,student,student_A,E_KD_from_RF,1,Flooding,0.8886792452830189,0.9936708860759493,0.9382470119521913,474.0
pure_group_representative,3141,student,student_A,E_KD_from_RF,2,Grayhole,0.9325980392156863,0.8052910052910053,0.8642816581487791,1890.0
pure_group_representative,3141,student,student_A,E_KD_from_RF,3,Normal,0.9986330559240943,0.9974100026100748,0.9980211545608871,49807.0
pure_group_representative,3141,student,student_A,E_KD_from_RF,4,TDMA,0.9841437632135307,0.9423076923076923,0.9627714581178903,988.0
row_level,3141,student,student_A,E2_KD_from_MLP,0,Blackhole,0.7642192347466391,0.929559748427673,0.8388195232690124,1590.0
row_level,3141,student,student_A,E2_KD_from_MLP,1,Flooding,0.8898916967509025,0.9959595959595959,0.9399428026692088,495.0
row_level,3141,student,student_A,E2_KD_from_MLP,2,Grayhole,0.8905839032088374,0.7878082829222894,0.8360493827160493,2149.0
row_level,3141,student,student_A,E2_KD_from_MLP,3,Normal,0.9988605779620061,0.9955942823575484,0.9972247555725535,51070.0
row_level,3141,student,student_A,E2_KD_from_MLP,4,TDMA,0.931615460852329,0.9428284854563691,0.9371884346959123,997.0
inverse_test_group_size,3141,student,student_A,E2_KD_from_MLP,0,Blackhole,0.7379471228615874,0.9349753694581283,0.8248587570621475,1014.9999999999998
inverse_test_group_size,3141,student,student_A,E2_KD_from_MLP,1,Flooding,0.8855534709193246,0.9957805907172996,0.9374379344587885,474.0
inverse_test_group_size,3141,student,student_A,E2_KD_from_MLP,2,Grayhole,0.9076563413208648,0.8216931216931215,0.8625381838378227,1890.0000000000002
inverse_test_group_size,3141,student,student_A,E2_KD_from_MLP,3,Normal,0.9988317286387625,0.9956030276868714,0.997214764763255,49807.00000000006
inverse_test_group_size,3141,student,student_A,E2_KD_from_MLP,4,TDMA,0.9328657314629258,0.9423076923076923,0.9375629405840886,988.0
pure_group_representative,3141,student,student_A,E2_KD_from_MLP,0,Blackhole,0.7379471228615864,0.9349753694581281,0.8248587570621468,1015.0
pure_group_representative,3141,student,student_A,E2_KD_from_MLP,1,Flooding,0.8855534709193246,0.9957805907172996,0.9374379344587885,474.0
pure_group_representative,3141,student,student_A,E2_KD_from_MLP,2,Grayhole,0.907656341320865,0.8216931216931217,0.8625381838378229,1890.0
pure_group_representative,3141,student,student_A,E2_KD_from_MLP,3,Normal,0.9988317286387625,0.9956030276868714,0.997214764763255,49807.0
pure_group_representative,3141,student,student_A,E2_KD_from_MLP,4,TDMA,0.9328657314629258,0.9423076923076923,0.9375629405840886,988.0
row_level,3141,student,student_A,F_KD_from_CL_MLP_fair,0,Blackhole,0.8001066098081023,0.9440251572327044,0.8661281015579919,1590.0
row_level,3141,student,student_A,F_KD_from_CL_MLP_fair,1,Flooding,0.8835125448028673,0.9959595959595959,0.936372269705603,495.0
row_level,3141,student,student_A,F_KD_from_CL_MLP_fair,2,Grayhole,0.9051020408163265,0.8255002326663564,0.8634704307617426,2149.0
row_level,3141,student,student_A,F_KD_from_CL_MLP_fair,3,Normal,0.99886048841824,0.9955159584883493,0.9971854190979611,51070.0
row_level,3141,student,student_A,F_KD_from_CL_MLP_fair,4,TDMA,0.9325396825396826,0.9428284854563691,0.9376558603491272,997.0
inverse_test_group_size,3141,student,student_A,F_KD_from_CL_MLP_fair,0,Blackhole,0.7647527910685821,0.9448275862068969,0.8453063023358319,1014.9999999999998
inverse_test_group_size,3141,student,student_A,F_KD_from_CL_MLP_fair,1,Flooding,0.8805970149253731,0.9957805907172996,0.9346534653465347,474.0
inverse_test_group_size,3141,student,student_A,F_KD_from_CL_MLP_fair,2,Grayhole,0.914564220183486,0.8439153439153436,0.8778205833791962,1890.0000000000002
inverse_test_group_size,3141,student,student_A,F_KD_from_CL_MLP_fair,3,Normal,0.9988316815727983,0.9955628726885779,0.9971945983449135,49807.00000000006
inverse_test_group_size,3141,student,student_A,F_KD_from_CL_MLP_fair,4,TDMA,0.9347389558232931,0.9423076923076923,0.938508064516129,988.0
pure_group_representative,3141,student,student_A,F_KD_from_CL_MLP_fair,0,Blackhole,0.7647527910685805,0.9448275862068966,0.8453063023358308,1015.0
pure_group_representative,3141,student,student_A,F_KD_from_CL_MLP_fair,1,Flooding,0.8805970149253731,0.9957805907172996,0.9346534653465347,474.0
pure_group_representative,3141,student,student_A,F_KD_from_CL_MLP_fair,2,Grayhole,0.9145642201834863,0.843915343915344,0.8778205833791964,1890.0
pure_group_representative,3141,student,student_A,F_KD_from_CL_MLP_fair,3,Normal,0.9988316815727983,0.9955628726885779,0.9971945983449135,49807.0
pure_group_representative,3141,student,student_A,F_KD_from_CL_MLP_fair,4,TDMA,0.9347389558232931,0.9423076923076923,0.938508064516129,988.0
row_level,3141,student,student_A,F_KD_from_CL_MLP_ext,0,Blackhole,0.7702917771883289,0.9132075471698113,0.8356834532374101,1590.0
row_level,3141,student,student_A,F_KD_from_CL_MLP_ext,1,Flooding,0.8850987432675045,0.9959595959595959,0.9372623574144486,495.0
row_level,3141,student,student_A,F_KD_from_CL_MLP_ext,2,Grayhole,0.8800615069195284,0.7989762680316427,0.8375609756097561,2149.0
row_level,3141,student,student_A,F_KD_from_CL_MLP_ext,3,Normal,0.9988607793840352,0.9957705110632465,0.9973132513580828,51070.0
row_level,3141,student,student_A,F_KD_from_CL_MLP_ext,4,TDMA,0.9437751004016064,0.9428284854563691,0.9433015554440541,997.0
inverse_test_group_size,3141,student,student_A,F_KD_from_CL_MLP_ext,0,Blackhole,0.7382812500000019,0.931034482758621,0.8235294117647073,1014.9999999999998
inverse_test_group_size,3141,student,student_A,F_KD_from_CL_MLP_ext,1,Flooding,0.8822429906542056,0.9957805907172996,0.9355797819623389,474.0
inverse_test_group_size,3141,student,student_A,F_KD_from_CL_MLP_ext,2,Grayhole,0.9057043073341094,0.823280423280423,0.8625277161862526,1890.0000000000002
inverse_test_group_size,3141,student,student_A,F_KD_from_CL_MLP_ext,3,Normal,0.9988319639117126,0.9958038026783383,0.9973155846897841,49807.00000000006
inverse_test_group_size,3141,student,student_A,F_KD_from_CL_MLP_ext,4,TDMA,0.9451776649746193,0.9423076923076923,0.9437404967055246,988.0
pure_group_representative,3141,student,student_A,F_KD_from_CL_MLP_ext,0,Blackhole,0.73828125,0.9310344827586207,0.8235294117647058,1015.0
pure_group_representative,3141,student,student_A,F_KD_from_CL_MLP_ext,1,Flooding,0.8822429906542056,0.9957805907172996,0.9355797819623389,474.0
pure_group_representative,3141,student,student_A,F_KD_from_CL_MLP_ext,2,Grayhole,0.9057043073341094,0.8232804232804233,0.8625277161862528,1890.0
pure_group_representative,3141,student,student_A,F_KD_from_CL_MLP_ext,3,Normal,0.9988319639117126,0.9958038026783383,0.9973155846897841,49807.0
pure_group_representative,3141,student,student_A,F_KD_from_CL_MLP_ext,4,TDMA,0.9451776649746193,0.9423076923076923,0.9437404967055246,988.0
row_level,3141,student,student_A,G_KD_random_pacing,0,Blackhole,0.7693084300858153,0.9584905660377359,0.853542425091011,1590.0
row_level,3141,student,student_A,G_KD_random_pacing,1,Flooding,0.8850987432675045,0.9959595959595959,0.9372623574144486,495.0
row_level,3141,student,student_A,G_KD_random_pacing,2,Grayhole,0.916080129940444,0.7873429502093997,0.8468468468468469,2149.0
row_level,3141,student,student_A,G_KD_random_pacing,3,Normal,0.9988606227286121,0.9956334442921481,0.9972444226526109,51070.0
row_level,3141,student,student_A,G_KD_random_pacing,4,TDMA,0.9307616221562809,0.9438314944834504,0.9372509960159362,997.0
inverse_test_group_size,3141,student,student_A,G_KD_random_pacing,0,Blackhole,0.7431192660550472,0.9576354679802958,0.8368489022815335,1014.9999999999998
inverse_test_group_size,3141,student,student_A,G_KD_random_pacing,1,Flooding,0.8822429906542056,0.9957805907172996,0.9355797819623389,474.0
inverse_test_group_size,3141,student,student_A,G_KD_random_pacing,2,Grayhole,0.9239001189060645,0.822222222222222,0.87010078387458,1890.0000000000002
inverse_test_group_size,3141,student,student_A,G_KD_random_pacing,3,Normal,0.9988318462870839,0.9957034151826049,0.9972651772607533,49807.00000000006
inverse_test_group_size,3141,student,student_A,G_KD_random_pacing,4,TDMA,0.9338677354709419,0.9433198380566802,0.9385699899295066,988.0
pure_group_representative,3141,student,student_A,G_KD_random_pacing,0,Blackhole,0.7431192660550459,0.9576354679802955,0.8368489022815325,1015.0
pure_group_representative,3141,student,student_A,G_KD_random_pacing,1,Flooding,0.8822429906542056,0.9957805907172996,0.9355797819623389,474.0
pure_group_representative,3141,student,student_A,G_KD_random_pacing,2,Grayhole,0.9239001189060642,0.8222222222222222,0.8701007838745801,1890.0
pure_group_representative,3141,student,student_A,G_KD_random_pacing,3,Normal,0.9988318462870839,0.9957034151826049,0.9972651772607533,49807.0
pure_group_representative,3141,student,student_A,G_KD_random_pacing,4,TDMA,0.9338677354709419,0.9433198380566802,0.9385699899295066,988.0
row_level,3141,student,student_A,I_KD_from_SMOTE_MLP,0,Blackhole,0.8036773428232503,0.8522012578616353,0.8272283272283272,1590.0
row_level,3141,student,student_A,I_KD_from_SMOTE_MLP,1,Flooding,0.891500904159132,0.9959595959595959,0.9408396946564885,495.0
row_level,3141,student,student_A,I_KD_from_SMOTE_MLP,2,Grayhole,0.8493919550982226,0.8450442066077245,0.847212502915792,2149.0
row_level,3141,student,student_A,I_KD_from_SMOTE_MLP,3,Normal,0.9988013833215437,0.9953201488153515,0.997057727388635,51070.0
row_level,3141,student,student_A,I_KD_from_SMOTE_MLP,4,TDMA,0.9108527131782945,0.9428284854563691,0.9265648102513554,997.0
inverse_test_group_size,3141,student,student_A,I_KD_from_SMOTE_MLP,0,Blackhole,0.7679653679653694,0.8738916256157635,0.817511520737328,1014.9999999999998
inverse_test_group_size,3141,student,student_A,I_KD_from_SMOTE_MLP,1,Flooding,0.8872180451127819,0.9957805907172996,0.9383697813121272,474.0
inverse_test_group_size,3141,student,student_A,I_KD_from_SMOTE_MLP,2,Grayhole,0.8843426077468629,0.8576719576719575,0.8708031157668545,1890.0000000000002
inverse_test_group_size,3141,student,student_A,I_KD_from_SMOTE_MLP,3,Normal,0.9987911755817468,0.9953420201979641,0.9970636149715412,49807.00000000006
inverse_test_group_size,3141,student,student_A,I_KD_from_SMOTE_MLP,4,TDMA,0.9136408243375859,0.9423076923076923,0.9277528649725959,988.0
pure_group_representative,3141,student,student_A,I_KD_from_SMOTE_MLP,0,Blackhole,0.767965367965368,0.8738916256157635,0.8175115207373271,1015.0
pure_group_representative,3141,student,student_A,I_KD_from_SMOTE_MLP,1,Flooding,0.8872180451127819,0.9957805907172996,0.9383697813121272,474.0
pure_group_representative,3141,student,student_A,I_KD_from_SMOTE_MLP,2,Grayhole,0.884342607746863,0.8576719576719577,0.8708031157668547,1890.0
pure_group_representative,3141,student,student_A,I_KD_from_SMOTE_MLP,3,Normal,0.9987911755817468,0.9953420201979641,0.9970636149715412,49807.0
pure_group_representative,3141,student,student_A,I_KD_from_SMOTE_MLP,4,TDMA,0.9136408243375859,0.9423076923076923,0.9277528649725959,988.0
row_level,3141,student,student_A,J_CoDistill_RF_CL,0,Blackhole,0.7758527341635084,0.9012578616352201,0.8338667442537097,1590.0
row_level,3141,student,student_A,J_CoDistill_RF_CL,1,Flooding,0.891500904159132,0.9959595959595959,0.9408396946564885,495.0
row_level,3141,student,student_A,J_CoDistill_RF_CL,2,Grayhole,0.8862121988723731,0.8045602605863192,0.8434146341463414,2149.0
row_level,3141,student,student_A,J_CoDistill_RF_CL,3,Normal,0.9987446549762662,0.9970236929704327,0.9978834319758555,51070.0
row_level,3141,student,student_A,J_CoDistill_RF_CL,4,TDMA,0.9721074380165289,0.9438314944834504,0.9577608142493639,997.0
inverse_test_group_size,3141,student,student_A,J_CoDistill_RF_CL,0,Blackhole,0.7425343018563367,0.9064039408866996,0.8163265306122455,1014.9999999999998
inverse_test_group_size,3141,student,student_A,J_CoDistill_RF_CL,1,Flooding,0.8872180451127819,0.9957805907172996,0.9383697813121272,474.0
inverse_test_group_size,3141,student,student_A,J_CoDistill_RF_CL,2,Grayhole,0.9088798607080676,0.8285714285714284,0.8668696374204262,1890.0000000000002
inverse_test_group_size,3141,student,student_A,J_CoDistill_RF_CL,3,Normal,0.9987329297479938,0.9970084526271408,0.9978699461458083,49807.00000000006
inverse_test_group_size,3141,student,student_A,J_CoDistill_RF_CL,4,TDMA,0.9718456725755996,0.9433198380566802,0.9573703133025167,988.0
pure_group_representative,3141,student,student_A,J_CoDistill_RF_CL,0,Blackhole,0.7425343018563357,0.9064039408866995,0.8163265306122449,1015.0
pure_group_representative,3141,student,student_A,J_CoDistill_RF_CL,1,Flooding,0.8872180451127819,0.9957805907172996,0.9383697813121272,474.0
pure_group_representative,3141,student,student_A,J_CoDistill_RF_CL,2,Grayhole,0.9088798607080674,0.8285714285714286,0.8668696374204262,1890.0
pure_group_representative,3141,student,student_A,J_CoDistill_RF_CL,3,Normal,0.9987329297479938,0.9970084526271408,0.9978699461458083,49807.0
pure_group_representative,3141,student,student_A,J_CoDistill_RF_CL,4,TDMA,0.9718456725755996,0.9433198380566802,0.9573703133025167,988.0
row_level,3141,student,student_B,D_Small_MLP,0,Blackhole,0.8387273724629731,0.9616352201257862,0.8959859361265748,1590.0
row_level,3141,student,student_B,D_Small_MLP,1,Flooding,0.8819320214669052,0.9959595959595959,0.9354838709677419,495.0
row_level,3141,student,student_B,D_Small_MLP,2,Grayhole,0.9302908726178536,0.8631921824104235,0.8954863625392228,2149.0
row_level,3141,student,student_B,D_Small_MLP,3,Normal,0.9988413652252465,0.9959467397689445,0.9973919523099851,51070.0
row_level,3141,student,student_B,D_Small_MLP,4,TDMA,0.938185443668993,0.9438314944834504,0.941,997.0
inverse_test_group_size,3141,student,student_B,D_Small_MLP,0,Blackhole,0.8201680672268925,0.9615763546798032,0.8852607709750577,1014.9999999999998
inverse_test_group_size,3141,student,student_B,D_Small_MLP,1,Flooding,0.8773234200743495,0.9957805907172996,0.932806324110672,474.0
inverse_test_group_size,3141,student,student_B,D_Small_MLP,2,Grayhole,0.9368362213527108,0.8867724867724863,0.9111171513998365,1890.0000000000002
inverse_test_group_size,3141,student,student_B,D_Small_MLP,3,Normal,0.9988120885094731,0.9960045776698054,0.9974063574401351,49807.00000000006
inverse_test_group_size,3141,student,student_B,D_Small_MLP,4,TDMA,0.9414141414141414,0.9433198380566802,0.942366026289181,988.0
pure_group_representative,3141,student,student_B,D_Small_MLP,0,Blackhole,0.8201680672268907,0.961576354679803,0.8852607709750567,1015.0
pure_group_representative,3141,student,student_B,D_Small_MLP,1,Flooding,0.8773234200743495,0.9957805907172996,0.932806324110672,474.0
pure_group_representative,3141,student,student_B,D_Small_MLP,2,Grayhole,0.936836221352711,0.8867724867724868,0.911117151399837,1890.0
pure_group_representative,3141,student,student_B,D_Small_MLP,3,Normal,0.9988120885094731,0.9960045776698054,0.9974063574401351,49807.0
pure_group_representative,3141,student,student_B,D_Small_MLP,4,TDMA,0.9414141414141414,0.9433198380566802,0.942366026289181,988.0
row_level,3141,student,student_B,E_KD_from_RF,0,Blackhole,0.9042424242424243,0.9383647798742139,0.9209876543209876,1590.0
row_level,3141,student,student_B,E_KD_from_RF,1,Flooding,0.891500904159132,0.9959595959595959,0.9408396946564885,495.0
row_level,3141,student,student_B,E_KD_from_RF,2,Grayhole,0.9370265151515151,0.9208934388087483,0.928889931940859,2149.0
row_level,3141,student,student_B,E_KD_from_RF,3,Normal,0.9986282847680822,0.9978656745643235,0.9982468340172966,51070.0
row_level,3141,student,student_B,E_KD_from_RF,4,TDMA,0.9853403141361257,0.9438314944834504,0.9641393442622951,997.0
inverse_test_group_size,3141,student,student_B,E_KD_from_RF,0,Blackhole,0.8828491096532349,0.9280788177339905,0.9048991354466868,1014.9999999999998
inverse_test_group_size,3141,student,student_B,E_KD_from_RF,1,Flooding,0.8872180451127819,0.9957805907172996,0.9383697813121272,474.0
inverse_test_group_size,3141,student,student_B,E_KD_from_RF,2,Grayhole,0.941997851772288,0.9280423280423278,0.9349680170575692,1890.0000000000002
inverse_test_group_size,3141,student,student_B,E_KD_from_RF,3,Normal,0.9986135390921695,0.997811552593009,0.9982123847590737,49807.00000000006
inverse_test_group_size,3141,student,student_B,E_KD_from_RF,4,TDMA,0.985200845665962,0.9433198380566802,0.9638055842812823,988.0
pure_group_representative,3141,student,student_B,E_KD_from_RF,0,Blackhole,0.8828491096532334,0.9280788177339901,0.9048991354466859,1015.0
pure_group_representative,3141,student,student_B,E_KD_from_RF,1,Flooding,0.8872180451127819,0.9957805907172996,0.9383697813121272,474.0
pure_group_representative,3141,student,student_B,E_KD_from_RF,2,Grayhole,0.9419978517722879,0.928042328042328,0.9349680170575693,1890.0
pure_group_representative,3141,student,student_B,E_KD_from_RF,3,Normal,0.9986135390921695,0.997811552593009,0.9982123847590737,49807.0
pure_group_representative,3141,student,student_B,E_KD_from_RF,4,TDMA,0.985200845665962,0.9433198380566802,0.9638055842812823,988.0
row_level,3141,student,student_B,E2_KD_from_MLP,0,Blackhole,0.806553911205074,0.959748427672956,0.8765077541642734,1590.0
row_level,3141,student,student_B,E2_KD_from_MLP,1,Flooding,0.8803571428571428,0.9959595959595959,0.9345971563981043,495.0
row_level,3141,student,student_B,E2_KD_from_MLP,2,Grayhole,0.9171810699588477,0.8296882270823639,0.8712435866112875,2149.0
row_level,3141,student,student_B,E2_KD_from_MLP,3,Normal,0.9988603988603989,0.9954376346191501,0.9971460795370961,51070.0
row_level,3141,student,student_B,E2_KD_from_MLP,4,TDMA,0.9316831683168317,0.9438314944834504,0.9377179870453413,997.0
inverse_test_group_size,3141,student,student_B,E2_KD_from_MLP,0,Blackhole,0.7722534081796326,0.9487684729064041,0.8514588859416455,1014.9999999999998
inverse_test_group_size,3141,student,student_B,E2_KD_from_MLP,1,Flooding,0.8773234200743495,0.9957805907172996,0.932806324110672,474.0
inverse_test_group_size,3141,student,student_B,E2_KD_from_MLP,2,Grayhole,0.9171901770416907,0.8497354497354493,0.8821752265861027,1890.0000000000002
inverse_test_group_size,3141,student,student_B,E2_KD_from_MLP,3,Normal,0.9988316345030418,0.9955227176902846,0.9971744311154461,49807.00000000006
inverse_test_group_size,3141,student,student_B,E2_KD_from_MLP,4,TDMA,0.9357429718875502,0.9433198380566802,0.9395161290322581,988.0
pure_group_representative,3141,student,student_B,E2_KD_from_MLP,0,Blackhole,0.7722534081796311,0.948768472906404,0.8514588859416445,1015.0
pure_group_representative,3141,student,student_B,E2_KD_from_MLP,1,Flooding,0.8773234200743495,0.9957805907172996,0.932806324110672,474.0
pure_group_representative,3141,student,student_B,E2_KD_from_MLP,2,Grayhole,0.9171901770416905,0.8497354497354498,0.8821752265861027,1890.0
pure_group_representative,3141,student,student_B,E2_KD_from_MLP,3,Normal,0.9988316345030418,0.9955227176902846,0.9971744311154461,49807.0
pure_group_representative,3141,student,student_B,E2_KD_from_MLP,4,TDMA,0.9357429718875502,0.9433198380566802,0.9395161290322581,988.0
row_level,3141,student,student_B,F_KD_from_CL_MLP_fair,0,Blackhole,0.8047593293672255,0.9358490566037736,0.8653678394882233,1590.0
row_level,3141,student,student_B,F_KD_from_CL_MLP_fair,1,Flooding,0.8866906474820144,0.9959595959595959,0.9381541389153187,495.0
row_level,3141,student,student_B,F_KD_from_CL_MLP_fair,2,Grayhole,0.8998490186210367,0.8320148906468124,0.8646034816247582,2149.0
row_level,3141,student,student_B,F_KD_from_CL_MLP_fair,3,Normal,0.9988607346297388,0.9957313491286469,0.9972935869778388,51070.0
row_level,3141,student,student_B,F_KD_from_CL_MLP_fair,4,TDMA,0.9419419419419419,0.9438314944834504,0.9428857715430862,997.0
inverse_test_group_size,3141,student,student_B,F_KD_from_CL_MLP_fair,0,Blackhole,0.7790601813685089,0.9310344827586208,0.8482944344703776,1014.9999999999998
inverse_test_group_size,3141,student,student_B,F_KD_from_CL_MLP_fair,1,Flooding,0.8838951310861424,0.9957805907172996,0.9365079365079365,474.0
inverse_test_group_size,3141,student,student_B,F_KD_from_CL_MLP_fair,2,Grayhole,0.9086834733893561,0.8582010582010576,0.882721088435374,1890.0000000000002
inverse_test_group_size,3141,student,student_B,F_KD_from_CL_MLP_fair,3,Normal,0.9988319168647037,0.995763647680045,0.9972954223263389,49807.00000000006
inverse_test_group_size,3141,student,student_B,F_KD_from_CL_MLP_fair,4,TDMA,0.9433198380566802,0.9433198380566802,0.9433198380566802,988.0
pure_group_representative,3141,student,student_B,F_KD_from_CL_MLP_fair,0,Blackhole,0.7790601813685079,0.9310344827586207,0.848294434470377,1015.0
pure_group_representative,3141,student,student_B,F_KD_from_CL_MLP_fair,1,Flooding,0.8838951310861424,0.9957805907172996,0.9365079365079365,474.0
pure_group_representative,3141,student,student_B,F_KD_from_CL_MLP_fair,2,Grayhole,0.9086834733893557,0.8582010582010582,0.8827210884353741,1890.0
pure_group_representative,3141,student,student_B,F_KD_from_CL_MLP_fair,3,Normal,0.9988319168647037,0.995763647680045,0.9972954223263389,49807.0
pure_group_representative,3141,student,student_B,F_KD_from_CL_MLP_fair,4,TDMA,0.9433198380566802,0.9433198380566802,0.9433198380566802,988.0
row_level,3141,student,student_B,F_KD_from_CL_MLP_ext,0,Blackhole,0.7950990615224192,0.9591194968553459,0.8694412770809579,1590.0
row_level,3141,student,student_B,F_KD_from_CL_MLP_ext,1,Flooding,0.8835125448028673,0.9959595959595959,0.936372269705603,495.0
row_level,3141,student,student_B,F_KD_from_CL_MLP_ext,2,Grayhole,0.9169712793733682,0.8171242438343416,0.8641732283464567,2149.0
row_level,3141,student,student_B,F_KD_from_CL_MLP_ext,3,Normal,0.9988608688820803,0.9958488349324457,0.9973525778047967,51070.0
row_level,3141,student,student_B,F_KD_from_CL_MLP_ext,4,TDMA,0.9466800804828974,0.9438314944834504,0.945253641386238,997.0
inverse_test_group_size,3141,student,student_B,F_KD_from_CL_MLP_ext,0,Blackhole,0.7661927330173791,0.955665024630542,0.8505041648399835,1014.9999999999998
inverse_test_group_size,3141,student,student_B,F_KD_from_CL_MLP_ext,1,Flooding,0.8805970149253731,0.9957805907172996,0.9346534653465347,474.0
inverse_test_group_size,3141,student,student_B,F_KD_from_CL_MLP_ext,2,Grayhole,0.9219201850780803,0.8433862433862429,0.8809063277148383,1890.0000000000002
inverse_test_group_size,3141,student,student_B,F_KD_from_CL_MLP_ext,3,Normal,0.9988320579943617,0.9958841126749253,0.9973559069842259,49807.00000000006
inverse_test_group_size,3141,student,student_B,F_KD_from_CL_MLP_ext,4,TDMA,0.948118006103764,0.9433198380566802,0.945712836123795,988.0
pure_group_representative,3141,student,student_B,F_KD_from_CL_MLP_ext,0,Blackhole,0.7661927330173776,0.9556650246305419,0.8505041648399825,1015.0
pure_group_representative,3141,student,student_B,F_KD_from_CL_MLP_ext,1,Flooding,0.8805970149253731,0.9957805907172996,0.9346534653465347,474.0
pure_group_representative,3141,student,student_B,F_KD_from_CL_MLP_ext,2,Grayhole,0.9219201850780798,0.8433862433862434,0.8809063277148383,1890.0
pure_group_representative,3141,student,student_B,F_KD_from_CL_MLP_ext,3,Normal,0.9988320579943617,0.9958841126749252,0.9973559069842259,49807.0
pure_group_representative,3141,student,student_B,F_KD_from_CL_MLP_ext,4,TDMA,0.948118006103764,0.9433198380566802,0.945712836123795,988.0
row_level,3141,student,student_B,G_KD_random_pacing,0,Blackhole,0.8100220264317181,0.9251572327044025,0.8637698179682912,1590.0
row_level,3141,student,student_B,G_KD_random_pacing,1,Flooding,0.8803571428571428,0.9959595959595959,0.9345971563981043,495.0
row_level,3141,student,student_B,G_KD_random_pacing,2,Grayhole,0.8975124378109453,0.8394602140530479,0.8675162298629479,2149.0
row_level,3141,student,student_B,G_KD_random_pacing,3,Normal,0.9988607570073265,0.9957509300959467,0.9973034192643728,51070.0
row_level,3141,student,student_B,G_KD_random_pacing,4,TDMA,0.9372509960159362,0.9438314944834504,0.9405297351324338,997.0
inverse_test_group_size,3141,student,student_B,G_KD_random_pacing,0,Blackhole,0.783873649210309,0.9290640394088671,0.8503155996393157,1014.9999999999998
inverse_test_group_size,3141,student,student_B,G_KD_random_pacing,1,Flooding,0.8773234200743495,0.9957805907172996,0.932806324110672,474.0
inverse_test_group_size,3141,student,student_B,G_KD_random_pacing,2,Grayhole,0.9131652661064424,0.8624338624338619,0.8870748299319724,1890.0000000000002
inverse_test_group_size,3141,student,student_B,G_KD_random_pacing,3,Normal,0.998831940388682,0.9957837251791917,0.9973055036094187,49807.00000000006
inverse_test_group_size,3141,student,student_B,G_KD_random_pacing,4,TDMA,0.9385699899295066,0.9433198380566802,0.9409389197375063,988.0
pure_group_representative,3141,student,student_B,G_KD_random_pacing,0,Blackhole,0.7838736492103076,0.929064039408867,0.8503155996393147,1015.0
pure_group_representative,3141,student,student_B,G_KD_random_pacing,1,Flooding,0.8773234200743495,0.9957805907172996,0.932806324110672,474.0
pure_group_representative,3141,student,student_B,G_KD_random_pacing,2,Grayhole,0.9131652661064426,0.8624338624338624,0.8870748299319728,1890.0
pure_group_representative,3141,student,student_B,G_KD_random_pacing,3,Normal,0.998831940388682,0.9957837251791917,0.9973055036094187,49807.0
pure_group_representative,3141,student,student_B,G_KD_random_pacing,4,TDMA,0.9385699899295066,0.9433198380566802,0.9409389197375063,988.0
row_level,3141,student,student_B,I_KD_from_SMOTE_MLP,0,Blackhole,0.8029395753946652,0.9276729559748428,0.8608112051356872,1590.0
row_level,3141,student,student_B,I_KD_from_SMOTE_MLP,1,Flooding,0.891500904159132,0.9959595959595959,0.9408396946564885,495.0
row_level,3141,student,student_B,I_KD_from_SMOTE_MLP,2,Grayhole,0.9006555723651034,0.8310842252210331,0.8644724104549855,2149.0
row_level,3141,student,student_B,I_KD_from_SMOTE_MLP,3,Normal,0.9988214727661998,0.9957117681613472,0.9972641962718546,51070.0
row_level,3141,student,student_B,I_KD_from_SMOTE_MLP,4,TDMA,0.9252704031465093,0.9438314944834504,0.9344587884806356,997.0
inverse_test_group_size,3141,student,student_B,I_KD_from_SMOTE_MLP,0,Blackhole,0.7801831806827657,0.9231527093596061,0.845667870036102,1014.9999999999998
inverse_test_group_size,3141,student,student_B,I_KD_from_SMOTE_MLP,1,Flooding,0.8872180451127819,0.9957805907172996,0.9383697813121272,474.0
inverse_test_group_size,3141,student,student_B,I_KD_from_SMOTE_MLP,2,Grayhole,0.9124087591240881,0.8597883597883593,0.8853173522201035,1890.0000000000002
inverse_test_group_size,3141,student,student_B,I_KD_from_SMOTE_MLP,3,Normal,0.9987917354706191,0.9958038026783383,0.9972955310913386,49807.00000000006
inverse_test_group_size,3141,student,student_B,I_KD_from_SMOTE_MLP,4,TDMA,0.9301397205588823,0.9433198380566802,0.9366834170854271,988.0
pure_group_representative,3141,student,student_B,I_KD_from_SMOTE_MLP,0,Blackhole,0.7801831806827644,0.9231527093596059,0.8456678700361011,1015.0
pure_group_representative,3141,student,student_B,I_KD_from_SMOTE_MLP,1,Flooding,0.8872180451127819,0.9957805907172996,0.9383697813121272,474.0
pure_group_representative,3141,student,student_B,I_KD_from_SMOTE_MLP,2,Grayhole,0.9124087591240876,0.8597883597883598,0.8853173522201035,1890.0
pure_group_representative,3141,student,student_B,I_KD_from_SMOTE_MLP,3,Normal,0.9987917354706191,0.9958038026783383,0.9972955310913386,49807.0
pure_group_representative,3141,student,student_B,I_KD_from_SMOTE_MLP,4,TDMA,0.9301397205588823,0.9433198380566802,0.9366834170854271,988.0
row_level,3141,student,student_B,J_CoDistill_RF_CL,0,Blackhole,0.9161940768746062,0.9144654088050315,0.9153289266603715,1590.0
row_level,3141,student,student_B,J_CoDistill_RF_CL,1,Flooding,0.891500904159132,0.9959595959595959,0.9408396946564885,495.0
row_level,3141,student,student_B,J_CoDistill_RF_CL,2,Grayhole,0.9104072398190045,0.9362494183341089,0.9231475108969948,2149.0
row_level,3141,student,student_B,J_CoDistill_RF_CL,3,Normal,0.9987837175085826,0.9969257881339338,0.9978538879905924,51070.0
row_level,3141,student,student_B,J_CoDistill_RF_CL,4,TDMA,0.9641393442622951,0.9438314944834504,0.9538773441459706,997.0
inverse_test_group_size,3141,student,student_B,J_CoDistill_RF_CL,0,Blackhole,0.8976833976833999,0.9162561576354681,0.9068746952706008,1014.9999999999998
inverse_test_group_size,3141,student,student_B,J_CoDistill_RF_CL,1,Flooding,0.8872180451127819,0.9957805907172996,0.9383697813121272,474.0
inverse_test_group_size,3141,student,student_B,J_CoDistill_RF_CL,2,Grayhole,0.9247144340602281,0.9423280423280421,0.933438155136268,1890.0000000000002
inverse_test_group_size,3141,student,student_B,J_CoDistill_RF_CL,3,Normal,0.9987730061349693,0.996928142630554,0.9978497216695806,49807.00000000006
inverse_test_group_size,3141,student,student_B,J_CoDistill_RF_CL,4,TDMA,0.9658031088082901,0.9433198380566802,0.9544290834613415,988.0
pure_group_representative,3141,student,student_B,J_CoDistill_RF_CL,0,Blackhole,0.8976833976833977,0.916256157635468,0.9068746952705997,1015.0
pure_group_representative,3141,student,student_B,J_CoDistill_RF_CL,1,Flooding,0.8872180451127819,0.9957805907172996,0.9383697813121272,474.0
pure_group_representative,3141,student,student_B,J_CoDistill_RF_CL,2,Grayhole,0.9247144340602285,0.9423280423280423,0.9334381551362684,1890.0
pure_group_representative,3141,student,student_B,J_CoDistill_RF_CL,3,Normal,0.9987730061349693,0.996928142630554,0.9978497216695806,49807.0
pure_group_representative,3141,student,student_B,J_CoDistill_RF_CL,4,TDMA,0.9658031088082901,0.9433198380566802,0.9544290834613415,988.0
row_level,5678,teacher,,A_RF_500_uncalibrated,0,Blackhole,0.9838408949658173,0.9955974842767296,0.9896842763363551,1590.0
row_level,5678,teacher,,A_RF_500_uncalibrated,1,Flooding,0.924953095684803,0.9959595959595959,0.9591439688715954,495.0
row_level,5678,teacher,,A_RF_500_uncalibrated,2,Grayhole,0.9859221022993899,0.9776640297812936,0.9817757009345794,2149.0
row_level,5678,teacher,,A_RF_500_uncalibrated,3,Normal,0.9984144073602819,0.9987076561582142,0.9985610102295531,51070.0
row_level,5678,teacher,,A_RF_500_uncalibrated,4,TDMA,0.9968186638388123,0.9428284854563691,0.9690721649484536,997.0
inverse_test_group_size,5678,teacher,,A_RF_500_uncalibrated,0,Blackhole,0.9814995131450832,0.993103448275862,0.9872673849167485,1014.9999999999998
inverse_test_group_size,5678,teacher,,A_RF_500_uncalibrated,1,Flooding,0.921875,0.9957805907172996,0.9574036511156186,474.0
inverse_test_group_size,5678,teacher,,A_RF_500_uncalibrated,2,Grayhole,0.9840425531914894,0.9788359788359787,0.9814323607427056,1890.0000000000002
inverse_test_group_size,5678,teacher,,A_RF_500_uncalibrated,3,Normal,0.9983942514200839,0.9986748850563174,0.9985345485204963,49807.00000000006
inverse_test_group_size,5678,teacher,,A_RF_500_uncalibrated,4,TDMA,0.9967880085653105,0.9423076923076923,0.9687825182101977,988.0
pure_group_representative,5678,teacher,,A_RF_500_uncalibrated,0,Blackhole,0.9814995131450828,0.993103448275862,0.9872673849167483,1015.0
pure_group_representative,5678,teacher,,A_RF_500_uncalibrated,1,Flooding,0.921875,0.9957805907172996,0.9574036511156186,474.0
pure_group_representative,5678,teacher,,A_RF_500_uncalibrated,2,Grayhole,0.9840425531914894,0.9788359788359788,0.9814323607427056,1890.0
pure_group_representative,5678,teacher,,A_RF_500_uncalibrated,3,Normal,0.9983942514200839,0.9986748850563174,0.9985345485204963,49807.0
pure_group_representative,5678,teacher,,A_RF_500_uncalibrated,4,TDMA,0.9967880085653105,0.9423076923076923,0.9687825182101977,988.0
row_level,5678,teacher,,A_calibrated_RF_KD_teacher,0,Blackhole,0.986198243412798,0.9886792452830189,0.9874371859296482,1590.0
row_level,5678,teacher,,A_calibrated_RF_KD_teacher,1,Flooding,0.9297912713472486,0.98989898989899,0.958904109589041,495.0
row_level,5678,teacher,,A_calibrated_RF_KD_teacher,2,Grayhole,0.9791473586654309,0.9832480223359702,0.9811934060831206,2149.0
row_level,5678,teacher,,A_calibrated_RF_KD_teacher,3,Normal,0.9985121086943753,0.9986880751909144,0.998600084190741,51070.0
row_level,5678,teacher,,A_calibrated_RF_KD_teacher,4,TDMA,0.9968186638388123,0.9428284854563691,0.9690721649484536,997.0
inverse_test_group_size,5678,teacher,,A_calibrated_RF_KD_teacher,0,Blackhole,0.985207100591716,0.9842364532019705,0.9847215377033022,1014.9999999999998
inverse_test_group_size,5678,teacher,,A_calibrated_RF_KD_teacher,1,Flooding,0.9268774703557312,0.989451476793249,0.9571428571428572,474.0
inverse_test_group_size,5678,teacher,,A_calibrated_RF_KD_teacher,2,Grayhole,0.9774278215223098,0.985185185185185,0.9812911725955205,1890.0000000000002
inverse_test_group_size,5678,teacher,,A_calibrated_RF_KD_teacher,3,Normal,0.9984944293887383,0.9986548075571707,0.9985746120334866,49807.00000000006
inverse_test_group_size,5678,teacher,,A_calibrated_RF_KD_teacher,4,TDMA,0.9967880085653105,0.9423076923076923,0.9687825182101977,988.0
pure_group_representative,5678,teacher,,A_calibrated_RF_KD_teacher,0,Blackhole,0.985207100591716,0.9842364532019704,0.9847215377033022,1015.0
pure_group_representative,5678,teacher,,A_calibrated_RF_KD_teacher,1,Flooding,0.9268774703557312,0.989451476793249,0.9571428571428572,474.0
pure_group_representative,5678,teacher,,A_calibrated_RF_KD_teacher,2,Grayhole,0.9774278215223097,0.9851851851851852,0.9812911725955205,1890.0
pure_group_representative,5678,teacher,,A_calibrated_RF_KD_teacher,3,Normal,0.9984944293887383,0.9986548075571707,0.9985746120334866,49807.0
pure_group_representative,5678,teacher,,A_calibrated_RF_KD_teacher,4,TDMA,0.9967880085653105,0.9423076923076923,0.9687825182101977,988.0
row_level,5678,teacher,,B_Full_MLP,0,Blackhole,0.7913223140495868,0.9635220125786164,0.8689733408961997,1590.0
row_level,5678,teacher,,B_Full_MLP,1,Flooding,0.8850987432675045,0.9959595959595959,0.9372623574144486,495.0
row_level,5678,teacher,,B_Full_MLP,2,Grayhole,0.917937927406628,0.8120055839925546,0.8617283950617284,2149.0
row_level,5678,teacher,,B_Full_MLP,3,Normal,0.9988411148867632,0.9957313491286469,0.9972838077681137,51070.0
row_level,5678,teacher,,B_Full_MLP,4,TDMA,0.9447791164658634,0.9438314944834504,0.9443050677370798,997.0
inverse_test_group_size,5678,teacher,,B_Full_MLP,0,Blackhole,0.7605965463108335,0.9546798029556653,0.8466579292267377,1014.9999999999998
inverse_test_group_size,5678,teacher,,B_Full_MLP,1,Flooding,0.8805970149253731,0.9957805907172996,0.9346534653465347,474.0
inverse_test_group_size,5678,teacher,,B_Full_MLP,2,Grayhole,0.9188405797101451,0.8386243386243382,0.8769017980636237,1890.0000000000002
inverse_test_group_size,5678,teacher,,B_Full_MLP,3,Normal,0.9988117775003021,0.9957435701808983,0.9972753139421482,49807.00000000006
inverse_test_group_size,5678,teacher,,B_Full_MLP,4,TDMA,0.9461928934010152,0.9433198380566802,0.9447541814495691,988.0
pure_group_representative,5678,teacher,,B_Full_MLP,0,Blackhole,0.7605965463108321,0.954679802955665,0.8466579292267365,1015.0
pure_group_representative,5678,teacher,,B_Full_MLP,1,Flooding,0.8805970149253731,0.9957805907172996,0.9346534653465347,474.0
pure_group_representative,5678,teacher,,B_Full_MLP,2,Grayhole,0.9188405797101449,0.8386243386243386,0.8769017980636238,1890.0
pure_group_representative,5678,teacher,,B_Full_MLP,3,Normal,0.9988117775003021,0.9957435701808983,0.9972753139421482,49807.0
pure_group_representative,5678,teacher,,B_Full_MLP,4,TDMA,0.9461928934010152,0.9433198380566802,0.9447541814495691,988.0
row_level,5678,teacher,,C_CL_MLP_loss_fair,0,Blackhole,0.7657342657342657,0.9641509433962264,0.8535634743875279,1590.0
row_level,5678,teacher,,C_CL_MLP_loss_fair,1,Flooding,0.8803571428571428,0.9959595959595959,0.9345971563981043,495.0
row_level,5678,teacher,,C_CL_MLP_loss_fair,2,Grayhole,0.920591456736035,0.7822242903676129,0.8457861635220125,2149.0
row_level,5678,teacher,,C_CL_MLP_loss_fair,3,Normal,0.9988413652252465,0.9959467397689445,0.9973919523099851,51070.0
row_level,5678,teacher,,C_CL_MLP_loss_fair,4,TDMA,0.9495459132189707,0.9438314944834504,0.9466800804828974,997.0
inverse_test_group_size,5678,teacher,,C_CL_MLP_loss_fair,0,Blackhole,0.7326283987915418,0.9556650246305419,0.8294142796066702,1014.9999999999998
inverse_test_group_size,5678,teacher,,C_CL_MLP_loss_fair,1,Flooding,0.8773234200743495,0.9957805907172996,0.932806324110672,474.0
inverse_test_group_size,5678,teacher,,C_CL_MLP_loss_fair,2,Grayhole,0.9225690276110446,0.8132275132275126,0.8644544431946004,1890.0000000000002
inverse_test_group_size,5678,teacher,,C_CL_MLP_loss_fair,3,Normal,0.998812064591471,0.9959845001706588,0.9973962783871,49807.00000000006
inverse_test_group_size,5678,teacher,,C_CL_MLP_loss_fair,4,TDMA,0.9510204081632653,0.9433198380566802,0.9471544715447154,988.0
pure_group_representative,5678,teacher,,C_CL_MLP_loss_fair,0,Blackhole,0.7326283987915407,0.9556650246305419,0.8294142796066695,1015.0
pure_group_representative,5678,teacher,,C_CL_MLP_loss_fair,1,Flooding,0.8773234200743495,0.9957805907172996,0.932806324110672,474.0
pure_group_representative,5678,teacher,,C_CL_MLP_loss_fair,2,Grayhole,0.9225690276110444,0.8132275132275132,0.8644544431946006,1890.0
pure_group_representative,5678,teacher,,C_CL_MLP_loss_fair,3,Normal,0.998812064591471,0.9959845001706588,0.9973962783871,49807.0
pure_group_representative,5678,teacher,,C_CL_MLP_loss_fair,4,TDMA,0.9510204081632653,0.9433198380566802,0.9471544715447154,988.0
row_level,5678,teacher,,C_CL_MLP_loss_ext,0,Blackhole,0.763895720609936,0.9767295597484277,0.8573005796301407,1590.0
row_level,5678,teacher,,C_CL_MLP_loss_ext,1,Flooding,0.8772241992882562,0.9959595959595959,0.9328287606433302,495.0
row_level,5678,teacher,,C_CL_MLP_loss_ext,2,Grayhole,0.9292873051224945,0.7766402978129362,0.8461343472750317,2149.0
row_level,5678,teacher,,C_CL_MLP_loss_ext,3,Normal,0.9988414562306092,0.9960250636381437,0.9974312718145809,51070.0
row_level,5678,teacher,,C_CL_MLP_loss_ext,4,TDMA,0.9552845528455285,0.9428284854563691,0.9490156486622918,997.0
inverse_test_group_size,5678,teacher,,C_CL_MLP_loss_ext,0,Blackhole,0.7282850779510033,0.9665024630541871,0.83065198983912,1014.9999999999998
inverse_test_group_size,5678,teacher,,C_CL_MLP_loss_ext,1,Flooding,0.8740740740740741,0.9957805907172996,0.9309664694280079,474.0
inverse_test_group_size,5678,teacher,,C_CL_MLP_loss_ext,2,Grayhole,0.9270072992700731,0.8063492063492058,0.8624787775891338,1890.0000000000002
inverse_test_group_size,5678,teacher,,C_CL_MLP_loss_ext,3,Normal,0.9988121602577008,0.9960648101672456,0.9974365933833952,49807.00000000006
inverse_test_group_size,5678,teacher,,C_CL_MLP_loss_ext,4,TDMA,0.9568345323741008,0.9423076923076923,0.9495155532891382,988.0
pure_group_representative,5678,teacher,,C_CL_MLP_loss_ext,0,Blackhole,0.7282850779510023,0.9665024630541872,0.8306519898391194,1015.0
pure_group_representative,5678,teacher,,C_CL_MLP_loss_ext,1,Flooding,0.8740740740740741,0.9957805907172996,0.9309664694280079,474.0
pure_group_representative,5678,teacher,,C_CL_MLP_loss_ext,2,Grayhole,0.927007299270073,0.8063492063492064,0.8624787775891342,1890.0
pure_group_representative,5678,teacher,,C_CL_MLP_loss_ext,3,Normal,0.9988121602577008,0.9960648101672456,0.9974365933833952,49807.0
pure_group_representative,5678,teacher,,C_CL_MLP_loss_ext,4,TDMA,0.9568345323741008,0.9423076923076923,0.9495155532891382,988.0
row_level,5678,teacher,,C2_CL_MLP_domain,0,Blackhole,0.7696307852314093,0.9308176100628931,0.8425846854540279,1590.0
row_level,5678,teacher,,C2_CL_MLP_domain,1,Flooding,0.8850987432675045,0.9959595959595959,0.9372623574144486,495.0
row_level,5678,teacher,,C2_CL_MLP_domain,2,Grayhole,0.8927263212977499,0.7938576081898557,0.8403940886699507,2149.0
row_level,5678,teacher,,C2_CL_MLP_domain,3,Normal,0.9988411831716227,0.9957900920305464,0.9973133040476938,51070.0
row_level,5678,teacher,,C2_CL_MLP_domain,4,TDMA,0.9447791164658634,0.9438314944834504,0.9443050677370798,997.0
inverse_test_group_size,5678,teacher,,C2_CL_MLP_domain,0,Blackhole,0.735819735819737,0.9330049261083743,0.8227628149435281,1014.9999999999998
inverse_test_group_size,5678,teacher,,C2_CL_MLP_domain,1,Flooding,0.8822429906542056,0.9957805907172996,0.9355797819623389,474.0
inverse_test_group_size,5678,teacher,,C2_CL_MLP_domain,2,Grayhole,0.9069631363370393,0.8201058201058198,0.8613503751041954,1890.0000000000002
inverse_test_group_size,5678,teacher,,C2_CL_MLP_domain,3,Normal,0.9988118732127754,0.9958238801774851,0.9973156386668678,49807.00000000006
inverse_test_group_size,5678,teacher,,C2_CL_MLP_domain,4,TDMA,0.9461928934010152,0.9433198380566802,0.9447541814495691,988.0
pure_group_representative,5678,teacher,,C2_CL_MLP_domain,0,Blackhole,0.7358197358197358,0.9330049261083744,0.8227628149435273,1015.0
pure_group_representative,5678,teacher,,C2_CL_MLP_domain,1,Flooding,0.8822429906542056,0.9957805907172996,0.9355797819623389,474.0
pure_group_representative,5678,teacher,,C2_CL_MLP_domain,2,Grayhole,0.9069631363370392,0.8201058201058201,0.8613503751041957,1890.0
pure_group_representative,5678,teacher,,C2_CL_MLP_domain,3,Normal,0.9988118732127754,0.9958238801774851,0.9973156386668678,49807.0
pure_group_representative,5678,teacher,,C2_CL_MLP_domain,4,TDMA,0.9461928934010152,0.9433198380566802,0.9447541814495691,988.0
row_level,5678,teacher,,G_random_pacing_teacher,0,Blackhole,0.766798418972332,0.9761006289308176,0.8588821250691754,1590.0
row_level,5678,teacher,,G_random_pacing_teacher,1,Flooding,0.8681898066783831,0.997979797979798,0.9285714285714286,495.0
row_level,5678,teacher,,G_random_pacing_teacher,2,Grayhole,0.9265599116510216,0.7808282922289437,0.8474747474747475,2149.0
row_level,5678,teacher,,G_random_pacing_teacher,3,Normal,0.9988800251503124,0.9954376346191501,0.997155858930603,51070.0
row_level,5678,teacher,,G_random_pacing_teacher,4,TDMA,0.938185443668993,0.9438314944834504,0.941,997.0
inverse_test_group_size,5678,teacher,,G_random_pacing_teacher,0,Blackhole,0.734632683658172,0.9655172413793103,0.8343976160068121,1014.9999999999998
inverse_test_group_size,5678,teacher,,G_random_pacing_teacher,1,Flooding,0.8663003663003663,0.9978902953586498,0.9274509803921569,474.0
inverse_test_group_size,5678,teacher,,G_random_pacing_teacher,2,Grayhole,0.9242333132892364,0.8132275132275126,0.8651843512524624,1890.0000000000002
inverse_test_group_size,5678,teacher,,G_random_pacing_teacher,3,Normal,0.9988517324738114,0.9955026401911378,0.9971743742898227,49807.00000000006
inverse_test_group_size,5678,teacher,,G_random_pacing_teacher,4,TDMA,0.9404641775983855,0.9433198380566802,0.94188984335523,988.0
pure_group_representative,5678,teacher,,G_random_pacing_teacher,0,Blackhole,0.7346326836581709,0.9655172413793104,0.8343976160068114,1015.0
pure_group_representative,5678,teacher,,G_random_pacing_teacher,1,Flooding,0.8663003663003663,0.9978902953586498,0.9274509803921569,474.0
pure_group_representative,5678,teacher,,G_random_pacing_teacher,2,Grayhole,0.9242333132892363,0.8132275132275132,0.8651843512524627,1890.0
pure_group_representative,5678,teacher,,G_random_pacing_teacher,3,Normal,0.9988517324738114,0.9955026401911378,0.9971743742898227,49807.0
pure_group_representative,5678,teacher,,G_random_pacing_teacher,4,TDMA,0.9404641775983855,0.9433198380566802,0.94188984335523,988.0
row_level,5678,teacher,,I_SMOTE_MLP_teacher,0,Blackhole,0.9383313180169287,0.9761006289308176,0.9568434032059187,1590.0
row_level,5678,teacher,,I_SMOTE_MLP_teacher,1,Flooding,0.8931159420289855,0.9959595959595959,0.941738299904489,495.0
row_level,5678,teacher,,I_SMOTE_MLP_teacher,2,Grayhole,0.9411764705882353,0.9530013959981387,0.9470520231213873,2149.0
row_level,5678,teacher,,I_SMOTE_MLP_teacher,3,Normal,0.9988413424716718,0.9959271588016448,0.997382121951937,51070.0
row_level,5678,teacher,,I_SMOTE_MLP_teacher,4,TDMA,0.9428857715430862,0.9438314944834504,0.943358395989975,997.0
inverse_test_group_size,5678,teacher,,I_SMOTE_MLP_teacher,0,Blackhole,0.9237288135593219,0.9665024630541873,0.9446316803081366,1014.9999999999998
inverse_test_group_size,5678,teacher,,I_SMOTE_MLP_teacher,1,Flooding,0.8888888888888888,0.9957805907172996,0.9393034825870646,474.0
inverse_test_group_size,5678,teacher,,I_SMOTE_MLP_teacher,2,Grayhole,0.9378238341968913,0.9576719576719575,0.9476439790575915,1890.0000000000002
inverse_test_group_size,5678,teacher,,I_SMOTE_MLP_teacher,3,Normal,0.9988120167525774,0.9959443451723653,0.9973761196730705,49807.00000000006
inverse_test_group_size,5678,teacher,,I_SMOTE_MLP_teacher,4,TDMA,0.9442755825734549,0.9433198380566802,0.9437974683544303,988.0
pure_group_representative,5678,teacher,,I_SMOTE_MLP_teacher,0,Blackhole,0.923728813559322,0.9665024630541872,0.9446316803081367,1015.0
pure_group_representative,5678,teacher,,I_SMOTE_MLP_teacher,1,Flooding,0.8888888888888888,0.9957805907172996,0.9393034825870646,474.0
pure_group_representative,5678,teacher,,I_SMOTE_MLP_teacher,2,Grayhole,0.9378238341968912,0.9576719576719577,0.9476439790575916,1890.0
pure_group_representative,5678,teacher,,I_SMOTE_MLP_teacher,3,Normal,0.9988120167525774,0.9959443451723653,0.9973761196730705,49807.0
pure_group_representative,5678,teacher,,I_SMOTE_MLP_teacher,4,TDMA,0.9442755825734549,0.9433198380566802,0.9437974683544303,988.0
row_level,5678,student,student_A,D_Small_MLP,0,Blackhole,0.8291069459757442,0.9459119496855346,0.8836662749706228,1590.0
row_level,5678,student,student_A,D_Small_MLP,1,Flooding,0.8850987432675045,0.9959595959595959,0.9372623574144486,495.0
row_level,5678,student,student_A,D_Small_MLP,2,Grayhole,0.8984375,0.8562121917170777,0.8768167738861091,2149.0
row_level,5678,student,student_A,D_Small_MLP,3,Normal,0.9988599956758457,0.995085177207754,0.996969013310838,51070.0
row_level,5678,student,student_A,D_Small_MLP,4,TDMA,0.936318407960199,0.9438314944834504,0.9400599400599401,997.0
inverse_test_group_size,5678,student,student_A,D_Small_MLP,0,Blackhole,0.7993311036789313,0.9418719211822665,0.8647670737222987,1014.9999999999998
inverse_test_group_size,5678,student,student_A,D_Small_MLP,1,Flooding,0.8805970149253731,0.9957805907172996,0.9346534653465347,474.0
inverse_test_group_size,5678,student,student_A,D_Small_MLP,2,Grayhole,0.9036672140120423,0.8735449735449733,0.8883508205542106,1890.0000000000002
inverse_test_group_size,5678,student,student_A,D_Small_MLP,3,Normal,0.9988311871511194,0.995141245206497,0.996982801971236,49807.00000000006
inverse_test_group_size,5678,student,student_A,D_Small_MLP,4,TDMA,0.9395161290322581,0.9433198380566802,0.9414141414141414,988.0
pure_group_representative,5678,student,student_A,D_Small_MLP,0,Blackhole,0.7993311036789298,0.941871921182266,0.8647670737222976,1015.0
pure_group_representative,5678,student,student_A,D_Small_MLP,1,Flooding,0.8805970149253731,0.9957805907172996,0.9346534653465347,474.0
pure_group_representative,5678,student,student_A,D_Small_MLP,2,Grayhole,0.9036672140120416,0.8735449735449735,0.8883508205542103,1890.0
pure_group_representative,5678,student,student_A,D_Small_MLP,3,Normal,0.9988311871511194,0.995141245206497,0.996982801971236,49807.0
pure_group_representative,5678,student,student_A,D_Small_MLP,4,TDMA,0.9395161290322581,0.9433198380566802,0.9414141414141414,988.0
row_level,5678,student,student_A,E_KD_from_RF,0,Blackhole,0.7961053837342497,0.8742138364779874,0.8333333333333334,1590.0
row_level,5678,student,student_A,E_KD_from_RF,1,Flooding,0.8931159420289855,0.9959595959595959,0.941738299904489,495.0
row_level,5678,student,student_A,E_KD_from_RF,2,Grayhole,0.8749384539635647,0.8268962308050256,0.8502392344497608,2149.0
row_level,5678,student,student_A,E_KD_from_RF,3,Normal,0.9985298441634813,0.997454474251028,0.9979918695204977,51070.0
row_level,5678,student,student_A,E_KD_from_RF,4,TDMA,0.9822361546499477,0.9428284854563691,0.962128966223132,997.0
inverse_test_group_size,5678,student,student_A,E_KD_from_RF,0,Blackhole,0.7617021276595759,0.881773399014778,0.8173515981735165,1014.9999999999998
inverse_test_group_size,5678,student,student_A,E_KD_from_RF,1,Flooding,0.8888888888888888,0.9957805907172996,0.9393034825870646,474.0
inverse_test_group_size,5678,student,student_A,E_KD_from_RF,2,Grayhole,0.9031710079275197,0.843915343915344,0.8725382932166301,1890.0000000000002
inverse_test_group_size,5678,student,student_A,E_KD_from_RF,3,Normal,0.9985126823973952,0.9974501576083683,0.9979811371922741,49807.00000000006
inverse_test_group_size,5678,student,student_A,E_KD_from_RF,4,TDMA,0.9820675105485233,0.9423076923076923,0.9617768595041323,988.0
pure_group_representative,5678,student,student_A,E_KD_from_RF,0,Blackhole,0.7617021276595745,0.8817733990147784,0.817351598173516,1015.0
pure_group_representative,5678,student,student_A,E_KD_from_RF,1,Flooding,0.8888888888888888,0.9957805907172996,0.9393034825870646,474.0
pure_group_representative,5678,student,student_A,E_KD_from_RF,2,Grayhole,0.9031710079275198,0.843915343915344,0.8725382932166302,1890.0
pure_group_representative,5678,student,student_A,E_KD_from_RF,3,Normal,0.9985126823973952,0.9974501576083683,0.9979811371922741,49807.0
pure_group_representative,5678,student,student_A,E_KD_from_RF,4,TDMA,0.9820675105485233,0.9423076923076923,0.9617768595041323,988.0
row_level,5678,student,student_A,E2_KD_from_MLP,0,Blackhole,0.7895027624309392,0.8987421383647799,0.8405882352941176,1590.0
row_level,5678,student,student_A,E2_KD_from_MLP,1,Flooding,0.8882882882882883,0.9959595959595959,0.939047619047619,495.0
row_level,5678,student,student_A,E2_KD_from_MLP,2,Grayhole,0.8697148475909537,0.8231735691019079,0.8458044465694478,2149.0
row_level,5678,student,student_A,E2_KD_from_MLP,3,Normal,0.9988801571709234,0.9955551204229489,0.9972148671177797,51070.0
row_level,5678,student,student_A,E2_KD_from_MLP,4,TDMA,0.93812375249501,0.9428284854563691,0.9404702351175588,997.0
inverse_test_group_size,5678,student,student_A,E2_KD_from_MLP,0,Blackhole,0.7518248175182497,0.9133004926108377,0.8247330960854102,1014.9999999999998
inverse_test_group_size,5678,student,student_A,E2_KD_from_MLP,1,Flooding,0.8838951310861424,0.9957805907172996,0.9365079365079365,474.0
inverse_test_group_size,5678,student,student_A,E2_KD_from_MLP,2,Grayhole,0.8939650310208681,0.8386243386243386,0.8654108654108652,1890.0000000000002
inverse_test_group_size,5678,student,student_A,E2_KD_from_MLP,3,Normal,0.9988518018653184,0.9955628726885779,0.9972046254399196,49807.00000000006
inverse_test_group_size,5678,student,student_A,E2_KD_from_MLP,4,TDMA,0.9394550958627649,0.9423076923076923,0.9408792319353209,988.0
pure_group_representative,5678,student,student_A,E2_KD_from_MLP,0,Blackhole,0.7518248175182481,0.9133004926108375,0.8247330960854092,1015.0
pure_group_representative,5678,student,student_A,E2_KD_from_MLP,1,Flooding,0.8838951310861424,0.9957805907172996,0.9365079365079365,474.0
pure_group_representative,5678,student,student_A,E2_KD_from_MLP,2,Grayhole,0.8939650310208686,0.8386243386243386,0.8654108654108654,1890.0
pure_group_representative,5678,student,student_A,E2_KD_from_MLP,3,Normal,0.9988518018653184,0.9955628726885779,0.9972046254399196,49807.0
pure_group_representative,5678,student,student_A,E2_KD_from_MLP,4,TDMA,0.9394550958627649,0.9423076923076923,0.9408792319353209,988.0
row_level,5678,student,student_A,F_KD_from_CL_MLP_fair,0,Blackhole,0.7939698492462312,0.8943396226415095,0.8411712511091393,1590.0
row_level,5678,student,student_A,F_KD_from_CL_MLP_fair,1,Flooding,0.8898916967509025,0.9959595959595959,0.9399428026692088,495.0
row_level,5678,student,student_A,F_KD_from_CL_MLP_fair,2,Grayhole,0.8695652173913043,0.8282922289436947,0.8484270734032412,2149.0
row_level,5678,student,student_A,F_KD_from_CL_MLP_fair,3,Normal,0.9988607570073265,0.9957509300959467,0.9973034192643728,51070.0
row_level,5678,student,student_A,F_KD_from_CL_MLP_fair,4,TDMA,0.9418837675350702,0.9428284854563691,0.9423558897243107,997.0
inverse_test_group_size,5678,student,student_A,F_KD_from_CL_MLP_fair,0,Blackhole,0.7549180327868871,0.9073891625615766,0.8241610738255044,1014.9999999999998
inverse_test_group_size,5678,student,student_A,F_KD_from_CL_MLP_fair,1,Flooding,0.8855534709193246,0.9957805907172996,0.9374379344587885,474.0
inverse_test_group_size,5678,student,student_A,F_KD_from_CL_MLP_fair,2,Grayhole,0.8938202247191007,0.8417989417989417,0.8670299727520434,1890.0000000000002
inverse_test_group_size,5678,student,student_A,F_KD_from_CL_MLP_fair,3,Normal,0.998831940388682,0.9957837251791917,0.9973055036094187,49807.00000000006
inverse_test_group_size,5678,student,student_A,F_KD_from_CL_MLP_fair,4,TDMA,0.9442190669371197,0.9423076923076923,0.9432624113475178,988.0
pure_group_representative,5678,student,student_A,F_KD_from_CL_MLP_fair,0,Blackhole,0.7549180327868853,0.9073891625615763,0.8241610738255034,1015.0
pure_group_representative,5678,student,student_A,F_KD_from_CL_MLP_fair,1,Flooding,0.8855534709193246,0.9957805907172996,0.9374379344587885,474.0
pure_group_representative,5678,student,student_A,F_KD_from_CL_MLP_fair,2,Grayhole,0.8938202247191012,0.8417989417989418,0.8670299727520436,1890.0
pure_group_representative,5678,student,student_A,F_KD_from_CL_MLP_fair,3,Normal,0.998831940388682,0.9957837251791917,0.9973055036094187,49807.0
pure_group_representative,5678,student,student_A,F_KD_from_CL_MLP_fair,4,TDMA,0.9442190669371197,0.9423076923076923,0.9432624113475178,988.0
row_level,5678,student,student_A,F_KD_from_CL_MLP_ext,0,Blackhole,0.7997781475318912,0.9069182389937107,0.8499852637783673,1590.0
row_level,5678,student,student_A,F_KD_from_CL_MLP_ext,1,Flooding,0.8898916967509025,0.9959595959595959,0.9399428026692088,495.0
row_level,5678,student,student_A,F_KD_from_CL_MLP_ext,2,Grayhole,0.8783120706575074,0.8329455560725919,0.8550274659660855,2149.0
row_level,5678,student,student_A,F_KD_from_CL_MLP_ext,3,Normal,0.9988606674917005,0.9956726062267476,0.9972640889612363,51070.0
row_level,5678,student,student_A,F_KD_from_CL_MLP_ext,4,TDMA,0.9409409409409409,0.9428284854563691,0.9418837675350702,997.0
inverse_test_group_size,5678,student,student_A,F_KD_from_CL_MLP_ext,0,Blackhole,0.7647058823529429,0.90935960591133,0.8307830783078318,1014.9999999999998
inverse_test_group_size,5678,student,student_A,F_KD_from_CL_MLP_ext,1,Flooding,0.8855534709193246,0.9957805907172996,0.9374379344587885,474.0
inverse_test_group_size,5678,student,student_A,F_KD_from_CL_MLP_ext,2,Grayhole,0.8953229398663698,0.8507936507936507,0.8724905046120456,1890.0000000000002
inverse_test_group_size,5678,student,student_A,F_KD_from_CL_MLP_ext,3,Normal,0.9988318227593153,0.9956833376834582,0.9972550951667555,49807.00000000006
inverse_test_group_size,5678,student,student_A,F_KD_from_CL_MLP_ext,4,TDMA,0.9423076923076923,0.9423076923076923,0.9423076923076923,988.0
pure_group_representative,5678,student,student_A,F_KD_from_CL_MLP_ext,0,Blackhole,0.7647058823529411,0.90935960591133,0.8307830783078308,1015.0
pure_group_representative,5678,student,student_A,F_KD_from_CL_MLP_ext,1,Flooding,0.8855534709193246,0.9957805907172996,0.9374379344587885,474.0
pure_group_representative,5678,student,student_A,F_KD_from_CL_MLP_ext,2,Grayhole,0.8953229398663697,0.8507936507936508,0.8724905046120456,1890.0
pure_group_representative,5678,student,student_A,F_KD_from_CL_MLP_ext,3,Normal,0.9988318227593153,0.9956833376834582,0.9972550951667555,49807.0
pure_group_representative,5678,student,student_A,F_KD_from_CL_MLP_ext,4,TDMA,0.9423076923076923,0.9423076923076923,0.9423076923076923,988.0
row_level,5678,student,student_A,G_KD_random_pacing,0,Blackhole,0.7919647771051184,0.9050314465408805,0.8447314352803053,1590.0
row_level,5678,student,student_A,G_KD_random_pacing,1,Flooding,0.8803571428571428,0.9959595959595959,0.9345971563981043,495.0
row_level,5678,student,student_A,G_KD_random_pacing,2,Grayhole,0.8762988619495299,0.8241042345276873,0.8494004796163069,2149.0
row_level,5678,student,student_A,G_KD_random_pacing,3,Normal,0.998860555577384,0.9955747013902487,0.9972149217432237,51070.0
row_level,5678,student,student_A,G_KD_random_pacing,4,TDMA,0.939060939060939,0.9428284854563691,0.9409409409409409,997.0
inverse_test_group_size,5678,student,student_A,G_KD_random_pacing,0,Blackhole,0.7542579075425806,0.9162561576354682,0.8274021352313178,1014.9999999999998
inverse_test_group_size,5678,student,student_A,G_KD_random_pacing,1,Flooding,0.8773234200743495,0.9957805907172996,0.932806324110672,474.0
inverse_test_group_size,5678,student,student_A,G_KD_random_pacing,2,Grayhole,0.8981324278438029,0.8396825396825397,0.8679245283018867,1890.0000000000002
inverse_test_group_size,5678,student,student_A,G_KD_random_pacing,3,Normal,0.9988317521703225,0.995623105186018,0.9972248476682688,49807.00000000006
inverse_test_group_size,5678,student,student_A,G_KD_random_pacing,4,TDMA,0.9413549039433772,0.9423076923076923,0.9418310571573091,988.0
pure_group_representative,5678,student,student_A,G_KD_random_pacing,0,Blackhole,0.754257907542579,0.916256157635468,0.8274021352313167,1015.0
pure_group_representative,5678,student,student_A,G_KD_random_pacing,1,Flooding,0.8773234200743495,0.9957805907172996,0.932806324110672,474.0
pure_group_representative,5678,student,student_A,G_KD_random_pacing,2,Grayhole,0.8981324278438031,0.8396825396825397,0.8679245283018868,1890.0
pure_group_representative,5678,student,student_A,G_KD_random_pacing,3,Normal,0.9988317521703225,0.995623105186018,0.9972248476682688,49807.0
pure_group_representative,5678,student,student_A,G_KD_random_pacing,4,TDMA,0.9413549039433772,0.9423076923076923,0.9418310571573091,988.0
row_level,5678,student,student_A,I_KD_from_SMOTE_MLP,0,Blackhole,0.7747077577045696,0.9169811320754717,0.8398617511520737,1590.0
row_level,5678,student,student_A,I_KD_from_SMOTE_MLP,1,Flooding,0.891500904159132,0.9959595959595959,0.9408396946564885,495.0
row_level,5678,student,student_A,I_KD_from_SMOTE_MLP,2,Grayhole,0.889865563598759,0.8008375988832015,0.843007592456527,2149.0
row_level,5678,student,student_A,I_KD_from_SMOTE_MLP,3,Normal,0.9987824515926319,0.9958879968670452,0.9973331241666012,51070.0
row_level,5678,student,student_A,I_KD_from_SMOTE_MLP,4,TDMA,0.9316831683168317,0.9438314944834504,0.9377179870453413,997.0
inverse_test_group_size,5678,student,student_A,I_KD_from_SMOTE_MLP,0,Blackhole,0.7407114624505942,0.9231527093596059,0.8219298245614043,1014.9999999999998
inverse_test_group_size,5678,student,student_A,I_KD_from_SMOTE_MLP,1,Flooding,0.8872180451127819,0.9957805907172996,0.9383697813121272,474.0
inverse_test_group_size,5678,student,student_A,I_KD_from_SMOTE_MLP,2,Grayhole,0.9090379008746352,0.8248677248677246,0.8649098474341189,1890.0000000000002
inverse_test_group_size,5678,student,student_A,I_KD_from_SMOTE_MLP,3,Normal,0.9987718697779299,0.9960045776698054,0.9973863042341872,49807.00000000006
inverse_test_group_size,5678,student,student_A,I_KD_from_SMOTE_MLP,4,TDMA,0.9385699899295066,0.9433198380566802,0.9409389197375063,988.0
pure_group_representative,5678,student,student_A,I_KD_from_SMOTE_MLP,0,Blackhole,0.7407114624505929,0.9231527093596059,0.8219298245614035,1015.0
pure_group_representative,5678,student,student_A,I_KD_from_SMOTE_MLP,1,Flooding,0.8872180451127819,0.9957805907172996,0.9383697813121272,474.0
pure_group_representative,5678,student,student_A,I_KD_from_SMOTE_MLP,2,Grayhole,0.9090379008746355,0.8248677248677249,0.8649098474341192,1890.0
pure_group_representative,5678,student,student_A,I_KD_from_SMOTE_MLP,3,Normal,0.9987718697779299,0.9960045776698054,0.9973863042341872,49807.0
pure_group_representative,5678,student,student_A,I_KD_from_SMOTE_MLP,4,TDMA,0.9385699899295066,0.9433198380566802,0.9409389197375063,988.0
row_level,5678,student,student_A,J_CoDistill_RF_CL,0,Blackhole,0.8715083798882681,0.8830188679245283,0.8772258669165885,1590.0
row_level,5678,student,student_A,J_CoDistill_RF_CL,1,Flooding,0.891500904159132,0.9959595959595959,0.9408396946564885,495.0
row_level,5678,student,student_A,J_CoDistill_RF_CL,2,Grayhole,0.8848789401553221,0.9013494648673802,0.8930382664822499,2149.0
row_level,5678,student,student_A,J_CoDistill_RF_CL,3,Normal,0.9987640515567064,0.9968670452320345,0.9978146467665592,51070.0
row_level,5678,student,student_A,J_CoDistill_RF_CL,4,TDMA,0.9651282051282051,0.9438314944834504,0.9543610547667343,997.0
inverse_test_group_size,5678,student,student_A,J_CoDistill_RF_CL,0,Blackhole,0.841908325537888,0.8866995073891627,0.8637236084452985,1014.9999999999998
inverse_test_group_size,5678,student,student_A,J_CoDistill_RF_CL,1,Flooding,0.8872180451127819,0.9957805907172996,0.9383697813121272,474.0
inverse_test_group_size,5678,student,student_A,J_CoDistill_RF_CL,2,Grayhole,0.906068601583113,0.9084656084656081,0.9072655217965649,1890.0000000000002
inverse_test_group_size,5678,student,student_A,J_CoDistill_RF_CL,3,Normal,0.9987528413091143,0.9968679101331138,0.9978094855305466,49807.00000000006
inverse_test_group_size,5678,student,student_A,J_CoDistill_RF_CL,4,TDMA,0.9658031088082901,0.9433198380566802,0.9544290834613415,988.0
pure_group_representative,5678,student,student_A,J_CoDistill_RF_CL,0,Blackhole,0.8419083255378859,0.8866995073891626,0.8637236084452975,1015.0
pure_group_representative,5678,student,student_A,J_CoDistill_RF_CL,1,Flooding,0.8872180451127819,0.9957805907172996,0.9383697813121272,474.0
pure_group_representative,5678,student,student_A,J_CoDistill_RF_CL,2,Grayhole,0.9060686015831134,0.9084656084656084,0.9072655217965654,1890.0
pure_group_representative,5678,student,student_A,J_CoDistill_RF_CL,3,Normal,0.9987528413091143,0.9968679101331138,0.9978094855305466,49807.0
pure_group_representative,5678,student,student_A,J_CoDistill_RF_CL,4,TDMA,0.9658031088082901,0.9433198380566802,0.9544290834613415,988.0
row_level,5678,student,student_B,D_Small_MLP,0,Blackhole,0.8295081967213115,0.9547169811320755,0.887719298245614,1590.0
row_level,5678,student,student_B,D_Small_MLP,1,Flooding,0.8772241992882562,0.9959595959595959,0.9328287606433302,495.0
row_level,5678,student,student_B,D_Small_MLP,2,Grayhole,0.924433249370277,0.8538855281526291,0.8877600387034349,2149.0
row_level,5678,student,student_B,D_Small_MLP,3,Normal,0.9988215884987037,0.9958096729978461,0.9973133567352381,51070.0
row_level,5678,student,student_B,D_Small_MLP,4,TDMA,0.933531746031746,0.9438314944834504,0.9386533665835411,997.0
inverse_test_group_size,5678,student,student_B,D_Small_MLP,0,Blackhole,0.7988410596026505,0.9507389162561578,0.8681961313540272,1014.9999999999998
inverse_test_group_size,5678,student,student_B,D_Small_MLP,1,Flooding,0.8724584103512015,0.9957805907172996,0.9300492610837439,474.0
inverse_test_group_size,5678,student,student_B,D_Small_MLP,2,Grayhole,0.9299435028248593,0.8708994708994705,0.8994535519125683,1890.0000000000002
inverse_test_group_size,5678,student,student_B,D_Small_MLP,3,Normal,0.9988119210632299,0.9958640351757785,0.9973357998130034,49807.00000000006
inverse_test_group_size,5678,student,student_B,D_Small_MLP,4,TDMA,0.9366834170854271,0.9433198380566802,0.9399899142713061,988.0
pure_group_representative,5678,student,student_B,D_Small_MLP,0,Blackhole,0.7988410596026491,0.9507389162561576,0.8681961313540261,1015.0
pure_group_representative,5678,student,student_B,D_Small_MLP,1,Flooding,0.8724584103512015,0.9957805907172996,0.9300492610837439,474.0
pure_group_representative,5678,student,student_B,D_Small_MLP,2,Grayhole,0.9299435028248587,0.870899470899471,0.8994535519125683,1890.0
pure_group_representative,5678,student,student_B,D_Small_MLP,3,Normal,0.9988119210632299,0.9958640351757785,0.9973357998130034,49807.0
pure_group_representative,5678,student,student_B,D_Small_MLP,4,TDMA,0.9366834170854271,0.9433198380566802,0.9399899142713061,988.0
row_level,5678,student,student_B,E_KD_from_RF,0,Blackhole,0.8137813211845103,0.8987421383647799,0.85415421398685,1590.0
row_level,5678,student,student_B,E_KD_from_RF,1,Flooding,0.8931159420289855,0.9959595959595959,0.941738299904489,495.0
row_level,5678,student,student_B,E_KD_from_RF,2,Grayhole,0.8962962962962963,0.8445788738948348,0.8696693818878773,2149.0
row_level,5678,student,student_B,E_KD_from_RF,3,Normal,0.9987257650310717,0.9975719600548267,0.9981485291092368,51070.0
row_level,5678,student,student_B,E_KD_from_RF,4,TDMA,0.9832810867293625,0.9438314944834504,0.9631525076765609,997.0
inverse_test_group_size,5678,student,student_B,E_KD_from_RF,0,Blackhole,0.7783461210571202,0.8995073891625615,0.8345521023766005,1014.9999999999998
inverse_test_group_size,5678,student,student_B,E_KD_from_RF,1,Flooding,0.8888888888888888,0.9957805907172996,0.9393034825870646,474.0
inverse_test_group_size,5678,student,student_B,E_KD_from_RF,2,Grayhole,0.9154453213077793,0.8592592592592592,0.8864628820960699,1890.0000000000002
inverse_test_group_size,5678,student,student_B,E_KD_from_RF,3,Normal,0.9987135161212511,0.9975304676049551,0.9981216413038019,49807.00000000006
inverse_test_group_size,5678,student,student_B,E_KD_from_RF,4,TDMA,0.9831223628691983,0.9433198380566802,0.9628099173553719,988.0
pure_group_representative,5678,student,student_B,E_KD_from_RF,0,Blackhole,0.7783461210571185,0.8995073891625616,0.8345521023765996,1015.0
pure_group_representative,5678,student,student_B,E_KD_from_RF,1,Flooding,0.8888888888888888,0.9957805907172996,0.9393034825870646,474.0
pure_group_representative,5678,student,student_B,E_KD_from_RF,2,Grayhole,0.915445321307779,0.8592592592592593,0.8864628820960698,1890.0
pure_group_representative,5678,student,student_B,E_KD_from_RF,3,Normal,0.9987135161212511,0.9975304676049551,0.9981216413038019,49807.0
pure_group_representative,5678,student,student_B,E_KD_from_RF,4,TDMA,0.9831223628691983,0.9433198380566802,0.9628099173553719,988.0
row_level,5678,student,student_B,E2_KD_from_MLP,0,Blackhole,0.8323598130841121,0.8962264150943396,0.8631132646880678,1590.0
row_level,5678,student,student_B,E2_KD_from_MLP,1,Flooding,0.8882882882882883,0.9959595959595959,0.939047619047619,495.0
row_level,5678,student,student_B,E2_KD_from_MLP,2,Grayhole,0.8808510638297873,0.8669148441135411,0.8738273921200751,2149.0
row_level,5678,student,student_B,E2_KD_from_MLP,3,Normal,0.9988609359963864,0.995907577834345,0.9973820706154586,51070.0
row_level,5678,student,student_B,E2_KD_from_MLP,4,TDMA,0.94,0.9428284854563691,0.9414121181772659,997.0
inverse_test_group_size,5678,student,student_B,E2_KD_from_MLP,0,Blackhole,0.7962003454231453,0.9083743842364534,0.8485964104924081,1014.9999999999998
inverse_test_group_size,5678,student,student_B,E2_KD_from_MLP,1,Flooding,0.8838951310861424,0.9957805907172996,0.9365079365079365,474.0
inverse_test_group_size,5678,student,student_B,E2_KD_from_MLP,2,Grayhole,0.9038776624795191,0.8756613756613756,0.8895458210158558,1890.0000000000002
inverse_test_group_size,5678,student,student_B,E2_KD_from_MLP,3,Normal,0.9988321050300029,0.9959242676732186,0.9973760669153203,49807.00000000006
inverse_test_group_size,5678,student,student_B,E2_KD_from_MLP,4,TDMA,0.9413549039433772,0.9423076923076923,0.9418310571573091,988.0
pure_group_representative,5678,student,student_B,E2_KD_from_MLP,0,Blackhole,0.7962003454231433,0.9083743842364532,0.8485964104924069,1015.0
pure_group_representative,5678,student,student_B,E2_KD_from_MLP,1,Flooding,0.8838951310861424,0.9957805907172996,0.9365079365079365,474.0
pure_group_representative,5678,student,student_B,E2_KD_from_MLP,2,Grayhole,0.9038776624795194,0.8756613756613757,0.889545821015856,1890.0
pure_group_representative,5678,student,student_B,E2_KD_from_MLP,3,Normal,0.9988321050300029,0.9959242676732186,0.9973760669153203,49807.0
pure_group_representative,5678,student,student_B,E2_KD_from_MLP,4,TDMA,0.9413549039433772,0.9423076923076923,0.9418310571573091,988.0
row_level,5678,student,student_B,F_KD_from_CL_MLP_fair,0,Blackhole,0.8109826589595376,0.8823899371069183,0.8451807228915663,1590.0
row_level,5678,student,student_B,F_KD_from_CL_MLP_fair,1,Flooding,0.8803571428571428,0.9959595959595959,0.9345971563981043,495.0
row_level,5678,student,student_B,F_KD_from_CL_MLP_fair,2,Grayhole,0.8660332541567696,0.8483015355979525,0.8570756934649741,2149.0
row_level,5678,student,student_B,F_KD_from_CL_MLP_fair,3,Normal,0.9988607570073265,0.9957509300959467,0.9973034192643728,51070.0
row_level,5678,student,student_B,F_KD_from_CL_MLP_fair,4,TDMA,0.9447236180904522,0.9428284854563691,0.9437751004016064,997.0
inverse_test_group_size,5678,student,student_B,F_KD_from_CL_MLP_fair,0,Blackhole,0.7756686798964642,0.8857142857142857,0.8270469181232759,1014.9999999999998
inverse_test_group_size,5678,student,student_B,F_KD_from_CL_MLP_fair,1,Flooding,0.8773234200743495,0.9957805907172996,0.932806324110672,474.0
inverse_test_group_size,5678,student,student_B,F_KD_from_CL_MLP_fair,2,Grayhole,0.8868950516585098,0.8629629629629627,0.8747653526414586,1890.0000000000002
inverse_test_group_size,5678,student,student_B,F_KD_from_CL_MLP_fair,3,Normal,0.9988319168647037,0.995763647680045,0.9972954223263389,49807.00000000006
inverse_test_group_size,5678,student,student_B,F_KD_from_CL_MLP_fair,4,TDMA,0.9461382113821138,0.9423076923076923,0.9442190669371197,988.0
pure_group_representative,5678,student,student_B,F_KD_from_CL_MLP_fair,0,Blackhole,0.7756686798964625,0.8857142857142857,0.827046918123275,1015.0
pure_group_representative,5678,student,student_B,F_KD_from_CL_MLP_fair,1,Flooding,0.8773234200743495,0.9957805907172996,0.932806324110672,474.0
pure_group_representative,5678,student,student_B,F_KD_from_CL_MLP_fair,2,Grayhole,0.88689505165851,0.8629629629629629,0.8747653526414588,1890.0
pure_group_representative,5678,student,student_B,F_KD_from_CL_MLP_fair,3,Normal,0.9988319168647037,0.995763647680045,0.9972954223263389,49807.0
pure_group_representative,5678,student,student_B,F_KD_from_CL_MLP_fair,4,TDMA,0.9461382113821138,0.9423076923076923,0.9442190669371197,988.0
row_level,5678,student,student_B,F_KD_from_CL_MLP_ext,0,Blackhole,0.8149563318777293,0.9389937106918239,0.8725891291642315,1590.0
row_level,5678,student,student_B,F_KD_from_CL_MLP_ext,1,Flooding,0.8772241992882562,0.9959595959595959,0.9328287606433302,495.0
row_level,5678,student,student_B,F_KD_from_CL_MLP_ext,2,Grayhole,0.9072681704260651,0.8422522103303862,0.8735521235521235,2149.0
row_level,5678,student,student_B,F_KD_from_CL_MLP_ext,3,Normal,0.9988609807348638,0.9959467397689445,0.9974017315253306,51070.0
row_level,5678,student,student_B,F_KD_from_CL_MLP_ext,4,TDMA,0.9485368314833501,0.9428284854563691,0.9456740442655935,997.0
inverse_test_group_size,5678,student,student_B,F_KD_from_CL_MLP_ext,0,Blackhole,0.779508196721313,0.9369458128078818,0.8510067114093968,1014.9999999999998
inverse_test_group_size,5678,student,student_B,F_KD_from_CL_MLP_ext,1,Flooding,0.8740740740740741,0.9957805907172996,0.9309664694280079,474.0
inverse_test_group_size,5678,student,student_B,F_KD_from_CL_MLP_ext,2,Grayhole,0.9163369135104581,0.8576719576719576,0.8860344356381525,1890.0000000000002
inverse_test_group_size,5678,student,student_B,F_KD_from_CL_MLP_ext,3,Normal,0.9988321755763616,0.9959845001706588,0.9974063052919414,49807.00000000006
inverse_test_group_size,5678,student,student_B,F_KD_from_CL_MLP_ext,4,TDMA,0.95,0.9423076923076923,0.9461382113821138,988.0
pure_group_representative,5678,student,student_B,F_KD_from_CL_MLP_ext,0,Blackhole,0.7795081967213114,0.9369458128078818,0.851006711409396,1015.0
pure_group_representative,5678,student,student_B,F_KD_from_CL_MLP_ext,1,Flooding,0.8740740740740741,0.9957805907172996,0.9309664694280079,474.0
pure_group_representative,5678,student,student_B,F_KD_from_CL_MLP_ext,2,Grayhole,0.9163369135104579,0.8576719576719577,0.8860344356381525,1890.0
pure_group_representative,5678,student,student_B,F_KD_from_CL_MLP_ext,3,Normal,0.9988321755763616,0.9959845001706588,0.9974063052919414,49807.0
pure_group_representative,5678,student,student_B,F_KD_from_CL_MLP_ext,4,TDMA,0.95,0.9423076923076923,0.9461382113821138,988.0
row_level,5678,student,student_B,G_KD_random_pacing,0,Blackhole,0.8052691867124857,0.8842767295597485,0.842925659472422,1590.0
row_level,5678,student,student_B,G_KD_random_pacing,1,Flooding,0.8787878787878788,0.9959595959595959,0.9337121212121212,495.0
row_level,5678,student,student_B,G_KD_random_pacing,2,Grayhole,0.8665071770334928,0.842717543043276,0.8544468034913895,2149.0
row_level,5678,student,student_B,G_KD_random_pacing,3,Normal,0.9988606898719258,0.9956921871940474,0.9972739218262763,51070.0
row_level,5678,student,student_B,G_KD_random_pacing,4,TDMA,0.9447791164658634,0.9438314944834504,0.9443050677370798,997.0
inverse_test_group_size,5678,student,student_B,G_KD_random_pacing,0,Blackhole,0.7670068027210901,0.8886699507389161,0.82336832496577,1014.9999999999998
inverse_test_group_size,5678,student,student_B,G_KD_random_pacing,1,Flooding,0.87569573283859,0.9957805907172996,0.9318854886475815,474.0
inverse_test_group_size,5678,student,student_B,G_KD_random_pacing,2,Grayhole,0.8880351262349064,0.8560846560846559,0.8717672413793102,1890.0000000000002
inverse_test_group_size,5678,student,student_B,G_KD_random_pacing,3,Normal,0.9988318698139048,0.9957234926817515,0.9972752591520124,49807.00000000006
inverse_test_group_size,5678,student,student_B,G_KD_random_pacing,4,TDMA,0.9461928934010152,0.9433198380566802,0.9447541814495691,988.0
pure_group_representative,5678,student,student_B,G_KD_random_pacing,0,Blackhole,0.7670068027210885,0.8886699507389163,0.8233683249657691,1015.0
pure_group_representative,5678,student,student_B,G_KD_random_pacing,1,Flooding,0.87569573283859,0.9957805907172996,0.9318854886475815,474.0
pure_group_representative,5678,student,student_B,G_KD_random_pacing,2,Grayhole,0.8880351262349067,0.8560846560846561,0.8717672413793104,1890.0
pure_group_representative,5678,student,student_B,G_KD_random_pacing,3,Normal,0.9988318698139048,0.9957234926817515,0.9972752591520124,49807.0
pure_group_representative,5678,student,student_B,G_KD_random_pacing,4,TDMA,0.9461928934010152,0.9433198380566802,0.9447541814495691,988.0
row_level,5678,student,student_B,I_KD_from_SMOTE_MLP,0,Blackhole,0.7840971838763114,0.8930817610062893,0.8350485151426051,1590.0
row_level,5678,student,student_B,I_KD_from_SMOTE_MLP,1,Flooding,0.8898916967509025,0.9959595959595959,0.9399428026692088,495.0
row_level,5678,student,student_B,I_KD_from_SMOTE_MLP,2,Grayhole,0.8715277777777778,0.8175895765472313,0.8436974789915966,2149.0
row_level,5678,student,student_B,I_KD_from_SMOTE_MLP,3,Normal,0.9988215653540214,0.9957900920305464,0.9973035250281904,51070.0
row_level,5678,student,student_B,I_KD_from_SMOTE_MLP,4,TDMA,0.936318407960199,0.9438314944834504,0.9400599400599401,997.0
inverse_test_group_size,5678,student,student_B,I_KD_from_SMOTE_MLP,0,Blackhole,0.7483713355048873,0.9054187192118225,0.819438252340616,1014.9999999999998
inverse_test_group_size,5678,student,student_B,I_KD_from_SMOTE_MLP,1,Flooding,0.8855534709193246,0.9957805907172996,0.9374379344587885,474.0
inverse_test_group_size,5678,student,student_B,I_KD_from_SMOTE_MLP,2,Grayhole,0.8967668746454903,0.8365079365079365,0.8655899260881467,1890.0000000000002
inverse_test_group_size,5678,student,student_B,I_KD_from_SMOTE_MLP,3,Normal,0.9988118253584662,0.9957837251791917,0.9972954767099323,49807.00000000006
inverse_test_group_size,5678,student,student_B,I_KD_from_SMOTE_MLP,4,TDMA,0.937625754527163,0.9433198380566802,0.9404641775983855,988.0
pure_group_representative,5678,student,student_B,I_KD_from_SMOTE_MLP,0,Blackhole,0.748371335504886,0.9054187192118227,0.8194382523406153,1015.0
pure_group_representative,5678,student,student_B,I_KD_from_SMOTE_MLP,1,Flooding,0.8855534709193246,0.9957805907172996,0.9374379344587885,474.0
pure_group_representative,5678,student,student_B,I_KD_from_SMOTE_MLP,2,Grayhole,0.8967668746454907,0.8365079365079365,0.8655899260881468,1890.0
pure_group_representative,5678,student,student_B,I_KD_from_SMOTE_MLP,3,Normal,0.9988118253584662,0.9957837251791917,0.9972954767099323,49807.0
pure_group_representative,5678,student,student_B,I_KD_from_SMOTE_MLP,4,TDMA,0.937625754527163,0.9433198380566802,0.9404641775983855,988.0
row_level,5678,student,student_B,J_CoDistill_RF_CL,0,Blackhole,0.8253697383390216,0.9125786163522013,0.8667861409796893,1590.0
row_level,5678,student,student_B,J_CoDistill_RF_CL,1,Flooding,0.891500904159132,0.9959595959595959,0.9408396946564885,495.0
row_level,5678,student,student_B,J_CoDistill_RF_CL,2,Grayhole,0.9023552502453386,0.855746859004188,0.8784332457606878,2149.0
row_level,5678,student,student_B,J_CoDistill_RF_CL,3,Normal,0.9988034288628651,0.9970236929704327,0.9979127673960548,51070.0
row_level,5678,student,student_B,J_CoDistill_RF_CL,4,TDMA,0.9671120246659815,0.9438314944834504,0.9553299492385787,997.0
inverse_test_group_size,5678,student,student_B,J_CoDistill_RF_CL,0,Blackhole,0.7896995708154524,0.9064039408866998,0.8440366972477076,1014.9999999999998
inverse_test_group_size,5678,student,student_B,J_CoDistill_RF_CL,1,Flooding,0.8872180451127819,0.9957805907172996,0.9383697813121272,474.0
inverse_test_group_size,5678,student,student_B,J_CoDistill_RF_CL,2,Grayhole,0.9153203342618391,0.869312169312169,0.8917232021709636,1890.0000000000002
inverse_test_group_size,5678,student,student_B,J_CoDistill_RF_CL,3,Normal,0.9987932178845109,0.9970285301262874,0.9979100938448244,49807.00000000006
inverse_test_group_size,5678,student,student_B,J_CoDistill_RF_CL,4,TDMA,0.9678089304257529,0.9433198380566802,0.955407483341876,988.0
pure_group_representative,5678,student,student_B,J_CoDistill_RF_CL,0,Blackhole,0.7896995708154506,0.9064039408866995,0.8440366972477065,1015.0
pure_group_representative,5678,student,student_B,J_CoDistill_RF_CL,1,Flooding,0.8872180451127819,0.9957805907172996,0.9383697813121272,474.0
pure_group_representative,5678,student,student_B,J_CoDistill_RF_CL,2,Grayhole,0.9153203342618385,0.8693121693121693,0.8917232021709633,1890.0
pure_group_representative,5678,student,student_B,J_CoDistill_RF_CL,3,Normal,0.9987932178845109,0.9970285301262874,0.9979100938448244,49807.0
pure_group_representative,5678,student,student_B,J_CoDistill_RF_CL,4,TDMA,0.9678089304257529,0.9433198380566802,0.955407483341876,988.0
row_level,8192,teacher,,A_RF_500_uncalibrated,0,Blackhole,0.9826410415375078,0.9968553459119497,0.9896971589135186,1590.0
row_level,8192,teacher,,A_RF_500_uncalibrated,1,Flooding,0.9214953271028037,0.9959595959595959,0.9572815533980582,495.0
row_level,8192,teacher,,A_RF_500_uncalibrated,2,Grayhole,0.9877704609595485,0.9771986970684039,0.9824561403508771,2149.0
row_level,8192,teacher,,A_RF_500_uncalibrated,3,Normal,0.998433951922324,0.9987076561582142,0.9985707852849619,51070.0
row_level,8192,teacher,,A_RF_500_uncalibrated,4,TDMA,0.9968186638388123,0.9428284854563691,0.9690721649484536,997.0
inverse_test_group_size,8192,teacher,,A_RF_500_uncalibrated,0,Blackhole,0.9796314258001946,0.9950738916256158,0.9872922776148586,1014.9999999999998
inverse_test_group_size,8192,teacher,,A_RF_500_uncalibrated,1,Flooding,0.9182879377431906,0.9957805907172996,0.9554655870445344,474.0
inverse_test_group_size,8192,teacher,,A_RF_500_uncalibrated,2,Grayhole,0.9861333333333333,0.9783068783068782,0.9822045152722444,1890.0000000000002
inverse_test_group_size,8192,teacher,,A_RF_500_uncalibrated,3,Normal,0.9984142914492172,0.9986748850563174,0.9985445712507653,49807.00000000006
inverse_test_group_size,8192,teacher,,A_RF_500_uncalibrated,4,TDMA,0.9967880085653105,0.9423076923076923,0.9687825182101977,988.0
pure_group_representative,8192,teacher,,A_RF_500_uncalibrated,0,Blackhole,0.979631425800194,0.9950738916256158,0.9872922776148583,1015.0
pure_group_representative,8192,teacher,,A_RF_500_uncalibrated,1,Flooding,0.9182879377431906,0.9957805907172996,0.9554655870445344,474.0
pure_group_representative,8192,teacher,,A_RF_500_uncalibrated,2,Grayhole,0.9861333333333333,0.9783068783068783,0.9822045152722444,1890.0
pure_group_representative,8192,teacher,,A_RF_500_uncalibrated,3,Normal,0.9984142914492172,0.9986748850563174,0.9985445712507653,49807.0
pure_group_representative,8192,teacher,,A_RF_500_uncalibrated,4,TDMA,0.9967880085653105,0.9423076923076923,0.9687825182101977,988.0
row_level,8192,teacher,,A_calibrated_RF_KD_teacher,0,Blackhole,0.9880653266331658,0.9893081761006289,0.988686360779384,1590.0
row_level,8192,teacher,,A_calibrated_RF_KD_teacher,1,Flooding,0.9334600760456274,0.9919191919191919,0.9618021547502449,495.0
row_level,8192,teacher,,A_calibrated_RF_KD_teacher,2,Grayhole,0.9809035863996274,0.9799906933457422,0.9804469273743017,2149.0
row_level,8192,teacher,,A_calibrated_RF_KD_teacher,3,Normal,0.9983363670170082,0.9987859800274134,0.9985611229114258,51070.0
row_level,8192,teacher,,A_calibrated_RF_KD_teacher,4,TDMA,0.9968186638388123,0.9428284854563691,0.9690721649484536,997.0
inverse_test_group_size,8192,teacher,,A_calibrated_RF_KD_teacher,0,Blackhole,0.9861932938856016,0.9852216748768474,0.9857072449482505,1014.9999999999998
inverse_test_group_size,8192,teacher,,A_calibrated_RF_KD_teacher,1,Flooding,0.9306930693069307,0.9915611814345991,0.9601634320735445,474.0
inverse_test_group_size,8192,teacher,,A_calibrated_RF_KD_teacher,2,Grayhole,0.9793977812995246,0.9809523809523807,0.980174464710547,1890.0000000000002
inverse_test_group_size,8192,teacher,,A_calibrated_RF_KD_teacher,3,Normal,0.9983342698884161,0.9987551950529042,0.9985446881116073,49807.00000000006
inverse_test_group_size,8192,teacher,,A_calibrated_RF_KD_teacher,4,TDMA,0.9967880085653105,0.9423076923076923,0.9687825182101977,988.0
pure_group_representative,8192,teacher,,A_calibrated_RF_KD_teacher,0,Blackhole,0.9861932938856016,0.9852216748768473,0.9857072449482503,1015.0
pure_group_representative,8192,teacher,,A_calibrated_RF_KD_teacher,1,Flooding,0.9306930693069307,0.9915611814345991,0.9601634320735445,474.0
pure_group_representative,8192,teacher,,A_calibrated_RF_KD_teacher,2,Grayhole,0.9793977812995246,0.9809523809523809,0.9801744647105471,1890.0
pure_group_representative,8192,teacher,,A_calibrated_RF_KD_teacher,3,Normal,0.9983342698884161,0.9987551950529042,0.9985446881116073,49807.0
pure_group_representative,8192,teacher,,A_calibrated_RF_KD_teacher,4,TDMA,0.9967880085653105,0.9423076923076923,0.9687825182101977,988.0
row_level,8192,teacher,,B_Full_MLP,0,Blackhole,0.824332006822058,0.9119496855345912,0.8659301283965363,1590.0
row_level,8192,teacher,,B_Full_MLP,1,Flooding,0.8819320214669052,0.9959595959595959,0.9354838709677419,495.0
row_level,8192,teacher,,B_Full_MLP,2,Grayhole,0.8888888888888888,0.8562121917170777,0.8722446077269496,2149.0
row_level,8192,teacher,,B_Full_MLP,3,Normal,0.9988413652252465,0.9959467397689445,0.9973919523099851,51070.0
row_level,8192,teacher,,B_Full_MLP,4,TDMA,0.9485368314833501,0.9428284854563691,0.9456740442655935,997.0
inverse_test_group_size,8192,teacher,,B_Full_MLP,0,Blackhole,0.7868576242628496,0.9201970443349752,0.8483197093551327,1014.9999999999998
inverse_test_group_size,8192,teacher,,B_Full_MLP,1,Flooding,0.8773234200743495,0.9957805907172996,0.932806324110672,474.0
inverse_test_group_size,8192,teacher,,B_Full_MLP,2,Grayhole,0.9074279379157424,0.866137566137566,0.8863021115322142,1890.0000000000002
inverse_test_group_size,8192,teacher,,B_Full_MLP,3,Normal,0.9988120406725058,0.9959644226715121,0.9973861991314139,49807.00000000006
inverse_test_group_size,8192,teacher,,B_Full_MLP,4,TDMA,0.95,0.9423076923076923,0.9461382113821138,988.0
pure_group_representative,8192,teacher,,B_Full_MLP,0,Blackhole,0.7868576242628476,0.9201970443349754,0.8483197093551317,1015.0
pure_group_representative,8192,teacher,,B_Full_MLP,1,Flooding,0.8773234200743495,0.9957805907172996,0.932806324110672,474.0
pure_group_representative,8192,teacher,,B_Full_MLP,2,Grayhole,0.9074279379157428,0.8661375661375661,0.8863021115322144,1890.0
pure_group_representative,8192,teacher,,B_Full_MLP,3,Normal,0.9988120406725058,0.9959644226715121,0.9973861991314139,49807.0
pure_group_representative,8192,teacher,,B_Full_MLP,4,TDMA,0.95,0.9423076923076923,0.9461382113821138,988.0
row_level,8192,teacher,,C_CL_MLP_loss_fair,0,Blackhole,0.7785412262156448,0.9264150943396227,0.8460654796094199,1590.0
row_level,8192,teacher,,C_CL_MLP_loss_fair,1,Flooding,0.8835125448028673,0.9959595959595959,0.936372269705603,495.0
row_level,8192,teacher,,C_CL_MLP_loss_fair,2,Grayhole,0.8903757076685538,0.805025593299209,0.8455522971652004,2149.0
row_level,8192,teacher,,C_CL_MLP_loss_fair,3,Normal,0.9988608688820803,0.9958488349324457,0.9973525778047967,51070.0
row_level,8192,teacher,,C_CL_MLP_loss_fair,4,TDMA,0.9475806451612904,0.9428284854563691,0.9451985922574158,997.0
inverse_test_group_size,8192,teacher,,C_CL_MLP_loss_fair,0,Blackhole,0.741935483870969,0.929064039408867,0.8250218722659676,1014.9999999999998
inverse_test_group_size,8192,teacher,,C_CL_MLP_loss_fair,1,Flooding,0.8805970149253731,0.9957805907172996,0.9346534653465347,474.0
inverse_test_group_size,8192,teacher,,C_CL_MLP_loss_fair,2,Grayhole,0.9049826187717261,0.8264550264550262,0.8639380530973448,1890.0000000000002
inverse_test_group_size,8192,teacher,,C_CL_MLP_loss_fair,3,Normal,0.9988320579943617,0.9958841126749253,0.9973559069842259,49807.00000000006
inverse_test_group_size,8192,teacher,,C_CL_MLP_loss_fair,4,TDMA,0.9490316004077471,0.9423076923076923,0.9456576942610462,988.0
pure_group_representative,8192,teacher,,C_CL_MLP_loss_fair,0,Blackhole,0.7419354838709677,0.929064039408867,0.8250218722659668,1015.0
pure_group_representative,8192,teacher,,C_CL_MLP_loss_fair,1,Flooding,0.8805970149253731,0.9957805907172996,0.9346534653465347,474.0
pure_group_representative,8192,teacher,,C_CL_MLP_loss_fair,2,Grayhole,0.9049826187717266,0.8264550264550264,0.8639380530973452,1890.0
pure_group_representative,8192,teacher,,C_CL_MLP_loss_fair,3,Normal,0.9988320579943617,0.9958841126749252,0.9973559069842259,49807.0
pure_group_representative,8192,teacher,,C_CL_MLP_loss_fair,4,TDMA,0.9490316004077471,0.9423076923076923,0.9456576942610462,988.0
row_level,8192,teacher,,C_CL_MLP_loss_ext,0,Blackhole,0.7974822112753147,0.9163522012578617,0.8527948492829968,1590.0
row_level,8192,teacher,,C_CL_MLP_loss_ext,1,Flooding,0.8819320214669052,0.9959595959595959,0.9354838709677419,495.0
row_level,8192,teacher,,C_CL_MLP_loss_ext,2,Grayhole,0.89,0.8282922289436947,0.8580380814654134,2149.0
row_level,8192,teacher,,C_CL_MLP_loss_ext,3,Normal,0.9988608912543944,0.9958684158997454,0.997362408934472,51070.0
row_level,8192,teacher,,C_CL_MLP_loss_ext,4,TDMA,0.9428857715430862,0.9438314944834504,0.943358395989975,997.0
inverse_test_group_size,8192,teacher,,C_CL_MLP_loss_ext,0,Blackhole,0.7597402597402614,0.922167487684729,0.8331108144192266,1014.9999999999998
inverse_test_group_size,8192,teacher,,C_CL_MLP_loss_ext,1,Flooding,0.8789571694599627,0.9957805907172996,0.933728981206726,474.0
inverse_test_group_size,8192,teacher,,C_CL_MLP_loss_ext,2,Grayhole,0.9077973819009669,0.8439153439153438,0.8746915272826978,1890.0000000000002
inverse_test_group_size,8192,teacher,,C_CL_MLP_loss_ext,3,Normal,0.9988320815126558,0.995904190174072,0.9973659870511119,49807.00000000006
inverse_test_group_size,8192,teacher,,C_CL_MLP_loss_ext,4,TDMA,0.9442755825734549,0.9433198380566802,0.9437974683544303,988.0
pure_group_representative,8192,teacher,,C_CL_MLP_loss_ext,0,Blackhole,0.7597402597402597,0.9221674876847291,0.8331108144192256,1015.0
pure_group_representative,8192,teacher,,C_CL_MLP_loss_ext,1,Flooding,0.8789571694599627,0.9957805907172996,0.933728981206726,474.0
pure_group_representative,8192,teacher,,C_CL_MLP_loss_ext,2,Grayhole,0.9077973819009676,0.843915343915344,0.8746915272826981,1890.0
pure_group_representative,8192,teacher,,C_CL_MLP_loss_ext,3,Normal,0.9988320815126558,0.995904190174072,0.9973659870511119,49807.0
pure_group_representative,8192,teacher,,C_CL_MLP_loss_ext,4,TDMA,0.9442755825734549,0.9433198380566802,0.9437974683544303,988.0
row_level,8192,teacher,,C2_CL_MLP_domain,0,Blackhole,0.800453514739229,0.8880503144654088,0.8419797257006559,1590.0
row_level,8192,teacher,,C2_CL_MLP_domain,1,Flooding,0.8850987432675045,0.9959595959595959,0.9372623574144486,495.0
row_level,8192,teacher,,C2_CL_MLP_domain,2,Grayhole,0.8677606177606177,0.8366682177757097,0.8519308220800759,2149.0
row_level,8192,teacher,,C2_CL_MLP_domain,3,Normal,0.9988607793840352,0.9957705110632465,0.9973132513580828,51070.0
row_level,8192,teacher,,C2_CL_MLP_domain,4,TDMA,0.9447791164658634,0.9438314944834504,0.9443050677370798,997.0
inverse_test_group_size,8192,teacher,,C2_CL_MLP_domain,0,Blackhole,0.7610693400167103,0.8975369458128077,0.8236889692585906,1014.9999999999998
inverse_test_group_size,8192,teacher,,C2_CL_MLP_domain,1,Flooding,0.8822429906542056,0.9957805907172996,0.9355797819623389,474.0
inverse_test_group_size,8192,teacher,,C2_CL_MLP_domain,2,Grayhole,0.8911715713492502,0.849206349206349,0.8696830127336763,1890.0000000000002
inverse_test_group_size,8192,teacher,,C2_CL_MLP_domain,3,Normal,0.9988319874337959,0.9958238801774851,0.9973256655674415,49807.00000000006
inverse_test_group_size,8192,teacher,,C2_CL_MLP_domain,4,TDMA,0.9471544715447154,0.9433198380566802,0.9452332657200812,988.0
pure_group_representative,8192,teacher,,C2_CL_MLP_domain,0,Blackhole,0.7610693400167085,0.8975369458128079,0.8236889692585895,1015.0
pure_group_representative,8192,teacher,,C2_CL_MLP_domain,1,Flooding,0.8822429906542056,0.9957805907172996,0.9355797819623389,474.0
pure_group_representative,8192,teacher,,C2_CL_MLP_domain,2,Grayhole,0.8911715713492504,0.8492063492063492,0.8696830127336765,1890.0
pure_group_representative,8192,teacher,,C2_CL_MLP_domain,3,Normal,0.9988319874337959,0.9958238801774851,0.9973256655674415,49807.0
pure_group_representative,8192,teacher,,C2_CL_MLP_domain,4,TDMA,0.9471544715447154,0.9433198380566802,0.9452332657200812,988.0
row_level,8192,teacher,,G_random_pacing_teacher,0,Blackhole,0.7988260405549626,0.9415094339622642,0.8643187066974596,1590.0
row_level,8192,teacher,,G_random_pacing_teacher,1,Flooding,0.8819320214669052,0.9959595959595959,0.9354838709677419,495.0
row_level,8192,teacher,,G_random_pacing_teacher,2,Grayhole,0.9077868852459017,0.8245695672405771,0.8641794684223361,2149.0
row_level,8192,teacher,,G_random_pacing_teacher,3,Normal,0.9988610702012763,0.9960250636381437,0.9974410510319134,51070.0
row_level,8192,teacher,,G_random_pacing_teacher,4,TDMA,0.9495459132189707,0.9438314944834504,0.9466800804828974,997.0
inverse_test_group_size,8192,teacher,,G_random_pacing_teacher,0,Blackhole,0.7674418604651178,0.942857142857143,0.846153846153847,1014.9999999999998
inverse_test_group_size,8192,teacher,,G_random_pacing_teacher,1,Flooding,0.8789571694599627,0.9957805907172996,0.933728981206726,474.0
inverse_test_group_size,8192,teacher,,G_random_pacing_teacher,2,Grayhole,0.9190120620333136,0.8465608465608462,0.8812999173781323,1890.0000000000002
inverse_test_group_size,8192,teacher,,G_random_pacing_teacher,3,Normal,0.998832269624917,0.9960648101672456,0.9974466202903213,49807.00000000006
inverse_test_group_size,8192,teacher,,G_random_pacing_teacher,4,TDMA,0.9510204081632653,0.9433198380566802,0.9471544715447154,988.0
pure_group_representative,8192,teacher,,G_random_pacing_teacher,0,Blackhole,0.7674418604651163,0.9428571428571428,0.8461538461538461,1015.0
pure_group_representative,8192,teacher,,G_random_pacing_teacher,1,Flooding,0.8789571694599627,0.9957805907172996,0.933728981206726,474.0
pure_group_representative,8192,teacher,,G_random_pacing_teacher,2,Grayhole,0.9190120620333142,0.8465608465608465,0.8812999173781327,1890.0
pure_group_representative,8192,teacher,,G_random_pacing_teacher,3,Normal,0.998832269624917,0.9960648101672456,0.9974466202903213,49807.0
pure_group_representative,8192,teacher,,G_random_pacing_teacher,4,TDMA,0.9510204081632653,0.9433198380566802,0.9471544715447154,988.0
row_level,8192,teacher,,I_SMOTE_MLP_teacher,0,Blackhole,0.9635083226632523,0.9465408805031447,0.9549492385786802,1590.0
row_level,8192,teacher,,I_SMOTE_MLP_teacher,1,Flooding,0.8931159420289855,0.9959595959595959,0.941738299904489,495.0
row_level,8192,teacher,,I_SMOTE_MLP_teacher,2,Grayhole,0.9232127096204766,0.9734760353652862,0.947678369195923,2149.0
row_level,8192,teacher,,I_SMOTE_MLP_teacher,3,Normal,0.9988413197172035,0.995907577834345,0.9973722914011177,51070.0
row_level,8192,teacher,,I_SMOTE_MLP_teacher,4,TDMA,0.9400599400599401,0.9438314944834504,0.9419419419419419,997.0
inverse_test_group_size,8192,teacher,,I_SMOTE_MLP_teacher,0,Blackhole,0.9513888888888902,0.9448275862068969,0.9480968858131495,1014.9999999999998
inverse_test_group_size,8192,teacher,,I_SMOTE_MLP_teacher,1,Flooding,0.8888888888888888,0.9957805907172996,0.9393034825870646,474.0
inverse_test_group_size,8192,teacher,,I_SMOTE_MLP_teacher,2,Grayhole,0.9288597376387487,0.974074074074074,0.9509297520661157,1890.0000000000002
inverse_test_group_size,8192,teacher,,I_SMOTE_MLP_teacher,3,Normal,0.9988120167525774,0.9959443451723653,0.9973761196730705,49807.00000000006
inverse_test_group_size,8192,teacher,,I_SMOTE_MLP_teacher,4,TDMA,0.942366026289181,0.9433198380566802,0.9428426909458776,988.0
pure_group_representative,8192,teacher,,I_SMOTE_MLP_teacher,0,Blackhole,0.9513888888888888,0.9448275862068966,0.9480968858131488,1015.0
pure_group_representative,8192,teacher,,I_SMOTE_MLP_teacher,1,Flooding,0.8888888888888888,0.9957805907172996,0.9393034825870646,474.0
pure_group_representative,8192,teacher,,I_SMOTE_MLP_teacher,2,Grayhole,0.9288597376387487,0.9740740740740741,0.9509297520661157,1890.0
pure_group_representative,8192,teacher,,I_SMOTE_MLP_teacher,3,Normal,0.9988120167525774,0.9959443451723653,0.9973761196730705,49807.0
pure_group_representative,8192,teacher,,I_SMOTE_MLP_teacher,4,TDMA,0.942366026289181,0.9433198380566802,0.9428426909458776,988.0
row_level,8192,student,student_A,D_Small_MLP,0,Blackhole,0.8084745762711865,0.9,0.8517857142857143,1590.0
row_level,8192,student,student_A,D_Small_MLP,1,Flooding,0.8882882882882883,0.9959595959595959,0.939047619047619,495.0
row_level,8192,student,student_A,D_Small_MLP,2,Grayhole,0.7911751856705985,0.842717543043276,0.8161333934204597,2149.0
row_level,8192,student,student_A,D_Small_MLP,3,Normal,0.9988750962088768,0.9910710789112982,0.9949577849637806,51070.0
row_level,8192,student,student_A,D_Small_MLP,4,TDMA,0.9251968503937008,0.9428284854563691,0.9339294585196225,997.0
inverse_test_group_size,8192,student,student_A,D_Small_MLP,0,Blackhole,0.7742474916387979,0.9123152709359608,0.8376300316598836,1014.9999999999998
inverse_test_group_size,8192,student,student_A,D_Small_MLP,1,Flooding,0.8838951310861424,0.9957805907172996,0.9365079365079365,474.0
inverse_test_group_size,8192,student,student_A,D_Small_MLP,2,Grayhole,0.8012852199703406,0.8576719576719575,0.8285203168924096,1890.0000000000002
inverse_test_group_size,8192,student,student_A,D_Small_MLP,3,Normal,0.9988465974625145,0.9910655128797157,0.9949408421179933,49807.00000000006
inverse_test_group_size,8192,student,student_A,D_Small_MLP,4,TDMA,0.9291417165668663,0.9423076923076923,0.935678391959799,988.0
pure_group_representative,8192,student,student_A,D_Small_MLP,0,Blackhole,0.774247491638796,0.9123152709359605,0.8376300316598824,1015.0
pure_group_representative,8192,student,student_A,D_Small_MLP,1,Flooding,0.8838951310861424,0.9957805907172996,0.9365079365079365,474.0
pure_group_representative,8192,student,student_A,D_Small_MLP,2,Grayhole,0.8012852199703411,0.8576719576719577,0.8285203168924099,1890.0
pure_group_representative,8192,student,student_A,D_Small_MLP,3,Normal,0.9988465974625144,0.9910655128797157,0.9949408421179933,49807.0
pure_group_representative,8192,student,student_A,D_Small_MLP,4,TDMA,0.9291417165668663,0.9423076923076923,0.935678391959799,988.0
row_level,8192,student,student_A,E_KD_from_RF,0,Blackhole,0.8086124401913876,0.8503144654088051,0.8289393010423053,1590.0
row_level,8192,student,student_A,E_KD_from_RF,1,Flooding,0.8931159420289855,0.9959595959595959,0.941738299904489,495.0
row_level,8192,student,student_A,E_KD_from_RF,2,Grayhole,0.8636363636363636,0.8399255467659377,0.8516159471573485,2149.0
row_level,8192,student,student_A,E_KD_from_RF,3,Normal,0.9983929761298161,0.9975327981202271,0.9979627017708823,51070.0
row_level,8192,student,student_A,E_KD_from_RF,4,TDMA,0.9791883454734651,0.9438314944834504,0.9611848825331971,997.0
inverse_test_group_size,8192,student,student_A,E_KD_from_RF,0,Blackhole,0.771073646850046,0.8561576354679803,0.8113912231559298,1014.9999999999998
inverse_test_group_size,8192,student,student_A,E_KD_from_RF,1,Flooding,0.8888888888888888,0.9957805907172996,0.9393034825870646,474.0
inverse_test_group_size,8192,student,student_A,E_KD_from_RF,2,Grayhole,0.8943857698721513,0.8513227513227509,0.8723231227975061,1890.0000000000002
inverse_test_group_size,8192,student,student_A,E_KD_from_RF,3,Normal,0.9983723500452125,0.9975304676049551,0.9979512312698349,49807.00000000006
inverse_test_group_size,8192,student,student_A,E_KD_from_RF,4,TDMA,0.9789915966386554,0.9433198380566802,0.9608247422680413,988.0
pure_group_representative,8192,student,student_A,E_KD_from_RF,0,Blackhole,0.7710736468500443,0.8561576354679803,0.811391223155929,1015.0
pure_group_representative,8192,student,student_A,E_KD_from_RF,1,Flooding,0.8888888888888888,0.9957805907172996,0.9393034825870646,474.0
pure_group_representative,8192,student,student_A,E_KD_from_RF,2,Grayhole,0.8943857698721512,0.8513227513227514,0.8723231227975061,1890.0
pure_group_representative,8192,student,student_A,E_KD_from_RF,3,Normal,0.9983723500452125,0.9975304676049551,0.9979512312698349,49807.0
pure_group_representative,8192,student,student_A,E_KD_from_RF,4,TDMA,0.9789915966386554,0.9433198380566802,0.9608247422680413,988.0
row_level,8192,student,student_A,E2_KD_from_MLP,0,Blackhole,0.7890710382513662,0.9081761006289308,0.8444444444444444,1590.0
row_level,8192,student,student_A,E2_KD_from_MLP,1,Flooding,0.8850987432675045,0.9959595959595959,0.9372623574144486,495.0
row_level,8192,student,student_A,E2_KD_from_MLP,2,Grayhole,0.8758072528564332,0.8203815728245696,0.8471888515136954,2149.0
row_level,8192,student,student_A,E2_KD_from_MLP,3,Normal,0.998860645110596,0.9956530252594478,0.9972542559033498,51070.0
row_level,8192,student,student_A,E2_KD_from_MLP,4,TDMA,0.9457286432160804,0.9438314944834504,0.9447791164658634,997.0
inverse_test_group_size,8192,student,student_A,E2_KD_from_MLP,0,Blackhole,0.7567346938775523,0.9133004926108373,0.8276785714285722,1014.9999999999998
inverse_test_group_size,8192,student,student_A,E2_KD_from_MLP,1,Flooding,0.8805970149253731,0.9957805907172996,0.9346534653465347,474.0
inverse_test_group_size,8192,student,student_A,E2_KD_from_MLP,2,Grayhole,0.8943820224719103,0.842328042328042,0.8675749318801089,1890.0000000000002
inverse_test_group_size,8192,student,student_A,E2_KD_from_MLP,3,Normal,0.9988317992305988,0.9956632601843114,0.9972450128700129,49807.00000000006
inverse_test_group_size,8192,student,student_A,E2_KD_from_MLP,4,TDMA,0.9471544715447154,0.9433198380566802,0.9452332657200812,988.0
pure_group_representative,8192,student,student_A,E2_KD_from_MLP,0,Blackhole,0.756734693877551,0.9133004926108375,0.8276785714285714,1015.0
pure_group_representative,8192,student,student_A,E2_KD_from_MLP,1,Flooding,0.8805970149253731,0.9957805907172996,0.9346534653465347,474.0
pure_group_representative,8192,student,student_A,E2_KD_from_MLP,2,Grayhole,0.8943820224719101,0.8423280423280424,0.867574931880109,1890.0
pure_group_representative,8192,student,student_A,E2_KD_from_MLP,3,Normal,0.9988317992305988,0.9956632601843114,0.9972450128700129,49807.0
pure_group_representative,8192,student,student_A,E2_KD_from_MLP,4,TDMA,0.9471544715447154,0.9433198380566802,0.9452332657200812,988.0
row_level,8192,student,student_A,F_KD_from_CL_MLP_fair,0,Blackhole,0.7867528271405493,0.9188679245283019,0.8476936466492603,1590.0
row_level,8192,student,student_A,F_KD_from_CL_MLP_fair,1,Flooding,0.8898916967509025,0.9959595959595959,0.9399428026692088,495.0
row_level,8192,student,student_A,F_KD_from_CL_MLP_fair,2,Grayhole,0.8875949367088608,0.8157282456956724,0.8501454898157129,2149.0
row_level,8192,student,student_A,F_KD_from_CL_MLP_fair,3,Normal,0.9988610478359908,0.996005482670844,0.9974312214443987,51070.0
row_level,8192,student,student_A,F_KD_from_CL_MLP_fair,4,TDMA,0.9485368314833501,0.9428284854563691,0.9456740442655935,997.0
inverse_test_group_size,8192,student,student_A,F_KD_from_CL_MLP_fair,0,Blackhole,0.751000800640514,0.9241379310344827,0.8286219081272095,1014.9999999999998
inverse_test_group_size,8192,student,student_A,F_KD_from_CL_MLP_fair,1,Flooding,0.8855534709193246,0.9957805907172996,0.9374379344587885,474.0
inverse_test_group_size,8192,student,student_A,F_KD_from_CL_MLP_fair,2,Grayhole,0.9048710601719195,0.8354497354497353,0.8687757909215954,1890.0000000000002
inverse_test_group_size,8192,student,student_A,F_KD_from_CL_MLP_fair,3,Normal,0.9988322226025329,0.9960246551689521,0.9974264631964131,49807.00000000006
inverse_test_group_size,8192,student,student_A,F_KD_from_CL_MLP_fair,4,TDMA,0.95,0.9423076923076923,0.9461382113821138,988.0
pure_group_representative,8192,student,student_A,F_KD_from_CL_MLP_fair,0,Blackhole,0.7510008006405124,0.9241379310344827,0.8286219081272085,1015.0
pure_group_representative,8192,student,student_A,F_KD_from_CL_MLP_fair,1,Flooding,0.8855534709193246,0.9957805907172996,0.9374379344587885,474.0
pure_group_representative,8192,student,student_A,F_KD_from_CL_MLP_fair,2,Grayhole,0.9048710601719198,0.8354497354497354,0.8687757909215956,1890.0
pure_group_representative,8192,student,student_A,F_KD_from_CL_MLP_fair,3,Normal,0.9988322226025329,0.9960246551689521,0.9974264631964131,49807.0
pure_group_representative,8192,student,student_A,F_KD_from_CL_MLP_fair,4,TDMA,0.95,0.9423076923076923,0.9461382113821138,988.0
row_level,8192,student,student_A,F_KD_from_CL_MLP_ext,0,Blackhole,0.7853048462741011,0.9477987421383648,0.8589341692789969,1590.0
row_level,8192,student,student_A,F_KD_from_CL_MLP_ext,1,Flooding,0.8787878787878788,0.9959595959595959,0.9337121212121212,495.0
row_level,8192,student,student_A,F_KD_from_CL_MLP_ext,2,Grayhole,0.9089958158995816,0.8087482550023266,0.8559468111302635,2149.0
row_level,8192,student,student_A,F_KD_from_CL_MLP_ext,3,Normal,0.9988608241348156,0.9958096729978461,0.9973329149670537,51070.0
row_level,8192,student,student_A,F_KD_from_CL_MLP_ext,4,TDMA,0.9447236180904522,0.9428284854563691,0.9437751004016064,997.0
inverse_test_group_size,8192,student,student_A,F_KD_from_CL_MLP_ext,0,Blackhole,0.7498039215686285,0.941871921182266,0.8349344978165946,1014.9999999999998
inverse_test_group_size,8192,student,student_A,F_KD_from_CL_MLP_ext,1,Flooding,0.87569573283859,0.9957805907172996,0.9318854886475815,474.0
inverse_test_group_size,8192,student,student_A,F_KD_from_CL_MLP_ext,2,Grayhole,0.9150174621653091,0.8317460317460317,0.8713968957871399,1890.0000000000002
inverse_test_group_size,8192,student,student_A,F_KD_from_CL_MLP_ext,3,Normal,0.9988320109549317,0.9958439576766318,0.9973357462423968,49807.00000000006
inverse_test_group_size,8192,student,student_A,F_KD_from_CL_MLP_ext,4,TDMA,0.9461382113821138,0.9423076923076923,0.9442190669371197,988.0
pure_group_representative,8192,student,student_A,F_KD_from_CL_MLP_ext,0,Blackhole,0.7498039215686274,0.941871921182266,0.8349344978165939,1015.0
pure_group_representative,8192,student,student_A,F_KD_from_CL_MLP_ext,1,Flooding,0.87569573283859,0.9957805907172996,0.9318854886475815,474.0
pure_group_representative,8192,student,student_A,F_KD_from_CL_MLP_ext,2,Grayhole,0.9150174621653085,0.8317460317460318,0.8713968957871396,1890.0
pure_group_representative,8192,student,student_A,F_KD_from_CL_MLP_ext,3,Normal,0.9988320109549317,0.9958439576766318,0.9973357462423968,49807.0
pure_group_representative,8192,student,student_A,F_KD_from_CL_MLP_ext,4,TDMA,0.9461382113821138,0.9423076923076923,0.9442190669371197,988.0
row_level,8192,student,student_A,G_KD_random_pacing,0,Blackhole,0.7835780315388798,0.9062893081761006,0.8404782735491397,1590.0
row_level,8192,student,student_A,G_KD_random_pacing,1,Flooding,0.8882882882882883,0.9959595959595959,0.939047619047619,495.0
row_level,8192,student,student_A,G_KD_random_pacing,2,Grayhole,0.8802816901408451,0.8143322475570033,0.8460236886632826,2149.0
row_level,8192,student,student_A,G_KD_random_pacing,3,Normal,0.9988412969618413,0.9958879968670452,0.9973624606575219,51070.0
row_level,8192,student,student_A,G_KD_random_pacing,4,TDMA,0.941,0.9438314944834504,0.9424136204306459,997.0
inverse_test_group_size,8192,student,student_A,G_KD_random_pacing,0,Blackhole,0.7522412387938071,0.9093596059113299,0.8233719892952728,1014.9999999999998
inverse_test_group_size,8192,student,student_A,G_KD_random_pacing,1,Flooding,0.8838951310861424,0.9957805907172996,0.9365079365079365,474.0
inverse_test_group_size,8192,student,student_A,G_KD_random_pacing,2,Grayhole,0.8995459704880816,0.8386243386243385,0.8680175246440306,1890.0000000000002
inverse_test_group_size,8192,student,student_A,G_KD_random_pacing,3,Normal,0.9988119689098305,0.995904190174072,0.9973559601483879,49807.00000000006
inverse_test_group_size,8192,student,student_A,G_KD_random_pacing,4,TDMA,0.942366026289181,0.9433198380566802,0.9428426909458776,988.0
pure_group_representative,8192,student,student_A,G_KD_random_pacing,0,Blackhole,0.752241238793806,0.90935960591133,0.8233719892952721,1015.0
pure_group_representative,8192,student,student_A,G_KD_random_pacing,1,Flooding,0.8838951310861424,0.9957805907172996,0.9365079365079365,474.0
pure_group_representative,8192,student,student_A,G_KD_random_pacing,2,Grayhole,0.8995459704880817,0.8386243386243386,0.8680175246440307,1890.0
pure_group_representative,8192,student,student_A,G_KD_random_pacing,3,Normal,0.9988119689098305,0.995904190174072,0.9973559601483879,49807.0
pure_group_representative,8192,student,student_A,G_KD_random_pacing,4,TDMA,0.942366026289181,0.9433198380566802,0.9428426909458776,988.0
row_level,8192,student,student_A,I_KD_from_SMOTE_MLP,0,Blackhole,0.7524396507447355,0.9213836477987422,0.8283856375459429,1590.0
row_level,8192,student,student_A,I_KD_from_SMOTE_MLP,1,Flooding,0.8931159420289855,0.9959595959595959,0.941738299904489,495.0
row_level,8192,student,student_A,I_KD_from_SMOTE_MLP,2,Grayhole,0.888,0.7747789669613774,0.8275347912524851,2149.0
row_level,8192,student,student_A,I_KD_from_SMOTE_MLP,3,Normal,0.9988215653540214,0.9957900920305464,0.9973035250281904,51070.0
row_level,8192,student,student_A,I_KD_from_SMOTE_MLP,4,TDMA,0.9298418972332015,0.9438314944834504,0.9367844698855152,997.0
inverse_test_group_size,8192,student,student_A,I_KD_from_SMOTE_MLP,0,Blackhole,0.7266462480857596,0.9349753694581282,0.8177509694097382,1014.9999999999998
inverse_test_group_size,8192,student,student_A,I_KD_from_SMOTE_MLP,1,Flooding,0.8888888888888888,0.9957805907172996,0.9393034825870646,474.0
inverse_test_group_size,8192,student,student_A,I_KD_from_SMOTE_MLP,2,Grayhole,0.9119047619047629,0.8105820105820107,0.8582633053221294,1890.0000000000002
inverse_test_group_size,8192,student,student_A,I_KD_from_SMOTE_MLP,3,Normal,0.9988118492861027,0.9958038026783383,0.997305557789753,49807.00000000006
inverse_test_group_size,8192,student,student_A,I_KD_from_SMOTE_MLP,4,TDMA,0.932,0.9433198380566802,0.937625754527163,988.0
pure_group_representative,8192,student,student_A,I_KD_from_SMOTE_MLP,0,Blackhole,0.7266462480857581,0.9349753694581281,0.8177509694097371,1015.0
pure_group_representative,8192,student,student_A,I_KD_from_SMOTE_MLP,1,Flooding,0.8888888888888888,0.9957805907172996,0.9393034825870646,474.0
pure_group_representative,8192,student,student_A,I_KD_from_SMOTE_MLP,2,Grayhole,0.9119047619047619,0.8105820105820106,0.8582633053221288,1890.0
pure_group_representative,8192,student,student_A,I_KD_from_SMOTE_MLP,3,Normal,0.9988118492861027,0.9958038026783383,0.997305557789753,49807.0
pure_group_representative,8192,student,student_A,I_KD_from_SMOTE_MLP,4,TDMA,0.932,0.9433198380566802,0.937625754527163,988.0
row_level,8192,student,student_A,J_CoDistill_RF_CL,0,Blackhole,0.8174224343675418,0.8616352201257862,0.838946723821188,1590.0
row_level,8192,student,student_A,J_CoDistill_RF_CL,1,Flooding,0.891500904159132,0.9959595959595959,0.9408396946564885,495.0
row_level,8192,student,student_A,J_CoDistill_RF_CL,2,Grayhole,0.863849765258216,0.8562121917170777,0.8600140219677495,2149.0
row_level,8192,student,student_A,J_CoDistill_RF_CL,3,Normal,0.9988033349681217,0.9969453691012335,0.9978734871870253,51070.0
row_level,8192,student,student_A,J_CoDistill_RF_CL,4,TDMA,0.9731127197518097,0.9438314944834504,0.9582484725050916,997.0
inverse_test_group_size,8192,student,student_A,J_CoDistill_RF_CL,0,Blackhole,0.7825311942959011,0.8650246305418718,0.8217126813289664,1014.9999999999998
inverse_test_group_size,8192,student,student_A,J_CoDistill_RF_CL,1,Flooding,0.8872180451127819,0.9957805907172996,0.9383697813121272,474.0
inverse_test_group_size,8192,student,student_A,J_CoDistill_RF_CL,2,Grayhole,0.8896103896103895,0.8698412698412696,0.8796147672552166,1890.0000000000002
inverse_test_group_size,8192,student,student_A,J_CoDistill_RF_CL,3,Normal,0.998793096512049,0.996928142630554,0.9978597481938485,49807.00000000006
inverse_test_group_size,8192,student,student_A,J_CoDistill_RF_CL,4,TDMA,0.9728601252609603,0.9433198380566802,0.9578622816032888,988.0
pure_group_representative,8192,student,student_A,J_CoDistill_RF_CL,0,Blackhole,0.7825311942959001,0.865024630541872,0.8217126813289658,1015.0
pure_group_representative,8192,student,student_A,J_CoDistill_RF_CL,1,Flooding,0.8872180451127819,0.9957805907172996,0.9383697813121272,474.0
pure_group_representative,8192,student,student_A,J_CoDistill_RF_CL,2,Grayhole,0.8896103896103896,0.8698412698412699,0.8796147672552167,1890.0
pure_group_representative,8192,student,student_A,J_CoDistill_RF_CL,3,Normal,0.998793096512049,0.996928142630554,0.9978597481938485,49807.0
pure_group_representative,8192,student,student_A,J_CoDistill_RF_CL,4,TDMA,0.9728601252609603,0.9433198380566802,0.9578622816032888,988.0
row_level,8192,student,student_B,D_Small_MLP,0,Blackhole,0.8839080459770114,0.9672955974842767,0.9237237237237237,1590.0
row_level,8192,student,student_B,D_Small_MLP,1,Flooding,0.8772241992882562,0.9959595959595959,0.9328287606433302,495.0
row_level,8192,student,student_B,D_Small_MLP,2,Grayhole,0.936988936988937,0.906468124709167,0.9214758751182592,2149.0
row_level,8192,student,student_B,D_Small_MLP,3,Normal,0.9988610031027847,0.9959663207362444,0.997411561691113,51070.0
row_level,8192,student,student_B,D_Small_MLP,4,TDMA,0.9428857715430862,0.9438314944834504,0.943358395989975,997.0
inverse_test_group_size,8192,student,student_B,D_Small_MLP,0,Blackhole,0.8591549295774673,0.9615763546798033,0.9074848907484907,1014.9999999999998
inverse_test_group_size,8192,student,student_B,D_Small_MLP,1,Flooding,0.8724584103512015,0.9957805907172996,0.9300492610837439,474.0
inverse_test_group_size,8192,student,student_B,D_Small_MLP,2,Grayhole,0.9382113821138214,0.9158730158730156,0.9269076305220884,1890.0000000000002
inverse_test_group_size,8192,student,student_B,D_Small_MLP,3,Normal,0.9988321990899207,0.9960045776698054,0.9974163843455008,49807.00000000006
inverse_test_group_size,8192,student,student_B,D_Small_MLP,4,TDMA,0.9452332657200812,0.9433198380566802,0.9442755825734549,988.0
pure_group_representative,8192,student,student_B,D_Small_MLP,0,Blackhole,0.8591549295774648,0.961576354679803,0.907484890748489,1015.0
pure_group_representative,8192,student,student_B,D_Small_MLP,1,Flooding,0.8724584103512015,0.9957805907172996,0.9300492610837439,474.0
pure_group_representative,8192,student,student_B,D_Small_MLP,2,Grayhole,0.9382113821138212,0.9158730158730158,0.9269076305220884,1890.0
pure_group_representative,8192,student,student_B,D_Small_MLP,3,Normal,0.9988321990899207,0.9960045776698054,0.9974163843455008,49807.0
pure_group_representative,8192,student,student_B,D_Small_MLP,4,TDMA,0.9452332657200812,0.9433198380566802,0.9442755825734549,988.0
row_level,8192,student,student_B,E_KD_from_RF,0,Blackhole,0.8289473684210527,0.9113207547169812,0.8681845416417017,1590.0
row_level,8192,student,student_B,E_KD_from_RF,1,Flooding,0.8931159420289855,0.9959595959595959,0.941738299904489,495.0
row_level,8192,student,student_B,E_KD_from_RF,2,Grayhole,0.9121588089330025,0.8552815262912983,0.882804995196926,2149.0
row_level,8192,student,student_B,E_KD_from_RF,3,Normal,0.9986281503547211,0.9977677697278245,0.9981977746434728,51070.0
row_level,8192,student,student_B,E_KD_from_RF,4,TDMA,0.9802083333333333,0.9438314944834504,0.9616760347470619,997.0
inverse_test_group_size,8192,student,student_B,E_KD_from_RF,0,Blackhole,0.8033072236727606,0.9093596059113302,0.8530499075785593,1014.9999999999998
inverse_test_group_size,8192,student,student_B,E_KD_from_RF,1,Flooding,0.8888888888888888,0.9957805907172996,0.9393034825870646,474.0
inverse_test_group_size,8192,student,student_B,E_KD_from_RF,2,Grayhole,0.9286516853932593,0.8746031746031743,0.9008174386920983,1890.0000000000002
inverse_test_group_size,8192,student,student_B,E_KD_from_RF,3,Normal,0.998613427647047,0.9977312425964222,0.9981721402028724,49807.00000000006
inverse_test_group_size,8192,student,student_B,E_KD_from_RF,4,TDMA,0.9800210304942166,0.9433198380566802,0.9613202681794739,988.0
pure_group_representative,8192,student,student_B,E_KD_from_RF,0,Blackhole,0.803307223672759,0.90935960591133,0.8530499075785583,1015.0
pure_group_representative,8192,student,student_B,E_KD_from_RF,1,Flooding,0.8888888888888888,0.9957805907172996,0.9393034825870646,474.0
pure_group_representative,8192,student,student_B,E_KD_from_RF,2,Grayhole,0.9286516853932584,0.8746031746031746,0.9008174386920981,1890.0
pure_group_representative,8192,student,student_B,E_KD_from_RF,3,Normal,0.998613427647047,0.9977312425964222,0.9981721402028724,49807.0
pure_group_representative,8192,student,student_B,E_KD_from_RF,4,TDMA,0.9800210304942166,0.9433198380566802,0.9613202681794739,988.0
row_level,8192,student,student_B,E2_KD_from_MLP,0,Blackhole,0.7994579945799458,0.9276729559748428,0.858806404657933,1590.0
row_level,8192,student,student_B,E2_KD_from_MLP,1,Flooding,0.8882882882882883,0.9959595959595959,0.939047619047619,495.0
row_level,8192,student,student_B,E2_KD_from_MLP,2,Grayhole,0.897125567322239,0.8278268962308051,0.8610842207163601,2149.0
row_level,8192,student,student_B,E2_KD_from_MLP,3,Normal,0.9988609359963864,0.995907577834345,0.9973820706154586,51070.0
row_level,8192,student,student_B,E2_KD_from_MLP,4,TDMA,0.9409409409409409,0.9428284854563691,0.9418837675350702,997.0
inverse_test_group_size,8192,student,student_B,E2_KD_from_MLP,0,Blackhole,0.7685337726523902,0.9192118226600987,0.8371467025572016,1014.9999999999998
inverse_test_group_size,8192,student,student_B,E2_KD_from_MLP,1,Flooding,0.8838951310861424,0.9957805907172996,0.9365079365079365,474.0
inverse_test_group_size,8192,student,student_B,E2_KD_from_MLP,2,Grayhole,0.9059684684684688,0.8513227513227507,0.8777959629023457,1890.0000000000002
inverse_test_group_size,8192,student,student_B,E2_KD_from_MLP,3,Normal,0.9988321050300029,0.9959242676732186,0.9973760669153203,49807.00000000006
inverse_test_group_size,8192,student,student_B,E2_KD_from_MLP,4,TDMA,0.9423076923076923,0.9423076923076923,0.9423076923076923,988.0
pure_group_representative,8192,student,student_B,E2_KD_from_MLP,0,Blackhole,0.7685337726523888,0.9192118226600985,0.8371467025572006,1015.0
pure_group_representative,8192,student,student_B,E2_KD_from_MLP,1,Flooding,0.8838951310861424,0.9957805907172996,0.9365079365079365,474.0
pure_group_representative,8192,student,student_B,E2_KD_from_MLP,2,Grayhole,0.9059684684684685,0.8513227513227514,0.8777959629023458,1890.0
pure_group_representative,8192,student,student_B,E2_KD_from_MLP,3,Normal,0.9988321050300029,0.9959242676732186,0.9973760669153203,49807.0
pure_group_representative,8192,student,student_B,E2_KD_from_MLP,4,TDMA,0.9423076923076923,0.9423076923076923,0.9423076923076923,988.0
row_level,8192,student,student_B,F_KD_from_CL_MLP_fair,0,Blackhole,0.8110730593607306,0.8937106918238994,0.8503889886295631,1590.0
row_level,8192,student,student_B,F_KD_from_CL_MLP_fair,1,Flooding,0.891500904159132,0.9959595959595959,0.9408396946564885,495.0
row_level,8192,student,student_B,F_KD_from_CL_MLP_fair,2,Grayhole,0.8748194511314396,0.8455095393206142,0.8599148130619971,2149.0
row_level,8192,student,student_B,F_KD_from_CL_MLP_fair,3,Normal,0.9988412514484357,0.9958488349324457,0.9973427985919774,51070.0
row_level,8192,student,student_B,F_KD_from_CL_MLP_fair,4,TDMA,0.9391217564870259,0.9438314944834504,0.9414707353676839,997.0
inverse_test_group_size,8192,student,student_B,F_KD_from_CL_MLP_fair,0,Blackhole,0.7803418803418819,0.8995073891625618,0.8356979405034335,1014.9999999999998
inverse_test_group_size,8192,student,student_B,F_KD_from_CL_MLP_fair,1,Flooding,0.8872180451127819,0.9957805907172996,0.9383697813121272,474.0
inverse_test_group_size,8192,student,student_B,F_KD_from_CL_MLP_fair,2,Grayhole,0.8962108731466225,0.8634920634920632,0.8795472918350846,1890.0000000000002
inverse_test_group_size,8192,student,student_B,F_KD_from_CL_MLP_fair,3,Normal,0.9988119210632299,0.9958640351757785,0.9973357998130034,49807.00000000006
inverse_test_group_size,8192,student,student_B,F_KD_from_CL_MLP_fair,4,TDMA,0.9404641775983855,0.9433198380566802,0.94188984335523,988.0
pure_group_representative,8192,student,student_B,F_KD_from_CL_MLP_fair,0,Blackhole,0.7803418803418803,0.8995073891625616,0.8356979405034325,1015.0
pure_group_representative,8192,student,student_B,F_KD_from_CL_MLP_fair,1,Flooding,0.8872180451127819,0.9957805907172996,0.9383697813121272,474.0
pure_group_representative,8192,student,student_B,F_KD_from_CL_MLP_fair,2,Grayhole,0.8962108731466227,0.8634920634920635,0.8795472918350848,1890.0
pure_group_representative,8192,student,student_B,F_KD_from_CL_MLP_fair,3,Normal,0.9988119210632299,0.9958640351757785,0.9973357998130034,49807.0
pure_group_representative,8192,student,student_B,F_KD_from_CL_MLP_fair,4,TDMA,0.9404641775983855,0.9433198380566802,0.94188984335523,988.0
row_level,8192,student,student_B,F_KD_from_CL_MLP_ext,0,Blackhole,0.8064876957494407,0.9069182389937107,0.8537596210775606,1590.0
row_level,8192,student,student_B,F_KD_from_CL_MLP_ext,1,Flooding,0.8850987432675045,0.9959595959595959,0.9372623574144486,495.0
row_level,8192,student,student_B,F_KD_from_CL_MLP_ext,2,Grayhole,0.8855599214145383,0.8389948813401582,0.8616487455197133,2149.0
row_level,8192,student,student_B,F_KD_from_CL_MLP_ext,3,Normal,0.9988412059314544,0.9958096729978461,0.9973231357552581,51070.0
row_level,8192,student,student_B,F_KD_from_CL_MLP_ext,4,TDMA,0.9353233830845771,0.9428284854563691,0.939060939060939,997.0
inverse_test_group_size,8192,student,student_B,F_KD_from_CL_MLP_ext,0,Blackhole,0.7789115646258519,0.9024630541871923,0.8361478776814251,1014.9999999999998
inverse_test_group_size,8192,student,student_B,F_KD_from_CL_MLP_ext,1,Flooding,0.8805970149253731,0.9957805907172996,0.9346534653465347,474.0
inverse_test_group_size,8192,student,student_B,F_KD_from_CL_MLP_ext,2,Grayhole,0.9005524861878456,0.862433862433862,0.881081081081081,1890.0000000000002
inverse_test_group_size,8192,student,student_B,F_KD_from_CL_MLP_ext,3,Normal,0.9988118732127754,0.9958238801774851,0.9973156386668678,49807.00000000006
inverse_test_group_size,8192,student,student_B,F_KD_from_CL_MLP_ext,4,TDMA,0.9366197183098591,0.9423076923076923,0.9394550958627649,988.0
pure_group_representative,8192,student,student_B,F_KD_from_CL_MLP_ext,0,Blackhole,0.7789115646258503,0.9024630541871921,0.836147877681424,1015.0
pure_group_representative,8192,student,student_B,F_KD_from_CL_MLP_ext,1,Flooding,0.8805970149253731,0.9957805907172996,0.9346534653465347,474.0
pure_group_representative,8192,student,student_B,F_KD_from_CL_MLP_ext,2,Grayhole,0.9005524861878453,0.8624338624338624,0.8810810810810811,1890.0
pure_group_representative,8192,student,student_B,F_KD_from_CL_MLP_ext,3,Normal,0.9988118732127754,0.9958238801774851,0.9973156386668678,49807.0
pure_group_representative,8192,student,student_B,F_KD_from_CL_MLP_ext,4,TDMA,0.9366197183098591,0.9423076923076923,0.9394550958627649,988.0
row_level,8192,student,student_B,G_KD_random_pacing,0,Blackhole,0.8116591928251121,0.9106918238993711,0.8583283935981031,1590.0
row_level,8192,student,student_B,G_KD_random_pacing,1,Flooding,0.8850987432675045,0.9959595959595959,0.9372623574144486,495.0
row_level,8192,student,student_B,G_KD_random_pacing,2,Grayhole,0.8895976447497547,0.8436482084690554,0.8660138524002866,2149.0
row_level,8192,student,student_B,G_KD_random_pacing,3,Normal,0.9988610925656836,0.9960446446054435,0.9974508804266834,51070.0
row_level,8192,student,student_B,G_KD_random_pacing,4,TDMA,0.9447791164658634,0.9438314944834504,0.9443050677370798,997.0
inverse_test_group_size,8192,student,student_B,G_KD_random_pacing,0,Blackhole,0.7817258883248747,0.9103448275862068,0.8411470186618124,1014.9999999999998
inverse_test_group_size,8192,student,student_B,G_KD_random_pacing,1,Flooding,0.8805970149253731,0.9957805907172996,0.9346534653465347,474.0
inverse_test_group_size,8192,student,student_B,G_KD_random_pacing,2,Grayhole,0.9056603773584906,0.8634920634920633,0.8840736728060671,1890.0000000000002
inverse_test_group_size,8192,student,student_B,G_KD_random_pacing,3,Normal,0.998832269624917,0.9960648101672456,0.9974466202903213,49807.00000000006
inverse_test_group_size,8192,student,student_B,G_KD_random_pacing,4,TDMA,0.9461928934010152,0.9433198380566802,0.9447541814495691,988.0
pure_group_representative,8192,student,student_B,G_KD_random_pacing,0,Blackhole,0.7817258883248731,0.9103448275862069,0.8411470186618115,1015.0
pure_group_representative,8192,student,student_B,G_KD_random_pacing,1,Flooding,0.8805970149253731,0.9957805907172996,0.9346534653465347,474.0
pure_group_representative,8192,student,student_B,G_KD_random_pacing,2,Grayhole,0.9056603773584906,0.8634920634920635,0.8840736728060672,1890.0
pure_group_representative,8192,student,student_B,G_KD_random_pacing,3,Normal,0.998832269624917,0.9960648101672456,0.9974466202903213,49807.0
pure_group_representative,8192,student,student_B,G_KD_random_pacing,4,TDMA,0.9461928934010152,0.9433198380566802,0.9447541814495691,988.0
row_level,8192,student,student_B,I_KD_from_SMOTE_MLP,0,Blackhole,0.8253873659117997,0.8710691823899371,0.8476132190942472,1590.0
row_level,8192,student,student_B,I_KD_from_SMOTE_MLP,1,Flooding,0.8931159420289855,0.9959595959595959,0.941738299904489,495.0
row_level,8192,student,student_B,I_KD_from_SMOTE_MLP,2,Grayhole,0.865950490425035,0.8627268496975338,0.8643356643356643,2149.0
row_level,8192,student,student_B,I_KD_from_SMOTE_MLP,3,Normal,0.9988218198955346,0.996005482670844,0.9974116632024785,51070.0
row_level,8192,student,student_B,I_KD_from_SMOTE_MLP,4,TDMA,0.9372509960159362,0.9438314944834504,0.9405297351324338,997.0
inverse_test_group_size,8192,student,student_B,I_KD_from_SMOTE_MLP,0,Blackhole,0.7932564330079872,0.8807881773399018,0.8347338935574238,1014.9999999999998
inverse_test_group_size,8192,student,student_B,I_KD_from_SMOTE_MLP,1,Flooding,0.8888888888888888,0.9957805907172996,0.9393034825870646,474.0
inverse_test_group_size,8192,student,student_B,I_KD_from_SMOTE_MLP,2,Grayhole,0.8922413793103449,0.876190476190476,0.8841430859583554,1890.0000000000002
inverse_test_group_size,8192,student,student_B,I_KD_from_SMOTE_MLP,3,Normal,0.998812112426512,0.9960246551689521,0.9974164362905252,49807.00000000006
inverse_test_group_size,8192,student,student_B,I_KD_from_SMOTE_MLP,4,TDMA,0.9395161290322581,0.9433198380566802,0.9414141414141414,988.0
pure_group_representative,8192,student,student_B,I_KD_from_SMOTE_MLP,0,Blackhole,0.7932564330079858,0.8807881773399014,0.834733893557423,1015.0
pure_group_representative,8192,student,student_B,I_KD_from_SMOTE_MLP,1,Flooding,0.8888888888888888,0.9957805907172996,0.9393034825870646,474.0
pure_group_representative,8192,student,student_B,I_KD_from_SMOTE_MLP,2,Grayhole,0.8922413793103449,0.8761904761904762,0.8841430859583556,1890.0
pure_group_representative,8192,student,student_B,I_KD_from_SMOTE_MLP,3,Normal,0.998812112426512,0.9960246551689521,0.9974164362905252,49807.0
pure_group_representative,8192,student,student_B,I_KD_from_SMOTE_MLP,4,TDMA,0.9395161290322581,0.9433198380566802,0.9414141414141414,988.0
row_level,8192,student,student_B,J_CoDistill_RF_CL,0,Blackhole,0.837463976945245,0.9138364779874214,0.8739849624060151,1590.0
row_level,8192,student,student_B,J_CoDistill_RF_CL,1,Flooding,0.891500904159132,0.9959595959595959,0.9408396946564885,495.0
row_level,8192,student,student_B,J_CoDistill_RF_CL,2,Grayhole,0.902521823472357,0.8659841786877618,0.8838755639990501,2149.0
row_level,8192,student,student_B,J_CoDistill_RF_CL,3,Normal,0.9987445564753423,0.9969453691012335,0.9978441517717153,51070.0
row_level,8192,student,student_B,J_CoDistill_RF_CL,4,TDMA,0.9671120246659815,0.9438314944834504,0.9553299492385787,997.0
inverse_test_group_size,8192,student,student_B,J_CoDistill_RF_CL,0,Blackhole,0.8008658008658025,0.9113300492610841,0.8525345622119828,1014.9999999999998
inverse_test_group_size,8192,student,student_B,J_CoDistill_RF_CL,1,Flooding,0.8872180451127819,0.9957805907172996,0.9383697813121272,474.0
inverse_test_group_size,8192,student,student_B,J_CoDistill_RF_CL,2,Grayhole,0.9163898117386493,0.8756613756613755,0.8955627705627707,1890.0000000000002
inverse_test_group_size,8192,student,student_B,J_CoDistill_RF_CL,3,Normal,0.9987328532925701,0.9969482201297006,0.9978397387591058,49807.00000000006
inverse_test_group_size,8192,student,student_B,J_CoDistill_RF_CL,4,TDMA,0.9678089304257529,0.9433198380566802,0.955407483341876,988.0
pure_group_representative,8192,student,student_B,J_CoDistill_RF_CL,0,Blackhole,0.8008658008658008,0.9113300492610837,0.8525345622119815,1015.0
pure_group_representative,8192,student,student_B,J_CoDistill_RF_CL,1,Flooding,0.8872180451127819,0.9957805907172996,0.9383697813121272,474.0
pure_group_representative,8192,student,student_B,J_CoDistill_RF_CL,2,Grayhole,0.916389811738649,0.8756613756613757,0.8955627705627706,1890.0
pure_group_representative,8192,student,student_B,J_CoDistill_RF_CL,3,Normal,0.9987328532925701,0.9969482201297006,0.9978397387591057,49807.0
pure_group_representative,8192,student,student_B,J_CoDistill_RF_CL,4,TDMA,0.9678089304257529,0.9433198380566802,0.955407483341876,988.0
row_level,9999,teacher,,A_RF_500_uncalibrated,0,Blackhole,0.9832298136645963,0.9955974842767296,0.989375,1590.0
row_level,9999,teacher,,A_RF_500_uncalibrated,1,Flooding,0.9232209737827716,0.9959595959595959,0.9582118561710399,495.0
row_level,9999,teacher,,A_RF_500_uncalibrated,2,Grayhole,0.9859154929577465,0.9771986970684039,0.9815377424631924,2149.0
row_level,9999,teacher,,A_RF_500_uncalibrated,3,Normal,0.9984143763213531,0.9986880751909144,0.9985512070011943,51070.0
row_level,9999,teacher,,A_RF_500_uncalibrated,4,TDMA,0.9968186638388123,0.9428284854563691,0.9690721649484536,997.0
inverse_test_group_size,9999,teacher,,A_RF_500_uncalibrated,0,Blackhole,0.9805447470817125,0.993103448275862,0.9867841409691632,1014.9999999999998
inverse_test_group_size,9999,teacher,,A_RF_500_uncalibrated,1,Flooding,0.9200779727095516,0.9957805907172996,0.9564336372847011,474.0
inverse_test_group_size,9999,teacher,,A_RF_500_uncalibrated,2,Grayhole,0.9840425531914894,0.9788359788359787,0.9814323607427056,1890.0000000000002
inverse_test_group_size,9999,teacher,,A_RF_500_uncalibrated,3,Normal,0.9984142596198238,0.9986548075571707,0.9985345191014394,49807.00000000006
inverse_test_group_size,9999,teacher,,A_RF_500_uncalibrated,4,TDMA,0.9967880085653105,0.9423076923076923,0.9687825182101977,988.0
pure_group_representative,9999,teacher,,A_RF_500_uncalibrated,0,Blackhole,0.980544747081712,0.993103448275862,0.986784140969163,1015.0
pure_group_representative,9999,teacher,,A_RF_500_uncalibrated,1,Flooding,0.9200779727095516,0.9957805907172996,0.9564336372847011,474.0
pure_group_representative,9999,teacher,,A_RF_500_uncalibrated,2,Grayhole,0.9840425531914894,0.9788359788359788,0.9814323607427056,1890.0
pure_group_representative,9999,teacher,,A_RF_500_uncalibrated,3,Normal,0.9984142596198238,0.9986548075571707,0.9985345191014394,49807.0
pure_group_representative,9999,teacher,,A_RF_500_uncalibrated,4,TDMA,0.9967880085653105,0.9423076923076923,0.9687825182101977,988.0
row_level,9999,teacher,,A_calibrated_RF_KD_teacher,0,Blackhole,0.9874686716791979,0.9911949685534591,0.9893283113622097,1590.0
row_level,9999,teacher,,A_calibrated_RF_KD_teacher,1,Flooding,0.9264150943396227,0.9919191919191919,0.9580487804878048,495.0
row_level,9999,teacher,,A_calibrated_RF_KD_teacher,2,Grayhole,0.9822595704948646,0.9790600279199628,0.9806571894663249,2149.0
row_level,9999,teacher,,A_calibrated_RF_KD_teacher,3,Normal,0.9983166960266197,0.9987076561582142,0.9985121378230227,51070.0
row_level,9999,teacher,,A_calibrated_RF_KD_teacher,4,TDMA,0.9968186638388123,0.9428284854563691,0.9690721649484536,997.0
inverse_test_group_size,9999,teacher,,A_calibrated_RF_KD_teacher,0,Blackhole,0.9842983316977433,0.9881773399014779,0.986234021632252,1014.9999999999998
inverse_test_group_size,9999,teacher,,A_calibrated_RF_KD_teacher,1,Flooding,0.9233791748526523,0.9915611814345991,0.9562563580874873,474.0
inverse_test_group_size,9999,teacher,,A_calibrated_RF_KD_teacher,2,Grayhole,0.9809220985691574,0.9793650793650791,0.9801429706115964,1890.0000000000002
inverse_test_group_size,9999,teacher,,A_calibrated_RF_KD_teacher,3,Normal,0.998314099347717,0.9986748850563174,0.9984944596113698,49807.00000000006
inverse_test_group_size,9999,teacher,,A_calibrated_RF_KD_teacher,4,TDMA,0.9967880085653105,0.9423076923076923,0.9687825182101977,988.0
pure_group_representative,9999,teacher,,A_calibrated_RF_KD_teacher,0,Blackhole,0.9842983316977428,0.9881773399014778,0.9862340216322517,1015.0
pure_group_representative,9999,teacher,,A_calibrated_RF_KD_teacher,1,Flooding,0.9233791748526523,0.9915611814345991,0.9562563580874873,474.0
pure_group_representative,9999,teacher,,A_calibrated_RF_KD_teacher,2,Grayhole,0.9809220985691574,0.9793650793650793,0.9801429706115965,1890.0
pure_group_representative,9999,teacher,,A_calibrated_RF_KD_teacher,3,Normal,0.998314099347717,0.9986748850563174,0.9984944596113698,49807.0
pure_group_representative,9999,teacher,,A_calibrated_RF_KD_teacher,4,TDMA,0.9967880085653105,0.9423076923076923,0.9687825182101977,988.0
row_level,9999,teacher,,B_Full_MLP,0,Blackhole,0.8055105348460292,0.9377358490566038,0.8666085440278989,1590.0
row_level,9999,teacher,,B_Full_MLP,1,Flooding,0.8882882882882883,0.9959595959595959,0.939047619047619,495.0
row_level,9999,teacher,,B_Full_MLP,2,Grayhole,0.9108961303462322,0.8324802233597022,0.8699246292244104,2149.0
row_level,9999,teacher,,B_Full_MLP,3,Normal,0.9988417518993306,0.996279616213041,0.9975590389083316,51070.0
row_level,9999,teacher,,B_Full_MLP,4,TDMA,0.9485887096774194,0.9438314944834504,0.9462041226747109,997.0
inverse_test_group_size,9999,teacher,,B_Full_MLP,0,Blackhole,0.7749796913078814,0.9399014778325123,0.8495102404274274,1014.9999999999998
inverse_test_group_size,9999,teacher,,B_Full_MLP,1,Flooding,0.8855534709193246,0.9957805907172996,0.9374379344587885,474.0
inverse_test_group_size,9999,teacher,,B_Full_MLP,2,Grayhole,0.9238258877434131,0.853439153439153,0.8872387238723869,1890.0000000000002
inverse_test_group_size,9999,teacher,,B_Full_MLP,3,Normal,0.998812471066562,0.9963258176561528,0.997567594733139,49807.00000000006
inverse_test_group_size,9999,teacher,,B_Full_MLP,4,TDMA,0.9500509683995922,0.9433198380566802,0.94667343829355,988.0
pure_group_representative,9999,teacher,,B_Full_MLP,0,Blackhole,0.7749796913078798,0.9399014778325123,0.8495102404274265,1015.0
pure_group_representative,9999,teacher,,B_Full_MLP,1,Flooding,0.8855534709193246,0.9957805907172996,0.9374379344587885,474.0
pure_group_representative,9999,teacher,,B_Full_MLP,2,Grayhole,0.9238258877434136,0.8534391534391534,0.8872387238723872,1890.0
pure_group_representative,9999,teacher,,B_Full_MLP,3,Normal,0.998812471066562,0.9963258176561528,0.997567594733139,49807.0
pure_group_representative,9999,teacher,,B_Full_MLP,4,TDMA,0.9500509683995922,0.9433198380566802,0.94667343829355,988.0
row_level,9999,teacher,,C_CL_MLP_loss_fair,0,Blackhole,0.7624309392265194,0.9547169811320755,0.8478078748952806,1590.0
row_level,9999,teacher,,C_CL_MLP_loss_fair,1,Flooding,0.8805704099821747,0.997979797979798,0.9356060606060606,495.0
row_level,9999,teacher,,C_CL_MLP_loss_fair,2,Grayhole,0.9039913700107874,0.7798976268031642,0.8373719710217337,2149.0
row_level,9999,teacher,,C_CL_MLP_loss_fair,3,Normal,0.9988802451673738,0.9956334442921481,0.9972542020515033,51070.0
row_level,9999,teacher,,C_CL_MLP_loss_fair,4,TDMA,0.9495459132189707,0.9438314944834504,0.9466800804828974,997.0
inverse_test_group_size,9999,teacher,,C_CL_MLP_loss_fair,0,Blackhole,0.7298937784522012,0.9477832512315271,0.8246892413201891,1014.9999999999998
inverse_test_group_size,9999,teacher,,C_CL_MLP_loss_fair,1,Flooding,0.8775510204081632,0.9978902953586498,0.9338598223099703,474.0
inverse_test_group_size,9999,teacher,,C_CL_MLP_loss_fair,2,Grayhole,0.9082297217288342,0.811640211640211,0.8572226879016485,1890.0000000000002
inverse_test_group_size,9999,teacher,,C_CL_MLP_loss_fair,3,Normal,0.9988519174991943,0.9956632601843114,0.9972550399678246,49807.00000000006
inverse_test_group_size,9999,teacher,,C_CL_MLP_loss_fair,4,TDMA,0.9510204081632653,0.9433198380566802,0.9471544715447154,988.0
pure_group_representative,9999,teacher,,C_CL_MLP_loss_fair,0,Blackhole,0.7298937784522003,0.9477832512315271,0.8246892413201886,1015.0
pure_group_representative,9999,teacher,,C_CL_MLP_loss_fair,1,Flooding,0.8775510204081632,0.9978902953586498,0.9338598223099703,474.0
pure_group_representative,9999,teacher,,C_CL_MLP_loss_fair,2,Grayhole,0.9082297217288336,0.8116402116402116,0.8572226879016485,1890.0
pure_group_representative,9999,teacher,,C_CL_MLP_loss_fair,3,Normal,0.9988519174991943,0.9956632601843114,0.9972550399678246,49807.0
pure_group_representative,9999,teacher,,C_CL_MLP_loss_fair,4,TDMA,0.9510204081632653,0.9433198380566802,0.9471544715447154,988.0
row_level,9999,teacher,,C_CL_MLP_loss_ext,0,Blackhole,0.7891781521184278,0.9723270440251572,0.8712313327697943,1590.0
row_level,9999,teacher,,C_CL_MLP_loss_ext,1,Flooding,0.8850987432675045,0.9959595959595959,0.9372623574144486,495.0
row_level,9999,teacher,,C_CL_MLP_loss_ext,2,Grayhole,0.92590618336887,0.808282922289437,0.8631055900621118,2149.0
row_level,9999,teacher,,C_CL_MLP_loss_ext,3,Normal,0.9988608688820803,0.9958488349324457,0.9973525778047967,51070.0
row_level,9999,teacher,,C_CL_MLP_loss_ext,4,TDMA,0.9476334340382678,0.9438314944834504,0.9457286432160804,997.0
inverse_test_group_size,9999,teacher,,C_CL_MLP_loss_ext,0,Blackhole,0.7606506584043391,0.9674876847290641,0.8516912402428457,1014.9999999999998
inverse_test_group_size,9999,teacher,,C_CL_MLP_loss_ext,1,Flooding,0.8822429906542056,0.9957805907172996,0.9355797819623389,474.0
inverse_test_group_size,9999,teacher,,C_CL_MLP_loss_ext,2,Grayhole,0.9273153575615477,0.8370370370370366,0.8798665183537262,1890.0000000000002
inverse_test_group_size,9999,teacher,,C_CL_MLP_loss_ext,3,Normal,0.9988320579943617,0.9958841126749253,0.9973559069842259,49807.00000000006
inverse_test_group_size,9999,teacher,,C_CL_MLP_loss_ext,4,TDMA,0.9490835030549898,0.9433198380566802,0.9461928934010152,988.0
pure_group_representative,9999,teacher,,C_CL_MLP_loss_ext,0,Blackhole,0.7606506584043378,0.967487684729064,0.8516912402428447,1015.0
pure_group_representative,9999,teacher,,C_CL_MLP_loss_ext,1,Flooding,0.8822429906542056,0.9957805907172996,0.9355797819623389,474.0
pure_group_representative,9999,teacher,,C_CL_MLP_loss_ext,2,Grayhole,0.9273153575615475,0.837037037037037,0.8798665183537263,1890.0
pure_group_representative,9999,teacher,,C_CL_MLP_loss_ext,3,Normal,0.9988320579943617,0.9958841126749252,0.9973559069842259,49807.0
pure_group_representative,9999,teacher,,C_CL_MLP_loss_ext,4,TDMA,0.9490835030549898,0.9433198380566802,0.9461928934010152,988.0
row_level,9999,teacher,,C2_CL_MLP_domain,0,Blackhole,0.7981194690265486,0.9075471698113208,0.8493231312536786,1590.0
row_level,9999,teacher,,C2_CL_MLP_domain,1,Flooding,0.8819320214669052,0.9959595959595959,0.9354838709677419,495.0
row_level,9999,teacher,,C2_CL_MLP_domain,2,Grayhole,0.8853028798411122,0.8296882270823639,0.8565938025462407,2149.0
row_level,9999,teacher,,C2_CL_MLP_domain,3,Normal,0.9988415017279296,0.9960642255727433,0.9974509304104002,51070.0
row_level,9999,teacher,,C2_CL_MLP_domain,4,TDMA,0.9485887096774194,0.9438314944834504,0.9462041226747109,997.0
inverse_test_group_size,9999,teacher,,C2_CL_MLP_domain,0,Blackhole,0.75839475839476,0.9123152709359603,0.8282647584973176,1014.9999999999998
inverse_test_group_size,9999,teacher,,C2_CL_MLP_domain,1,Flooding,0.8789571694599627,0.9957805907172996,0.933728981206726,474.0
inverse_test_group_size,9999,teacher,,C2_CL_MLP_domain,2,Grayhole,0.9041406693136693,0.8433862433862432,0.8727073638105664,1890.0000000000002
inverse_test_group_size,9999,teacher,,C2_CL_MLP_domain,3,Normal,0.9988122080850379,0.996104965165539,0.9974567496657586,49807.00000000006
inverse_test_group_size,9999,teacher,,C2_CL_MLP_domain,4,TDMA,0.9500509683995922,0.9433198380566802,0.94667343829355,988.0
pure_group_representative,9999,teacher,,C2_CL_MLP_domain,0,Blackhole,0.7583947583947583,0.9123152709359605,0.8282647584973166,1015.0
pure_group_representative,9999,teacher,,C2_CL_MLP_domain,1,Flooding,0.8789571694599627,0.9957805907172996,0.933728981206726,474.0
pure_group_representative,9999,teacher,,C2_CL_MLP_domain,2,Grayhole,0.9041406693136699,0.8433862433862434,0.8727073638105667,1890.0
pure_group_representative,9999,teacher,,C2_CL_MLP_domain,3,Normal,0.9988122080850379,0.996104965165539,0.9974567496657586,49807.0
pure_group_representative,9999,teacher,,C2_CL_MLP_domain,4,TDMA,0.9500509683995922,0.9433198380566802,0.94667343829355,988.0
row_level,9999,teacher,,G_random_pacing_teacher,0,Blackhole,0.8296547821165817,0.9220125786163522,0.8733988680369378,1590.0
row_level,9999,teacher,,G_random_pacing_teacher,1,Flooding,0.8882882882882883,0.9959595959595959,0.939047619047619,495.0
row_level,9999,teacher,,G_random_pacing_teacher,2,Grayhole,0.8987834549878345,0.8594695207073058,0.878686964795433,2149.0
row_level,9999,teacher,,G_random_pacing_teacher,3,Normal,0.9988220280749975,0.996181711376542,0.9975001225430126,51070.0
row_level,9999,teacher,,G_random_pacing_teacher,4,TDMA,0.9514661274014156,0.9438314944834504,0.9476334340382678,997.0
inverse_test_group_size,9999,teacher,,G_random_pacing_teacher,0,Blackhole,0.8006872852233692,0.9182266009852217,0.8554382744378164,1014.9999999999998
inverse_test_group_size,9999,teacher,,G_random_pacing_teacher,1,Flooding,0.8838951310861424,0.9957805907172996,0.9365079365079365,474.0
inverse_test_group_size,9999,teacher,,G_random_pacing_teacher,2,Grayhole,0.9104395604395602,0.8767195767195763,0.8932614555256062,1890.0000000000002
inverse_test_group_size,9999,teacher,,G_random_pacing_teacher,3,Normal,0.9987922219090946,0.9962053526612725,0.9974971101171031,49807.00000000006
inverse_test_group_size,9999,teacher,,G_random_pacing_teacher,4,TDMA,0.9529652351738241,0.9433198380566802,0.948118006103764,988.0
pure_group_representative,9999,teacher,,G_random_pacing_teacher,0,Blackhole,0.8006872852233677,0.9182266009852217,0.8554382744378155,1015.0
pure_group_representative,9999,teacher,,G_random_pacing_teacher,1,Flooding,0.8838951310861424,0.9957805907172996,0.9365079365079365,474.0
pure_group_representative,9999,teacher,,G_random_pacing_teacher,2,Grayhole,0.9104395604395604,0.8767195767195767,0.8932614555256064,1890.0
pure_group_representative,9999,teacher,,G_random_pacing_teacher,3,Normal,0.9987922219090946,0.9962053526612725,0.9974971101171031,49807.0
pure_group_representative,9999,teacher,,G_random_pacing_teacher,4,TDMA,0.9529652351738241,0.9433198380566802,0.948118006103764,988.0
row_level,9999,teacher,,I_SMOTE_MLP_teacher,0,Blackhole,0.9461910519951633,0.9842767295597484,0.9648581997533908,1590.0
row_level,9999,teacher,,I_SMOTE_MLP_teacher,1,Flooding,0.891500904159132,0.9959595959595959,0.9408396946564885,495.0
row_level,9999,teacher,,I_SMOTE_MLP_teacher,2,Grayhole,0.9440623567171023,0.9581200558399255,0.9510392609699769,2149.0
row_level,9999,teacher,,I_SMOTE_MLP_teacher,3,Normal,0.9988394508045163,0.9943019385157627,0.996565529693449,51070.0
row_level,9999,teacher,,I_SMOTE_MLP_teacher,4,TDMA,0.8753488372093023,0.9438314944834504,0.9083011583011583,997.0
inverse_test_group_size,9999,teacher,,I_SMOTE_MLP_teacher,0,Blackhole,0.9328358208955234,0.9852216748768473,0.9583133684714908,1014.9999999999998
inverse_test_group_size,9999,teacher,,I_SMOTE_MLP_teacher,1,Flooding,0.8872180451127819,0.9957805907172996,0.9383697813121272,474.0
inverse_test_group_size,9999,teacher,,I_SMOTE_MLP_teacher,2,Grayhole,0.9438961038961038,0.9613756613756611,0.9525557011795542,1890.0000000000002
inverse_test_group_size,9999,teacher,,I_SMOTE_MLP_teacher,3,Normal,0.9988100280349327,0.9942779127431887,0.9965388175634885,49807.00000000006
inverse_test_group_size,9999,teacher,,I_SMOTE_MLP_teacher,4,TDMA,0.8759398496240601,0.9433198380566802,0.9083820662768031,988.0
pure_group_representative,9999,teacher,,I_SMOTE_MLP_teacher,0,Blackhole,0.9328358208955224,0.9852216748768473,0.9583133684714902,1015.0
pure_group_representative,9999,teacher,,I_SMOTE_MLP_teacher,1,Flooding,0.8872180451127819,0.9957805907172996,0.9383697813121272,474.0
pure_group_representative,9999,teacher,,I_SMOTE_MLP_teacher,2,Grayhole,0.9438961038961039,0.9613756613756613,0.9525557011795543,1890.0
pure_group_representative,9999,teacher,,I_SMOTE_MLP_teacher,3,Normal,0.9988100280349327,0.9942779127431887,0.9965388175634885,49807.0
pure_group_representative,9999,teacher,,I_SMOTE_MLP_teacher,4,TDMA,0.8759398496240601,0.9433198380566802,0.9083820662768031,988.0
row_level,9999,student,student_A,D_Small_MLP,0,Blackhole,0.7811181434599156,0.9314465408805032,0.8496844520940906,1590.0
row_level,9999,student,student_A,D_Small_MLP,1,Flooding,0.8850987432675045,0.9959595959595959,0.9372623574144486,495.0
row_level,9999,student,student_A,D_Small_MLP,2,Grayhole,0.8980331262939959,0.8073522568636575,0.8502817936780201,2149.0
row_level,9999,student,student_A,D_Small_MLP,3,Normal,0.9988609359963864,0.995907577834345,0.9973820706154586,51070.0
row_level,9999,student,student_A,D_Small_MLP,4,TDMA,0.9438314944834504,0.9438314944834504,0.9438314944834504,997.0
inverse_test_group_size,9999,student,student_A,D_Small_MLP,0,Blackhole,0.7551669316375211,0.9359605911330051,0.8358996920369564,1014.9999999999998
inverse_test_group_size,9999,student,student_A,D_Small_MLP,1,Flooding,0.8805970149253731,0.9957805907172996,0.9346534653465347,474.0
inverse_test_group_size,9999,student,student_A,D_Small_MLP,2,Grayhole,0.9139722863741336,0.8375661375661372,0.8741027056874653,1890.0000000000002
inverse_test_group_size,9999,student,student_A,D_Small_MLP,3,Normal,0.9988321050300029,0.9959242676732186,0.9973760669153203,49807.00000000006
inverse_test_group_size,9999,student,student_A,D_Small_MLP,4,TDMA,0.9452332657200812,0.9433198380566802,0.9442755825734549,988.0
pure_group_representative,9999,student,student_A,D_Small_MLP,0,Blackhole,0.7551669316375199,0.9359605911330049,0.8358996920369556,1015.0
pure_group_representative,9999,student,student_A,D_Small_MLP,1,Flooding,0.8805970149253731,0.9957805907172996,0.9346534653465347,474.0
pure_group_representative,9999,student,student_A,D_Small_MLP,2,Grayhole,0.913972286374134,0.8375661375661375,0.8741027056874655,1890.0
pure_group_representative,9999,student,student_A,D_Small_MLP,3,Normal,0.9988321050300029,0.9959242676732186,0.9973760669153203,49807.0
pure_group_representative,9999,student,student_A,D_Small_MLP,4,TDMA,0.9452332657200812,0.9433198380566802,0.9442755825734549,988.0
row_level,9999,student,student_A,E_KD_from_RF,0,Blackhole,0.7842799770510613,0.859748427672956,0.8202820282028203,1590.0
row_level,9999,student,student_A,E_KD_from_RF,1,Flooding,0.8929219600725953,0.9939393939393939,0.9407265774378585,495.0
row_level,9999,student,student_A,E_KD_from_RF,2,Grayhole,0.8622374206155349,0.821312238250349,0.8412774070543375,2149.0
row_level,9999,student,student_A,E_KD_from_RF,3,Normal,0.9986863517832284,0.9973761503818288,0.9980308210790316,51070.0
row_level,9999,student,student_A,E_KD_from_RF,4,TDMA,0.9832810867293625,0.9438314944834504,0.9631525076765609,997.0
inverse_test_group_size,9999,student,student_A,E_KD_from_RF,0,Blackhole,0.7500000000000014,0.8719211822660099,0.8063781321184519,1014.9999999999998
inverse_test_group_size,9999,student,student_A,E_KD_from_RF,1,Flooding,0.8886792452830189,0.9936708860759493,0.9382470119521913,474.0
inverse_test_group_size,9999,student,student_A,E_KD_from_RF,2,Grayhole,0.8951521984216457,0.8402116402116403,0.8668122270742358,1890.0000000000002
inverse_test_group_size,9999,student,student_A,E_KD_from_RF,3,Normal,0.9986731534719151,0.9973698476117815,0.9980210750484686,49807.00000000006
inverse_test_group_size,9999,student,student_A,E_KD_from_RF,4,TDMA,0.9831223628691983,0.9433198380566802,0.9628099173553719,988.0
pure_group_representative,9999,student,student_A,E_KD_from_RF,0,Blackhole,0.75,0.8719211822660099,0.806378132118451,1015.0
pure_group_representative,9999,student,student_A,E_KD_from_RF,1,Flooding,0.8886792452830189,0.9936708860759493,0.9382470119521913,474.0
pure_group_representative,9999,student,student_A,E_KD_from_RF,2,Grayhole,0.895152198421646,0.8402116402116402,0.8668122270742358,1890.0
pure_group_representative,9999,student,student_A,E_KD_from_RF,3,Normal,0.9986731534719151,0.9973698476117815,0.9980210750484686,49807.0
pure_group_representative,9999,student,student_A,E_KD_from_RF,4,TDMA,0.9831223628691983,0.9433198380566802,0.9628099173553719,988.0
row_level,9999,student,student_A,E2_KD_from_MLP,0,Blackhole,0.7756714060031595,0.9264150943396227,0.8443680137575237,1590.0
row_level,9999,student,student_A,E2_KD_from_MLP,1,Flooding,0.891500904159132,0.9959595959595959,0.9408396946564885,495.0
row_level,9999,student,student_A,E2_KD_from_MLP,2,Grayhole,0.8973958333333333,0.801768264308981,0.8468911280412877,2149.0
row_level,9999,student,student_A,E2_KD_from_MLP,3,Normal,0.9988219818192527,0.9961425494419425,0.9974804662607962,51070.0
row_level,9999,student,student_A,E2_KD_from_MLP,4,TDMA,0.9427710843373494,0.9418254764292878,0.9422980431510286,997.0
inverse_test_group_size,9999,student,student_A,E2_KD_from_MLP,0,Blackhole,0.7375000000000013,0.9300492610837436,0.8226579520697174,1014.9999999999998
inverse_test_group_size,9999,student,student_A,E2_KD_from_MLP,1,Flooding,0.8872180451127819,0.9957805907172996,0.9383697813121272,474.0
inverse_test_group_size,9999,student,student_A,E2_KD_from_MLP,2,Grayhole,0.9136310223266745,0.8227513227513226,0.8658129175946546,1890.0000000000002
inverse_test_group_size,9999,student,student_A,E2_KD_from_MLP,3,Normal,0.9988122798188224,0.9961651976629791,0.9974869825697111,49807.00000000006
inverse_test_group_size,9999,student,student_A,E2_KD_from_MLP,4,TDMA,0.9441624365482234,0.9412955465587044,0.94272681196148,988.0
pure_group_representative,9999,student,student_A,E2_KD_from_MLP,0,Blackhole,0.7375,0.9300492610837439,0.8226579520697168,1015.0
pure_group_representative,9999,student,student_A,E2_KD_from_MLP,1,Flooding,0.8872180451127819,0.9957805907172996,0.9383697813121272,474.0
pure_group_representative,9999,student,student_A,E2_KD_from_MLP,2,Grayhole,0.9136310223266745,0.8227513227513228,0.8658129175946548,1890.0
pure_group_representative,9999,student,student_A,E2_KD_from_MLP,3,Normal,0.9988122798188224,0.9961651976629791,0.9974869825697111,49807.0
pure_group_representative,9999,student,student_A,E2_KD_from_MLP,4,TDMA,0.9441624365482234,0.9412955465587044,0.94272681196148,988.0
row_level,9999,student,student_A,F_KD_from_CL_MLP_fair,0,Blackhole,0.7673216132368149,0.9333333333333333,0.8422247446083996,1590.0
row_level,9999,student,student_A,F_KD_from_CL_MLP_fair,1,Flooding,0.891500904159132,0.9959595959595959,0.9408396946564885,495.0
row_level,9999,student,student_A,F_KD_from_CL_MLP_fair,2,Grayhole,0.8895287958115183,0.7906002791996277,0.8371520078837152,2149.0
row_level,9999,student,student_A,F_KD_from_CL_MLP_fair,3,Normal,0.9988604660300994,0.9954963775210496,0.9971755844970971,51070.0
row_level,9999,student,student_A,F_KD_from_CL_MLP_fair,4,TDMA,0.9353876739562624,0.9438314944834504,0.9395906140788817,997.0
inverse_test_group_size,9999,student,student_A,F_KD_from_CL_MLP_fair,0,Blackhole,0.7374128582494202,0.9379310344827586,0.8256721595836954,1014.9999999999998
inverse_test_group_size,9999,student,student_A,F_KD_from_CL_MLP_fair,1,Flooding,0.8872180451127819,0.9957805907172996,0.9383697813121272,474.0
inverse_test_group_size,9999,student,student_A,F_KD_from_CL_MLP_fair,2,Grayhole,0.9043731778425653,0.8206349206349204,0.8604715672676836,1890.0000000000002
inverse_test_group_size,9999,student,student_A,F_KD_from_CL_MLP_fair,3,Normal,0.9988316109667412,0.9955026401911378,0.9971643471965248,49807.00000000006
inverse_test_group_size,9999,student,student_A,F_KD_from_CL_MLP_fair,4,TDMA,0.9366834170854271,0.9433198380566802,0.9399899142713061,988.0
pure_group_representative,9999,student,student_A,F_KD_from_CL_MLP_fair,0,Blackhole,0.737412858249419,0.9379310344827586,0.8256721595836947,1015.0
pure_group_representative,9999,student,student_A,F_KD_from_CL_MLP_fair,1,Flooding,0.8872180451127819,0.9957805907172996,0.9383697813121272,474.0
pure_group_representative,9999,student,student_A,F_KD_from_CL_MLP_fair,2,Grayhole,0.9043731778425655,0.8206349206349206,0.8604715672676838,1890.0
pure_group_representative,9999,student,student_A,F_KD_from_CL_MLP_fair,3,Normal,0.9988316109667412,0.9955026401911378,0.9971643471965248,49807.0
pure_group_representative,9999,student,student_A,F_KD_from_CL_MLP_fair,4,TDMA,0.9366834170854271,0.9433198380566802,0.9399899142713061,988.0
row_level,9999,student,student_A,F_KD_from_CL_MLP_ext,0,Blackhole,0.7784564131038312,0.8817610062893082,0.8268947213211442,1590.0
row_level,9999,student,student_A,F_KD_from_CL_MLP_ext,1,Flooding,0.8866906474820144,0.9959595959595959,0.9381541389153187,495.0
row_level,9999,student,student_A,F_KD_from_CL_MLP_ext,2,Grayhole,0.8642645607107601,0.814797580269893,0.8388023952095809,2149.0
row_level,9999,student,student_A,F_KD_from_CL_MLP_ext,3,Normal,0.9988610031027847,0.9959663207362444,0.997411561691113,51070.0
row_level,9999,student,student_A,F_KD_from_CL_MLP_ext,4,TDMA,0.9447791164658634,0.9438314944834504,0.9443050677370798,997.0
inverse_test_group_size,9999,student,student_A,F_KD_from_CL_MLP_ext,0,Blackhole,0.7452596867271241,0.8906403940886698,0.8114901256732502,1014.9999999999998
inverse_test_group_size,9999,student,student_A,F_KD_from_CL_MLP_ext,1,Flooding,0.8838951310861424,0.9957805907172996,0.9365079365079365,474.0
inverse_test_group_size,9999,student,student_A,F_KD_from_CL_MLP_ext,2,Grayhole,0.8902644907146875,0.837037037037037,0.8628306517589309,1890.0000000000002
inverse_test_group_size,9999,student,student_A,F_KD_from_CL_MLP_ext,3,Normal,0.9988321990899207,0.9960045776698054,0.9974163843455008,49807.00000000006
inverse_test_group_size,9999,student,student_A,F_KD_from_CL_MLP_ext,4,TDMA,0.9471544715447154,0.9433198380566802,0.9452332657200812,988.0
pure_group_representative,9999,student,student_A,F_KD_from_CL_MLP_ext,0,Blackhole,0.7452596867271228,0.8906403940886699,0.8114901256732495,1015.0
pure_group_representative,9999,student,student_A,F_KD_from_CL_MLP_ext,1,Flooding,0.8838951310861424,0.9957805907172996,0.9365079365079365,474.0
pure_group_representative,9999,student,student_A,F_KD_from_CL_MLP_ext,2,Grayhole,0.8902644907146877,0.837037037037037,0.862830651758931,1890.0
pure_group_representative,9999,student,student_A,F_KD_from_CL_MLP_ext,3,Normal,0.9988321990899207,0.9960045776698054,0.9974163843455008,49807.0
pure_group_representative,9999,student,student_A,F_KD_from_CL_MLP_ext,4,TDMA,0.9471544715447154,0.9433198380566802,0.9452332657200812,988.0
row_level,9999,student,student_A,G_KD_random_pacing,0,Blackhole,0.7650760356581018,0.9176100628930818,0.8344295110094366,1590.0
row_level,9999,student,student_A,G_KD_random_pacing,1,Flooding,0.8882882882882883,0.9959595959595959,0.939047619047619,495.0
row_level,9999,student,student_A,G_KD_random_pacing,2,Grayhole,0.8862806468440271,0.7906002791996277,0.8357107722577471,2149.0
row_level,9999,student,student_A,G_KD_random_pacing,3,Normal,0.9988219586900181,0.9961229684746427,0.9974706378306307,51070.0
row_level,9999,student,student_A,G_KD_random_pacing,4,TDMA,0.9494949494949495,0.9428284854563691,0.9461499748364368,997.0
inverse_test_group_size,9999,student,student_A,G_KD_random_pacing,0,Blackhole,0.7380015735641239,0.9241379310344827,0.8206474190726167,1014.9999999999998
inverse_test_group_size,9999,student,student_A,G_KD_random_pacing,1,Flooding,0.8855534709193246,0.9957805907172996,0.9374379344587885,474.0
inverse_test_group_size,9999,student,student_A,G_KD_random_pacing,2,Grayhole,0.9067599067599065,0.8232804232804228,0.8630061009428726,1890.0000000000002
inverse_test_group_size,9999,student,student_A,G_KD_random_pacing,3,Normal,0.9988122798188224,0.9961651976629791,0.9974869825697111,49807.00000000006
inverse_test_group_size,9999,student,student_A,G_KD_random_pacing,4,TDMA,0.95097037793667,0.9423076923076923,0.9466192170818505,988.0
pure_group_representative,9999,student,student_A,G_KD_random_pacing,0,Blackhole,0.7380015735641228,0.9241379310344827,0.820647419072616,1015.0
pure_group_representative,9999,student,student_A,G_KD_random_pacing,1,Flooding,0.8855534709193246,0.9957805907172996,0.9374379344587885,474.0
pure_group_representative,9999,student,student_A,G_KD_random_pacing,2,Grayhole,0.9067599067599068,0.8232804232804233,0.863006100942873,1890.0
pure_group_representative,9999,student,student_A,G_KD_random_pacing,3,Normal,0.9988122798188224,0.9961651976629791,0.9974869825697111,49807.0
pure_group_representative,9999,student,student_A,G_KD_random_pacing,4,TDMA,0.95097037793667,0.9423076923076923,0.9466192170818505,988.0
row_level,9999,student,student_A,I_KD_from_SMOTE_MLP,0,Blackhole,0.756004366812227,0.8710691823899371,0.8094681472822911,1590.0
row_level,9999,student,student_A,I_KD_from_SMOTE_MLP,1,Flooding,0.891500904159132,0.9959595959595959,0.9408396946564885,495.0
row_level,9999,student,student_A,I_KD_from_SMOTE_MLP,2,Grayhole,0.8503503503503503,0.7906002791996277,0.8193875090426814,2149.0
row_level,9999,student,student_A,I_KD_from_SMOTE_MLP,3,Normal,0.99880084137687,0.9948697865674564,0.9968314384092447,51070.0
row_level,9999,student,student_A,I_KD_from_SMOTE_MLP,4,TDMA,0.8970448045757865,0.9438314944834504,0.9198435972629521,997.0
inverse_test_group_size,9999,student,student_A,I_KD_from_SMOTE_MLP,0,Blackhole,0.7263157894736854,0.8837438423645317,0.7973333333333339,1014.9999999999998
inverse_test_group_size,9999,student,student_A,I_KD_from_SMOTE_MLP,1,Flooding,0.8872180451127819,0.9957805907172996,0.9383697813121272,474.0
inverse_test_group_size,9999,student,student_A,I_KD_from_SMOTE_MLP,2,Grayhole,0.8816837315130831,0.8201058201058204,0.8497807017543862,1890.0000000000002
inverse_test_group_size,9999,student,student_A,I_KD_from_SMOTE_MLP,3,Normal,0.9987906395501179,0.9949003152167366,0.9968416817541742,49807.00000000006
inverse_test_group_size,9999,student,student_A,I_KD_from_SMOTE_MLP,4,TDMA,0.8996138996138996,0.9433198380566802,0.9209486166007905,988.0
pure_group_representative,9999,student,student_A,I_KD_from_SMOTE_MLP,0,Blackhole,0.7263157894736842,0.8837438423645321,0.7973333333333333,1015.0
pure_group_representative,9999,student,student_A,I_KD_from_SMOTE_MLP,1,Flooding,0.8872180451127819,0.9957805907172996,0.9383697813121272,474.0
pure_group_representative,9999,student,student_A,I_KD_from_SMOTE_MLP,2,Grayhole,0.8816837315130831,0.8201058201058201,0.8497807017543859,1890.0
pure_group_representative,9999,student,student_A,I_KD_from_SMOTE_MLP,3,Normal,0.9987906395501179,0.9949003152167366,0.9968416817541742,49807.0
pure_group_representative,9999,student,student_A,I_KD_from_SMOTE_MLP,4,TDMA,0.8996138996138996,0.9433198380566802,0.9209486166007905,988.0
row_level,9999,student,student_A,J_CoDistill_RF_CL,0,Blackhole,0.7763380281690141,0.8666666666666667,0.8190193164933135,1590.0
row_level,9999,student,student_A,J_CoDistill_RF_CL,1,Flooding,0.891500904159132,0.9959595959595959,0.9408396946564885,495.0
row_level,9999,student,student_A,J_CoDistill_RF_CL,2,Grayhole,0.8615081320847708,0.8134015821312238,0.8367640019147917,2149.0
row_level,9999,student,student_A,J_CoDistill_RF_CL,3,Normal,0.9987834788580399,0.9967299784609359,0.9977556720733082,51070.0
row_level,9999,student,student_A,J_CoDistill_RF_CL,4,TDMA,0.9611848825331971,0.9438314944834504,0.9524291497975709,997.0
inverse_test_group_size,9999,student,student_A,J_CoDistill_RF_CL,0,Blackhole,0.7400662251655644,0.8807881773399013,0.8043184885290157,1014.9999999999998
inverse_test_group_size,9999,student,student_A,J_CoDistill_RF_CL,1,Flooding,0.8872180451127819,0.9957805907172996,0.9383697813121272,474.0
inverse_test_group_size,9999,student,student_A,J_CoDistill_RF_CL,2,Grayhole,0.8937499999999997,0.8322751322751325,0.8619178082191781,1890.0000000000002
inverse_test_group_size,9999,student,student_A,J_CoDistill_RF_CL,3,Normal,0.9987727839697421,0.9967474451382335,0.9977590867524846,49807.00000000006
inverse_test_group_size,9999,student,student_A,J_CoDistill_RF_CL,4,TDMA,0.9628099173553719,0.9433198380566802,0.9529652351738241,988.0
pure_group_representative,9999,student,student_A,J_CoDistill_RF_CL,0,Blackhole,0.7400662251655629,0.8807881773399014,0.8043184885290149,1015.0
pure_group_representative,9999,student,student_A,J_CoDistill_RF_CL,1,Flooding,0.8872180451127819,0.9957805907172996,0.9383697813121272,474.0
pure_group_representative,9999,student,student_A,J_CoDistill_RF_CL,2,Grayhole,0.89375,0.8322751322751323,0.8619178082191781,1890.0
pure_group_representative,9999,student,student_A,J_CoDistill_RF_CL,3,Normal,0.9987727839697421,0.9967474451382335,0.9977590867524846,49807.0
pure_group_representative,9999,student,student_A,J_CoDistill_RF_CL,4,TDMA,0.9628099173553719,0.9433198380566802,0.9529652351738241,988.0
row_level,9999,student,student_B,D_Small_MLP,0,Blackhole,0.837171052631579,0.960377358490566,0.8945518453427065,1590.0
row_level,9999,student,student_B,D_Small_MLP,1,Flooding,0.8882882882882883,0.9959595959595959,0.939047619047619,495.0
row_level,9999,student,student_B,D_Small_MLP,2,Grayhole,0.929718875502008,0.8617961842717543,0.8944699347983579,2149.0
row_level,9999,student,student_B,D_Small_MLP,3,Normal,0.9988216810683425,0.9958879968670452,0.9973526816354544,51070.0
row_level,9999,student,student_B,D_Small_MLP,4,TDMA,0.9316831683168317,0.9438314944834504,0.9377179870453413,997.0
inverse_test_group_size,9999,student,student_B,D_Small_MLP,0,Blackhole,0.8011599005799519,0.9527093596059115,0.8703870387038715,1014.9999999999998
inverse_test_group_size,9999,student,student_B,D_Small_MLP,1,Flooding,0.8838951310861424,0.9957805907172996,0.9365079365079365,474.0
inverse_test_group_size,9999,student,student_B,D_Small_MLP,2,Grayhole,0.9311900733220534,0.8735449735449735,0.9014469014469015,1890.0000000000002
inverse_test_group_size,9999,student,student_B,D_Small_MLP,3,Normal,0.9988119689098305,0.995904190174072,0.9973559601483879,49807.00000000006
inverse_test_group_size,9999,student,student_B,D_Small_MLP,4,TDMA,0.9338677354709419,0.9433198380566802,0.9385699899295066,988.0
pure_group_representative,9999,student,student_B,D_Small_MLP,0,Blackhole,0.8011599005799502,0.9527093596059113,0.8703870387038704,1015.0
pure_group_representative,9999,student,student_B,D_Small_MLP,1,Flooding,0.8838951310861424,0.9957805907172996,0.9365079365079365,474.0
pure_group_representative,9999,student,student_B,D_Small_MLP,2,Grayhole,0.9311900733220531,0.8735449735449735,0.9014469014469014,1890.0
pure_group_representative,9999,student,student_B,D_Small_MLP,3,Normal,0.9988119689098305,0.995904190174072,0.9973559601483879,49807.0
pure_group_representative,9999,student,student_B,D_Small_MLP,4,TDMA,0.9338677354709419,0.9433198380566802,0.9385699899295066,988.0
row_level,9999,student,student_B,E_KD_from_RF,0,Blackhole,0.7841530054644809,0.9025157232704403,0.8391812865497076,1590.0
row_level,9999,student,student_B,E_KD_from_RF,1,Flooding,0.8931159420289855,0.9959595959595959,0.941738299904489,495.0
row_level,9999,student,student_B,E_KD_from_RF,2,Grayhole,0.8970663921770458,0.8110749185667753,0.8519061583577713,2149.0
row_level,9999,student,student_B,E_KD_from_RF,3,Normal,0.9986671109630123,0.9976307029567261,0.9981486379264745,51070.0
row_level,9999,student,student_B,E_KD_from_RF,4,TDMA,0.9812304483837331,0.9438314944834504,0.9621676891615542,997.0
inverse_test_group_size,9999,student,student_B,E_KD_from_RF,0,Blackhole,0.7461847389558248,0.9152709359605913,0.8221238938053106,1014.9999999999998
inverse_test_group_size,9999,student,student_B,E_KD_from_RF,1,Flooding,0.8888888888888888,0.9957805907172996,0.9393034825870646,474.0
inverse_test_group_size,9999,student,student_B,E_KD_from_RF,2,Grayhole,0.9232585596221954,0.8275132275132275,0.8727678571428569,1890.0000000000002
inverse_test_group_size,9999,student,student_B,E_KD_from_RF,3,Normal,0.998653374603047,0.9975907001023953,0.9981217545022649,49807.00000000006
inverse_test_group_size,9999,student,student_B,E_KD_from_RF,4,TDMA,0.9810526315789474,0.9433198380566802,0.9618163054695562,988.0
pure_group_representative,9999,student,student_B,E_KD_from_RF,0,Blackhole,0.7461847389558233,0.9152709359605912,0.8221238938053097,1015.0
pure_group_representative,9999,student,student_B,E_KD_from_RF,1,Flooding,0.8888888888888888,0.9957805907172996,0.9393034825870646,474.0
pure_group_representative,9999,student,student_B,E_KD_from_RF,2,Grayhole,0.9232585596221959,0.8275132275132275,0.8727678571428571,1890.0
pure_group_representative,9999,student,student_B,E_KD_from_RF,3,Normal,0.998653374603047,0.9975907001023953,0.9981217545022649,49807.0
pure_group_representative,9999,student,student_B,E_KD_from_RF,4,TDMA,0.9810526315789474,0.9433198380566802,0.9618163054695562,988.0
row_level,9999,student,student_B,E2_KD_from_MLP,0,Blackhole,0.8005235602094241,0.9616352201257862,0.8737142857142857,1590.0
row_level,9999,student,student_B,E2_KD_from_MLP,1,Flooding,0.891500904159132,0.9959595959595959,0.9408396946564885,495.0
row_level,9999,student,student_B,E2_KD_from_MLP,2,Grayhole,0.9271106449921342,0.8227082363890181,0.8717948717948718,2149.0
row_level,9999,student,student_B,E2_KD_from_MLP,3,Normal,0.9988613608700774,0.996279616213041,0.9975688181319112,51070.0
row_level,9999,student,student_B,E2_KD_from_MLP,4,TDMA,0.94662638469285,0.9428284854563691,0.9447236180904522,997.0
inverse_test_group_size,9999,student,student_B,E2_KD_from_MLP,0,Blackhole,0.7715654952076689,0.9517241379310346,0.8522276135862381,1014.9999999999998
inverse_test_group_size,9999,student,student_B,E2_KD_from_MLP,1,Flooding,0.8872180451127819,0.9957805907172996,0.9383697813121272,474.0
inverse_test_group_size,9999,student,student_B,E2_KD_from_MLP,2,Grayhole,0.9287782281412856,0.8486772486772483,0.8869228642521425,1890.0000000000002
inverse_test_group_size,9999,student,student_B,E2_KD_from_MLP,3,Normal,0.9988325516797166,0.996305740157006,0.9975675458346736,49807.00000000006
inverse_test_group_size,9999,student,student_B,E2_KD_from_MLP,4,TDMA,0.9480651731160896,0.9423076923076923,0.9451776649746193,988.0
pure_group_representative,9999,student,student_B,E2_KD_from_MLP,0,Blackhole,0.7715654952076677,0.9517241379310345,0.8522276135862373,1015.0
pure_group_representative,9999,student,student_B,E2_KD_from_MLP,1,Flooding,0.8872180451127819,0.9957805907172996,0.9383697813121272,474.0
pure_group_representative,9999,student,student_B,E2_KD_from_MLP,2,Grayhole,0.9287782281412854,0.8486772486772487,0.8869228642521426,1890.0
pure_group_representative,9999,student,student_B,E2_KD_from_MLP,3,Normal,0.9988325516797166,0.996305740157006,0.9975675458346736,49807.0
pure_group_representative,9999,student,student_B,E2_KD_from_MLP,4,TDMA,0.9480651731160896,0.9423076923076923,0.9451776649746193,988.0
row_level,9999,student,student_B,F_KD_from_CL_MLP_fair,0,Blackhole,0.8085896076352068,0.9591194968553459,0.877445339470656,1590.0
row_level,9999,student,student_B,F_KD_from_CL_MLP_fair,1,Flooding,0.8931159420289855,0.9959595959595959,0.941738299904489,495.0
row_level,9999,student,student_B,F_KD_from_CL_MLP_fair,2,Grayhole,0.9150460593654043,0.8320148906468124,0.8715573970265659,2149.0
row_level,9999,student,student_B,F_KD_from_CL_MLP_fair,3,Normal,0.9988608912543944,0.9958684158997454,0.997362408934472,51070.0
row_level,9999,student,student_B,F_KD_from_CL_MLP_fair,4,TDMA,0.9475806451612904,0.9428284854563691,0.9451985922574158,997.0
inverse_test_group_size,9999,student,student_B,F_KD_from_CL_MLP_fair,0,Blackhole,0.782186234817815,0.9517241379310345,0.8586666666666675,1014.9999999999998
inverse_test_group_size,9999,student,student_B,F_KD_from_CL_MLP_fair,1,Flooding,0.8888888888888888,0.9957805907172996,0.9393034825870646,474.0
inverse_test_group_size,9999,student,student_B,F_KD_from_CL_MLP_fair,2,Grayhole,0.9173740803621961,0.8576719576719574,0.8865190046486191,1890.0000000000002
inverse_test_group_size,9999,student,student_B,F_KD_from_CL_MLP_fair,3,Normal,0.9988320579943617,0.9958841126749253,0.9973559069842259,49807.00000000006
inverse_test_group_size,9999,student,student_B,F_KD_from_CL_MLP_fair,4,TDMA,0.9490316004077471,0.9423076923076923,0.9456576942610462,988.0
pure_group_representative,9999,student,student_B,F_KD_from_CL_MLP_fair,0,Blackhole,0.7821862348178138,0.9517241379310345,0.8586666666666667,1015.0
pure_group_representative,9999,student,student_B,F_KD_from_CL_MLP_fair,1,Flooding,0.8888888888888888,0.9957805907172996,0.9393034825870646,474.0
pure_group_representative,9999,student,student_B,F_KD_from_CL_MLP_fair,2,Grayhole,0.9173740803621958,0.8576719576719577,0.8865190046486191,1890.0
pure_group_representative,9999,student,student_B,F_KD_from_CL_MLP_fair,3,Normal,0.9988320579943617,0.9958841126749252,0.9973559069842259,49807.0
pure_group_representative,9999,student,student_B,F_KD_from_CL_MLP_fair,4,TDMA,0.9490316004077471,0.9423076923076923,0.9456576942610462,988.0
row_level,9999,student,student_B,F_KD_from_CL_MLP_ext,0,Blackhole,0.8214894826606026,0.9088050314465409,0.8629441624365483,1590.0
row_level,9999,student,student_B,F_KD_from_CL_MLP_ext,1,Flooding,0.8835125448028673,0.9959595959595959,0.936372269705603,495.0
row_level,9999,student,student_B,F_KD_from_CL_MLP_ext,2,Grayhole,0.8864734299516909,0.8538855281526291,0.869874377814648,2149.0
row_level,9999,student,student_B,F_KD_from_CL_MLP_ext,3,Normal,0.9988609583660644,0.9959271588016448,0.997391901166781,51070.0
row_level,9999,student,student_B,F_KD_from_CL_MLP_ext,4,TDMA,0.9456740442655935,0.9428284854563691,0.9442491210447012,997.0
inverse_test_group_size,9999,student,student_B,F_KD_from_CL_MLP_ext,0,Blackhole,0.7874682472480967,0.9162561576354681,0.8469945355191268,1014.9999999999998
inverse_test_group_size,9999,student,student_B,F_KD_from_CL_MLP_ext,1,Flooding,0.8805970149253731,0.9957805907172996,0.9346534653465347,474.0
inverse_test_group_size,9999,student,student_B,F_KD_from_CL_MLP_ext,2,Grayhole,0.9055248618784527,0.867195767195767,0.8859459459459456,1890.0000000000002
inverse_test_group_size,9999,student,student_B,F_KD_from_CL_MLP_ext,3,Normal,0.9988321520618557,0.9959644226715121,0.997396226035729,49807.00000000006
inverse_test_group_size,9999,student,student_B,F_KD_from_CL_MLP_ext,4,TDMA,0.9471007121057986,0.9423076923076923,0.9446981227803145,988.0
pure_group_representative,9999,student,student_B,F_KD_from_CL_MLP_ext,0,Blackhole,0.7874682472480948,0.916256157635468,0.8469945355191257,1015.0
pure_group_representative,9999,student,student_B,F_KD_from_CL_MLP_ext,1,Flooding,0.8805970149253731,0.9957805907172996,0.9346534653465347,474.0
pure_group_representative,9999,student,student_B,F_KD_from_CL_MLP_ext,2,Grayhole,0.905524861878453,0.8671957671957672,0.885945945945946,1890.0
pure_group_representative,9999,student,student_B,F_KD_from_CL_MLP_ext,3,Normal,0.9988321520618557,0.9959644226715121,0.997396226035729,49807.0
pure_group_representative,9999,student,student_B,F_KD_from_CL_MLP_ext,4,TDMA,0.9471007121057986,0.9423076923076923,0.9446981227803145,988.0
row_level,9999,student,student_B,G_KD_random_pacing,0,Blackhole,0.8303990610328639,0.889937106918239,0.8591378263509412,1590.0
row_level,9999,student,student_B,G_KD_random_pacing,1,Flooding,0.8866906474820144,0.9959595959595959,0.9381541389153187,495.0
row_level,9999,student,student_B,G_KD_random_pacing,2,Grayhole,0.8761186999528968,0.865518845974872,0.8707865168539326,2149.0
row_level,9999,student,student_B,G_KD_random_pacing,3,Normal,0.9988414789797161,0.9960446446054435,0.9974411012088591,51070.0
row_level,9999,student,student_B,G_KD_random_pacing,4,TDMA,0.9485368314833501,0.9428284854563691,0.9456740442655935,997.0
inverse_test_group_size,9999,student,student_B,G_KD_random_pacing,0,Blackhole,0.7994768962510916,0.9034482758620691,0.8482886216466244,1014.9999999999998
inverse_test_group_size,9999,student,student_B,G_KD_random_pacing,1,Flooding,0.8838951310861424,0.9957805907172996,0.9365079365079365,474.0
inverse_test_group_size,9999,student,student_B,G_KD_random_pacing,2,Grayhole,0.9011943539630832,0.8783068783068779,0.8896034297963555,1890.0000000000002
inverse_test_group_size,9999,student,student_B,G_KD_random_pacing,3,Normal,0.9988121841718508,0.9960848876663922,0.9974466716258872,49807.00000000006
inverse_test_group_size,9999,student,student_B,G_KD_random_pacing,4,TDMA,0.95,0.9423076923076923,0.9461382113821138,988.0
pure_group_representative,9999,student,student_B,G_KD_random_pacing,0,Blackhole,0.7994768962510898,0.903448275862069,0.8482886216466234,1015.0
pure_group_representative,9999,student,student_B,G_KD_random_pacing,1,Flooding,0.8838951310861424,0.9957805907172996,0.9365079365079365,474.0
pure_group_representative,9999,student,student_B,G_KD_random_pacing,2,Grayhole,0.9011943539630836,0.8783068783068783,0.8896034297963559,1890.0
pure_group_representative,9999,student,student_B,G_KD_random_pacing,3,Normal,0.9988121841718508,0.9960848876663922,0.9974466716258872,49807.0
pure_group_representative,9999,student,student_B,G_KD_random_pacing,4,TDMA,0.95,0.9423076923076923,0.9461382113821138,988.0
row_level,9999,student,student_B,I_KD_from_SMOTE_MLP,0,Blackhole,0.7963063552417164,0.9220125786163522,0.8545613523754008,1590.0
row_level,9999,student,student_B,I_KD_from_SMOTE_MLP,1,Flooding,0.891500904159132,0.9959595959595959,0.9408396946564885,495.0
row_level,9999,student,student_B,I_KD_from_SMOTE_MLP,2,Grayhole,0.8905622489959839,0.8255002326663564,0.8567978749094421,2149.0
row_level,9999,student,student_B,I_KD_from_SMOTE_MLP,3,Normal,0.9988600628930817,0.9951439201096535,0.9969985286905346,51070.0
row_level,9999,student,student_B,I_KD_from_SMOTE_MLP,4,TDMA,0.9082125603864735,0.9428284854563691,0.9251968503937008,997.0
inverse_test_group_size,9999,student,student_B,I_KD_from_SMOTE_MLP,0,Blackhole,0.7670221493027083,0.9211822660098523,0.8370635631154887,1014.9999999999998
inverse_test_group_size,9999,student,student_B,I_KD_from_SMOTE_MLP,1,Flooding,0.8872180451127819,0.9957805907172996,0.9383697813121272,474.0
inverse_test_group_size,9999,student,student_B,I_KD_from_SMOTE_MLP,2,Grayhole,0.904279279279279,0.8497354497354493,0.8761593016912164,1890.0000000000002
inverse_test_group_size,9999,student,student_B,I_KD_from_SMOTE_MLP,3,Normal,0.9988311871511194,0.995141245206497,0.996982801971236,49807.00000000006
inverse_test_group_size,9999,student,student_B,I_KD_from_SMOTE_MLP,4,TDMA,0.9091796875,0.9423076923076923,0.9254473161033797,988.0
pure_group_representative,9999,student,student_B,I_KD_from_SMOTE_MLP,0,Blackhole,0.7670221493027072,0.9211822660098522,0.8370635631154879,1015.0
pure_group_representative,9999,student,student_B,I_KD_from_SMOTE_MLP,1,Flooding,0.8872180451127819,0.9957805907172996,0.9383697813121272,474.0
pure_group_representative,9999,student,student_B,I_KD_from_SMOTE_MLP,2,Grayhole,0.9042792792792793,0.8497354497354498,0.8761593016912166,1890.0
pure_group_representative,9999,student,student_B,I_KD_from_SMOTE_MLP,3,Normal,0.9988311871511194,0.995141245206497,0.996982801971236,49807.0
pure_group_representative,9999,student,student_B,I_KD_from_SMOTE_MLP,4,TDMA,0.9091796875,0.9423076923076923,0.9254473161033797,988.0
row_level,9999,student,student_B,J_CoDistill_RF_CL,0,Blackhole,0.7879114948731786,0.9182389937106918,0.8480975893116468,1590.0
row_level,9999,student,student_B,J_CoDistill_RF_CL,1,Flooding,0.891500904159132,0.9959595959595959,0.9408396946564885,495.0
row_level,9999,student,student_B,J_CoDistill_RF_CL,2,Grayhole,0.8944416114227435,0.8161935784085621,0.8535279805352798,2149.0
row_level,9999,student,student_B,J_CoDistill_RF_CL,3,Normal,0.9988227445748146,0.9967887213628354,0.9978046963816692,51070.0
row_level,9999,student,student_B,J_CoDistill_RF_CL,4,TDMA,0.9710743801652892,0.9428284854563691,0.9567430025445293,997.0
inverse_test_group_size,9999,student,student_B,J_CoDistill_RF_CL,0,Blackhole,0.7638436482084701,0.9241379310344828,0.8363798484172988,1014.9999999999998
inverse_test_group_size,9999,student,student_B,J_CoDistill_RF_CL,1,Flooding,0.8872180451127819,0.9957805907172996,0.9383697813121272,474.0
inverse_test_group_size,9999,student,student_B,J_CoDistill_RF_CL,2,Grayhole,0.9137142857142857,0.8460317460317456,0.8785714285714283,1890.0000000000002
inverse_test_group_size,9999,student,student_B,J_CoDistill_RF_CL,3,Normal,0.998813020560898,0.996787600136527,0.9977992825058033,49807.00000000006
inverse_test_group_size,9999,student,student_B,J_CoDistill_RF_CL,4,TDMA,0.9718162839248434,0.9423076923076923,0.9568345323741008,988.0
pure_group_representative,9999,student,student_B,J_CoDistill_RF_CL,0,Blackhole,0.7638436482084691,0.9241379310344827,0.8363798484172983,1015.0
pure_group_representative,9999,student,student_B,J_CoDistill_RF_CL,1,Flooding,0.8872180451127819,0.9957805907172996,0.9383697813121272,474.0
pure_group_representative,9999,student,student_B,J_CoDistill_RF_CL,2,Grayhole,0.9137142857142857,0.846031746031746,0.8785714285714286,1890.0
pure_group_representative,9999,student,student_B,J_CoDistill_RF_CL,3,Normal,0.998813020560898,0.996787600136527,0.9977992825058033,49807.0
pure_group_representative,9999,student,student_B,J_CoDistill_RF_CL,4,TDMA,0.9718162839248434,0.9423076923076923,0.9568345323741008,988.0
